"exposure","lag","RR","RR_low","RR_high","state"
8.7,0,1.02918118102836,0.912043321136812,1.16136358749131,"GO"
8.7,1,1.01819736723741,0.932829668230304,1.11137747217666,"GO"
8.7,2,1.00736064409463,0.945186489422731,1.07362460067592,"GO"
8.7,3,0.996698357988271,0.941916904125082,1.05466587600874,"GO"
8.7,4,0.986236645640457,0.925586088684445,1.05086143049817,"GO"
8.7,5,0.976000487744248,0.907604677068376,1.04955051042035,"GO"
8.7,6,0.966013769066285,0.895233050238725,1.04239069567059,"GO"
8.7,7,0.956289893298043,0.890621942246473,1.02679971898885,"GO"
8.7,8,0.946804248385461,0.890267069807123,1.00693186928162,"GO"
8.7,9,0.937523875131728,0.885278244753721,0.992852836552569,"GO"
8.7,10,0.928417043484243,0.865462238092022,0.995951260140794,"GO"
8.7,11,0.919453193789998,0.832706570353671,1.01523658593395,"GO"
8.7,12,0.910602888335766,0.794701866924458,1.04340716280746,"GO"
8.8,0,1.0273319951764,0.911863774170101,1.15742181914582,"GO"
8.8,1,1.01688214489246,0.932689245733023,1.10867505048629,"GO"
8.8,2,1.00654606318844,0.945184784421563,1.07189090854882,"GO"
8.8,3,0.99632983951253,0.942235160354663,1.05353014923516,"GO"
8.8,4,0.986239279057856,0.926340307656158,1.05001143480156,"GO"
8.8,5,0.976279911515016,0.908723202038334,1.04885895230786,"GO"
8.8,6,0.966457000124175,0.896536330796548,1.04183076692403,"GO"
8.8,7,0.956773182705081,0.891898950358867,1.02636618506534,"GO"
8.8,8,0.947221565326678,0.891363503472303,1.00658002074885,"GO"
8.8,9,0.937793158508781,0.886172047791596,0.992421291483457,"GO"
8.8,10,0.92847928373107,0.866294928013071,0.99512735494713,"GO"
8.8,11,0.919271564166448,0.833616299950331,1.01372802899293,"GO"
8.8,12,0.910161916170226,0.795742243095565,1.04103397907351,"GO"
8.9,0,1.02548753179829,0.91168137486121,1.15350023250595,"GO"
8.9,1,1.01556963896648,0.932546743431368,1.10598390789021,"GO"
8.9,2,1.00573280281961,0.945181590743453,1.07016311000278,"GO"
8.9,3,0.9959618088206,0.942552171428702,1.05239789870267,"GO"
8.9,4,0.986242016964591,0.927093411281041,1.04916430662835,"GO"
8.9,5,0.976559353172818,0.90984094752167,1.04817020256895,"GO"
8.9,6,0.966900302756956,0.897839176623543,1.04127355968951,"GO"
8.9,7,0.957256621348854,0.893175627975945,1.02593511333574,"GO"
8.9,8,0.947639099034405,0.892459525766231,1.00623035117221,"GO"
8.9,9,0.938062750001677,0.887065313530907,0.991992032061402,"GO"
8.9,10,0.928542006791604,0.86712684115097,0.994306965786184,"GO"
8.9,11,0.919090727459917,0.834524919234151,1.01222593338257,"GO"
8.9,12,0.909722204873207,0.796781219483341,1.0386721847887,"GO"
9,0,1.02364848067073,0.911496389164866,1.14959995940254,"GO"
9,1,1.0142603547558,0.932402374022579,1.10330485624059,"GO"
9,2,1.00492119366943,0.945177046927265,1.06844173667678,"GO"
9,3,0.995594442321294,0.942867959588541,1.05126946302598,"GO"
9,4,0.98624491194463,0.927845279485104,1.04832028339514,"GO"
9,5,0.976838781419843,0.910957682792326,1.04748444731361,"GO"
9,6,0.967343610519803,0.899141312658182,1.04071923694293,"GO"
9,7,0.957740161369899,0.894451733154511,1.02550666816405,"GO"
9,8,0.948056866161977,0.893554988262136,1.00588305508199,"GO"
9,9,0.93833276600502,0.887958007407552,0.991565335763133,"GO"
9,10,0.928605453665966,0.867958024020685,0.99349054299154,"GO"
9,11,0.918911064137489,0.835432518391021,1.01073099886097,"GO"
9,12,0.90928427965665,0.797818911722155,1.03632276583417,"GO"
9.1,0,1.02181552657378,0.911309082466706,1.14572211605868,"GO"
9.1,1,1.01295479493798,0.932256349991563,1.10063869942761,"GO"
9.1,2,1.00411156535032,0.945171291660476,1.06672731658935,"GO"
9.1,3,0.995227916163485,0.943182547279083,1.05014517917923,"GO"
9.1,4,0.986248016582616,0.928595791858649,1.04747960171804,"GO"
9.1,5,0.977118164922491,0.91207317593946,1.0468018722709,"GO"
9.1,6,0.967786856846174,0.900442462149956,1.04016796147961,"GO"
9.1,7,0.958223754812061,0.895727022510547,1.02508101375864,"GO"
9.1,8,0.948474883391958,0.894649741851676,1.00553832672377,"GO"
9.1,9,0.938603323047608,0.888850094868807,0.991141479448277,"GO"
9.1,10,0.928669865421498,0.86878852341586,0.992678535336922,"GO"
9.1,11,0.918732954372018,0.836339187931968,1.00924392116109,"GO"
9.1,12,0.908848664726228,0.798855435810474,1.03398669940404,"GO"
9.2,0,1.0199893493301,0.911119719671097,1.1418678031932,"GO"
9.2,1,1.01165345958923,0.932108883685431,1.09798623338113,"GO"
9.2,2,1.00330424641176,0.945164463839734,1.06502037410344,"GO"
9.2,3,0.994862406237448,0.943495957198064,1.04902538245513,"GO"
9.2,4,0.986251383463973,0.929344827704315,1.04664249736813,"GO"
9.2,5,0.977397472311383,0.913187193917415,1.0461226627397,"GO"
9.2,6,0.968229975047829,0.901742346709556,1.03961989586264,"GO"
9.2,7,0.958707353622455,0.897001251267957,1.02465831412225,"GO"
9.2,8,0.948893167436179,0.895743636792472,1.00519636001129,"GO"
9.2,9,0.938874537793029,0.889741541422417,0.99072073931364,"GO"
9.2,10,0.928735483194949,0.869618386464502,0.991871389992242,"GO"
9.2,11,0.918556778047773,0.837245018758625,1.00776539196198,"GO"
9.2,12,0.90841588329318,0.799890908187431,1.03166495402391,"GO"
9.3,0,1.0181706238487,0.910928565298245,1.13803810612639,"GO"
9.3,1,1.01035684620431,0.931960187394947,1.09534824607192,"GO"
9.3,2,1.00249956434744,0.945156702636028,1.06332142988973,"GO"
9.3,3,0.994498088176496,0.943808212348654,1.04791040642201,"GO"
9.3,4,0.986255065175025,0.930092266088834,1.04580920522404,"GO"
9.3,5,0.97767667218138,0.914299502600408,1.04544700353557,"GO"
9.3,6,0.968672898314894,0.903040686364316,1.03907520236716,"GO"
9.3,7,0.959190909651452,0.898274173312199,1.02423873299785,"GO"
9.3,8,0.949311735035788,0.896836522759669,1.00485734847593,"GO"
9.3,9,0.939146527040412,0.890632312689235,0.990303390844767,"GO"
9.3,10,0.928802548195298,0.870447660689005,0.991069552477431,"GO"
9.3,11,0.918382914767653,0.838150102234609,1.0062960988592,"GO"
9.3,12,0.907986457589168,0.800925445817128,1.02935848957103,"GO"
9.4,0,1.01636002017315,0.910735883591382,1.13423409488698,"GO"
9.4,1,1.00906544971886,0.931810473443428,1.09272551751174,"GO"
9.4,2,1.00169784560332,0.945148147564813,1.06163100088765,"GO"
9.4,3,0.994135137358943,0.944119336095617,1.04680058287843,"GO"
9.4,4,0.986259114303151,0.930837985898781,1.04497995922118,"GO"
9.4,5,0.977955733091612,0.915409866842303,1.04477507893359,"GO"
9.4,6,0.969115559715973,0.904337199619334,1.03853404291998,"GO"
9.4,7,0.959674374652692,0.899545541249201,1.02382243381038,"GO"
9.4,8,0.949730602961294,0.897928248901823,1.00452148521262,"GO"
9.4,9,0.939419407725304,0.891522374459701,0.989889708764514,"GO"
9.4,10,0.928871301707191,0.871276394070857,0.990273466613677,"GO"
9.4,11,0.918211743861981,0.839054530263338,1.00483672533351,"GO"
9.4,12,0.907560908884135,0.801959166281349,1.02706825729532,"GO"
9.5,0,1.01455820353432,0.91054193863486,1.13045682431939,"GO"
9.5,1,1.00777976253419,0.931659954283676,1.09011881975151,"GO"
9.5,2,1.00089941558692,0.945138938561427,1.05994960026412,"GO"
9.5,3,0.993773728910365,0.944429352225299,1.04569624180509,"GO"
9.5,4,0.986263583436969,0.931581865900627,1.04415499229747,"GO"
9.5,5,0.978234623565517,0.916518050541848,1.04410707260661,"GO"
9.5,6,0.969557892198305,0.905631603524714,1.03799657903432,"GO"
9.5,7,0.960157700283111,0.900815106469968,1.02340957960354,"GO"
9.5,8,0.95014978801262,0.899018663901436,1.00418896282158,"GO"
9.5,9,0.939693296920716,0.892411692754403,0.989479966978355,"GO"
9.5,10,0.928941985095018,0.872104635120385,0.989483574471718,"GO"
9.5,11,0.918043644398855,0.839958395372805,1.00338795071756,"GO"
9.5,12,0.907139757507161,0.802992187881439,1.02479519984029,"GO"
9.6,0,1.01276583440737,0.910346994484028,1.12670733418986,"GO"
9.6,1,1.00650027454444,0.931508842603568,1.08752891687702,"GO"
9.6,2,1.0001045986775,0.945129216062181,1.05827773736927,"GO"
9.6,3,0.993414037706175,0.944738285009695,1.04459771131384,"GO"
9.6,4,0.986268525166544,0.932323784805407,1.04333453633516,"GO"
9.6,5,0.978513312090892,0.917623816713808,1.04344316755862,"GO"
9.6,6,0.96999982858797,0.906923613749368,1.037462971739,"GO"
9.6,7,0.960640838103003,0.902082619221296,1.02300033297156,"GO"
9.6,8,0.950569307019158,0.900107616040513,1.00385997334591,"GO"
9.6,9,0.939968311838294,0.893300233889056,0.989074438516116,"GO"
9.6,10,0.929014839807605,0.872932432951928,0.988700316316781,"GO"
9.6,11,0.917878995196069,0.840861790807901,1.00195045015979,"GO"
9.6,12,0.906723522870315,0.804024629750149,1.022540251263,"GO"
9.7,0,1.01098356857314,0.910151315307861,1.12298664929046,"GO"
9.7,1,1.00522747316616,0.93135735144095,1.08495656500124,"GO"
9.7,2,0.99931371823744,0.945119121091518,1.056615917689,"GO"
9.7,3,0.993056238374505,0.945046159274894,1.04350531759335,"GO"
9.7,4,0.986273992083628,0.933063621338362,1.04251882209844,"GO"
9.7,5,0.978791767119953,0.918726927566428,1.04278354605268,"GO"
9.7,6,0.970441301590136,0.908212944661908,1.03693338150178,"GO"
9.7,7,0.961123739576104,0.903347828683071,1.02259485598525,"GO"
9.7,8,0.950989176839826,0.901194953271478,1.00353470820431,"GO"
9.7,9,0.940244569829651,0.894187964544175,0.98867339546983,"GO"
9.7,10,0.929090107383541,0.873759837364833,0.987924130549769,"GO"
9.7,11,0.917718174834601,0.841764810630905,1.00052489458488,"GO"
9.7,12,0.906312723495472,0.805056611974305,1.02030433705201,"GO"
9.8,0,1.00921205718379,0.909955165545342,1.11929577953958,"GO"
9.8,1,1.0039618433703,0.931205694308534,1.0824025122526,"GO"
9.8,2,0.998527096624586,0.945108795355629,1.05496464279369,"GO"
9.8,3,0.992700505299393,0.945353000474187,1.04241938485134,"GO"
9.8,4,0.986280036781923,0.933801254313912,1.04170807916643,"GO"
9.8,5,0.979069957069404,0.919827144585704,1.04212838953305,"GO"
9.8,6,0.970882243789361,0.90949930941912,1.03640796814622,"GO"
9.8,7,0.961606356069696,0.904610483052643,1.02219331011205,"GO"
9.8,8,0.951409414363123,0.902280523293869,1.00321335811875,"GO"
9.8,9,0.940522188387834,0.895074851839795,0.988277108927385,"GO"
9.8,10,0.929168029457134,0.874586898930714,0.987155453644234,"GO"
9.8,11,0.917561561673662,0.84266754983078,0.999111950650146,"GO"
9.8,12,0.905907877044114,0.806088255729231,1.0180883741423,"GO"
9.9,0,1.00745194683264,0.909758810076686,1.11563572007763,"GO"
9.9,1,1.00270386771642,0.931054085329535,1.07986749875827,"GO"
9.9,2,0.997745055205659,0.945098381342984,1.05332441028282,"GO"
9.9,3,0.992347012624285,0.94565883476615,1.04134023525288,"GO"
9.9,4,0.986286711857377,0.934536562716338,1.04090253586119,"GO"
9.9,5,0.979347850320518,0.920924228626957,1.04147787854101,"GO"
9.9,6,0.971322587649931,0.910782420062613,1.03588689076157,"GO"
9.9,7,0.96208863885474,0.905870329636785,1.02179585612932,"GO"
9.9,8,0.951830036507202,0.903364173637212,1.00289611303662,"GO"
9.9,9,0.940801285148948,0.895960863415567,0.987885848901615,"GO"
9.9,10,0.929248847764985,0.875413669087416,0.986394720078703,"GO"
9.9,11,0.917409533867304,0.843570104442004,0.997712280696983,"GO"
9.9,12,0.905509500350083,0.807119683425905,1.01589327092595,"GO"
10,0,1.00570387962814,0.90956251441056,1.1120074513565,"GO"
10,1,1.00145402638941,0.930902739384829,1.07735225662168,"GO"
10,2,0.996967914370705,0.945088022432201,1.05169571372488,"GO"
10,3,0.991995934255829,0.945963689098031,1.04026818885446,"GO"
10,4,0.986294069908508,0.935269425786591,1.04010241917034,"GO"
10,5,0.979625415219224,0.922017940014258,1.04083219262371,"GO"
10,6,0.971762265516255,0.912061987624221,1.03537030760497,"GO"
10,7,0.962570539106033,0.907127114951809,1.02140265403058,"GO"
10,8,0.952251060219924,0.904445751750515,1.00258316204696,"GO"
10,9,0.941081977893919,0.896845967516597,0.987499884254475,"GO"
10,10,0.929332804153207,0.87624020024017,0.985642362263843,"GO"
10,11,0.917262469382592,0.844472571673656,0.996326542696755,"GO"
10,12,0.905118109455301,0.808151018871911,1.01371992725754,"GO"
10.1,0,1.00396849327204,0.909366544888505,1.1084119392214,"GO"
10.1,1,1.00021279723831,0.930751872272448,1.0748575098933,"GO"
10.1,2,0.996195993548573,0.945077863007746,1.05007904259217,"GO"
10.1,3,0.991647443867987,0.946267591294778,1.03920356353362,"GO"
10.1,4,0.98630216353675,0.935999723115649,1.03930795466387,"GO"
10.1,5,0.979902620076216,0.923108038648258,1.04019151023569,"GO"
10.1,6,0.972201209613302,0.91333772224081,1.03485837599552,"GO"
10.1,7,0.963052007902387,0.908380584832412,1.02101386292391,"GO"
10.1,8,0.952672502478937,0.905525105098842,1.00227469329016,"GO"
10.1,9,0.94136438455041,0.897730133085393,0.987119482615918,"GO"
10.1,10,0.929420140585259,0.877066545870421,0.984898810463973,"GO"
10.1,11,0.917120746019335,0.845375050049558,0.994955390190133,"GO"
10.1,12,0.904734219648425,0.809182387447308,1.0115692344529,"GO"
10.2,0,1.00224642114152,0.909171168907884,1.1048501349835,"GO"
10.2,1,0.998980655817631,0.93060170088027,1.07238397453372,"GO"
10.2,2,0.995429611223418,0.945068048583921,1.04847488218984,"GO"
10.2,3,0.991301714906445,0.946570570154048,1.03814667491356,"GO"
10.2,4,0.986311045346832,0.936727334744876,1.03851936640465,"GO"
10.2,5,0.980179433167054,0.924194284123033,1.03955600863226,"GO"
10.2,6,0.972639352047084,0.914609333279152,1.03435125219942,"GO"
10.2,7,0.963532996226837,0.909630484549892,1.020629640922,"GO"
10.2,8,0.953094380291742,0.90660208126746,1.00197089386089,"GO"
10.2,9,0.94164862319488,0.89861332986034,0.986744910297092,"GO"
10.2,10,0.929511099150419,0.877892760652881,0.984164492712388,"GO"
10.2,11,0.916984741431372,0.846277639560311,0.99359947221911,"GO"
10.2,12,0.904358345506453,0.810213916296617,1.00944207527997,"GO"
10.3,0,1.00053829237537,0.908976655164688,1.10132297548175,"GO"
10.3,1,0.997758075430769,0.930452443372818,1.06993235836818,"GO"
10.3,2,0.99466908495223,0.945058725937678,1.04688371357882,"GO"
10.3,3,0.990958920593328,0.946872655547588,1.03709783628253,"GO"
10.3,4,0.986320767947189,0.937452141273849,1.0377368768522,"GO"
10.3,5,0.980455822732292,0.92527643585256,1.03892586375434,"GO"
10.3,6,0.973076624805189,0.91587652947158,1.03384909130553,"GO"
10.3,7,0.964013454966868,0.910876558940371,1.02025014502321,"GO"
10.3,8,0.953516710695773,0.907676528074049,1.00167194970356,"GO"
10.3,9,0.941934812054792,0.899495528481071,0.986376432197426,"GO"
10.3,10,0.929605922072884,0.878718900581326,0.983439834719929,"GO"
10.3,11,0.91685483314942,0.847180441828094,0.992259433250734,"GO"
10.3,12,0.903991000939264,0.811245734538197,1.00733932394032,"GO"
10.4,0,0.998844731964182,0.908783273917661,1.09783138313238,"GO"
10.4,1,0.996545527175779,0.930304319393101,1.06750336103128,"GO"
10.4,2,0.993914731383375,0.945050043250753,1.045306013492,"GO"
10.4,3,0.99061923393222,0.94717387852933,1.03605735850756,"GO"
10.4,4,0.986331383950391,0.938174023976161,1.03696070675925,"GO"
10.4,5,0.980731756977605,0.926354253207517,1.03830125010385,"GO"
10.4,6,0.973512959757363,0.917139019063187,1.03335204709053,"GO"
10.4,7,0.964493334914676,0.912118552543738,1.01987553098283,"GO"
10.4,8,0.953939510758469,0.908748293689533,1.00137804549981,"GO"
10.4,9,0.942223069510975,0.900376700601192,0.9860143117052,"GO"
10.4,10,0.929704851721504,0.879545023103728,0.982725259776233,"GO"
10.4,11,0.91673139860548,0.848083560285175,0.990935913091595,"GO"
10.4,12,0.90363269923709,0.812277973492365,1.00526184603993,"GO"
10.5,0,0.997166360844391,0.908591297275243,1.0943762659642,"GO"
10.5,1,0.995343479993343,0.930157550280474,1.06509767390108,"GO"
10.5,2,0.993166866276147,0.945042150261672,1.04374225424301,"GO"
10.5,3,0.990282827713483,0.947474271450625,1.03502554994214,"GO"
10.5,4,0.986342945973606,0.938892864923695,1.03619107506047,"GO"
10.5,5,0.981007204073934,0.927427495663088,1.03768234060915,"GO"
10.5,6,0.973948288656135,0.918396509971344,1.032860271873,"GO"
10.5,7,0.964972586767445,0.913356209754022,1.01950595317399,"GO"
10.5,8,0.954362797577362,0.909817226768058,1.00108936454759,"GO"
10.5,9,0.942513514100125,0.901256819008783,0.985658810591158,"GO"
10.5,10,0.929808130620147,0.880371187267309,0.982021188643047,"GO"
10.5,11,0.9166148151588,0.848987100367093,0.98962954679207,"GO"
10.5,12,0.903283953120911,0.813310766929679,1.00321049854771,"GO"
10.6,0,0.995503795996244,0.908400999506914,1.09095851763799,"GO"
10.6,1,0.994152400716958,0.930012359305542,1.06271598002128,"GO"
10.6,2,0.992425804521333,0.94503519842816,1.04219290362727,"GO"
10.6,3,0.989949874519883,0.947773868082989,1.0340027163274,"GO"
10.6,4,0.986355506639094,0.939608547119937,1.03542819875294,"GO"
10.6,5,0.981282132157636,0.928495922958507,1.03706930647973,"GO"
10.6,6,0.974382543137491,0.919648709958389,1.03237391635556,"GO"
10.6,7,0.965451161127654,0.91458927498197,1.01914156443734,"GO"
10.6,8,0.954786588280153,0.910883176586713,1.00080608863114,"GO"
10.6,9,0.942806264517467,0.902135857755121,0.985310188894699,"GO"
10.6,10,0.929916001458699,0.881197453874134,0.981328039438992,"GO"
10.6,11,0.916505460123389,0.849891169721543,0.988340964539255,"GO"
10.6,12,0.902945274795782,0.814344251340892,1.00118612974003,"GO"
10.7,0,0.993857650545594,0.908212657380565,1.08757901744824,"GO"
10.7,1,0.992972754125335,0.929868971923152,1.0603589540105,"GO"
10.7,2,0.991691860162772,0.945029341100537,1.04065842481443,"GO"
10.7,3,0.989620546732512,0.948072703748778,1.03298916068642,"GO"
10.7,4,0.986369118574722,0.940320954642848,1.03467229276775,"GO"
10.7,5,0.981556509330649,0.929559295269131,1.03646231704931,"GO"
10.7,6,0.974815654721602,0.920895326818333,1.03189312945419,"GO"
10.7,7,0.965929008503407,0.915817492830613,1.01878251591875,"GO"
10.7,8,0.955210900024809,0.911945993195583,1.00052839788125,"GO"
10.7,9,0.943101439619552,0.903013792292097,0.984968704802202,"GO"
10.7,10,0.930028707104697,0.882023885647873,0.980646227515143,"GO"
10.7,11,0.916403710797108,0.850795878434029,0.987070791537488,"GO"
10.7,12,0.902617176007071,0.815378566230163,0.999189579129803,"GO"
10.8,0,0.992228533869498,0.908026550527617,1.08423863030519,"GO"
10.8,1,0.991805002996975,0.929727616044539,1.05802726195745,"GO"
10.8,2,0.990965346419921,0.945024733706638,1.03913927623189,"GO"
10.8,3,0.989295016537013,0.948370815460215,1.03198518321131,"GO"
10.8,4,0.986383834414514,0.941029972797906,1.03392356983217,"GO"
10.8,5,0.981830303660659,0.930617373391811,1.0358615396067,"GO"
10.8,6,0.975247554813589,0.922136068578518,1.03141805811373,"GO"
10.8,7,0.966406079308793,0.917040608284662,1.01842895689422,"GO"
10.8,8,0.955635749999645,0.913005527578748,1.00025647062538,"GO"
10.8,9,0.943399158427217,0.903890599618784,0.984634614517,"GO"
10.8,10,0.930146490615598,0.88285054741239,0.979976165320743,"GO"
10.8,11,0.916309944492298,0.8517013392714,0.985819647875331,"GO"
10.8,12,0.90230016809962,0.816413854433175,0.99722167737814,"GO"
10.9,0,0.990617051705572,0.907842961837626,1.08093820669544,"GO"
10.9,1,0.990649608166926,0.929588522329734,1.05572156130084,"GO"
10.9,2,0.990246575711407,0.945021533948841,1.03763591143866,"GO"
10.9,3,0.98897345593011,0.948668242067171,1.03099108114245,"GO"
10.9,4,0.98639970679922,0.941735488281892,1.03318224032176,"GO"
10.9,5,0.98210348318129,0.931669918944418,1.03526713921346,"GO"
10.9,6,0.975678174704346,0.923370643717146,1.03094884710891,"GO"
10.9,7,0.966882323864263,0.918258366914578,1.01808103458111,"GO"
10.9,8,0.956061155423424,0.914061631826866,0.999990483226742,"GO"
10.9,9,0.943699540128689,0.904766258437645,0.98430817212054,"GO"
10.9,10,0.930269595251684,0.88367750628282,0.979318262258405,"GO"
10.9,11,0.916224538567991,0.852607667944406,0.984588148377835,"GO"
10.9,12,0.901994762079832,0.817450262461883,0.99528324618697,"GO"
11,0,0.989023806265084,0.907662177884176,1.07767858261898,"GO"
11,1,0.989507028585686,0.929451924501331,1.05344250069286,"GO"
11,2,0.989535859679576,0.945019902013767,1.03614877898893,"GO"
11,3,0.98865603672643,0.94896502441414,1.0300071486397,"GO"
11,4,0.986416788376927,0.942437389358024,1.03244851210186,"GO"
11,5,0.982376015892294,0.932716694580357,1.03467927850762,"GO"
11,6,0.976107445571407,0.924598761397665,1.03048563882961,"GO"
11,7,0.967357692397041,0.919470515096207,1.01773889393486,"GO"
11,8,0.956487133545446,0.915114159321971,0.999730609911916,"GO"
11,9,0.944002704082838,0.905640749320851,0.983989629424235,"GO"
11,10,0.93039826448961,0.884504831869817,0.97867292452811,"GO"
11,11,0.916147870463662,0.853514983390478,0.983376902442867,"GO"
11,12,0.901701468680664,0.818487940877709,0.993375098170625,"GO"
11.1,0,0.987449396349741,0.907484489383883,1.07446057950088,"GO"
11.1,1,0.98837772138026,0.929318059680738,1.05119071984509,"GO"
11.1,2,0.988833509216029,0.945020000795209,1.03467832228493,"GO"
11.1,3,0.988342930565632,0.949261205506812,1.02903367664492,"GO"
11.1,4,0.986435131803683,0.943135566043072,1.03172259035782,"GO"
11.1,5,0.982647869759753,0.933757464218977,1.03409811749246,"GO"
11.1,6,0.97653529847986,0.925820131721028,1.03002857304954,"GO"
11.1,7,0.967832135041555,0.920676800246889,1.01740267743024,"GO"
11.1,8,0.956913701645657,0.916162964935158,0.999477022586262,"GO"
11.1,9,0.944308769822589,0.906514054887196,0.983679235811532,"GO"
11.1,10,0.930532742036582,0.885332596497642,0.97804055495931,"GO"
11.1,11,0.916080317734569,0.854423408077927,0.982186513860268,"GO"
11.1,12,0.901420798429547,0.819527044695019,0.991498036704511,"GO"
11.2,0,0.985894417472131,0.907310191690372,1.07128500407545,"GO"
11.2,1,0.987262141917346,0.929187168748015,1.04896684935557,"GO"
11.2,2,0.988139834488132,0.94502199613084,1.03322497941841,"GO"
11.2,3,0.988034308919827,0.949556830688678,1.02807095273557,"GO"
11.2,4,0.986454789744159,0.943829910307071,1.03100467741333,"GO"
11.2,5,0.982919012716298,0.934791993292744,1.03352381330958,"GO"
11.2,6,0.976961664383313,0.927034465996829,1.02957778667733,"GO"
11.2,7,0.968305601839895,0.921876971078958,1.01707252482633,"GO"
11.2,8,0.957340877034744,0.917207905237798,0.99922989063645,"GO"
11.2,9,0.944617857058473,0.90738615999008,0.983377238069728,"GO"
11.2,10,0.930673271845184,0.886160875436795,0.977421552830447,"GO"
11.2,11,0.916022258088638,0.855333068332818,0.981017580612593,"GO"
11.2,12,0.901153261719227,0.820567733816813,0.989652855748887,"GO"
11.3,0,0.984359461979816,0.907139585325048,1.068152648241,"GO"
11.3,1,0.986160743868639,0.929059496726396,1.04677151051603,"GO"
11.3,2,0.987455144966521,0.945026057053227,1.03178918300021,"GO"
11.3,3,0.987730343101305,0.949851947828052,1.0271192609689,"GO"
11.3,4,0.986475814872338,0.944520316286255,1.03029497253621,"GO"
11.3,5,0.983189412661329,0.93582004901212,1.03295651999523,"GO"
11.3,6,0.977386474124907,0.928241477034391,1.02913341348883,"GO"
11.3,7,0.968778042742302,0.923070777871587,1.01674857291406,"GO"
11.3,8,0.957768677054245,0.918248838726956,0.998989380719496,"GO"
11.3,9,0.944930085682342,0.908257051917031,0.983083880211044,"GO"
11.3,10,0.930820098128845,0.886989747151858,0.976816313675219,"GO"
11.3,11,0.915974069424935,0.856244094689764,0.979870694656137,"GO"
11.3,12,0.900899368881532,0.821610173504566,0.987840339645737,"GO"
11.4,0,0.982845119183022,0.906972976546528,1.06506428888329,"GO"
11.4,1,0.985073979278249,0.928935293192557,1.04460531509802,"GO"
11.4,2,0.986779749453573,0.945032356055645,1.03037135997735,"GO"
11.4,3,0.987431204270558,0.950146607515929,1.02617888171627,"GO"
11.4,4,0.986498259872227,0.945206680509857,1.02959367173112,"GO"
11.4,5,0.983459037461254,0.936841400649054,1.03239638821911,"GO"
11.4,6,0.977809658438379,0.929440879454837,1.02869558383981,"GO"
11.4,7,0.96924940760767,0.924257972761898,1.01643095524569,"GO"
11.4,8,0.958197119076655,0.919285626065652,0.998755656537625,"GO"
11.4,9,0.945245575771231,0.90912672060122,0.982799403282535,"GO"
11.4,10,0.930973465377946,0.88781929356522,0.976225229074898,"GO"
11.4,11,0.915936129873701,0.857156622267902,0.978746441681,"GO"
11.4,12,0.900659630264067,0.822654534884229,0.98606126288669,"GO"
11.5,0,0.981351975485922,0.906810677960483,1.06202068766562,"GO"
11.5,1,0.984002298632212,0.928814812713647,1.04246886511703,"GO"
11.5,2,0.986113956112856,0.945041069373175,1.02897193143736,"GO"
11.5,3,0.987137063444594,0.95044086327503,1.02525009148732,"GO"
11.5,4,0.986522177438602,0.94588890214137,1.02890096751843,"GO"
11.5,5,0.983727854949733,0.937855819840011,1.03184356500457,"GO"
11.5,6,0.978231147949169,0.930632390025228,1.02826442435773,"GO"
11.5,7,0.969719646204088,0.925438310056308,1.01611980184499,"GO"
11.5,8,0.958626220505543,0.92031813033862,0.998528878598339,"GO"
11.5,9,0.945564447591371,0.909995158845402,0.982524045164368,"GO"
11.5,10,0.93113361837658,0.888649600337338,0.975648686436071,"GO"
11.5,11,0.915908817837972,0.858070791173299,0.977645400848898,"GO"
11.5,12,0.900434556309845,0.82370099549038,0.984316389849958,"GO"
11.6,0,0.979880614521482,0.906653009171649,1.05902259078392,"GO"
11.6,1,0.982946150930106,0.928698315312032,1.04036275257341,"GO"
11.6,2,0.985458072499552,0.94505237727948,1.02759131239912,"GO"
11.6,3,0.98684809150556,0.950734771780391,1.02433316274365,"GO"
11.6,4,0.986547620277781,0.946566883234895,1.02821704869874,"GO"
11.6,5,0.983995832927935,0.93886308090945,1.03129819342947,"GO"
11.6,6,0.978650873175585,0.931815728015804,1.02784005761179,"GO"
11.6,7,0.970188708209403,0.926611546563002,1.01581523889745,"GO"
11.6,8,0.959055998775663,0.921346217324171,0.99830920395906,"GO"
11.6,9,0.945886821602359,0.910862362558688,0.982258040356088,"GO"
11.6,10,0.931300802219954,0.889480757164144,0.975087068753165,"GO"
11.6,11,0.91589251203677,0.858986746929037,0.976568144507502,"GO"
11.6,12,0.90022465763986,0.824749739850517,0.982606474504238,"GO"
11.7,0,0.978431617289848,0.906500297479608,1.05607072868496,"GO"
11.7,1,0.981905983758732,0.928586066958624,1.03828755916942,"GO"
11.7,2,0.984812405591852,0.945066464399646,1.02622991159009,"GO"
11.7,3,0.986564459209658,0.951028393091828,1.02342836370151,"GO"
11.7,4,0.986574641108422,0.94724052900714,1.02754210010251,"GO"
11.7,5,0.984262939164803,0.939862961214645,1.03076041230663,"GO"
11.7,6,0.979068764530008,0.932990615581359,1.02742260176006,"GO"
11.7,7,0.9706565432118,0.927777441946467,1.01551738841937,"GO"
11.7,8,0.959486471353072,0.922369755782751,0.998096785955768,"GO"
11.7,9,0.946212818461479,0.911728331006523,0.982001619750489,"GO"
11.7,10,0.931475262332444,0.890312858092204,0.974540754355183,"GO"
11.7,11,0.915887591549894,0.859904640934156,0.975515237880077,"GO"
11.7,12,0.900030445138617,0.825800960111502,0.980932260077588,"GO"
11.8,0,0.977005562300258,0.906352878619835,1.05316581574628,"GO"
11.8,1,0.980882243367888,0.928478340095543,1.03624385600144,"GO"
11.8,2,0.984177261823314,0.945083520039366,1.0248881312095,"GO"
11.8,3,0.986286337196354,0.951321790898527,1.02253595812351,"GO"
11.8,4,0.986603292662353,0.947909748125628,1.02687630232408,"GO"
11.8,5,0.984529141397332,0.940855241512698,1.0302303558432,"GO"
11.8,6,0.979484752320153,0.934156778167748,1.02701217017278,"GO"
11.8,7,0.971123100710424,0.928935759104922,1.01522636790529,"GO"
11.8,8,0.959917655735258,0.923388617762747,0.997891773915094,"GO"
11.8,9,0.94654255902818,0.912593067074202,0.981755010394757,"GO"
11.8,10,0.931657244486297,0.891146001852128,0.974010116636117,"GO"
11.8,11,0.915894435864288,0.860824630952612,0.974487238729279,"GO"
11.8,12,0.899852430042611,0.826854856710041,0.97929447868932,"GO"
11.9,0,0.975603025716479,0.906211097551329,1.05030854991625,"GO"
11.9,1,0.979875374748204,0.928375414188758,1.03423220322669,"GO"
11.9,2,0.983552947116194,0.94510373853069,1.02356636667726,"GO"
11.9,3,0.986013895997891,0.951615032776016,1.02165620509883,"GO"
11.9,4,0.986633627685427,0.948574453013608,1.02621983143978,"GO"
11.9,5,0.984794407330859,0.941839706350572,1.029708153278,"GO"
11.9,6,0.979898766750373,0.935313944944469,1.0266088710309,"GO"
11.9,7,0.971588330116018,0.930086264571476,1.0149422899526,"GO"
11.9,8,0.960349569451257,0.924402678924018,0.99769431284937,"GO"
11.9,9,0.946876164368707,0.913456577544186,0.981518435238621,"GO"
11.9,10,0.931846994820995,0.891980292210734,0.973495523768557,"GO"
11.9,11,0.915913424922016,0.861746881633316,0.973484696994052,"GO"
11.9,12,0.899691124031788,0.827911639089088,0.97769385094305,"GO"
12,0,0.974224581505727,0.906075309291939,1.04749961231335,"GO"
12,1,0.978885821711045,0.928277576311152,1.03225314970414,"GO"
12,2,0.982939766915738,0.945127319594472,1.02226500636858,"GO"
12,3,0.985747306049097,0.95190819045568,1.0207893588119,"GO"
12,4,0.986665698938408,0.949234560172127,1.02557285870954,"GO"
12,5,0.985058704639359,0.942816144478869,1.02919392849612,"GO"
12,6,0.980310737923022,0.93646184926418,1.02621280689896,"GO"
12,7,0.972052180751585,0.931228728939728,1.01466526186293,"GO"
12,8,0.960782230061786,0.925411818879593,0.997504543134222,"GO"
12,9,0.947213755760888,0.914318873387461,0.981292112869287,"GO"
12,10,0.932044759863269,0.892815838342341,0.97299733840013,"GO"
12,11,0.915944939169839,0.862671565062229,0.972508154398623,"GO"
12,12,0.899547039323986,0.828971526461874,0.976131085479165,"GO"
12.1,0,0.972870801591096,0.905945879802212,1.04473966678356,"GO"
12.1,1,0.97791402697048,0.928185121756306,1.03030723260904,"GO"
12.1,2,0.982338026225444,0.9451544687195,1.02098443133414,"GO"
12.1,3,0.985486737697487,0.952201340106927,1.0199356682995,"GO"
12.1,4,0.986699559197884,0.949889990519638,1.02493555026167,"GO"
12.1,5,0.985322000965754,0.943784349290038,1.02868779962021,"GO"
12.1,6,0.980720595839857,0.937600229149938,1.0258240742715,"GO"
12.1,7,0.972514601853089,0.932362927314462,1.01439538521943,"GO"
12.1,8,0.961215655159372,0.926415921555871,0.99732260016835,"GO"
12.1,9,0.947555454699076,0.915179970069046,0.981076257233026,"GO"
12.1,10,0.932250786547775,0.893652755219493,0.972515917332437,"GO"
12.1,11,0.915989359610396,0.863598861347358,0.971558144032782,"GO"
12.1,12,0.899420688772373,0.830034748625181,0.974606878485122,"GO"
12.2,0,0.971542256007461,0.905823186918307,1.04202935941536,"GO"
12.2,1,0.976960432227304,0.928098354683052,1.02839497702128,"GO"
12.2,2,0.981748029643286,0.945185397558234,1.01972501500595,"GO"
12.2,3,0.98523236121367,0.952494562632045,1.01909537719602,"GO"
12.2,4,0.986735261257205,0.95054066974945,1.02430806676054,"GO"
12.2,5,0.985584263922233,0.944744119281561,1.02818987857773,"GO"
12.2,6,0.981128270403497,0.938728827810821,1.02544276309255,"GO"
12.2,7,0.972975542570164,0.933488639787976,1.01413275543956,"GO"
12.2,8,0.961649862368488,0.927414875571564,0.997148614015272,"GO"
12.2,9,0.947901382899246,0.916039887867733,0.980871077343348,"GO"
12.2,10,0.932465322238431,0.89449116402332,0.972051611182324,"GO"
12.2,11,0.916047067855011,0.86452895923736,0.970635189902728,"GO"
12.2,12,0.899312585965902,0.831101546823229,0.973121913162193,"GO"
12.3,0,0.970239513060864,0.905707621334118,1.0393693180123,"GO"
12.3,1,0.976025478255123,0.928017588790599,1.02651689548752,"GO"
12.3,2,0.981170081398897,0.94522032433887,1.01848712288923,"GO"
12.3,3,0.984984346802046,0.952787943973687,1.01826872346723,"GO"
12.3,4,0.986772857927459,0.951186528705216,1.02369056305684,"GO"
12.3,5,0.985845461090585,0.945695258544558,1.02770027064391,"GO"
12.3,6,0.981533691418927,0.939847394186442,1.02506895624733,"GO"
12.3,7,0.973434951966869,0.934605651942421,1.01387746130292,"GO"
12.3,8,0.96208486934569,0.928408574635532,0.996982709026876,"GO"
12.3,9,0.948251662304258,0.916898652210005,0.980676776975827,"GO"
12.3,10,0.93268861475042,0.895331192573597,0.971604764025409,"GO"
12.3,11,0.916118446178119,0.865462056774258,0.969739806451991,"GO"
12.3,12,0.899223245332793,0.832172174663341,0.971676859147525,"GO"
12.4,0,0.96896313949139,0.905599587632362,1.03676015152313,"GO"
12.4,1,0.975109604988493,0.927943148023751,1.02467348755775,"GO"
12.4,2,0.980604485391726,0.945259474293346,1.01727111224062,"GO"
12.4,3,0.984742864611803,0.953081575434837,1.01745593913242,"GO"
12.4,4,0.986812402038464,0.951827503774551,1.02308318782053,"GO"
12.4,5,0.986105560022533,0.946637577278104,1.02721907396,"GO"
12.4,6,0.981936788595057,0.940955683520709,1.02470272902619,"GO"
12.4,7,0.973892779022455,0.935713755378391,1.01362958445399,"GO"
12.4,8,0.962520693779758,0.929396917963492,0.996825003448806,"GO"
12.4,9,0.948606415089263,0.917756294017982,0.980493554349703,"GO"
12.4,10,0.93292091237286,0.896172975778423,0.971175713021947,"GO"
12.4,11,0.916203877573333,0.866398361980589,0.968872498052136,"GO"
12.4,12,0.899153182247069,0.833246899084273,0.970272371890655,"GO"
12.5,0,0.967713700639511,0.90549950536386,1.03420244943051,"GO"
12.5,1,0.974213251613122,0.927875367307407,1.02286523929692,"GO"
12.5,2,0.980051545230152,0.945303080100704,1.01607733173332,"GO"
12.5,3,0.984508084748212,0.95337555401099,1.01665724997541,"GO"
12.5,4,0.986853946439796,0.952463537300734,1.02248608315628,"GO"
12.5,5,0.986364528240093,0.947570892329358,1.02674637902674,"GO"
12.5,6,0.982337491546329,0.942053457964981,1.02434414856042,"GO"
12.5,7,0.974348972632164,0.9368127482698,1.01338919887963,"GO"
12.5,8,0.962957353391842,0.930379810713458,0.996675609007825,"GO"
12.5,9,0.94896576366728,0.918612850071114,0.980321601796567,"GO"
12.5,10,0.933162463892144,0.897016656103292,0.97076478802528,"GO"
12.5,11,0.91630374581115,0.867338093581016,0.968033758463208,"GO"
12.5,12,0.899102913138157,0.834326001377697,0.968909091984017,"GO"
12.6,0,0.966491760615933,0.905407810173724,1.0316967810994,"GO"
12.6,1,0.973336856658127,0.927814593309178,1.02109262277299,"GO"
12.6,2,0.979511564271563,0.945351382345053,1.01490612110993,"GO"
12.6,3,0.984280177284221,0.953669982734171,1.01587287524463,"GO"
12.6,4,0.986897544001847,0.953094578012303,1.02189938420183,"GO"
12.6,5,0.986622333235932,0.948495027759422,1.02628226817317,"GO"
12.6,6,0.982735729794369,0.943140487210518,1.02399327323004,"GO"
12.6,7,0.974803481608055,0.937902435944866,1.01315637036158,"GO"
12.6,8,0.963394865935603,0.931357164439586,0.996534630481477,"GO"
12.6,9,0.949329830694928,0.919468363381216,0.98016110541653,"GO"
12.6,10,0.933413518615958,0.897862384059132,0.970372311173294,"GO"
12.6,11,0.91641843549831,0.868281481758182,0.967224070264189,"GO"
12.6,12,0.899072955603589,0.835409778263003,0.967587644447339,"GO"
12.7,0,0.965297882474929,0.905324954972539,1.02924369508719,"GO"
12.7,1,0.972480858090355,0.927761185228568,1.01935609552275,"GO"
12.7,2,0.978984845663408,0.945404629987142,1.01375781082397,"GO"
12.7,3,0.984059312272346,0.953964971028263,1.01510302734295,"GO"
12.7,4,0.986943247616903,0.953720581470183,1.02132321870947,"GO"
12.7,5,0.986878942473741,0.949409815434591,1.02582681500114,"GO"
12.7,6,0.983131432769698,0.944216549149865,1.02365015204408,"GO"
12.7,7,0.975256254679857,0.93898263149276,1.01293115590447,"GO"
12.7,8,0.963833249197374,0.932328897563905,0.996402165250586,"GO"
12.7,9,0.949698739078311,0.92032288358027,0.980012244722445,"GO"
12.7,10,0.93367432639797,0.898710318708684,0.969998596463518,"GO"
12.7,11,0.916548332138827,0.869228768942237,0.966443904254036,"GO"
12.7,12,0.89906382852481,0.836498543015048,0.966308637966329,"GO"
12.8,0,0.964132628391182,0.90525141114997,1.02684371841812,"GO"
12.8,1,0.971645693410778,0.927715515610726,1.01765609999764,"GO"
12.8,2,0.978471692385207,0.945463080848393,1.01263272167123,"GO"
12.8,3,0.983845659756858,0.954260635074994,1.01434791150778,"GO"
12.8,4,0.986991110200261,0.954341510531783,1.02075770661125,"GO"
12.8,5,0.987134323388619,0.950315095642411,1.02538008380598,"GO"
12.8,6,0.983524529813488,0.945281430566514,1.02331482399387,"GO"
12.8,7,0.975707240495847,0.940053156395209,1.01271360313989,"GO"
12.8,8,0.964272520996304,0.933294935865198,0.99627830283531,"GO"
12.8,9,0.950072611979076,0.921176467320275,0.979875192272921,"GO"
12.8,10,0.933945137663212,0.899560628190385,0.969643949312719,"GO"
12.8,11,0.916693822196686,0.870180210633114,0.96569371882426,"GO"
12.8,12,0.89907605218614,0.837592626644016,0.965072664086578,"GO"
12.9,0,0.962996559840155,0.90518766982748,1.02449735582536,"GO"
12.9,1,0.970831799752954,0.927677971182336,1.0159930629918,"GO"
12.9,2,0.977972407291541,0.945527002105939,1.01153116441243,"GO"
12.9,3,0.983639389786276,0.954557098189752,1.01360772548232,"GO"
12.9,4,0.987041184691363,0.954957335831311,1.02020295956869,"GO"
12.9,5,0.987388443387468,0.951210717731649,1.02494212897438,"GO"
12.9,6,0.983914950179366,0.946334927851816,1.02298731738036,"GO"
12.9,7,0.976156387623753,0.941113841182025,1.01250374970774,"GO"
12.9,8,0.964712699184523,0.934255212984074,0.99616312441572,"GO"
12.9,9,0.950451572820622,0.922029178684221,0.979750113295036,"GO"
12.9,10,0.934226203434133,0.900413490258667,0.969308666102088,"GO"
12.9,11,0.916855293160238,0.871136076254222,0.96497395930441,"GO"
12.9,12,0.899110148396894,0.838692379125916,0.963880296364202,"GO"
13,0,0.961890237781989,0.905134243146092,1.02220508896486,"GO"
13,1,0.970039613983575,0.927648953706716,1.01436739505546,"GO"
13,2,0.977487293156004,0.945596670797033,1.01045343938879,"GO"
13,3,0.98344067242615,0.954854491206251,1.012882659179,"GO"
13,4,0.987093524054972,0.955568036275309,1.01965908050795,"GO"
13,5,0.987641269849398,0.952096540774955,1.02451299436062,"GO"
13,6,0.984302623035278,0.947376847747761,1.02266764911706,"GO"
13,7,0.976603644551694,0.942164526109157,1.01230162261612,"GO"
13,8,0.965153801647298,0.935209670943007,0.996056702338143,"GO"
13,9,0.950835745294472,0.922881089607101,0.979637165297853,"GO"
13,10,0.934517775357356,0.901269092839314,0.968993033709374,"GO"
13,11,0.917033133608286,0.872096650035782,0.964285057282272,"GO"
13,12,0.899166640616714,0.839798170681627,0.962732089475407,"GO"
13.1,0,0.960814222848975,0.905091665584281,1.01996737560602,"GO"
13.1,1,0.969269572805096,0.927628880854699,1.01277948989703,"GO"
13.1,2,0.977016652716133,0.945672374330907,1.00939983613249,"GO"
13.1,3,0.983249677772154,0.955152952868883,1.01217289433618,"GO"
13.1,4,0.987148181282364,0.956173599552171,1.01912616314179,"GO"
13.1,5,0.987892770126141,0.952972434252639,1.0240927126427,"GO"
13.1,6,0.984687477465393,0.948407008113797,1.02235582401013,"GO"
13.1,7,0.977048959689131,0.943205061857517,1.01210723758162,"GO"
13.1,8,0.965595846303197,0.936158260679837,0.995959099608753,"GO"
13.1,9,0.951225253366814,0.923732280305659,0.979536497678044,"GO"
13.1,10,0.934820105731121,0.90212763459827,0.968697329029609,"GO"
13.1,11,0.917227733277895,0.873062231925556,0.963627429901058,"GO"
13.1,12,0.899246054084125,0.840910393101661,0.9616285782879,"GO"
13.2,0,0.9597690755366,0.905060495300251,1.01778464880493,"GO"
13.2,1,0.968522112860477,0.927618187087352,1.01122972377792,"GO"
13.2,2,0.976560788719322,0.9457544110059,1.00837063297414,"GO"
13.2,3,0.983066575963471,0.9554526302314,1.01147860416951,"GO"
13.2,4,0.987205209392554,0.956774022654127,1.01860429147971,"GO"
13.2,5,0.988142911542477,0.953838278755588,1.0236813046605,"GO"
13.2,6,0.985069442472063,0.949425238715441,1.02205183401813,"GO"
13.2,7,0.977492281367859,0.944235310250411,1.01192059835206,"GO"
13.2,8,0.966038851104259,0.937100942592959,0.995870369376201,"GO"
13.2,9,0.951620221285196,0.924582839715362,0.979448251319129,"GO"
13.2,10,0.935133447533425,0.902989325521974,0.968421818486347,"GO"
13.2,11,0.917439483133927,0.874033138524198,0.963001479136417,"GO"
13.2,12,0.899348915948365,0.842029461113056,0.960570276897829,"GO"
13.3,0,0.958755356398208,0.90504131549194,1.01565731606696,"GO"
13.3,1,0.967797670840018,0.927617324546042,1.00971845490459,"GO"
13.3,2,0.976120003969705,0.94584309052944,1.00736609664979,"GO"
13.3,3,0.982891537196483,0.955753679060395,1.0107999530195,"GO"
13.3,4,0.987264661433554,0.957369312409908,1.0180935393281,"GO"
13.3,5,0.988391661396675,0.954693966704938,1.02327877873812,"GO"
13.3,6,0.985448446977831,0.950431382031915,1.02175565749407,"GO"
13.3,7,0.977933557843021,0.945255144986944,1.01174169601449,"GO"
13.3,8,0.966482834036163,0.938037687096096,0.995790554405392,"GO"
13.3,9,0.952020773585394,0.92543286593286,0.979372558186069,"GO"
13.3,10,0.935458054450875,0.903854387506998,0.968166757535644,"GO"
13.3,11,0.91766877544032,0.875009704041928,0.962407591056596,"GO"
13.3,12,0.899475755404506,0.843155813783967,0.959557677636797,"GO"
13.4,0,0.957773626243308,0.905034735767252,1.01358575850636,"GO"
13.4,1,0.967096683590332,0.927626763944868,1.00824602282282,"GO"
13.4,2,0.975694601376029,0.945938734538182,1.00638648191005,"GO"
13.4,3,0.982724731738764,0.956056264241846,1.01013709599703,"GO"
13.4,4,0.987326590483652,0.957959486026003,1.01759396978257,"GO"
13.4,5,0.988638986960936,0.955539403085657,1.02288512999346,"GO"
13.4,6,0.985824419827496,0.951425294079529,1.02146725841302,"GO"
13.4,7,0.978372737294145,0.946264452388342,1.01157050829127,"GO"
13.4,8,0.966927813118402,0.938968475180242,0.995719686544816,"GO"
13.4,9,0.952427035098437,0.92628246666201,0.979309540917172,"GO"
13.4,10,0.935794180908234,0.904723054956471,0.967932390165347,"GO"
13.4,11,0.917916003833127,0.875992281272653,0.961846135069683,"GO"
13.4,12,0.899627103831933,0.844289915960679,0.958591250054352,"GO"
13.5,0,0.95682444633956,0.9050413935161,1.01157033001134,"GO"
13.5,1,0.966419588225446,0.927646995459931,1.00681274781985,"GO"
13.5,2,0.975284884000521,0.946041677115352,1.00543203113443,"GO"
13.5,3,0.982566329943373,0.956360560188774,1.00949017862868,"GO"
13.5,4,0.98739104965273,0.958544571634102,1.01710563471479,"GO"
13.5,5,0.988884855481855,0.956374506190759,1.0225003396382,"GO"
13.5,6,0.98619728979022,0.952406845247021,1.02118658558919,"GO"
13.5,7,0.978809767826216,0.947263132153642,1.01140699882809,"GO"
13.5,8,0.967373806404458,0.939893298980046,0.995657786190172,"GO"
13.5,9,0.952839130957804,0.927131759661252,0.979259312415471,"GO"
13.5,10,0.936142082098697,0.905595575380441,0.967718948392524,"GO"
13.5,11,0.918181563395334,0.876981242581093,0.96131746316244,"GO"
13.5,12,0.899803494936185,0.84543225973084,0.957671439882292,"GO"
13.6,0,0.955908378618468,0.905061955275036,1.009611356424,"GO"
13.6,1,0.965766822240059,0.927678529609451,1.00541893034037,"GO"
13.6,2,0.97489115510874,0.946152265302132,1.00450297395394,"GO"
13.6,3,0.982416502263454,0.956666751247917,1.00885933650415,"GO"
13.6,4,0.987458092083596,0.959124608842014,1.0166285742565,"GO"
13.6,5,0.98912923418089,0.957199208372352,1.02212437427203,"GO"
13.6,6,0.986566985561691,0.953375921138476,1.02091357188673,"GO"
13.6,7,0.97924459747077,0.948251098120696,1.01125111647763,"GO"
13.6,8,0.967820831981989,0.940812162341558,0.995604861747368,"GO"
13.6,9,0.953257186606784,0.927980873189978,0.979221975441998,"GO"
13.6,10,0.936502014014874,0.906472209997007,0.967526651762233,"GO"
13.6,11,0.918465850733478,0.877976980897862,0.960821909135802,"GO"
13.6,12,0.90000546489424,0.846583365905798,0.956798667988038,"GO"
13.7,0,0.95502598588485,0.905097118074436,1.00770913474538,"GO"
13.7,1,0.965138823624966,0.927721898118277,1.00406485042291,"GO"
13.7,2,0.97451371822043,0.946270859599665,1.00359952688555,"GO"
13.7,3,0.982275419267135,0.956975032103058,1.00824469492796,"GO"
13.7,4,0.987527770953364,0.959699649285027,1.01616281628387,"GO"
13.7,5,0.989372090254841,0.958013456795273,1.02175718517534,"GO"
13.7,6,0.986933435766337,0.954332423418903,1.02064813342928,"GO"
13.7,7,0.979677174187014,0.949228279027977,1.01110279458369,"GO"
13.7,8,0.968268907973004,0.941725081387949,0.995560909098276,"GO"
13.7,9,0.953681327806005,0.928829946451262,0.97919762221356,"GO"
13.7,10,0.936874233480502,0.907353234330773,0.967355706851102,"GO"
13.7,11,0.918769264056069,0.878979910716911,0.960359787842748,"GO"
13.7,12,0.900233552503252,0.847743785514003,0.955973329325265,"GO"
13.8,0,0.954177832030094,0.905147610757515,1.00586393237639,"GO"
13.8,1,0.964536030984674,0.927777654759957,1.00275076716347,"GO"
13.8,2,0.974152877161383,0.94639783445808,1.00272189298192,"GO"
13.8,3,0.982143251652742,0.957285608172543,1.00764636857797,"GO"
13.8,4,0.987600139474842,0.960269757174365,1.01570837590548,"GO"
13.8,5,0.989613390876343,0.958817214188565,1.02139870760515,"GO"
13.8,6,0.987296568959591,0.955276270656976,1.02039016881369,"GO"
13.8,7,0.980107445862983,0.950194619272153,1.01096195027066,"GO"
13.8,8,0.96871805253406,0.942632085079499,0.99552591107297,"GO"
13.8,9,0.95411168064113,0.929679130028139,0.97918633400783,"GO"
13.8,10,0.937258998182885,0.908238938804869,0.967206306779496,"GO"
13.8,11,0.919092203253852,0.879990469089125,0.959931394434757,"GO"
13.8,12,0.90048829933282,0.848914101296531,0.955195791890927,"GO"
13.9,0,0.953364482249283,0.905214195259848,1.00407598640622,"GO"
13.9,1,0.963958883657228,0.927846376169192,1.00147691821372,"GO"
13.9,2,0.973808936116304,0.946533578748773,1.00187026150043,"GO"
13.9,3,0.982020170264305,0.957598695998289,1.00706446117347,"GO"
13.9,4,0.987675250897968,0.960835009839082,1.0152652549575,"GO"
13.9,5,0.989853103194365,0.959610459589566,1.02104886009953,"GO"
13.9,6,0.987656313630203,0.956207399158916,1.02013955833392,"GO"
13.9,7,0.98053536031671,0.951150079655943,1.01082848374381,"GO"
13.9,8,0.969168283856443,0.943533215763826,0.995499836932454,"GO"
13.9,9,0.954548371530725,0.930528586310428,0.979188180778781,"GO"
13.9,10,0.937656566706073,0.909129629322491,0.967078630736327,"GO"
13.9,11,0.919435069981927,0.881009116605385,0.959537003623675,"GO"
13.9,12,0.900770249880819,0.850094929194896,0.954466395698652,"GO"
14,0,0.952586503262225,0.905297667837609,1.00234550296017,"GO"
14,1,0.963407821836261,0.927928662617277,1.00024351932117,"GO"
14,2,0.973482199682702,0.946678496216032,1.00104480759518,"GO"
14,3,0.981906346107389,0.957914523623465,1.00649906515557,"GO"
14,4,0.987753158511262,0.96139549825745,1.01483344151015,"GO"
14,5,0.990091194334727,0.960393189074944,1.02070754379608,"GO"
14,6,0.988012598202608,0.957125763786956,1.01989616322182,"GO"
14,7,0.980960865297436,0.952094638120334,1.01070227760643,"GO"
14,8,0.969619620166372,0.944428529712089,0.995482641866176,"GO"
14,9,0.954991527234294,0.931378489908939,0.979203220785631,"GO"
14,10,0.93806719856478,0.910025627833731,0.966972843520789,"GO"
14,11,0.919798267743739,0.882036338361877,0.95917686896623,"GO"
14,12,0.901079951732853,0.851286919820542,0.953785451779343,"GO"
14.1,0,0.951844463538445,0.905398860232428,1.00067265661921,"GO"
14.1,1,0.96288328669531,0.928025138742951,0.99905076391898,"GO"
14.1,2,0.973172972925792,0.946833005904033,1.00024569203623,"GO"
14.1,3,0.98180195036522,0.958233330955899,1.00595026138296,"GO"
14.1,4,0.987833915643313,0.961951327573639,1.01441290938964,"GO"
14.1,5,0.990327631400617,0.961165416472597,1.02037464177064,"GO"
14.1,6,0.988365351039343,0.95803133875536,1.01965982491161,"GO"
14.1,7,0.981383908486839,0.953028290454818,1.01058319620006,"GO"
14.1,8,0.970072079725188,0.945318097636619,0.995474266508847,"GO"
14.1,9,0.95544127486049,0.932229028053721,0.979231500238622,"GO"
14.1,10,0.938491154239056,0.910927272883186,0.966889095105513,"GO"
14.1,11,0.920182201976968,0.883072644900024,0.958851222178944,"GO"
14.1,12,0.901417955725385,0.852490759894659,0.953153241220514,"GO"
14.2,0,0.951138933526214,0.905518640760682,0.999057589923735,"GO"
14.2,1,0.962385720514397,0.928136454231099,0.997898822773102,"GO"
14.2,2,0.972881561434446,0.946997542555158,0.99947306095992,"GO"
14.2,3,0.981707154415127,0.958555370114132,1.00541811884596,"GO"
14.2,4,0.98791757566429,0.962502617595243,1.01400361771986,"GO"
14.2,5,0.990562381473134,0.961927174047951,1.02005001840276,"GO"
14.2,6,0.988714500443516,0.958924118396556,1.01943036433568,"GO"
14.2,7,0.981804437500297,0.953951050978972,1.01047108497449,"GO"
14.2,8,0.970525680829561,0.94620200518525,0.99547463648132,"GO"
14.2,9,0.955897741875491,0.933080400972955,0.979273052965076,"GO"
14.2,10,0.938928695209712,0.911834920133751,0.966827520225807,"GO"
14.2,11,0.920587280141343,0.884118573113068,0.958560272491475,"GO"
14.2,12,0.901784816112605,0.853707173646375,0.952570014256548,"GO"
14.3,0,0.950470485885666,0.905657915315104,0.997500412973719,"GO"
14.3,1,0.961915566808931,0.928263284431783,0.996787843694301,"GO"
14.3,2,0.972608271378168,0.94717255697566,0.998727045654403,"GO"
14.3,3,0.981622129845298,0.958880905753007,1.0049026944022,"GO"
14.3,4,0.988004191987494,0.963049503267008,1.01360551048872,"GO"
14.3,5,0.990795411611825,0.962678513157884,1.01973351877445,"GO"
14.3,6,0.989059974661324,0.959804117889592,1.0192075812594,"GO"
14.3,7,0.982222399888174,0.954862953188441,1.01036576989461,"GO"
14.3,8,0.970980441811692,0.94708035340747,0.995483661960411,"GO"
14.3,9,0.956361056111559,0.933932822248968,0.979327900099216,"GO"
14.3,10,0.939380083994503,0.912748942861826,0.96678823799975,"GO"
14.3,11,0.921013911808408,0.885174687111068,0.95830420604672,"GO"
14.3,12,0.902181090737091,0.854936924156939,0.952035989422485,"GO"
14.4,0,0.94983969572609,0.905817628266944,0.996001203137498,"GO"
14.4,1,0.961473270460936,0.92840633091235,0.995717951322462,"GO"
14.4,2,0.972353409565125,0.947358516364724,0.998007762384357,"GO"
14.4,3,0.981547048471848,0.959210215365615,1.00440403253688,"GO"
14.4,4,0.98809381807092,0.963592135115993,1.0132185161437,"GO"
14.4,5,0.991026688855249,0.963419504865285,1.01942496810954,"GO"
14.4,6,0.989401701884625,0.960671373942865,1.018991253663,"GO"
14.4,7,0.982637743137136,0.955764050358167,1.01026705689108,"GO"
14.4,8,0.971436381039521,0.947953259187405,0.995501237282627,"GO"
14.4,9,0.956831345775766,0.934786519147859,0.979396049799314,"GO"
14.4,10,0.939845584185094,0.91366973241918,0.966771351583932,"GO"
14.4,11,0.921462508753248,0.886241579035954,0.958083185356148,"GO"
14.4,12,0.902607341204335,0.856180814637177,0.951551352784287,"GO"
14.5,0,0.949247140847456,0.90599876325748,0.994560004880482,"GO"
14.5,1,0.961059277852653,0.928566321935724,0.994689246990155,"GO"
14.5,2,0.972117283501235,0.947555904603167,0.997315312258635,"GO"
14.5,3,0.981482082356192,0.959543589558443,1.00392216515097,"GO"
14.5,4,0.98818650741887,0.96413067966329,1.01284254722165,"GO"
14.5,5,0.991256180221536,0.964150240507088,1.01912417126049,"GO"
14.5,6,0.989739610253559,0.961525945422944,1.01878113717876,"GO"
14.5,7,0.983050414671492,0.95665441609562,1.01017473136213,"GO"
14.5,8,0.971893516916938,0.948820855638639,0.995527240586836,"GO"
14.5,9,0.9573087394589,0.935641732919206,0.979477496995662,"GO"
14.5,10,0.940325460484792,0.914597698656701,0.966776947869654,"GO"
14.5,11,0.92193348504823,0.887319869818238,0.957897348818849,"GO"
14.5,12,0.903064133061195,0.857439689625478,0.951116257258608,"GO"
14.6,0,0.948693401986265,0.906202343868526,0.99317682972452,"GO"
14.6,1,0.960674037002531,0.928744012858489,0.993701808671967,"GO"
14.6,2,0.971900201450322,0.947765222498189,0.996649781144487,"GO"
14.6,3,0.981427403822755,0.9598813322966,1.00345711138035,"GO"
14.6,4,0.988282313583577,0.964665319797416,1.01247750001754,"GO"
14.6,5,0.99148385270897,0.964870832208592,1.01883091225013,"GO"
14.6,6,0.990073627859222,0.962367913921264,1.01857696459165,"GO"
14.6,7,0.983460361854568,0.957534144836815,1.01008855773383,"GO"
14.6,8,0.972351867884002,0.949683292455901,0.995561533500823,"GO"
14.6,9,0.957793366144545,0.93649871906242,0.979572223172846,"GO"
14.6,10,0.94081997874707,0.915533270305362,0.966805097224278,"GO"
14.6,11,0.922427257158764,0.888410209867127,0.957746810312659,"GO"
14.6,12,0.903552035978346,0.858714436093639,0.950730822034987,"GO"
14.7,0,0.948179063065803,0.906429434162662,0.991851656347478,"GO"
14.7,1,0.960317997703664,0.928940186443076,0.992755691025415,"GO"
14.7,2,0.971702472495342,0.94798698798092,0.996011239631661,"GO"
14.7,3,0.981383185476976,0.960223761116124,1.003008877449,"GO"
14.7,4,0.988381290166867,0.96519625510453,1.01212325429726,"GO"
14.7,5,0.991709673296578,0.965581413336942,1.01854495387518,"GO"
14.7,6,0.990403682746389,0.963197384250587,1.01837844541158,"GO"
14.7,7,0.983867531990102,0.958403352278008,1.01000827908572,"GO"
14.7,8,0.972811452417152,0.950540736218812,0.995603960876557,"GO"
14.7,9,0.958285355218339,0.937357747556414,0.979680196189632,"GO"
14.7,10,0.941329406014886,0.91647689530993,0.966855853282237,"GO"
14.7,11,0.922944244041122,0.889513279686066,0.957631658865476,"GO"
14.7,12,0.904071623936807,0.860005984448323,0.950395132113001,"GO"
14.8,0,0.947704711450896,0.906681139085267,0.99058443083127,"GO"
14.8,1,0.959991611664684,0.929155653079137,0.991850925528475,"GO"
14.8,2,0.971524406600707,0.948221736253808,0.995399743049358,"GO"
14.8,3,0.981349600223653,0.960571207300482,1.002577456559,"GO"
14.8,4,0.988483490821856,0.96572370215077,1.01177967305893,"GO"
14.8,5,0.991933608944726,0.966282138886828,1.0182660373787,"GO"
14.8,6,0.99072970291629,0.964014484863386,1.01818526552503,"GO"
14.8,7,0.984271872323672,0.959262175736234,1.0099336168488,"GO"
14.8,8,0.973272289029435,0.951393370643047,0.995654350578817,"GO"
14.8,9,0.958784836477419,0.938219103049445,0.979801370139641,"GO"
14.8,10,0.941854010560801,0.917429041111172,0.966929252789992,"GO"
14.8,11,0.923484867242345,0.890629790406127,0.957551958414421,"GO"
14.8,12,0.904623475418607,0.86131530941648,0.950109237966346,"GO"
14.9,0,0.947270938207245,0.906958604722018,0.98937506706501,"GO"
14.9,1,0.959695332653175,0.92939125091017,0.990987520717803,"GO"
14.9,2,0.971366314675703,0.948470019885351,0.994815331538589,"GO"
14.9,3,0.981326821285597,0.960924016018598,1.00216282882023,"GO"
14.9,4,0.98858896925466,0.966247894712205,1.0114466023474,"GO"
14.9,5,0.992155626595733,0.966973185791808,1.017993882198,"GO"
14.9,6,0.991051616329438,0.964819368184711,1.01799708693364,"GO"
14.9,7,0.984673330044151,0.960110774432264,1.00986427058229,"GO"
14.9,8,0.97373439627073,0.952241396774627,0.995712513331459,"GO"
14.9,9,0.959291940140033,0.93908308500623,0.979935685255713,"GO"
14.9,10,0.94239406192791,0.918390194872685,0.967025315508843,"GO"
14.9,11,0.924049551002275,0.891760484230324,0.957507747659931,"GO"
14.9,12,0.905208173601691,0.862643430803986,0.949873155344872,"GO"
15,0,0.946878338365454,0.907263018407323,0.988223447308196,"GO"
15,1,0.959429616641625,0.929647845862518,0.990165462530664,"GO"
15,2,0.971228508639017,0.94873240885014,0.994258030182005,"GO"
15,3,0.981315022222613,0.961282546421998,1.00176496122195,"GO"
15,4,0.988697779226155,0.966769083948198,1.0111238711261,"GO"
15,5,0.992375693174491,0.967654753155082,1.01772818579409,"GO"
15,6,0.991369350908506,0.965612210852679,1.01781354758644,"GO"
15,7,0.985071852285187,0.960949329690063,1.00979991783494,"GO"
15,8,0.974197792727976,0.953085033123389,0.995778242625275,"GO"
15,9,0.959806796855345,0.939950007809698,0.980083067860594,"GO"
15,10,0.942949830971599,0.919360863648864,0.967144044179115,"GO"
15,11,0.924638722357732,0.892906134782631,0.957499040021122,"GO"
15,12,0.90582630655913,0.863991414117924,0.949686865224525,"GO"
15.1,0,0.946527511189848,0.907595608681136,0.987129422916818,"GO"
15.1,1,0.959194921955977,0.929926331575047,0.989384714752409,"GO"
15.1,2,0.971111301484391,0.94900949051272,0.993727849192744,"GO"
15.1,3,0.981314376950809,0.961647171698929,1.00138380764857,"GO"
15.1,4,0.988809974553748,0.96728753851436,1.01081129120994,"GO"
15.1,5,0.992593775589097,0.968327062394174,1.01746862356839,"GO"
15.1,6,0.991682834541253,0.966393213860438,1.01763426131198,"GO"
15.1,7,0.98546738612671,0.961778045047526,1.0097402140963,"GO"
15.1,8,0.974662497025405,0.953924515732208,0.995851314690897,"GO"
15.1,9,0.96032953771342,0.940820200815144,0.980243430366218,"GO"
15.1,10,0.943521589902122,0.920341574491077,0.967285424548709,"GO"
15.1,11,0.925252811248883,0.894067547356428,0.957525823697828,"GO"
15.1,12,0.906478467462737,0.865360371044307,0.949550313913693,"GO"
15.2,0,0.946219060452194,0.907957645093768,0.986092815233213,"GO"
15.2,1,0.958991709426805,0.930227629229083,0.988645219570084,"GO"
15.2,2,0.971015007347415,0.94930186955437,0.993224784163241,"GO"
15.2,3,0.981325059762233,0.962018279083697,1.00101930894139,"GO"
15.2,4,0.988925609113191,0.967803544611742,1.01050865726291,"GO"
15.2,5,0.992809840731497,0.968990357294689,1.01721484887134,"GO"
15.2,6,0.99199199508351,0.967162602594366,1.01745881785555,"GO"
15.2,7,0.985859878596477,0.962597146274073,1.00968479284223,"GO"
15.2,8,0.975128527824777,0.95476009817908,0.995931488539613,"GO"
15.2,9,0.96086029425539,0.941694008354909,0.980416671323449,"GO"
15.2,10,0.94410961232803,0.921332874489632,0.967449425468443,"GO"
15.2,11,0.925892250627829,0.895245559058152,0.95758806184369,"GO"
15.2,12,0.907165254791164,0.866751459774759,0.949463413322864,"GO"
15.3,0,0.945953594710434,0.908350437860501,0.985113416638232,"GO"
15.3,1,0.958820442543185,0.930552687279492,0.987946898231445,"GO"
15.3,2,0.970939941573466,0.949610167842526,0.992748816374319,"GO"
15.3,3,0.981347245344839,0.962396269819826,1.00067139300758,"GO"
15.3,4,0.989044736840421,0.968317405969463,1.01021574686285,"GO"
15.3,5,0.993023855478139,0.969644903969164,1.01696649310708,"GO"
15.3,6,0.992296760362208,0.967920626764271,1.01728678302579,"GO"
15.3,7,0.986249276671631,0.963406881291584,1.00963326567824,"GO"
15.3,8,0.975595903825624,0.955592051509797,0.996018506074377,"GO"
15.3,9,0.961399198483814,0.942571789692176,0.98060267552371,"GO"
15.3,10,0.944714173300441,0.922335330749834,0.967635999055971,"GO"
15.3,11,0.926557476569459,0.896441038843131,0.957685692853465,"GO"
15.3,12,0.907887272542592,0.868165885177465,0.949426041402602,"GO"
15.4,0,0.94573172759256,0.908775337370146,0.984190991762041,"GO"
15.4,1,0.958681587609286,0.930902481089184,0.987289651807266,"GO"
15.4,2,0.970886420786815,0.94993502424323,0.992299913164245,"GO"
15.4,3,0.981381108802783,0.962781559076105,1.00033997497749,"GO"
15.4,4,0.989167411733426,0.9688294437586,1.00993232063579,"GO"
15.4,5,0.99323578669064,0.970290990718019,1.016723165937,"GO"
15.4,6,0.992597058178462,0.968667560222531,1.0171176989536,"GO"
15.4,7,0.986635527280296,0.964207519996223,1.00958522258308,"GO"
15.4,8,0.976064643765487,0.956420664099704,0.996112092272539,"GO"
15.4,9,0.961946382873215,0.943453918922985,0.980801314153425,"GO"
15.4,10,0.945335549358173,0.92334953030108,0.967845080929343,"GO"
15.4,11,0.927248928384594,0.897654887441866,0.957818630766449,"GO"
15.4,12,0.908645130452095,0.869604898809827,0.949438042752864,"GO"
15.5,0,0.945554078085741,0.909233733553948,0.983325278847595,"GO"
15.5,1,0.958575613903747,0.931278012470637,0.986673362053543,"GO"
15.5,2,0.97085476296091,0.950277094377656,0.991878028356745,"GO"
15.5,3,0.981426825677062,0.963174575815014,1.00002495741078,"GO"
15.5,4,0.989293687854146,0.969339996435858,1.00965812246128,"GO"
15.5,5,0.99344560121646,0.970928927790678,1.01648445558428,"GO"
15.5,6,0.9928928163107,0.969403700670375,1.01695108446528,"GO"
15.5,7,0.987018577303199,0.964999353979806,1.00954023225389,"GO"
15.5,8,0.976534766420167,0.957246241443723,0.996211955441094,"GO"
15.5,9,0.962501980380815,0.944340784826049,0.981012445001662,"GO"
15.5,10,0.945974018573756,0.92437607993872,0.968076590510547,"GO"
15.5,11,0.927967048735475,0.898888037176446,0.957986765786487,"GO"
15.5,12,0.909439444213794,0.871069798772417,0.949499229404445,"GO"
15.6,0,0.945421270830855,0.909727055123465,0.982515991258634,"GO"
15.6,1,0.95850299384189,0.931680309139401,0.986097892368791,"GO"
15.6,2,0.970845287489866,0.950637050324457,0.991483102746297,"GO"
15.6,3,0.981484571966487,0.963575762613558,0.999726230551292,"GO"
15.6,4,0.989423619330403,0.969849419516275,1.00939287974946,"GO"
15.6,5,0.993653265889589,0.971559047046082,1.01624992923998,"GO"
15.6,6,0.993183962517855,0.970129369250854,1.01678643557033,"GO"
15.6,7,0.98739837357532,0.965782696150556,1.00949784255319,"GO"
15.6,8,0.977006290603974,0.958069105874676,0.996317787544439,"GO"
15.6,9,0.963066124457457,0.945232790660567,0.981235912720858,"GO"
15.6,10,0.946629860600313,0.925415605999185,0.968330431398578,"GO"
15.6,11,0.928712283753621,0.900141451668204,0.958189964917637,"GO"
15.6,12,0.910270835707899,0.872561929406131,0.949609381771103,"GO"
15.7,0,0.94533393642254,0.910256768688165,0.981762819121957,"GO"
15.7,1,0.958464203140826,0.9321104240858,0.985563088840447,"GO"
15.7,2,0.970858315261151,0.951015580270313,0.991115064638383,"GO"
15.7,3,0.981554524148994,0.963985575437002,0.999443672630267,"GO"
15.7,4,0.989557260357859,0.970358085275028,1.00913630378976,"GO"
15.7,5,0.993858747531248,0.97218170151302,1.01601913357053,"GO"
15.7,6,0.993470424542594,0.970844910029488,1.01662322606281,"GO"
15.7,7,0.987774862887567,0.966557880254352,1.00945758105639,"GO"
15.7,8,0.977479235169982,0.958889596210745,0.996429264603785,"GO"
15.7,9,0.963638949058716,0.946130353912732,0.981471549139873,"GO"
15.7,10,0.947303356719349,0.926468754069674,0.968606491810796,"GO"
15.7,11,0.929485083160123,0.90141612543922,0.958428072713054,"GO"
15.7,12,0.911139933232748,0.874082680836775,0.949768249768584,"GO"
15.8,0,0.945292711714929,0.910824377765404,0.981065431091829,"GO"
15.8,1,0.958459720987505,0.932569434872222,0.98506878137317,"GO"
15.8,2,0.970894168729516,0.951413388111724,0.990773830441709,"GO"
15.8,3,0.981636859203302,0.964404483366541,0.99917715021684,"GO"
15.8,4,0.989694665202011,0.970866382379197,1.00888809017053,"GO"
15.8,5,0.994062012950591,0.972797264851979,1.01579159532458,"GO"
15.8,6,0.993752130114609,0.971550689364976,1.01646090823403,"GO"
15.8,7,0.988147991988483,0.967325260298797,1.00941895569776,"GO"
15.8,8,0.977953619010286,0.959708067333763,0.996546047166555,"GO"
15.8,9,0.964220588656209,0.947033905992252,0.981719173628122,"GO"
15.8,10,0.947994789889437,0.927536188634496,0.968904645090518,"GO"
15.8,11,0.930285900388388,0.902713083411751,0.958700912133217,"GO"
15.8,12,0.912047371741965,0.87563348837366,0.949975554094452,"GO"
15.9,0,0.945298240133197,0.911431421697177,0.980423476222674,"GO"
15.9,1,0.958490030209778,0.93305844286445,0.984614784890818,"GO"
15.9,2,0.970953171992162,0.951831193011684,0.990459305308845,"GO"
15.9,3,0.981731754630917,0.964832968282442,0.998926518614317,"GO"
15.9,4,0.989835888200203,0.971374715451188,1.00864791926769,"GO"
15.9,5,0.994263028945432,0.973406130721416,1.01556682203665,"GO"
15.9,6,0.994029006953951,0.972247095173808,1.01629891369253,"GO"
15.9,7,0.988517707585979,0.96808520988371,1.00938145551095,"GO"
15.9,8,0.978429461056263,0.960524889700829,0.996667780843268,"GO"
15.9,9,0.964811178249098,0.947943891880731,0.981978593508922,"GO"
15.9,10,0.94870444479583,0.92861859266094,0.969224750278062,"GO"
15.9,11,0.93111519270941,0.904033380311072,0.959008285508175,"GO"
15.9,12,0.912993793086851,0.877215831771015,0.950230987660406,"GO"
16,0,0.945351171991104,0.912079474489461,0.979836585934793,"GO"
16,1,0.958555617450541,0.933578572406392,0.98420090060295,"GO"
16,2,0.971035650865184,0.952269728915422,0.990171383821145,"GO"
16,3,0.981839388478484,0.965271524504694,0.998691622300224,"GO"
16,4,0.989980983763687,0.971883504566316,1.00841545680009,"GO"
16,5,0.99446176230297,0.974008712052626,1.01534430282313,"GO"
16,6,0.994300982774421,0.972934536094015,1.01613665428631,"GO"
16,7,0.988883956349095,0.968838121442816,1.00934455145958,"GO"
16,8,0.97890678027884,0.961340448792572,0.996794096908585,"GO"
16,9,0.965410853375789,0.948860769734314,0.98224960451968,"GO"
16,10,0.949432607900997,0.929716667128282,0.969566652741646,"GO"
16,11,0.931973421359586,0.90537809997861,0.959349975597171,"GO"
16,12,0.913979846264129,0.878831234363168,0.950534217166658,"GO"
16.1,0,0.945452164814664,0.912770143591143,0.979304376056728,"GO"
16.1,1,0.958656973345002,0.934130969948326,0.983826917325991,"GO"
16.1,2,0.971141932961281,0.952729744029874,0.989909950713369,"GO"
16.1,3,0.981959939360497,0.965720658393669,0.998472295407605,"GO"
16.1,4,0.990130006379699,0.972393184687856,1.0081903544482,"GO"
16.1,5,0.994658179800533,0.974605440238505,1.01512350926545,"GO"
16.1,6,0.994567985287006,0.973613440554581,1.01597352312065,"GO"
16.1,7,0.989246684909787,0.969584405402557,1.00930769735173,"GO"
16.1,8,0.979385595688757,0.962155144502106,0.99692461296248,"GO"
16.1,9,0.966019750125829,0.949785010443506,0.982531991316025,"GO"
16.1,10,0.950179567496107,0.930831130504251,0.96993018486393,"GO"
16.1,11,0.932861051671155,0.906748354603462,0.959725746737727,"GO"
16.1,12,0.915006187669176,0.880481262086399,0.950884884806015,"GO"
16.2,0,0.945601883672136,0.913505068630322,0.978826448927064,"GO"
16.2,1,0.958794592701172,0.934716803139315,0.983492612848633,"GO"
16.2,2,0.971272347768796,0.953212000271973,0.989674881632989,"GO"
16.2,3,0.982093586482354,0.966180887913765,0.998268362244668,"GO"
16.2,4,0.990283010613571,0.972904205043609,1.00797225053203,"GO"
16.2,5,0.99485224820633,0.975196764242639,1.01490389637402,"GO"
16.2,6,0.994829942203368,0.974284255758251,1.01580889566374,"GO"
16.2,7,0.989605839864748,0.970324489264968,1.00927033083155,"GO"
16.2,8,0.979865926336845,0.962969390469457,0.997058933646776,"GO"
16.2,9,0.966638005152008,0.950717097153535,0.982825528016516,"GO"
16.2,10,0.950945613753476,0.931962718173869,0.970315166779307,"GO"
16.2,11,0.933778553205284,0.908145283881532,0.960135346075198,"GO"
16.2,12,0.916073481354872,0.882167522402081,0.951282610083601,"GO"
16.3,0,0.945801001510501,0.914285920126294,0.978402395538039,"GO"
16.3,1,0.958968974683626,0.935337259894848,0.983197755330682,"GO"
16.3,2,0.97142722673206,0.953717272691157,0.989466043928861,"GO"
16.3,3,0.982240509663785,0.966652742163363,0.998079637849435,"GO"
16.3,4,0.990440051110881,0.973417028448704,1.00776077074372,"GO"
16.3,5,0.995043934280214,0.975783149636083,1.01468490362547,"GO"
16.3,6,0.995086781239389,0.974947446586556,1.01564213093147,"GO"
16.3,7,0.989961367777251,0.971058816622478,1.00923187444002,"GO"
16.3,8,0.980347791314298,0.963783613366796,0.997196651411685,"GO"
16.3,9,0.967265755682656,0.951657524749065,0.983129978784165,"GO"
16.3,10,0.951731038779975,0.933112181826172,0.97072140715654,"GO"
16.3,11,0.934726399887877,0.909570054112432,0.960578504862861,"GO"
16.3,12,0.917182399296203,0.883891663137164,0.951726991736765,"GO"
16.4,0,0.94605019949861,0.915114398195642,0.978031797703194,"GO"
16.4,1,0.959180623000618,0.935993547450897,0.982942104724411,"GO"
16.4,2,0.971606903333095,0.954246348871751,0.989283297463684,"GO"
16.4,3,0.982400889362631,0.967136760874817,0.997905928575709,"GO"
16.4,4,0.99060118259962,0.973932130579976,1.00755552892932,"GO"
16.4,5,0.995233204774454,0.976365077570079,1.01446595606502,"GO"
16.4,6,0.995338430118756,0.975603494436728,1.01547257274151,"GO"
16.4,7,0.990313215179024,0.971787846113236,1.00919173673627,"GO"
16.4,8,0.980831209752958,0.964598252140373,0.997337347326494,"GO"
16.4,9,0.967903139534152,0.952606799307395,0.983445098440624,"GO"
16.4,10,0.952536136671437,0.934280288804718,0.97114870402087,"GO"
16.4,11,0.935705070148143,0.911023857245093,0.961054939821837,"GO"
16.4,12,0.918333621660766,0.885655371259227,0.952217609738561,"GO"
16.5,0,0.946350167377194,0.915992231270661,0.977714230231515,"GO"
16.5,1,0.959430046094628,0.936686891415589,0.98272541420752,"GO"
16.5,2,0.971811713174684,0.954800028320994,0.989126495444562,"GO"
16.5,3,0.982574906698996,0.967633493888446,0.997747032706419,"GO"
16.5,4,0.990766459892404,0.974449999207782,1.00735612791397,"GO"
16.5,5,0.995420026434525,0.976943043693618,1.01424646546504,"GO"
16.5,6,0.995584816576603,0.976252896000943,1.01529955102629,"GO"
16.5,7,0.990661328572147,0.972512050326198,1.00914931347036,"GO"
16.5,8,0.981316200825593,0.96541375721545,0.997480591928077,"GO"
16.5,9,0.968550295123636,0.953565437524585,0.983770633108645,"GO"
16.5,10,0.953361203568053,0.935467821428198,0.971596845609392,"GO"
16.5,11,0.93671504705999,0.912507909883557,0.961564354549614,"GO"
16.5,12,0.919527837085318,0.887460371604096,0.952754027367436,"GO"
16.6,0,0.946701603815937,0.916921174847867,0.977449263091094,"GO"
16.6,1,0.959717757336419,0.937418534829439,0.98254743161701,"GO"
16.6,2,0.972041994064831,0.955379121848564,0.988995485265902,"GO"
16.6,3,0.982762743479771,0.968143500604748,0.997602741090127,"GO"
16.6,4,0.990935937888708,0.974971133391499,1.00716216036426,"GO"
16.6,5,0.995604365999897,0.977517557025297,1.01402583153031,"GO"
16.6,6,0.995825868363202,0.976896161998794,1.01512238319404,"GO"
16.6,7,0.991005654430985,0.973231914665582,1.00910398879762,"GO"
16.6,8,0.981802783746187,0.966230589670812,0.997625946100681,"GO"
16.6,9,0.969207361481923,0.954533966119153,0.984106320878154,"GO"
16.6,10,0.954206537710796,0.936675576287648,0.97206561125323,"GO"
16.6,11,0.937756818486305,0.914023452264776,0.962106440965603,"GO"
16.6,12,0.92076574295852,0.88930842557452,0.953335793325297,"GO"
16.7,0,0.947105216777817,0.917903010283442,0.97723646354615,"GO"
16.7,1,0.960044275222686,0.938189737244706,0.982407900873735,"GO"
16.7,2,0.972298086102644,0.955984450943371,0.988890109358969,"GO"
16.7,3,0.982964582223523,0.968667349419186,0.997472837796393,"GO"
16.7,4,0.991109671577135,0.975496042645264,1.00697320968113,"GO"
16.7,5,0.995786190204848,0.978089138789249,1.01380344314031,"GO"
16.7,6,0.996061513247706,0.977533815874228,1.01494037552657,"GO"
16.7,7,0.991346139204145,0.973947936184587,1.00905513652498,"GO"
16.7,8,0.982290977770231,0.967049220389628,0.997772961980195,"GO"
16.7,9,0.969874478266638,0.95551292121811,0.984451892491221,"GO"
16.7,10,0.955072439498867,0.937904363526941,0.97255477227995,"GO"
16.7,11,0.938830877226166,0.915571747220375,0.96268088078203,"GO"
16.7,12,0.922048045710048,0.891201329828505,0.953962443886072,"GO"
16.8,0,0.947561723890925,0.918939543651464,0.97707539825241,"GO"
16.8,1,0.960410123577381,0.939001773833848,0.982306563387954,"GO"
16.8,2,0.972580331765655,0.956616847153263,0.988810206042549,"GO"
16.8,3,0.983180606185772,0.969205617143995,0.997357100785568,"GO"
16.8,4,0.991287716037719,0.976025246080702,1.0067888509167,"GO"
16.8,5,0.995965465779278,0.978658321225074,1.01357867961847,"GO"
16.8,6,0.996291679021936,0.978166392468227,1.01475282460248,"GO"
16.8,7,0.991682729316458,0.974660622398271,1.00900212137911,"GO"
16.8,8,0.982780802195019,0.9678701291935,0.997921183876094,"GO"
16.8,9,0.970551785775555,0.956502847730173,0.984807072041092,"GO"
16.8,10,0.955959211548197,0.939155006113206,0.973064092929611,"GO"
16.8,11,0.939937721165066,0.917154079134239,0.963287346988584,"GO"
16.8,12,0.923375461106217,0.893140914975656,0.954633505057104,"GO"
16.9,0,0.948071852827988,0.920032604679345,0.9769656352972,"GO"
16.9,1,0.96081583175681,0.93985593453631,0.982243159436968,"GO"
16.9,2,0.972889075998607,0.957277151473041,0.988755610369417,"GO"
16.9,3,0.983410999384645,0.969758888421419,0.997255302588621,"GO"
16.9,4,0.991470126444251,0.976559271533405,1.0066086517082,"GO"
16.9,5,0.996142159449539,0.979225646381669,1.01335091201852,"GO"
16.9,6,0.996516293504226,0.978794436678409,1.01455901873467,"GO"
16.9,7,0.992015371170995,0.975370490085381,1.00894430028674,"GO"
16.9,8,0.983272276359944,0.968693803966433,0.998070149204307,"GO"
16.9,9,0.971239424960152,0.95750429871092,0.98517157768053,"GO"
16.9,10,0.956867158751012,0.940428339103739,0.973593331277988,"GO"
16.9,11,0.941077853428204,0.918771752907467,0.963925505339552,"GO"
16.9,12,0.924748714552312,0.895129044299337,0.955348494736343,"GO"
17,0,0.948636341693832,0.921184045773445,0.976906746172176,"GO"
17,1,0.961261934858587,0.940753523252031,0.982217429506798,"GO"
17,2,0.973224666303739,0.957966213745844,0.988726154963659,"GO"
17,3,0.983655946626919,0.970327755132737,0.997167210992681,"GO"
17,4,0.99165695806665,0.977098654679881,1.00643217322224,"GO"
17,5,0.996316237939271,0.979791664904615,1.01311950441842,"GO"
17,6,0.996735284543308,0.979418502116341,1.01435823941135,"GO"
17,7,0.992344011151106,0.976078064088587,1.00888102365765,"GO"
17,8,0.983765419646802,0.969520739775306,0.998219389424452,"GO"
17,9,0.971937537439384,0.958517834724576,0.985545122334816,"GO"
17,10,0.957796588336478,0.941725208915749,0.974142240160706,"GO"
17,11,0.942251782536903,0.92042609294174,0.964595015832704,"GO"
17,12,0.926168541401771,0.897167612521545,0.956106924849211,"GO"
17.1,0,0.949255939421012,0.922395741146028,0.976898307668371,"GO"
17.1,1,0.961748973934546,0.941695857089026,0.982229115590882,"GO"
17.1,2,0.973587452832587,0.958684892082573,0.988721670844275,"GO"
17.1,3,0.983915633534453,0.970912815807263,0.997092589728139,"GO"
17.1,4,0.991848266273353,0.977643938151455,1.00625897110309,"GO"
17.1,5,0.996487667970258,0.98035693482637,1.01288381521233,"GO"
17.1,6,0.996948580022259,0.980039149772831,1.01414976273017,"GO"
17.1,7,0.99266859562249,0.97678387612206,1.00881163666136,"GO"
17.1,8,0.9842602514801,0.970351437993067,0.998368430975202,"GO"
17.1,9,0.972646265513677,0.959544023206876,0.985927414414978,"GO"
17.1,10,0.958747809932448,0.94304647260492,0.97471056809239,"GO"
17.1,11,0.943460022568245,0.922118442151432,0.96529553416989,"GO"
17.1,12,0.927635687272437,0.899258544626241,0.956908303450216,"GO"
17.2,0,0.949931406173869,0.92366958605296,0.976939903685133,"GO"
17.2,1,0.962277496207703,0.942684265671327,0.98227796243988,"GO"
17.2,2,0.973977788479344,0.959434052303475,0.988741988231054,"GO"
17.2,3,0.984190246571014,0.97151467503524,0.997031199153403,"GO"
17.2,4,0.992044106533745,0.978195670651293,1.00608859641863,"GO"
17.2,5,0.996656416263283,0.980922020367933,1.01264319839225,"GO"
17.2,6,0.997156107862483,0.980656946700683,1.01393286081615,"GO"
17.2,7,0.992989070935289,0.977488463594701,1.00873548048928,"GO"
17.2,8,0.984756791327364,0.971186405430483,0.998516796201981,"GO"
17.2,9,0.97336575217913,0.960583437833166,0.986318158527105,"GO"
17.2,10,0.95972113562833,0.944392997158363,0.975298060175344,"GO"
17.2,11,0.944703093317963,0.923850161013898,0.966026713190238,"GO"
17.2,12,0.929150908370043,0.901403794755406,0.95775213677588,"GO"
17.3,0,0.950663513761268,0.925007496149482,0.977031126946536,"GO"
17.3,1,0.962848055293383,0.943720090512345,0.9823637187579,"GO"
17.3,2,0.97439602897579,0.96021456740548,0.988786937329243,"GO"
17.3,3,0.984479973069511,0.972133942888231,0.996982796933753,"GO"
17.3,4,0.99224453442062,0.97875440608023,1.00592059659846,"GO"
17.3,5,0.996822449539004,0.981487490759849,1.01239700481121,"GO"
17.3,6,0.997357796027757,0.981272464723514,1.01370680321456,"GO"
17.3,7,0.993305383426218,0.978192368456457,1.00865189359472,"GO"
17.3,8,0.985255058699452,0.972026153481676,0.998664004271733,"GO"
17.3,9,0.974096141141962,0.961636657895538,0.986717056173971,"GO"
17.3,10,0.960716880039082,0.945765658806945,0.975904458992871,"GO"
17.3,11,0.945981520466693,0.925622626666329,0.9667882042679,"GO"
17.3,12,0.930714971819138,0.903605345190428,0.958637931237278,"GO"
17.4,0,0.951453046058281,0.926411406969382,0.977171580620984,"GO"
17.4,1,0.963461211424602,0.94480468445741,0.982486138341755,"GO"
17.4,2,0.974842532987835,0.961027317058177,0.98885634909024,"GO"
17.4,3,0.984785001259624,0.972771234350177,0.996947138711145,"GO"
17.4,4,0.992449605612673,0.979320702676517,1.00575451635897,"GO"
17.4,5,0.996985734518832,0.982053919089548,1.01214458342121,"GO"
17.4,6,0.997553572528311,0.98188627917808,1.01347085825152,"GO"
17.4,7,0.993617479420709,0.978896136074207,1.00856021290447,"GO"
17.4,8,0.985755073150876,0.972871197288053,0.998809572070185,"GO"
17.4,9,0.974837576833162,0.962704267692306,0.987123806445702,"GO"
17.4,10,0.96173536037038,0.947165342361333,0.976529505482995,"GO"
17.4,11,0.947295835749644,0.927437232056323,0.967579658667531,"GO"
17.4,12,0.932328656001647,0.90586520542946,0.959565195342438,"GO"
17.5,0,0.952300799437094,0.927883273530643,0.97736087984194,"GO"
17.5,1,0.964117531681828,0.94593941119787,0.982644981161298,"GO"
17.5,2,0.975317662213707,0.961873187130553,0.988950055946305,"GO"
17.5,3,0.985105520295849,0.973427168761755,0.996923978762368,"GO"
17.5,4,0.992659375897022,0.979895122173825,1.00558989861108,"GO"
17.5,5,0.99714623792583,0.98262188118085,1.01188528247992,"GO"
17.5,6,0.99774336542497,0.982498967696319,1.01322429435594,"GO"
17.5,7,0.993925305235098,0.979600314142572,1.00845977499646,"GO"
17.5,8,0.98625685428012,0.973722054924417,0.99895301507782,"GO"
17.5,9,0.975590204423381,0.963786855932569,0.987538106696741,"GO"
17.5,10,0.962776896484943,0.948592940575304,0.977172939789123,"GO"
17.5,11,0.948646577129762,0.929295385151929,0.968400728852092,"GO"
17.5,12,0.933992750903294,0.908185411369277,0.960533441541046,"GO"
17.6,0,0.953207583207438,0.929425070068331,0.977598653130116,"GO"
17.6,1,0.964817590227227,0.947125644857579,0.982840014380405,"GO"
17.6,2,0.975821781483813,0.962753069249761,0.989067892518151,"GO"
17.6,3,0.985441720285958,0.974102369280046,0.996913070643572,"GO"
17.6,4,0.992873901171772,0.980478228981009,1.00542628534707,"GO"
17.6,5,0.997303926485614,0.983191954510244,1.01161845072163,"GO"
17.6,6,0.997927102833338,0.983111109031843,1.01296638133817,"GO"
17.6,7,0.994228807178829,0.98030545163367,1.00834991723949,"GO"
17.6,8,0.986760421729968,0.974579246610136,0.999093848221678,"GO"
17.6,9,0.976354169838051,0.964885015157935,0.98795965320709,"GO"
17.6,10,0.963841810970071,0.95004935353897,0.977834502085116,"GO"
17.6,11,0.950034288974483,0.931198508215351,0.969251069739173,"GO"
17.6,12,0.935708058468076,0.91056802459773,0.961542187986335,"GO"
17.7,0,0.954174220066814,0.931038789892973,0.977884543720001,"GO"
17.7,1,0.965561968543513,0.948364769650941,0.983071013319879,"GO"
17.7,2,0.9763552588623,0.963667860392143,0.989209696295315,"GO"
17.7,3,0.985793792319877,0.974797462354715,0.996914167820006,"GO"
17.7,4,0.9930932374486,0.981070589386036,1.00526321850432,"GO"
17.7,5,0.997458766927266,0.983764717163049,1.01134343848923,"GO"
17.7,6,0.998104712928029,0.983723281933972,1.01269639162206,"GO"
17.7,7,0.99452793155669,0.981012097788394,1.00822997889245,"GO"
17.7,8,0.987265795187833,0.975443293947151,0.999231586701207,"GO"
17.7,9,0.977129619772738,0.965999341182643,0.988388141826582,"GO"
17.7,10,0.964930429206386,0.951535488103488,0.978513933373292,"GO"
17.7,11,0.951459522236143,0.933148037142728,0.97013033990379,"GO"
17.7,12,0.93747539296104,0.913015131800271,0.962590960211722,"GO"
17.8,0,0.955201546560848,0.932726445369845,0.978218210796465,"GO"
17.8,1,0.966351255677527,0.949658179609744,0.983337762365493,"GO"
17.8,2,0.976918465750365,0.964618462505547,0.98937530829041,"GO"
17.8,3,0.98616192849899,0.975513077220965,0.996927024280743,"GO"
17.8,4,0.993317440855382,0.981672770785241,1.00510024080452,"GO"
17.8,5,0.997610725984264,0.984340746830864,1.01105959882595,"GO"
17.8,6,0.998276123946953,0.984336064070483,1.01241360142952,"GO"
17.8,7,0.994822624671075,0.981720801150071,1.00809930216214,"GO"
17.8,8,0.987772994386089,0.976314719185351,0.999365746787668,"GO"
17.8,9,0.977916701708722,0.967130432552369,0.988823268601966,"GO"
17.8,10,0.966043079437825,0.953052257337581,0.979210976255158,"GO"
17.8,11,0.952922834636139,0.935145420870337,0.971038202727703,"GO"
17.8,12,0.939295581339576,0.915528844280976,0.963679292722843,"GO"
17.9,0,0.956290413554089,0.934490068011341,0.978599330650511,"GO"
17.9,1,0.967186048488664,0.95100727837375,0.983640055826661,"GO"
17.9,2,0.977511776991343,0.965605782160468,0.989564573669857,"GO"
17.9,3,0.986546321965881,0.976249845408297,0.996951395139382,"GO"
17.9,4,0.99354656763885,0.982285340937496,1.00493689656899,"GO"
17.9,5,0.997759770395414,0.984920619849677,1.01076628852734,"GO"
17.9,6,0.998441264195644,0.984950030998052,1.0121172919183,"GO"
17.9,7,0.995112832824278,0.982432108639319,1.007957233221,"GO"
17.9,8,0.988282039102413,0.977194044514262,0.999495846598119,"GO"
17.9,9,0.978715563928833,0.968278890020728,0.98926473038778,"GO"
17.9,10,0.967180092842884,0.954600580014641,0.979925375676205,"GO"
17.9,11,0.954424790852923,0.937192120845165,0.971974327497725,"GO"
17.9,12,0.941169463633483,0.918111297594959,0.964806730509184,"GO"
18,0,0.957441686711562,0.936331708670615,0.979027597767232,"GO"
18,1,0.968066951902284,0.952413479037211,0.983977698754056,"GO"
18,2,0.978135570977603,0.966630730225708,0.989777342365558,"GO"
18,3,0.986947166934501,0.977008400262565,0.996987037223286,"GO"
18,4,0.993780674167282,0.982908867240932,1.00477273251244,"GO"
18,5,0.9979058669058,0.985504910275517,1.0104628691567,"GO"
18,6,0.998600062051636,0.985565755176637,1.01180675027696,"GO"
18,7,0.995398502320806,0.983146564666496,1.00780312318806,"GO"
18,8,0.98879294916012,0.97808179137808,0.999621406846976,"GO"
18,9,0.979526355533508,0.969445316040983,0.98971222544356,"GO"
18,10,0.968341803607152,0.956181380127282,0.980656879648014,"GO"
18,11,0.955965962713929,0.939289610554824,0.972938390458466,"GO"
18,12,0.943097893334029,0.920764651284872,0.965972830483807,"GO"
18.1,0,0.958656246991456,0.938253437819582,0.979502725864206,"GO"
18.1,1,0.968994579168239,0.953878204039856,0.984350507728133,"GO"
18.1,2,0.978790229759299,0.967694221561748,0.99001346967445,"GO"
18.1,3,0.987364658720789,0.977789376476757,0.997033709655972,"GO"
18.1,4,0.994019816933224,0.983543916027338,1.00460729851995,"GO"
18.1,5,0.998048982267741,0.986094188991395,1.01014870803013,"GO"
18.1,6,0.998752445968892,0.986183805020696,1.01148127078391,"GO"
18.1,7,0.995679579469726,0.983864710274996,1.00763632908016,"GO"
18.1,8,0.989305744428515,0.97897847980859,0.999741951580609,"GO"
18.1,9,0.980349226457106,0.970630314268383,0.990165454021975,"GO"
18.1,10,0.969528548997147,0.957795586423725,0.981405239953431,"GO"
18.1,11,0.957546929391512,0.941439375108042,0.973930075828715,"GO"
18.1,12,0.945081737792301,0.923491088708764,0.967177162865069,"GO"
18.2,0,0.959934991149266,0.940257345887537,0.980024448905458,"GO"
18.2,1,0.969969552124657,0.955402885085996,0.984758311635432,"GO"
18.2,2,0.979476139155017,0.968797174721705,0.990272816856229,"GO"
18.2,3,0.98779899377374,0.978593409623105,0.99709117444007,"GO"
18.2,4,0.994264052556254,0.984191051865954,1.00444014841564,"GO"
18.2,5,0.99818908324176,0.986689022835147,1.00982317918165,"GO"
18.2,6,0.998898344482276,0.986804743975682,1.01114015584224,"GO"
18.2,7,0.995956010587041,0.984587082304567,1.00745621474406,"GO"
18.2,8,0.989820444823238,0.979884627767172,0.999857008903775,"GO"
18.2,9,0.981184327484463,0.971834489065787,0.990624118955268,"GO"
18.2,10,0.970740669435488,0.959444131957027,0.982170212843896,"GO"
18.2,11,0.959168277603013,0.943642910851975,0.97494907679569,"GO"
18.2,12,0.947121878627074,0.926292816939561,0.968419312521353,"GO"
18.3,0,0.961278832253783,0.942345543626976,0.980592522125813,"GO"
18.3,1,0.970992501467118,0.956988963068485,0.985200952456439,"GO"
18.3,2,0.980193688864342,0.969940511644977,0.990555251744301,"GO"
18.3,3,0.988250369706924,0.979421135675178,0.997159197052258,"GO"
18.3,4,0.994513437785767,0.984850836863683,1.00427084073582,"GO"
18.3,5,0.998326136597561,0.987289973732097,1.00948566432445,"GO"
18.3,6,0.99903768621207,0.987429129602187,1.01078271700782,"GO"
18.3,7,0.996227741998087,0.985314212558168,1.00726215178594,"GO"
18.3,8,0.990337070306622,0.980800750482419,0.999966111711375,"GO"
18.3,9,0.982031810267701,0.973058445001326,0.991087926251279,"GO"
18.3,10,0.971978508577422,0.961127953633513,0.982951559742719,"GO"
18.3,11,0.960830601815035,0.945901725005671,0.975995096508263,"GO"
18.3,12,0.949219212142492,0.929172066706639,0.969698880309632,"GO"
18.4,0,0.9626887002153,0.944520162459115,0.981206723114649,"GO"
18.4,1,0.972064067023388,0.95863788796421,0.985678286098918,"GO"
18.4,2,0.980943272582406,0.971125157321752,0.99086064939194,"GO"
18.4,3,0.988718985330468,0.980273190502789,0.997237547067375,"GO"
18.4,4,0.994768029503804,0.985523829941947,1.00409893952658,"GO"
18.4,5,0.99846010911502,0.987897597808326,1.00913555383237,"GO"
18.4,6,0.999170399868544,0.988057512641418,1.01040827603705,"GO"
18.4,7,0.996494720039958,0.986046626947794,1.00705352052291,"GO"
18.4,8,0.990855640888046,0.981727359763217,1.00006879844569,"GO"
18.4,9,0.982891827343284,0.974302786321152,0.991556585716034,"GO"
18.4,10,0.973242413388726,0.962847991739976,0.983749047974865,"GO"
18.4,11,0.96253450445204,0.948217335279084,0.977067849100281,"GO"
18.4,12,0.951374649755847,0.932131092335922,0.971015484452777,"GO"
18.5,0,0.964165542326438,0.946783354730241,0.981866853029437,"GO"
18.5,1,0.973184898033837,0.960351118652529,0.986190183325858,"GO"
18.5,2,0.981725288116452,0.972352039396098,0.991188892786106,"GO"
18.5,3,0.989205040683516,0.981150209313878,0.997325998837593,"GO"
18.5,4,0.995027884727917,0.986210586060279,1.00392401519567,"GO"
18.5,5,0.998590967585187,0.98851244444826,1.00877224777812,"GO"
18.5,6,0.999296414256571,0.988690436022799,1.01001616599335,"GO"
18.5,7,0.996756891063967,0.98678484458265,1.00682971099308,"GO"
18.5,8,0.991376176624297,0.982664963257027,1.00016461390935,"GO"
18.5,9,0.983764532149332,0.975568116371797,0.992029811628407,"GO"
18.5,10,0.974532734225027,0.964605189419064,0.984562451553961,"GO"
18.5,11,0.964280596109374,0.950591269432191,0.978167060789925,"GO"
18.5,12,0.953589118435737,0.935172171623996,0.972368762021568,"GO"
18.6,0,0.965710323815994,0.949137293776735,0.982572738042855,"GO"
18.6,1,0.974355653437734,0.96213012258435,0.986736530850942,"GO"
18.6,2,0.982540137504449,0.973622087659105,0.991539873677633,"GO"
18.6,3,0.989708737067149,0.982052826004048,0.997424332266025,"GO"
18.6,4,0.995293060614055,0.986911655341124,1.00374564546417,"GO"
18.6,5,0.998718678811293,0.989135055241657,1.00839515708286,"GO"
18.6,6,0.999415658280283,0.989328433754624,1.00960573247159,"GO"
18.6,7,0.997014201438123,0.987529376744479,1.00659012407942,"GO"
18.6,8,0.991898697619942,0.983614063607626,1.00025311017982,"GO"
18.6,9,0.984650079043197,0.976855036933433,0.992507323505608,"GO"
18.6,10,0.975849824912547,0.966400492046578,0.985391552072959,"GO"
18.6,11,0.966069495770822,0.95302506470576,0.97929247112408,"GO"
18.6,12,0.955863561150917,0.938297605549208,0.97375837061986,"GO"
18.7,0,0.967324028416239,0.95158417364307,0.983324231180833,"GO"
18.7,1,0.975577002165542,0.963976375191467,0.987317232712541,"GO"
18.7,2,0.983388227135824,0.97493623335757,0.991913493602468,"GO"
18.7,3,0.990230277077799,0.982981672352925,0.997532333735639,"GO"
18.7,4,0.995563614459503,0.987627582025434,1.00356341648845,"GO"
18.7,5,0.998843209609777,0.989765962735485,1.00800370486189,"GO"
18.7,6,0.999528060947777,0.989972029607048,1.00917633503098,"GO"
18.7,7,0.99726659754964,0.988280725665209,1.00633417283213,"GO"
18.7,8,0.992423224027689,0.984575157441753,1.00033384769591,"GO"
18.7,9,0.985548623319297,0.978164147404237,0.992988847019313,"GO"
18.7,10,0.977194042830314,0.968234846439337,0.98623613976992,"GO"
18.7,11,0.967901831030809,0.955520267018697,0.980443834473331,"GO"
18.7,12,0.958198937330157,0.941509717670918,0.975183990423301,"GO"
18.8,0,0.969007658944107,0.954126208208388,0.984121214797675,"GO"
18.8,1,0.976849623437422,0.965891358862834,0.987932212100206,"GO"
18.8,2,0.984269967874329,0.976295408200823,0.99230966521155,"GO"
18.8,3,0.990769864641148,0.983937376971175,0.997649797289686,"GO"
18.8,4,0.995839603705842,0.988358903147716,1.00337692426371,"GO"
18.8,5,0.998964526811312,0.990405688857402,1.00759732809959,"GO"
18.8,6,0.999633551375872,0.990621735444596,1.00872734897934,"GO"
18.8,7,0.997514025807476,0.989039382973327,1.00606128412328,"GO"
18.8,8,0.992949776048768,0.985548734073275,1.00040639662776,"GO"
18.8,9,0.986460321227217,0.979496043741305,0.993474115157029,"GO"
18.8,10,0.978565748993861,0.970109199781026,0.98709601488169,"GO"
18.8,11,0.96977823832137,0.958078429766404,0.981620921943732,"GO"
18.8,12,0.96059622333342,0.944810852982395,0.976645326807675,"GO"
18.9,0,0.970762237896726,0.956765629325595,0.984963604086116,"GO"
18.9,1,0.978174207068089,0.967876561206905,0.988581413915179,"GO"
18.9,2,0.985185775183126,0.977700542875311,0.992728314099912,"GO"
18.9,3,0.991327705046524,0.984920563841828,0.997776526220065,"GO"
18.9,4,0.996121085941948,0.989106146749524,1.00318577649022,"GO"
18.9,5,0.999082597261853,0.99105474279451,1.00717547986999,"GO"
18.9,6,0.999732058794899,0.991278048976559,1.0082581677403,"GO"
18.9,7,0.997756432644891,0.98980582759219,1.00577090085029,"GO"
18.9,8,0.993478373933307,0.986535273743978,1.00047033871118,"GO"
18.9,9,0.987385329990074,0.980851317004463,0.993962869782404,"GO"
18.9,10,0.979965308140445,0.972024498083159,0.987970989468455,"GO"
18.9,11,0.971699363143997,0.960701111951534,0.982823523974523,"GO"
18.9,12,0.963056412934712,0.948203375836765,0.978142113949131,"GO"
19,0,0.972588808061761,0.959504683308019,0.985851352289165,"GO"
19,1,0.979551453778213,0.969933472128917,0.989264808536763,"GO"
19,2,0.986136069252103,0.979152564747607,0.993169381454521,"GO"
19,3,0.991904004981802,0.985931850193571,0.997912335325988,"GO"
19,4,0.996408118907035,0.989869829327494,1.00298959520604,"GO"
19,5,0.999197387823685,0.991713617964272,1.00673763246603,"GO"
19,6,0.99982351255355,0.99194145053653,1.00776820619223,"GO"
19,7,0.997993764522041,0.9905805227264,1.00546248505228,"GO"
19,8,0.994009037980711,0.987535245097206,1.00052526985007,"GO"
19,9,0.988323807823162,0.982230551244968,0.994454863852495,"GO"
19,10,0.981393088815814,0.973981683874284,0.988860890016243,"GO"
19,11,0.973665860306488,0.963389875196268,0.984051454073291,"GO"
19,12,0.965580517816941,0.951689666306723,0.9796741200373,"GO"
19.1,0,0.974488433143063,0.962345624602721,0.986784458776596,"GO"
19.1,1,0.980982075512558,0.972063578901466,0.989982397616887,"GO"
19.1,2,0.987121275127505,0.980652394199704,0.993632828077222,"GO"
19.1,3,0.992498972568818,0.986971843249102,0.998057054299919,"GO"
19.1,4,0.996700760493716,0.99065045198605,1.00278802071625,"GO"
19.1,5,0.999308865376491,0.992382787444221,1.00628328207091,"GO"
19.1,6,0.999907842123761,0.99261239821296,1.00725690565683,"GO"
19.1,7,0.998225967928589,0.991363911301475,1.00513552257396,"GO"
19.1,8,0.994541788540055,0.988549101354552,1.00057080401684,"GO"
19.1,9,0.989275913952869,0.983634320289469,0.994949864741682,"GO"
19.1,10,0.982849463462551,0.975981692582493,0.98976556135245,"GO"
19.1,11,0.975678394164934,0.966146278849622,0.985304554475683,"GO"
19.1,12,0.968169568079135,0.955272113861894,0.981241155219206,"GO"
19.2,0,0.976462178719328,0.965290673311865,0.987762974232373,"GO"
19.2,1,0.982466780252576,0.974268334191084,0.990734216052791,"GO"
19.2,2,0.988141811260033,0.982200921764597,0.994118634511196,"GO"
19.2,3,0.993112809196599,0.988041122576882,0.998210529150943,"GO"
19.2,4,0.996999063067267,0.991448483521106,1.00258071728227,"GO"
19.2,5,0.999416992472401,0.993062686015507,1.00581195820601,"GO"
19.2,6,0.999984972601776,0.993291308725835,1.00672374422777,"GO"
19.2,7,0.998452983028071,0.992156395971946,1.00478953052664,"GO"
19.2,8,0.995076636318313,0.989577259309754,1.00060657501086,"GO"
19.2,9,0.990241794457278,0.985063163894429,0.995447649888023,"GO"
19.2,10,0.984334789019047,0.978025421465138,0.99068485911305,"GO"
19.2,11,0.977737613560116,0.968971837987877,0.98658268846632,"GO"
19.2,12,0.970824581423349,0.958953063109138,0.982843065165281,"GO"
19.3,0,0.978508745807295,0.968338238001928,0.988786074994861,"GO"
19.3,1,0.984004407818041,0.976546310148662,0.991519464609858,"GO"
19.3,2,0.989196698028246,0.983796975265685,0.994626058009304,"GO"
19.3,3,0.993744724580799,0.989138735432599,0.998372161818406,"GO"
19.3,4,0.997302391190129,0.992263051135173,1.00236732420469,"GO"
19.3,5,0.999521205757502,0.993752413890233,1.00532348580467,"GO"
19.3,6,1.00005428420964,0.993977179237867,1.00616854416406,"GO"
19.3,7,0.998673980490582,0.99295679825057,1.00442408075162,"GO"
19.3,8,0.99561241866911,0.990618296042188,1.0006317187644,"GO"
19.3,9,0.991219879102904,0.986515329508319,0.995946864017271,"GO"
19.3,10,0.985847064346401,0.980110690676833,0.991617011757373,"GO"
19.3,11,0.979841107956543,0.971863943255913,0.987883750090617,"GO"
19.3,12,0.973542792745619,0.962729586248778,0.984477451243534,"GO"
19.4,0,0.980622192261297,0.9714792669296,0.989851164806214,"GO"
19.4,1,0.98559014095433,0.978890459123175,0.992335676472402,"GO"
19.4,2,0.990282226720609,0.98543536608075,0.995152926628745,"GO"
19.4,3,0.994391997237251,0.990260751256879,0.99854047826741,"GO"
19.4,4,0.997608772205457,0.99309068642747,1.00214741310432,"GO"
19.4,5,0.999619920161943,0.994448499656076,1.00481823355372,"GO"
19.4,6,1.00011409862568,0.994666274049065,1.00559176114232,"GO"
19.4,7,0.998886635508643,0.993760888191524,1.00403882106243,"GO"
19.4,8,0.99614569033679,0.991667222025322,1.00064438385886,"GO"
19.4,9,0.992205253217422,0.987984600255026,0.996443936735583,"GO"
19.4,10,0.987379683023586,0.982229309953537,0.992557062356319,"GO"
19.4,11,0.981980476077954,0.974811907018777,0.98920176134011,"GO"
19.4,12,0.976314008156591,0.966588392303485,0.986137481178762,"GO"
19.5,0,0.982796000606932,0.974703712326256,0.990955473539507,"GO"
19.5,1,0.987218716549866,0.981292995756996,0.993180220913052,"GO"
19.5,2,0.99139436119262,0.98711038026772,0.995696934255676,"GO"
19.5,3,0.995051677406218,0.991402845918746,0.99871393831976,"GO"
19.5,4,0.997916077466367,0.993927576717326,1.00192058354477,"GO"
19.5,5,0.999711432688885,0.9951471328859,1.00429666691654,"GO"
19.5,6,1.00016261574258,0.99535450037517,1.00499395697915,"GO"
19.5,7,0.999088449691307,0.994564039954494,1.00363344159543,"GO"
19.5,8,0.996672736591114,0.992718584819583,1.00064263836116,"GO"
19.5,9,0.993192598762376,0.989464173992778,0.996935072702857,"GO"
19.5,10,0.98892546974214,0.984372288018718,0.993499712058246,"GO"
19.5,11,0.984146557840153,0.977803939338475,0.990530318341611,"GO"
19.5,12,0.979127069043033,0.97051473529645,0.98781582851492,"GO"
19.6,0,0.98502360403645,0.978001405021936,0.992096223509201,"GO"
19.6,1,0.988884841358681,0.983746057073182,0.994050469059453,"GO"
19.6,2,0.992529049127487,0.988816250668246,0.996255788369345,"GO"
19.6,3,0.995720807974648,0.992560653687193,0.998891023687654,"GO"
19.6,4,0.998222175711591,0.994769876824269,1.00168645562878,"GO"
19.6,5,0.999794039852575,0.995844477286186,1.00375926655611,"GO"
19.6,6,1.00019803544952,0.996037741687399,1.00437570610757,"GO"
19.6,7,0.999276922938381,0.99536159992909,1.00320764713883,"GO"
19.6,8,0.99718983493765,0.993766891706458,1.00062456819773,"GO"
19.6,9,0.994176576533279,0.990947183867364,0.997416493450295,"GO"
19.6,10,0.990477204544226,0.986530528590825,0.994439669417108,"GO"
19.6,11,0.986330113351324,0.980828080996464,0.991863009789931,"GO"
19.6,12,0.981970690224344,0.97449360734689,0.989505143173736,"GO"
19.7,0,0.987298382481321,0.981362090048908,0.993270583747181,"GO"
19.7,1,0.990583189803209,0.986241729101711,0.99494376172305,"GO"
19.7,2,0.993682221020722,0.990547175904966,0.996827188438128,"GO"
19.7,3,0.996396424150116,0.993729783854249,0.999070220285108,"GO"
19.7,4,0.998524933068499,0.995613729333534,1.00144464924854,"GO"
19.7,5,0.999866037815494,0.99653669542321,1.00320650325103,"GO"
19.7,6,1.00021855785159,0.996711884341549,1.00373756868728,"GO"
19.7,7,0.999449553742577,0.996148911596067,1.00276113224454,"GO"
19.7,8,0.997693255419403,0.994806630146712,1.00058825679777,"GO"
19.7,9,0.995151826197345,0.99242671503877,0.997884420256888,"GO"
19.7,10,0.992027622122669,0.988694849087843,0.995371629539985,"GO"
19.7,11,0.988521820820528,0.983872229094513,0.993193385626563,"GO"
19.7,12,0.984833455719559,0.978509772164451,0.991198006494233,"GO"
19.8,0,0.989613659128423,0.984775464492309,0.994475623779307,"GO"
19.8,1,0.99230840206312,0.988772074618713,0.995857377125835,"GO"
19.8,2,0.994849789331214,0.992297339726566,0.997408804507212,"GO"
19.8,3,0.997075553222886,0.994905837396993,0.999250000819955,"GO"
19.8,4,0.998822213101705,0.996455284919587,1.00119476356222,"GO"
19.8,5,0.999925722554529,0.997219973627117,1.00263881296873,"GO"
19.8,6,1.00022238352161,0.997372844480976,1.00308006382334,"GO"
19.8,7,0.999603839554224,0.996921340697851,1.00229355643254,"GO"
19.8,8,0.998179261057745,0.995832288532803,1.00053176491572,"GO"
19.8,9,0.996112966619373,0.993895821760789,0.99833505740007,"GO"
19.8,10,0.993569411651435,0.990856000118832,0.996290253731105,"GO"
19.8,11,0.990712275341423,0.986924164431585,0.994514926156942,"GO"
19.8,12,0.987703815830185,0.982547801807164,0.992886886532338,"GO"
19.9,0,0.991962697385673,0.988231218720848,0.995708265802737,"GO"
19.9,1,0.994055082453097,0.991329162745994,0.996788497791852,"GO"
19.9,2,0.996027647799953,0.994060931156861,0.997998255526814,"GO"
19.9,3,0.997755214416498,0.996084424035076,0.999428807311874,"GO"
19.9,4,0.999111876907336,0.997290723176123,1.00093635624946,"GO"
19.9,5,0.999971390056169,0.997890547644273,1.00205657152624,"GO"
19.9,6,1.00020771378423,0.998016595835761,1.0024036422718,"GO"
19.9,7,0.999737277208565,0.997674301294082,1.00180451891361,"GO"
19.9,8,0.998644108433066,0.996838377695319,1.00045311017599,"GO"
19.9,9,0.997054596477746,0.995347545187138,0.998764575413198,"GO"
19.9,10,0.995095217152372,0.993004686233567,0.997190149177822,"GO"
19.9,11,0.992891988564863,0.989971581410297,0.995821010893954,"GO"
19.9,12,0.990570085565767,0.986592117839625,0.994564092571914,"GO"
20,0,0.994338698303613,0.991719082101499,0.996965234196162,"GO"
20,1,0.995817798092707,0.993905101133751,0.997734175895692,"GO"
20,2,0.997211670937698,0.995832165886726,0.998593086987582,"GO"
20,3,0.998432418827278,0.997261180027216,0.999605033195099,"GO"
20,4,0.999391783253066,0.998116274385704,1.00066892211376,"GO"
20,5,1.00000133654071,0.998544729589694,1.00146006828768,"GO"
20,6,1.00017275103232,0.998639199020242,1.00170865803084,"GO"
20,7,0.999847363415635,0.998403283258933,1.0012935322749,"GO"
20,8,0.999084048405565,0.997819453607926,1.00035024589796,"GO"
20,9,0.997971295172433,0.99677493226537,0.999169093994625,"GO"
20,10,0.996597638404015,0.995131588386629,0.998065848238935,"GO"
20,11,0.995051389274244,0.993002121205188,0.997104886437609,"GO"
20,12,0.993420444439904,0.99062703800009,0.996221727829607,"GO"
20.1,0,0.99673479845996,0.995228874282922,0.998243001316491,"GO"
20.1,1,0.997591077871733,0.996492071431598,0.998691296378868,"GO"
20.1,2,0.998397713682931,0.997605309334245,0.999190747443516,"GO"
20.1,3,0.999104169453204,0.998431787040186,0.999777004674431,"GO"
20.1,4,0.999659788763988,0.99892824265137,1.0003918706105,"GO"
20.1,5,1.00001385871543,0.999178936738564,1.00084947835984,"GO"
20.1,6,1.00011569907565,0.999236832917207,1.00099533822974,"GO"
20.1,7,0.999931595312689,0.999103881763792,1.0007599945858,"GO"
20.1,8,0.999495326976467,0.998770141724766,1.00022103876939,"GO"
20.1,9,0.998857624026758,0.998171056072187,0.999544664220585,"GO"
20.1,10,0.998069232398141,0.997227388563744,0.998911786903995,"GO"
20.1,11,0.997180824877413,0.996003408913127,0.998359632712791,"GO"
20.1,12,0.996242937664652,0.994636829469507,0.997851639352676,"GO"
20.2,0,0.999144068314617,0.998750563111253,0.999537728558039,"GO"
20.2,1,0.999369411714547,0.999082368734821,0.99965653716362,"GO"
20.2,2,0.999581611231509,0.999374701785692,0.999788563515631,"GO"
20.2,3,0.999767461312555,0.999591992414847,0.999942961012164,"GO"
20.2,4,0.999913748154418,0.999723030802701,1.00010450188932,"GO"
20.2,5,1.00000725405681,0.999789722683955,1.00022483275952,"GO"
20.2,6,1.00003476352162,0.999805828723827,1.00026375074073,"GO"
20.2,7,0.999987471079098,0.999771829276321,1.00020315939387,"GO"
20.2,8,0.999874186289942,0.999685163374969,1.00006324494583,"GO"
20.2,9,0.999708127784558,0.999529037938535,0.999887249718865,"GO"
20.2,10,0.999502515349493,0.999282797013315,0.999722281996467,"GO"
20.2,11,0.999270563828689,0.998963095398447,0.999578126893894,"GO"
20.2,12,0.999025478771131,0.99860576982332,0.999445364120487,"GO"
20.3,0,1.00155951104299,1.00084520168901,1.00227433020394,"GO"
20.3,1,1.00114725014721,1.00062632582147,1.00166844566524,"GO"
20.3,2,1.00075917903942,1.00038371298614,1.00113478601339,"GO"
20.3,3,1.00041928165275,1.00010103343426,1.00073763114293,"GO"
20.3,4,1.00015151450566,0.99980598095222,1.00049716747572,"GO"
20.3,5,0.999979821121534,0.999585986043159,1.00037381137022,"GO"
20.3,6,0.999928152188169,0.999513768959328,1.000342707214,"GO"
20.3,7,1.00001249061362,0.999622103099356,1.0004030305879,"GO"
20.3,8,1.00021686577583,0.999874484165365,1.00055936462618,"GO"
20.3,9,1.00051733640412,1.00019270646523,1.0008420717073,"GO"
20.3,10,1.00088996526375,1.00049150669732,1.00128858252142,"GO"
20.3,11,1.00131079899402,1.00075300435394,1.00186890453486,"GO"
20.3,12,1.0017558536835,1.00099407037844,1.00251821672605,"GO"
20.4,0,1.00397406185577,1.00216075955519,1.00579064513218,"GO"
20.4,1,1.0029190041711,1.00159679210269,1.00424296169713,"GO"
20.4,2,1.00192621300012,1.00097319561887,1.00288013774045,"GO"
20.4,3,1.00105661024978,1.00024922236072,1.00186464985163,"GO"
20.4,4,1.00037093958985,0.999495309551199,1.00124733674361,"GO"
20.4,5,0.999929859886482,0.998932580921739,1.00092813447931,"GO"
20.4,6,0.999794075548547,0.998745033235596,1.00084421973409,"GO"
20.4,7,1.00000415627386,0.999015689230709,1.00099360134679,"GO"
20.4,8,1.00051960343323,0.999652211490782,1.00138774800621,"GO"
20.4,9,1.00127976715007,1.00045676087358,1.00210345045664,"GO"
20.4,10,1.00222402506835,1.00121346397361,1.00323560615909,"GO"
20.4,11,1.00329165197152,1.00187661599571,1.00470868652359,"GO"
20.4,12,1.00442172627231,1.00248849327374,1.00635868738332,"GO"
20.5,0,1.00638058781339,1.00347921537865,1.00929034902378,"GO"
20.5,1,1.00467904544691,1.00256371581813,1.00679883825281,"GO"
20.5,2,1.0030784897978,1.00155380138464,1.00460549927923,"GO"
20.5,3,1.00167641979866,1.00038537269234,1.00296913306553,"GO"
20.5,4,1.00056987423975,0.99917129548844,1.00197041063589,"GO"
20.5,5,0.999855672117437,0.998264009441841,1.00144987258869,"GO"
20.5,6,0.999630747207936,0.997956908507779,1.00130739338001,"GO"
20.5,7,0.999959973677755,0.99838252920666,1.00153991051123,"GO"
20.5,8,1.00077863725484,0.999393686331783,1.00216550743062,"GO"
20.5,9,1.00198992698406,1.00067498586922,1.00330659600273,"GO"
20.5,10,1.0034971063101,1.00188195751526,1.00511485891032,"GO"
20.5,11,1.00520317837856,1.00294098136635,1.00747047791965,"GO"
20.5,12,1.00701064541175,1.00391886394725,1.01011194867424,"GO"
20.6,0,1.00877188814375,1.00479477011403,1.01276474816207,"GO"
20.6,1,1.0064217067928,1.00352246970683,1.00932931994999,"GO"
20.6,2,1.00421176743812,1.00212207583992,1.00630581660022,"GO"
20.6,3,1.00227567639517,1.00050714693122,1.00404733197018,"GO"
20.6,4,1.00074616876476,0.998832519048691,1.00266348481645,"GO"
20.6,5,0.999755561766515,0.997579370414092,1.0019365004192,"GO"
20.6,6,0.999436384411726,0.997148437806824,1.00172958068605,"GO"
20.6,7,0.999877452566775,0.997720939276652,1.00203862702956,"GO"
20.6,8,1.00099020679181,0.999095938470566,1.00288806661247,"GO"
20.6,9,1.00264231525483,1.00084277466924,1.00444509145984,"GO"
20.6,10,1.004701593423,1.00249055982176,1.00691750354856,"GO"
20.6,11,1.00703537411532,1.00393773704146,1.01014256890883,"GO"
20.6,12,1.0095100535629,1.00527483139369,1.01376311872017,"GO"
20.7,0,1.01114069507134,1.00610091769867,1.01620571778025,"GO"
20.7,1,1.00814128300054,1.00446795714579,1.0118280421587,"GO"
20.7,2,1.00532178595762,1.00267428251544,1.00797627997948,"GO"
20.7,3,1.00285134010925,1.00061199598322,1.00509569583033,"GO"
20.7,4,1.00089767341287,0.998477296400529,1.00332391758403,"GO"
20.7,5,0.999627835398179,0.996877422931127,1.00238583632953,"GO"
20.7,6,0.999209208585261,0.996318291489284,1.00210851396611,"GO"
20.7,7,0.999754107730556,0.997028893503619,1.00248677088162,"GO"
20.7,8,1.00115055485873,0.998755730929214,1.0035511211149,"GO"
20.7,9,1.00323142668763,1.00095531205435,1.00551271707427,"GO"
20.7,10,1.00582984856859,1.00303257714981,1.00863492105742,"GO"
20.7,11,1.00877818261316,1.00485807991301,1.0127135782243,"GO"
20.7,12,1.01190729690281,1.00654537667135,1.01729778036573,"GO"
20.8,0,1.01347967516625,1.0073903425948,1.01960581568552,"GO"
20.8,1,1.0098320319733,1.0053945448912,1.01428910469141,"GO"
20.8,2,1.00640426831307,1.00320636233292,1.00961236821049,"GO"
20.8,3,1.00340036565041,1.0006971275976,1.00611090610847,"GO"
20.8,4,1.00102223887862,0.99810363996626,1.00394937219489,"GO"
20.8,5,0.999470802643718,0.996156536062753,1.00279609596854,"GO"
20.8,6,0.998947445904856,0.995464712342908,1.00244236416096,"GO"
20.8,7,0.999587459992567,0.996303972913935,1.00288176835435,"GO"
20.8,8,1.00125592937813,0.998369519694341,1.00415068402908,"GO"
20.8,9,1.00375175467295,1.00100754301427,1.00650348944938,"GO"
20.8,10,1.00687421705042,1.00350101114914,1.0102587617724,"GO"
20.8,11,1.01042150307423,1.00569270525475,1.01517253584551,"GO"
20.8,12,1.01418963701577,1.00771871946886,1.02070210660799,"GO"
20.9,0,1.01578143122099,1.00865481082412,1.02295840454112,"GO"
20.9,1,1.01148817618855,1.00629599151418,1.01670715097429,"GO"
20.9,2,1.00745492145217,1.00371389029827,1.01120989613543,"GO"
20.9,3,1.00391970312513,1.00075947255464,1.00708991317374,"GO"
20.9,4,1.00111771685708,0.997709215997058,1.00453786227037,"GO"
20.9,5,0.999282776684034,0.995414635171073,1.00316594964041,"GO"
20.9,6,0.998649327899833,0.994585457123217,1.00272980363037,"GO"
20.9,7,0.999375037256381,0.995543311316358,1.00322151104666,"GO"
20.9,8,1.00130258536381,0.997933410573636,1.00468313499989,"GO"
20.9,9,1.00419779485353,1.00099413879803,1.00741170412802,"GO"
20.9,10,1.00782703330305,1.00388851719442,1.01178100123613,"GO"
20.9,11,1.01195519970675,1.00643173980472,1.01750897324863,"GO"
20.9,12,1.01634426415948,1.0087822176772,1.02396299735372,"GO"
21,0,1.01803850466287,1.00988505678353,1.02625778054102,"GO"
21,1,1.01310390448948,1.00716537283714,1.01907745140261,"GO"
21,2,1.00846943756629,1.00419203003479,1.01276506493487,"GO"
21,3,1.00440629888673,1.00079564892695,1.00802997527519,"GO"
21,4,1.00118196064359,0.997291299918528,1.00508779972314,"GO"
21,5,0.999062074760583,0.994649145777884,1.00349458244828,"GO"
21,6,0.998313092085335,0.993677735647566,1.00297007176023,"GO"
21,7,0.999114375612009,0.994743538810051,1.00350441757952,"GO"
21,8,1.00128678704205,0.997443113820754,1.00514527195899,"GO"
21,9,1.00456404900856,1.00090946061804,1.00823198127966,"GO"
21,10,1.00868062745489,1.00418735968892,1.0131940004881,"GO"
21,11,1.0133691119579,1.00706467063397,1.01971302043976,"GO"
21,12,1.01835831211477,1.0097222615273,1.02706822595414,"GO"
21.1,0,1.0202437236327,1.01107089555316,1.02949977117326,"GO"
21.1,1,1.01467364783149,1.0079951969765,1.02139634662136,"GO"
21.1,2,1.00944370366551,1.00463563897816,1.01427477916905,"GO"
21.1,3,1.00485725020584,1.0008020317956,1.00892890023375,"GO"
21.1,4,1.00121294109989,0.996846791769976,1.00559821399035,"GO"
21.1,5,0.99880711651057,0.993856970458593,1.00378191796736,"GO"
21.1,6,0.99793708872211,0.992738187392046,1.00316321633941,"GO"
21.1,7,0.998803164141427,0.993900804336551,1.00372970456025,"GO"
21.1,8,1.00120501733716,0.996894048999055,1.0055346280255,"GO"
21.1,9,1.00484532132285,1.00074775925129,1.00895966086383,"GO"
21.1,10,1.00942772592406,1.00438968737468,1.01449103537452,"GO"
21.1,11,1.01465357221824,1.00758067433076,1.0217761196135,"GO"
21.1,12,1.02021950069804,1.01052464723207,1.03000736543689,"GO"
21.2,0,1.02239448844654,1.01220415532526,1.03268741242222,"GO"
21.2,1,1.01619547370693,1.00877985101884,1.02366560924022,"GO"
21.2,2,1.01037638130815,1.00504119998304,1.01573988401927,"GO"
21.2,3,1.00527170909271,1.00077611282488,1.00978750007296,"GO"
21.2,4,1.00121017390719,0.996373024409939,1.00607080659266,"GO"
21.2,5,0.998517633825296,0.993034974394194,1.00403056364487,"GO"
21.2,6,0.997521093202715,0.991763426534942,1.00331218591199,"GO"
21.2,7,0.998441022124825,0.993011828808612,1.003899899015,"GO"
21.2,8,1.00105654322755,0.996283268312467,1.00585268729454,"GO"
21.2,9,1.00504033711622,1.0005061530723,1.00959506958443,"GO"
21.2,10,1.01006633072143,1.00449156932377,1.01567203111907,"GO"
21.2,11,1.01580569332147,1.0079736841772,1.02369855759341,"GO"
21.2,12,1.0219239167414,1.01118066790198,1.03278130680138,"GO"
21.3,0,1.02449149326678,1.0132786138001,1.03582845377517,"GO"
21.3,1,1.01767006253366,1.00951540400964,1.02589059271786,"GO"
21.3,2,1.01126812066629,1.00540656034162,1.0171638541213,"GO"
21.3,3,1.00565029702911,1.00071633477653,1.01060858583925,"GO"
21.3,4,1.00117427760957,0.995867835479655,1.0065089949052,"GO"
21.3,5,0.998194294359812,0.992180251844555,1.00424479064172,"GO"
21.3,6,0.997065896845268,0.990750332075723,1.00342172035313,"GO"
21.3,7,0.998028945675421,0.992074001340037,1.00401963468508,"GO"
21.3,8,1.00084262045689,0.995609189869956,1.0061035606289,"GO"
21.3,9,1.00515062854285,1.00018396052264,1.01014195981722,"GO"
21.3,10,1.01059822979859,1.00449206536298,1.01674151273956,"GO"
21.3,11,1.01682746771558,1.0082413459396,1.02548670838064,"GO"
21.3,12,1.02347368629744,1.01168602293861,1.03539869365856,"GO"
21.4,0,1.02653552073009,1.01428825881529,1.03893066508669,"GO"
21.4,1,1.01909816301773,1.0101980721408,1.02807666586139,"GO"
21.4,2,1.01211962247778,1.00572965843157,1.01855018554597,"GO"
21.4,3,1.00599367196889,1.00062120377406,1.01139498565929,"GO"
21.4,4,1.00110589765318,0.995329134039667,1.00691618886747,"GO"
21.4,5,0.997837788478606,0.991289991157076,1.00442883616092,"GO"
21.4,6,0.996572316035587,0.98969589297476,1.00349651659498,"GO"
21.4,7,0.997567966377787,0.991084820672641,1.00409352134736,"GO"
21.4,8,1.00056455921449,0.994870328604086,1.00629138127055,"GO"
21.4,9,1.00517781010227,0.999780591667038,1.0106041648971,"GO"
21.4,10,1.01102533041169,1.0043903552155,1.01770413607241,"GO"
21.4,11,1.01772105272813,1.00838148459229,1.02714712337744,"GO"
21.4,12,1.024871153253,1.0120366667964,1.03786840460538,"GO"
21.5,0,1.02852737078892,1.0152273478526,1.0420016311613,"GO"
21.5,1,1.02048053570171,1.0108242455911,1.0302290712636,"GO"
21.5,2,1.01293159507521,1.0060085283721,1.01990230436904,"GO"
21.5,3,1.0063024965679,1.00048929363397,1.01214947630341,"GO"
21.5,4,1.0010056825127,0.994754924506869,1.00729571851021,"GO"
21.5,5,0.997448808956765,0.990361518342885,1.00458681810859,"GO"
21.5,6,0.996041170141136,0.988597257391117,1.00354113386299,"GO"
21.5,7,0.997059121308774,0.990041931288691,1.00412604756146,"GO"
21.5,8,1.00022368077476,0.994065304303034,1.00642020926789,"GO"
21.5,9,1.00512351736086,0.999295526754659,1.01098549738621,"GO"
21.5,10,1.01134957636065,1.00418570675979,1.0185645530698,"GO"
21.5,11,1.0184886637794,1.00839208317279,1.02868633694877,"GO"
21.5,12,1.02611874705456,1.01222880914815,1.04019928453026,"GO"
21.6,0,1.03046786022109,1.01609049696716,1.04504865867568,"GO"
21.6,1,1.02181795257648,1.01139054344922,1.0323528680096,"GO"
21.6,2,1.01370475408683,1.00624132951496,1.02122353586249,"GO"
21.6,3,1.00657743794808,1.00031926741658,1.01287476067795,"GO"
21.6,4,1.00087428348408,0.994143337100252,1.00765080241014,"GO"
21.6,5,0.997028050757938,0.989392339360915,1.00472269134434,"GO"
21.6,6,0.995473281209629,0.987451780394841,1.00355994416863,"GO"
21.6,7,0.996503452550891,0.988943167340831,1.00412153472477,"GO"
21.6,8,0.999821316675908,0.993192874529361,1.00649399619711,"GO"
21.6,9,1.00498940561018,0.998728339391145,1.0112897226932,"GO"
21.6,10,1.01157294592514,1.00387750561199,1.01932737730173,"GO"
21.6,11,1.01913257140584,1.0082713362472,1.03011080525811,"GO"
21.6,12,1.02721897866852,1.01225900117301,1.04240004674106,"GO"
21.7,0,1.03235782214257,1.0168727558373,1.04807869698643,"GO"
21.7,1,1.02311119669704,1.01189386017937,1.03445288285601,"GO"
21.7,2,1.01443982214143,1.00642637160934,1.02251707802605,"GO"
21.7,3,1.00681916746515,1.00010989597099,1.01357344833695,"GO"
21.7,4,1.00071235448101,0.993492653945741,1.00798452050319,"GO"
21.7,5,0.996576210816595,0.988380175950263,1.00484021040861,"GO"
21.7,6,0.994869473673554,0.986257064134583,1.00355709037784,"GO"
21.7,7,0.995902006714814,0.987786589766041,1.00408409797658,"GO"
21.7,8,0.999358807912444,0.992251962974804,1.00651655448279,"GO"
21.7,9,1.00477714854415,0.998078717120023,1.01152053532379,"GO"
21.7,10,1.01169744982243,1.0034652817419,1.01999715246796,"GO"
21.7,11,1.01965509830302,1.00801769768331,1.03142685082299,"GO"
21.7,12,1.02817443654954,1.01212421199338,1.04447918491339,"GO"
21.8,0,1.03419810552416,1.01756966796762,1.05109827379779,"GO"
21.8,1,1.02436106180262,1.01233140330983,1.03653367020586,"GO"
21.8,2,1.01513752857749,1.00656213573656,1.02378597936463,"GO"
21.8,3,1.00702836048032,0.999860073634914,1.01424803885306,"GO"
21.8,4,1.00052055183526,0.992801330774248,1.00829979132287,"GO"
21.8,5,0.996093987824644,0.987322994651699,1.00494289908686,"GO"
21.8,6,0.99423057406072,0.98501098996189,1.00353645235507,"GO"
21.8,7,0.995255834471225,0.986570516148602,1.00401761438796,"GO"
21.8,8,0.998837504142015,0.99124168304386,1.00649153152744,"GO"
21.8,9,1.00448843695626,0.997346479434943,1.01168153774452,"GO"
21.8,10,1.01172512918942,1.00294873305962,1.02057832398946,"GO"
21.8,11,1.02005861639245,1.00762992218658,1.03264061334993,"GO"
21.8,12,1.02898778262415,1.01182189400658,1.04644489614383,"GO"
21.9,0,1.03598957471229,1.01817731511769,1.05411344662348,"GO"
21.9,1,1.02556835194129,1.01270072188496,1.0385994813412,"GO"
21.9,2,1.01579860915654,1.00664729087499,1.02503312105223,"GO"
21.9,3,1.00720569613586,0.999568831016615,1.0149009081213,"GO"
21.9,4,1.00029953410077,0.992068013956921,1.00859935392057,"GO"
21.9,5,0.995582082022463,0.986219028564133,1.00503402726601,"GO"
21.9,6,0.993557410710902,0.983711741980821,1.00350162171572,"GO"
21.9,7,0.994565990092178,0.985293542838111,1.00392569893311,"GO"
21.9,8,0.99825876290701,0.990161356293921,1.00642238902406,"GO"
21.9,9,1.00412497745781,0.996531592991232,1.01177622209467,"GO"
21.9,10,1.01165805359114,1.00232774559966,1.02107521405938,"GO"
21.9,11,1.02034554391607,1.00710709971548,1.03375800774665,"GO"
21.9,12,1.02966174829651,1.01135003555657,1.04830501669144,"GO"
22,0,1.03773310895457,1.01869234566391,1.05712977034169,"GO"
22,1,1.02673388109947,1.01299972548562,1.04065424311168,"GO"
22,2,1.01642380578111,1.00668070597584,1.02626120360286,"GO"
22,3,1.0073518571347,0.999235344754475,1.01553429770047,"GO"
22,4,1.00004996186173,0.99129155268707,1.00888575465886,"GO"
22,5,0.995041194994396,0.985066791610369,1.00511659530951,"GO"
22,6,0.992850813498666,0.982357821810128,1.00345588540088,"GO"
22,7,0.993833531002155,0.983954559098414,1.00381168846784,"GO"
22,8,0.997623948871373,0.9890105254641,1.00631238772174,"GO"
22,9,1.00368849121824,0.995634183747164,1.01180795501872,"GO"
22,10,1.01149831905764,1.00160240988463,1.02149200057764,"GO"
22,11,1.02051834256247,1.00644868198907,1.03478469011276,"GO"
22,12,1.03019913048269,1.01070719974719,1.05006697163408,"GO"
22.1,0,1.03942960193026,1.01911198742786,1.0601522803159,"GO"
22.1,1,1.02785847283636,1.01322669403721,1.04270154586224,"GO"
22.1,2,1.01701386621715,1.00666145756059,1.02747273803883,"GO"
22.1,3,1.00746752952425,0.998858944212137,1.0161503072351,"GO"
22.1,4,0.999772497544647,0.990471006295485,1.0091613388918,"GO"
22.1,5,0.99447202946877,0.983865085440222,1.00519332582396,"GO"
22.1,6,0.992111613562455,0.98094805478947,1.00340221784399,"GO"
22.1,7,0.993059517338984,0.982552753455686,1.00367863354831,"GO"
22.1,8,0.996934433073012,0.987788962047698,1.00616457769105,"GO"
22.1,9,1.00318071272838,0.994654545835191,1.01177996582239,"GO"
22.1,10,1.01124804615123,1.00077303314386,1.02183270029987,"GO"
22.1,11,1.02057951462849,1.00565450061412,1.03572603219422,"GO"
22.1,12,1.03060278768009,1.0098925488638,1.05173773899903,"GO"
22.2,0,1.04107996128623,1.01943404628846,1.06318548977033,"GO"
22.2,1,1.02894295992375,1.0133802790494,1.04474463995863,"GO"
22.2,2,1.01756954382131,1.00658883301856,1.02867004137887,"GO"
22.2,3,1.00755340248433,0.99843911516735,1.01675088990037,"GO"
22.2,4,0.999467805234371,0.989605646896137,1.00942824733583,"GO"
22.2,5,0.993875289122469,0.982612999463229,1.00526666232573,"GO"
22.2,6,0.991340643040003,0.979481588298824,1.00334328106139,"GO"
22.2,7,0.992245011524779,0.981087612808457,1.00352929752873,"GO"
22.2,8,0.996191592192205,0.986496668618958,1.0059817938805,"GO"
22.2,9,1.00260338858757,0.993593147084858,1.01169533803299,"GO"
22.2,10,1.01090937806607,0.999840147224236,1.02210115636888,"GO"
22.2,11,1.02053160021966,1.00472477676483,1.03658710438141,"GO"
22.2,12,1.03087563607778,1.00890585463329,1.05332382816337,"GO"
22.3,0,1.04268510817871,1.01965689250378,1.06623339949974,"GO"
22.3,1,1.02998818399133,1.01345949728479,1.04678643991595,"GO"
22.3,2,1.01809159727303,1.00646232994369,1.02985523610799,"GO"
22.3,3,1.00761016811938,0.997975500659946,1.01733785070494,"GO"
22.3,4,0.999136550494224,0.988694957755299,1.00968841673871,"GO"
22.3,5,0.993251678390111,0.981309904809117,1.00533877401011,"GO"
22.3,6,0.99053873481012,0.977957883213004,1.0032814316458,"GO"
22.3,7,0.991391077847015,0.979558915187099,1.00336616205156,"GO"
22.3,8,0.995396807836324,0.985133876359978,1.00576665651958,"GO"
22.3,9,1.00195827631552,0.992450631258011,1.01155700430623,"GO"
22.3,10,1.01048447876174,0.998804512218234,1.02230103020929,"GO"
22.3,11,1.02037717449292,1.00366012276024,1.03737266691712,"GO"
22.3,12,1.03102064571366,1.00774749526869,1.05483127160181,"GO"
22.4,0,1.0442459768212,1.01977943704275,1.06929951761869,"GO"
22.4,1,1.0309949951777,1.01346371809432,1.04882953489464,"GO"
22.4,2,1.01858079031164,1.00628165197979,1.0310302531609,"GO"
22.4,3,1.00763852125509,0.997467899259459,1.01791284739184,"GO"
22.4,4,0.998779400190247,0.987738627931288,1.0099435842999,"GO"
22.4,5,0.992601902277879,0.979955443225461,1.0054115656144,"GO"
22.4,6,0.989706722240941,0.97637669974236,1.0032187334124,"GO"
22.4,7,0.990498782049894,0.977966717268029,1.00319143782624,"GO"
22.4,8,0.994551465841226,0.983701038416893,1.00552157574092,"GO"
22.4,9,1.00124714318956,0.991227817189635,1.01136774448842,"GO"
22.4,10,1.00997553113247,0.997667116016531,1.02243579758263,"GO"
22.4,11,1.02011884494466,1.00246153624395,1.03808716862128,"GO"
22.4,12,1.03104083668384,1.00641844082136,1.05626562848166,"GO"
22.5,0,1.04576351403898,1.01980110036246,1.07238688691987,"GO"
22.5,1,1.03196425178734,1.01339264577448,1.05087620421117,"GO"
22.5,2,1.01903789147858,1.00604670173036,1.03219683786352,"GO"
22.5,3,1.00763915923932,0.996916261085363,1.01847739360487,"GO"
22.5,4,0.998397022319581,0.986736543831196,1.01019529519638,"GO"
22.5,5,0.991926666182014,0.978549512027342,1.00548669126052,"GO"
22.5,6,0.98884543894465,0.974738079008105,1.00315697435014,"GO"
22.5,7,0.989569190936105,0.976311337849033,1.00300707949103,"GO"
22.5,8,0.993656955589583,0.982198819830515,1.00524875967773,"GO"
22.5,9,1.00047176510807,0.989925695139186,1.01113018653156,"GO"
22.5,10,1.00938473521358,0.996429170149079,1.02250874844396,"GO"
22.5,11,1.01975924874723,1.00113038794252,1.03873475216619,"GO"
22.5,12,1.03093927540956,1.00492022875265,1.05763199821464,"GO"
22.6,0,1.04723867883035,1.019721775996,1.07549811748126,"GO"
22.6,1,1.03289681995378,1.01324629830446,1.05292843650742,"GO"
22.6,2,1.01946367386483,1.00575757133082,1.03335655823577,"GO"
22.6,3,1.00761278174759,0.996320681958067,1.01903286394274,"GO"
22.6,4,0.997990085843055,0.985688778373248,1.01044491252581,"GO"
22.6,5,0.991226675712022,0.977092246220867,1.00556557115592,"GO"
22.6,6,0.987955718538753,0.973042321680396,1.00309768655059,"GO"
22.6,7,0.988603371979076,0.974593338486966,1.00281480335757,"GO"
22.6,8,0.992714669346453,0.98062808483418,1.00495022524495,"GO"
22.6,9,0.999633925480799,0.988545420738516,1.01084680987711,"GO"
22.6,10,1.0087143064266,0.995092102396043,1.02252299012291,"GO"
22.6,11,1.01930105013654,0.999668404146887,1.0393192647677,"GO"
22.6,12,1.03071907096634,1.0032549318264,1.0589350418838,"GO"
22.7,0,1.04867244193526,1.0195417910922,1.07863542238555,"GO"
22.7,1,1.03379357330904,1.01302498373358,1.05498795131014,"GO"
22.7,2,1.01985891486373,1.00541453128057,1.03451081505879,"GO"
22.7,3,1.00756009059304,0.995681396076663,1.0195805005055,"GO"
22.7,4,0.997559260521985,0.98459557843483,1.01069362898732,"GO"
22.7,5,0.990502636518625,0.97558399885021,1.00564941010373,"GO"
22.7,6,0.987038394413927,0.971289964896236,1.00304216789813,"GO"
22.7,7,0.987602392945835,0.972813502410174,1.00261610692683,"GO"
22.7,8,0.991726001612318,0.978989882298338,1.00462781082577,"GO"
22.7,9,0.998735414146573,0.98708830697047,1.01051995087646,"GO"
22.7,10,1.00796647386439,0.993657546723296,1.02248145327833,"GO"
22.7,11,1.01874693785351,0.998077645127175,1.03984427309127,"GO"
22.7,12,1.03038337148025,1.00142512043426,1.06017900945265,"GO"
22.8,0,1.05006578541127,1.01926186573051,1.08180065473275,"GO"
22.8,1,1.03465539265964,1.01272927533902,1.05705622186277,"GO"
22.8,2,1.02022439592914,1.00501801809817,1.03566085314433,"GO"
22.8,3,1.007481789541,0.994998767613012,1.02012142054383,"GO"
22.8,4,0.997105216759237,0.983457351217532,1.01094247966893,"GO"
22.8,5,0.989755254126459,0.974025320490823,1.00573921689971,"GO"
22.8,6,0.986094299508482,0.969481758504155,1.00299150447497,"GO"
22.8,7,0.986567321530529,0.970972812672918,1.00241228920978,"GO"
22.8,8,0.990692348493828,0.977285430041046,1.00428319014537,"GO"
22.8,9,0.99777802631909,0.985555814627995,1.01015180979983,"GO"
22.8,10,1.00714347861755,0.992127331127003,1.022386900046,"GO"
22.8,11,1.01809962264184,0.996360480667506,1.04031308119432,"GO"
22.8,12,1.02993536059537,0.99943382133178,1.06136777079567,"GO"
22.9,0,1.05141970221753,1.01888307247439,1.08499534448689,"GO"
22.9,1,1.03548316566935,1.01235998648822,1.05913449829647,"GO"
22.9,2,1.02056090233924,1.00456862130425,1.03680777330196,"GO"
22.9,3,1.0073785841282,0.994273281586124,1.02065662484789,"GO"
22.9,4,0.996628625444573,0.982274650084447,1.0111923553867,"GO"
22.9,5,0.988985233771569,0.972416938654194,1.00583582385131,"GO"
22.9,6,0.985124266089465,0.967618641483721,1.00294659283353,"GO"
22.9,7,0.98549922499871,0.969072430344622,1.00220447106072,"GO"
22.9,8,0.989615107092441,0.975516098631627,1.00391788670563,"GO"
22.9,9,0.996763561561201,0.983949541691812,1.00974445899723,"GO"
22.9,10,1.00624757214319,0.990503463963435,1.02224193380654,"GO"
22.9,11,1.01736183480423,0.994519563816207,1.04072875041752,"GO"
22.9,12,1.02937825401676,0.997284474532009,1.06250484881942,"GO"
23,0,1.05273519580676,1.01840679726787,1.08822073405583,"GO"
23,1,1.03627778654878,1.01191814594464,1.06122383040376,"GO"
23,2,1.02086922296588,1.00406707016392,1.03795254457336,"GO"
23,3,1.00725118148658,0.993505534341504,1.02118700655106,"GO"
23,4,0.996130157804304,0.981048160333779,1.01144401611194,"GO"
23,5,0.98819328024369,0.970759737702872,1.00593990582011,"GO"
23,6,0.984129125540436,0.965701719185009,1.00290816149146,"GO"
23,7,0.984399169842423,0.967113673345623,1.00199361491205,"GO"
23,8,0.988495674911157,0.973683395206313,1.00353328826258,"GO"
23,9,0.995693822788206,0.982271212031411,1.00929985180803,"GO"
23,10,1.00528101467724,0.988788119301667,1.02204901003891,"GO"
23,11,1.01653632181933,0.992557803809114,1.04109412027424,"GO"
23,12,1.02871529613251,0.994980889816331,1.06359345322939,"GO"
23.1,0,1.05401327972567,1.01783470245066,1.09147781183252,"GO"
23.1,1,1.03704015575204,1.01140497416644,1.06332508946632,"GO"
23.1,2,1.02115015004969,1.00351422054094,1.03909601638172,"GO"
23.1,3,1.00710029017197,0.99269622391296,1.02171336007156,"GO"
23.1,4,0.995610485255281,0.979778685277108,1.01169810411818,"GO"
23.1,5,0.987380097733355,0.969054739714529,1.00605199834957,"GO"
23.1,6,0.983109708155923,0.963732241843974,1.00287679119373,"GO"
23.1,7,0.983268221446162,0.965097996369735,1.00178054347085,"GO"
23.1,8,0.987335449279482,0.971788947702301,1.00313066094115,"GO"
23.1,9,0.99457061530058,0.980522663786428,1.0088198318635,"GO"
23.1,10,1.00424607369117,0.986983621777349,1.02181044778434,"GO"
23.1,11,1.01562584602138,0.990478338962575,1.04141182954796,"GO"
23.1,12,1.02794975671853,0.992527204018509,1.06463651379976,"GO"
23.2,0,1.05525497722414,1.01716869238441,1.09476734320827,"GO"
23.2,1,1.03777117968062,1.01082186097826,1.06543898875855,"GO"
23.2,2,1.02140447898093,1.00291104213786,1.04023893032271,"GO"
23.2,3,1.00692661999738,0.991846140494018,1.02223638996502,"GO"
23.2,4,0.995070279263238,0.978467132898426,1.01195515657224,"GO"
23.2,5,0.98654638968383,0.967303086590756,1.00617251458226,"GO"
23.2,6,0.982066842942587,0.961711584665053,1.00285293365071,"GO"
23.2,7,0.982107443763733,0.963026972182936,1.00156595708818,"GO"
23.2,8,0.98613582679677,0.969834489809654,1.00271116268819,"GO"
23.2,9,0.993395745846479,0.978705837729638,1.0083061424821,"GO"
23.2,10,1.00314502239398,0.985092431354128,1.02152844131646,"GO"
23.2,11,1.01463318234407,0.988284510165539,1.0416843369742,"GO"
23.2,12,1.02708492772916,0.989927839944937,1.06563671229521,"GO"
23.3,0,1.05646132087327,1.01641088195311,1.09808989879821,"GO"
23.3,1,1.0384717703946,1.010170344852,1.06756610249185,"GO"
23.3,2,1.02163300808629,1.00225860632349,1.04138193139603,"GO"
23.3,3,1.00673088187119,0.990956157196556,1.02275671951057,"GO"
23.3,4,0.994510211205499,0.977114503286726,1.0122156173766,"GO"
23.3,5,0.985692858647879,0.965506023585815,1.00630176079173,"GO"
23.3,6,0.981001357427102,0.959641229627193,1.00283692859641,"GO"
23.3,7,0.980917899006056,0.960902274461952,1.00135044963779,"GO"
23.3,8,0.984898202794061,0.967821846845073,1.00227585586033,"GO"
23.3,9,0.992171021714378,0.976822765854602,1.00776043591543,"GO"
23.3,10,1.00198013828041,0.983117128323203,1.02120507168946,"GO"
23.3,11,1.01356111613063,0.985979835440735,1.04191394104196,"GO"
23.3,12,1.02612412017676,0.9871874675307,1.06659651245601,"GO"
23.4,0,1.05763335219266,1.01556356802381,1.10144587979553,"GO"
23.4,1,1.03914284533137,1.00945209391656,1.0697068830813,"GO"
23.4,2,1.02183653842154,1.00155807468515,1.04252557854078,"GO"
23.4,3,1.00651378764015,0.990027221228289,1.02327489889909,"GO"
23.4,4,0.993930952238082,0.975721876963493,1.01247984814208,"GO"
23.4,5,0.984820206149383,0.963664884334227,1.00643995045038,"GO"
23.4,6,0.979914077470744,0.957522749064441,1.00282901911578,"GO"
23.4,7,0.979700647339941,0.958725662237567,1.00113452283961,"GO"
23.4,8,0.9836239708145,0.965752922670813,1.00182571882381,"GO"
23.4,9,0.990898249856114,0.974875560374635,1.00718428225915,"GO"
23.4,10,1.00075370172582,0.98106039879701,1.02084231791028,"GO"
23.4,11,1.01241244101123,0.983567985901984,1.04210279859236,"GO"
23.4,12,1.02507066110277,0.98431096760729,1.06751818767999,"GO"
23.5,0,1.05877212128716,1.01462920382468,1.10483554050019,"GO"
23.5,1,1.03978532703197,1.00866888872658,1.07186167670534,"GO"
23.5,2,1.02201587357028,1.00081068838894,1.04367035439142,"GO"
23.5,3,1.00627604993721,0.98906034557997,1.02379141293292,"GO"
23.5,4,0.993333173167193,0.974290404168029,1.01274813822782,"GO"
23.5,5,0.983929132549803,0.961781077382937,1.00658721682746,"GO"
23.5,6,0.978805827090715,0.955357790994899,1.00282936526746,"GO"
23.5,7,0.978456746597832,0.956498965933627,1.0009185990372,"GO"
23.5,8,0.982314522112414,0.96362968771703,1.00136165650834,"GO"
23.5,9,0.989579236040575,0.972866403268173,1.00657917789429,"GO"
23.5,10,0.999467994628545,0.978925020884299,1.02044206754919,"GO"
23.5,11,1.01118995684931,0.981052763313033,1.04225294201292,"GO"
23.5,12,1.0239278906429,0.981303398477002,1.06840384621473,"GO"
23.6,0,1.05987868649329,1.01361037610892,1.10825900815565,"GO"
23.6,1,1.04040014287521,1.00782260675516,1.07403073719473,"GO"
23.6,2,1.02217181944867,1.00001775838811,1.044816674215,"GO"
23.6,3,1.0060183820343,0.98805660127865,1.0243066881808,"GO"
23.6,4,0.992717544325133,0.972821295117895,1.01302071383161,"GO"
23.6,5,0.983020336919487,0.959856074181382,1.00674362416411,"GO"
23.6,6,0.977677428288178,0.953148066118502,1.00283805608157,"GO"
23.6,7,0.977187251998555,0.95422407494072,1.00070303249036,"GO"
23.6,8,0.980971245171116,0.961454168115887,1.00088450990685,"GO"
23.6,9,0.988215784038244,0.970797536460615,1.00594655336967,"GO"
23.6,10,0.998125299100228,0.976713851673494,1.02000612666335,"GO"
23.6,11,1.00989646775781,0.978438079354444,1.04236629492446,"GO"
23.6,12,1.02269915918844,0.9781699653498,1.06925545381136,"GO"
23.7,0,1.06095411403551,1.01250978491757,1.11171630028299,"GO"
23.7,1,1.04098822481967,1.00691520853033,1.07621423833183,"GO"
23.7,2,1.0223051841164,0.999180656485181,1.04596489402392,"GO"
23.7,3,1.00574149769997,0.987017110235019,1.0248210995602,"GO"
23.7,4,0.992084735450616,0.971315811227707,1.01329774614714,"GO"
23.7,5,0.982094516913841,0.957891398447661,1.00690917750728,"GO"
23.7,6,0.976529700883011,0.950895336370259,1.00285512004588,"GO"
23.7,7,0.975893215879042,0.9519029266296,1.00048811927786,"GO"
23.7,8,0.979595525239455,0.959228435919311,1.00039506454945,"GO"
23.7,9,0.986809694836757,0.968671252695051,1.00528778067328,"GO"
23.7,10,0.996727896204489,0.974429815100483,1.01953622895845,"GO"
23.7,11,1.00853478018637,0.975727936628228,1.04244468633384,"GO"
23.7,12,1.02138782464582,0.974915992596484,1.07007485389206,"GO"
23.8,0,1.06199947769268,1.01133022572383,1.11520733973149,"GO"
23.8,1,1.04155050915363,1.00594872530644,1.07841228466959,"GO"
23.8,2,1.02241677759377,0.998300807229143,1.04711531788362,"GO"
23.8,3,1.00544611106204,0.985943038690682,1.02533497634129,"GO"
23.8,4,0.991435415573519,0.969775257245589,1.01357935862918,"GO"
23.8,5,0.981152368654329,0.955888616807731,1.00708383130545,"GO"
23.8,6,0.975363462355262,0.948601404896908,1.0028805342124,"GO"
23.8,7,0.974575687437043,0.949537496689859,1.00027410592466,"GO"
23.8,8,0.978188743887145,0.956954600347286,0.999894058004697,"GO"
23.8,9,0.985362765887598,0.966489887113993,1.00460417987088,"GO"
23.8,10,0.995278064744416,0.97207589073591,1.01903404415418,"GO"
23.8,11,1.00710770108044,0.97292641137301,1.04248986328183,"GO"
23.8,12,1.01999724979599,0.971546898701659,1.07086378535276,"GO"
23.9,0,1.06301585847473,1.0100745737296,1.11873196767674,"GO"
23.9,1,1.0420879362532,1.00492524814626,1.08062492099552,"GO"
23.9,2,1.02250741168499,0.997379680610639,1.04826820445212,"GO"
23.9,3,1.00513293647511,0.98483559125438,1.02584860758359,"GO"
23.9,4,0.990770252904044,0.968200974250817,1.01386563342297,"GO"
23.9,5,0.980194586614321,0.95384933059394,1.00726749688,"GO"
23.9,6,0.9741795276933,0.946268107317595,1.00291423206364,"GO"
23.9,7,0.9732357124848,0.947129790670398,1.0000611968771,"GO"
23.9,8,0.976752278578877,0.954634799997846,0.999382186477154,"GO"
23.9,9,0.983876790384014,0.964255809550764,1.00389702511342,"GO"
23.9,10,0.99377808009913,0.969655103495202,1.01850118555107,"GO"
23.9,11,1.00561803611291,0.970037637822551,1.04250350205542,"GO"
23.9,12,1.01853079975525,0.968068173755222,1.07162389816606,"GO"
24,0,1.06400434430993,1.00874577008629,1.12228995479561,"GO"
24,1,1.04260145034859,1.00384691828293,1.08285214057171,"GO"
24,2,1.02257789980787,0.996418785507142,1.04942377279978,"GO"
24,3,1.00480268839316,0.983696005504161,1.02636224702841,"GO"
24,4,0.990089914726319,0.966594333447066,1.01415661702351,"GO"
24,5,0.97922186350977,0.951775168686256,1.00746004888853,"GO"
24,6,0.972978709248638,0.943897304129693,1.0029561102773,"GO"
24,7,0.97187433321366,0.944681836597104,0.999849560950467,"GO"
24,8,0.975287502267193,0.952271195941411,0.998860110578312,"GO"
24,9,0.982353556570219,0.961971417511951,1.00316755003188,"GO"
24,10,0.992230213109657,0.967170514250849,1.01793921681972,"GO"
24,11,1.004068587989,0.967065794114471,1.04248721805881,"GO"
24,12,1.01699183953862,0.964485359296091,1.07235676697362,"GO"
24.1,0,1.06496602974277,1.0073468098218,1.12588101083748,"GO"
24.1,1,1.04309199929868,1.00271591863186,1.08509389228155,"GO"
24.1,2,1.0226290568297,0.99541966382309,1.05058220756454,"GO"
24.1,3,1.00445608124706,0.982525547124284,1.02687611747827,"GO"
24.1,4,0.98939506729642,0.964956730681502,1.01445232523445,"GO"
24.1,5,0.978234890194715,0.949667781282072,1.00766133089444,"GO"
24.1,6,0.971761816597408,0.941490874126808,1.00300603452212,"GO"
24.1,7,0.970492587969601,0.942195678547143,0.999639336869243,"GO"
24.1,8,0.973795783004103,0.949865965618951,0.998328460351412,"GO"
24.1,9,0.98079484708188,0.959639129820134,1.00241695255035,"GO"
24.1,10,0.99063672901429,0.964625211309805,1.01734965804968,"GO"
24.1,11,1.00246215482487,0.964015089640929,1.04244257445226,"GO"
24.1,12,1.015383731727,0.960804030311633,1.07306390286627,"GO"
24.2,0,1.06590201564272,1.00588073127061,1.12950479279591,"GO"
24.2,1,1.04356053437399,1.00153446632763,1.08735008680838,"GO"
24.2,2,1.02266169890961,0.994383885267063,1.05174366350054,"GO"
24.2,3,1.00409382932709,0.981325505540704,1.02739041469958,"GO"
24.2,4,0.988686375744814,0.963289581619412,1.01475274749688,"GO"
24.2,5,0.977234355561583,0.947528834486398,1.00787116015051,"GO"
24.2,6,0.970529656408478,0.939050708705067,1.00306384440863,"GO"
24.2,7,0.969091511039633,0.939673371066687,0.999430638013078,"GO"
24.2,8,0.972278483571399,0.947421297464174,0.997787839629652,"GO"
24.2,9,0.979202438317896,0.957261380878301,1.00164639915586,"GO"
24.2,10,0.988999886433525,0.962022302707871,1.01673399110638,"GO"
24.2,11,1.00080152860014,0.960889753726216,1.0423710896742,"GO"
24.2,12,1.01370983423874,0.95702977919642,1.07374676354916,"GO"
24.3,0,1.06681340892398,1.00435060682189,1.13316091186655,"GO"
24.3,1,1.04400801004813,1.00030480616891,1.08962060196339,"GO"
24.3,2,1.02267664334723,0.993313042707778,1.05290826947858,"GO"
24.3,3,1.00371664667051,0.980097190016393,1.02790531088723,"GO"
24.3,4,0.987964503983228,0.961594317506122,1.01505785065604,"GO"
24.3,5,0.976220946446293,0.9453600056224,1.00808933169651,"GO"
24.3,6,0.969283032318158,0.936578706944721,1.0031293577074,"GO"
24.3,7,0.96767213244903,0.937116974328105,0.999223556472048,"GO"
24.3,8,0.970736961129605,0.944939386173196,0.997238829804077,"GO"
24.3,9,0.977578099843402,0.954840615512818,1.00085702866774,"GO"
24.3,10,0.987321936404608,0.95936490926657,1.01609366435028,"GO"
24.3,11,0.999089493684871,0.957694025515429,1.0422742439625,"GO"
24.3,12,1.01197349820648,0.95316820148114,1.07440676208136,"GO"
24.4,0,1.06770132227647,1.00275953481941,1.13684893935834,"GO"
24.4,1,1.04443538379775,0.999029204864254,1.09190528727034,"GO"
24.4,2,1.02267470843789,0.992208748052292,1.05407613199496,"GO"
24.4,3,1.00332524695411,0.97884192616711,1.02842095773048,"GO"
24.4,4,0.987230114615927,0.959872381451635,1.0153675822307,"GO"
24.4,5,0.975195347538142,0.943162979171324,1.00831562186167,"GO"
24.4,6,0.968022744811503,0.934076771365597,1.00320237393595,"GO"
24.4,7,0.966235477769345,0.934528549932762,0.999018166504732,"GO"
24.4,8,0.969172566885499,0.942422428550085,0.996681993072396,"GO"
24.4,9,0.975923593823946,0.952379284349913,1.00004995555144,"GO"
24.4,10,0.98560512146568,0.956656158355059,1.01543009677552,"GO"
24.4,11,0.997328825440893,0.954432144961742,1.0421534849868,"GO"
24.4,12,1.01017806595959,0.949224883154123,1.07504527436641,"GO"
24.5,0,1.06856687390802,1.00111063246596,1.14056841170587,"GO"
24.5,1,1.04484361591121,0.997709945981549,1.09420396790411,"GO"
24.5,2,1.02265671333419,0.991072628592683,1.05524733824256,"GO"
24.5,3,1.00292034339179,0.977561052858851,1.02893748911899,"GO"
24.5,4,0.986483868855394,0.958125225178098,1.01568187324472,"GO"
24.5,5,0.974158241294442,0.940939443260326,1.00854979125296,"GO"
24.5,6,0.966749591110139,0.93154680426643,1.00328267740406,"GO"
24.5,7,0.964782567937152,0.931910157275767,0.998814527482359,"GO"
24.5,8,0.967586645778122,0.939872619862479,0.996117875234139,"GO"
24.5,9,0.974240674490718,0.949879839680618,0.999226272821269,"GO"
24.5,10,0.983851674789431,0.953899178299334,1.01474468162527,"GO"
24.5,11,0.995522288897576,0.951108344805857,1.04201023269769,"GO"
24.5,12,1.00832686911243,0.945205389412008,1.07566364555597,"GO"
24.6,0,1.06941118729816,0.999407029602584,1.14431883471265,"GO"
24.6,1,1.0452336693058,0.996349325514583,1.09651644807027,"GO"
24.6,2,1.02262347791408,0.989906323771203,1.05642195879414,"GO"
24.6,3,1.00250264863719,0.976255919449827,1.02945502352597,"GO"
24.6,4,0.98572642644242,0.956354306175455,1.0160006406754,"GO"
24.6,5,0.973110307859906,0.938691086625972,1.00879158730152,"GO"
24.6,6,0.96546436506662,0.928990704569077,1.0033700397959,"GO"
24.6,7,0.963314419083464,0.929263850398877,0.99861268639234,"GO"
24.6,8,0.965980536183179,0.937292150647684,0.995547008091278,"GO"
24.6,9,0.972531087636716,0.947344731770417,0.998387054575467,"GO"
24.6,10,0.98206381936613,0.951097093382446,1.01403878953942,"GO"
24.6,11,0.993672637502044,0.947726843448867,1.0418458834901,"GO"
24.6,12,1.00642322675875,0.941115254691171,1.07626319551252,"GO"
24.7,0,1.07023539096339,0.997651863250059,1.14809968713852,"GO"
24.7,1,1.04560650935383,0.994949647989774,1.0988425139021,"GO"
24.7,2,1.02257582265547,0.98871148231791,1.05760004994388,"GO"
24.7,3,1.00207287469132,0.974927883341994,1.02997366610335,"GO"
24.7,4,0.984958445570562,0.954561085215953,1.01632378956796,"GO"
24.7,5,0.972052224990756,0.93641959598996,1.0090407464301,"GO"
24.7,6,0.964167857065243,0.92641036509877,1.00346422235752,"GO"
24.7,7,0.961832042373748,0.926591675267013,0.998412679965278,"GO"
24.7,8,0.964355569635722,0.934683203915865,0.994969911507204,"GO"
24.7,9,0.970796570143684,0.944776405572076,0.997533358204556,"GO"
24.7,10,0.980243767235853,0.948253019382177,1.01331377128732,"GO"
24.7,11,0.991782611943587,0.944291838628217,1.04166181376997,"GO"
24.7,12,1.00447044377196,0.936959973846699,1.07684522346151,"GO"
24.8,0,1.07104061823419,0.99584827281447,1.15191042372896,"GO"
24.8,1,1.04596310371748,0.993513223045665,1.10118193594291,"GO"
24.8,2,1.02251456851736,0.98748975971908,1.05878165574868,"GO"
24.8,3,1.00163173281522,0.973578307809702,1.03049351052151,"GO"
24.8,4,0.984180582814985,0.952747024183425,1.0166512148597,"GO"
24.8,5,0.970984667983519,0.93412665379168,1.00929699589679,"GO"
24.8,6,0.962860853929306,0.923807670240794,1.00356497774891,"GO"
24.8,7,0.960336443858476,0.923895667412251,0.998214536481022,"GO"
24.8,8,0.962713070571008,0.932047952702952,0.994387095170885,"GO"
24.8,9,0.969038849539661,0.942177297802881,0.99666622631106,"GO"
24.8,10,0.978393718769672,0.945370059596107,1.01257096013483,"GO"
24.8,11,0.989854939052049,0.940807501815066,1.04145938300388,"GO"
24.8,12,1.00247180921114,0.93274499436032,1.07741101194787,"GO"
24.9,0,1.07182800704391,0.99399939587263,1.15575047777084,"GO"
24.9,1,1.04630442219253,0.992042362426131,1.10353447127229,"GO"
24.9,2,1.02244053682747,0.986242815978836,1.05996680980689,"GO"
24.9,3,1.00117993344763,0.972208560075745,1.03101464058299,"GO"
24.9,4,0.983393493065662,0.9509135841783,1.01698280295316,"GO"
24.9,5,0.969908309608514,0.931813936229593,1.00956005536266,"GO"
24.9,6,0.961544138834756,0.921184493922203,1.00367205161136,"GO"
24.9,7,0.958828624334148,0.921177849896765,0.998018277301767,"GO"
24.9,8,0.961054356083389,0.929388557931452,0.993799060107409,"GO"
24.9,9,0.967259643586917,0.939549834350599,0.995786688375668,"GO"
24.9,10,0.976515861999529,0.942451301307859,1.0118116738906,"GO"
24.9,11,0.987892330769859,0.937277973259837,1.04123993632287,"GO"
24.9,12,1.00043059483247,0.928475709472301,1.07796183019767,"GO"
25,0,1.07259869972953,0.992108364464675,1.15961926324677,"GO"
25,1,1.04663143656095,0.990539377336019,1.10589986532765,"GO"
25,2,1.02235454917652,0.984972313640459,1.06115553680777,"GO"
25,3,1.00071818612774,0.970820009607812,1.03153713163715,"GO"
25,4,0.982597829464918,0.94906222386391,1.01731843307211,"GO"
25,5,0.968823820047969,0.929483111569907,1.00982963822441,"GO"
25,6,0.960218491230192,0.918542697874465,1.00378518389397,"GO"
25,7,0.957309579214684,0.918440231552902,0.997823918173393,"GO"
25,8,0.959380735703118,0.926707166542556,0.993206299970907,"GO"
25,9,0.965460659900093,0.936896427975579,0.994895762201603,"GO"
25,10,0.97461237199648,0.939499812652375,1.01103721667273,"GO"
25,11,0.985897483197274,0.933707357620718,1.04100480674326,"GO"
25,12,0.998350053705511,0.924157452144837,1.07849893697291,"GO"
25.1,0,1.07335384284454,0.990178301831591,1.16351617665025,"GO"
25.1,1,1.04694512045254,0.989006576114735,1.10827785346518,"GO"
25.1,2,1.02225742731896,0.983679916037585,1.06234785388143,"GO"
25.1,3,1.00024719942286,0.969414026611051,1.03206105182002,"GO"
25.1,4,0.981794243349297,0.947194398023906,1.01765797843062,"GO"
25.1,5,0.967731866838776,0.927135838686848,1.01010545274755,"GO"
25.1,6,0.958884686763167,0.915884130139273,1.00390410997631,"GO"
25.1,7,0.955780298413128,0.915684805464464,0.997631470330364,"GO"
25.1,8,0.957693511190908,0.924005909867535,0.992609302151169,"GO"
25.1,9,0.963643595594265,0.934219476279586,0.993994455165841,"GO"
25.1,10,0.972685410296949,0.936518639842051,1.01024888043244,"GO"
25.1,11,0.983873075710362,0.930099720117335,1.04075531705961,"GO"
25.1,12,0.99623341893385,0.919795489775653,1.07902358299529,"GO"
25.2,0,1.07409458698386,0.988212319544365,1.16744059851426,"GO"
25.2,1,1.0472464492155,0.987446262189341,1.11066816229861,"GO"
25.2,2,1.02214999308039,0.982367285748973,1.06354377177541,"GO"
25.2,3,0.999767680861179,0.967991980694931,1.03258646314091,"GO"
25.2,4,0.980983384195755,0.945311556304455,1.01800130724121,"GO"
25.2,5,0.966633114819832,0.924773765803829,1.01038720303026,"GO"
25.2,6,0.957543497212756,0.913210623785242,1.00402856161916,"GO"
25.2,7,0.954241766233569,0.912913547658436,0.997440941434304,"GO"
25.2,8,0.955993976350106,0.921286902210606,0.992008548721084,"GO"
25.2,9,0.961810136962718,0.931521359914923,0.993083765302742,"GO"
25.2,10,0.9707371243766,0.933510804719395,1.00944794626797,"GO"
25.2,11,0.981821770151157,0.926459083158547,1.04049278145809,"GO"
25.2,12,0.994083902479211,0.915395019590537,1.07953701300486,"GO"
25.3,0,1.07482208662116,0.986213514979174,1.17139189469845,"GO"
25.3,1,1.04753639979606,0.985860732274011,1.11307051084847,"GO"
25.3,2,1.02203306827147,0.98103608323366,1.06474329588101,"GO"
25.3,3,0.999280336869448,0.966555239695035,1.0331134224351,"GO"
25.3,4,0.980165899572126,0.943415142118275,1.01834828358478,"GO"
25.3,5,0.965528226083951,0.922398529409244,1.01067458982386,"GO"
25.3,6,0.956195690428327,0.910523995807987,1.00415826777015,"GO"
25.3,7,0.95269496127319,0.91012841598079,0.997252336371929,"GO"
25.3,8,0.954283416856307,0.918552239619095,0.991404517248337,"GO"
25.3,9,0.959961959184122,0.928804441010205,0.992164682242828,"GO"
25.3,10,0.968769647171404,0.930479302605502,1.00863568555755,"GO"
25.3,11,0.979746210089381,0.922789423399412,1.04021850689226,"GO"
25.3,12,0.991904694088347,0.910961164652282,1.08004046750999,"GO"
25.4,0,1.07553749995834,0.984184969099633,1.17536941747332,"GO"
25.4,1,1.04781595062718,0.984252274787284,1.11548461153012,"GO"
25.4,2,1.02190747460852,0.979687965626155,1.0659464271293,"GO"
25.4,3,0.998785872715711,0.965105168632544,1.03364198219966,"GO"
25.4,4,0.979342435091883,0.941506591690589,1.0186987681621,"GO"
25.4,5,0.964417859934312,0.920011753324387,1.01096731123209,"GO"
25.4,6,0.954842030274477,0.907826046190098,1.00429295524726,"GO"
25.4,7,0.951140856334353,0.907331349133854,0.997065657934173,"GO"
25.4,8,0.952563110104259,0.915803998819967,0.990797681491534,"GO"
25.4,9,0.95810072605885,0.926071061791759,0.991238188026777,"GO"
25.4,10,0.966785096645438,0.927427100416968,1.00781336093748,"GO"
25.4,11,0.977649020155043,0.919094669187754,1.03993379425734,"GO"
25.4,12,0.989698960321695,0.906498970431187,1.08053518427708,"GO"
25.5,0,1.0762419887875,0.98212974451279,1.17937250643385,"GO"
25.5,1,1.04808608152638,0.982623168462533,1.1179101710049,"GO"
25.5,2,1.02177403364063,0.978324585673848,1.06715316277485,"GO"
25.5,3,0.998284992456973,0.963643128796195,1.03417219132747,"GO"
25.5,4,0.978513634373136,0.939587333229757,1.01905261894371,"GO"
25.5,5,0.963302672845411,0.917615047904243,1.01126506330784,"GO"
25.5,6,0.953483276582081,0.905118557101028,1.00443234931954,"GO"
25.5,7,0.949580418346631,0.904524265855978,0.996880907395065,"GO"
25.5,8,0.950834325071875,0.913044236304579,0.990188511998116,"GO"
25.5,9,0.95622808977413,0.923323543381985,0.990305257812319,"GO"
25.5,10,0.964785575404942,0.924357135026872,1.00698222714794,"GO"
25.5,11,0.97553280544121,0.915378698365548,1.03963993939474,"GO"
25.5,12,0.987469843682799,0.902013401888935,1.08102239960177,"GO"
25.6,0,1.07693671836547,0.980050883770343,1.18340048927047,"GO"
25.6,1,1.04834777360269,0.980975681130505,1.12034689091492,"GO"
25.6,2,1.02163356668339,0.97694759080106,1.06836349708218,"GO"
25.6,3,0.997778398891842,0.962170476933265,1.03470409575269,"GO"
25.6,4,0.977680139001877,0.937658786207633,1.01940969173307,"GO"
25.6,5,0.962183318428494,0.915210009354727,1.01156754056351,"GO"
25.6,6,0.952120185105395,0.902403292219859,1.00457617420157,"GO"
25.6,7,0.948014608298689,0.90170906422703,0.996698085006093,"GO"
25.6,8,0.94909832220117,0.910274987545971,0.989577476618938,"GO"
25.6,9,0.954345690697706,0.920564184758134,0.989366860489555,"GO"
25.6,10,0.962773170358122,0.921272311848247,1.00614353176622,"GO"
25.6,11,0.97340015097616,0.9116453363945,1.03933823395373,"GO"
25.6,12,0.985220461847397,0.897509341033407,1.08150334939708,"GO"
25.7,0,1.07762285730072,0.977951407890663,1.18745268242079,"GO"
25.7,1,1.04860200917271,0.979312068655716,1.12279446851952,"GO"
25.7,2,1.02148689475924,0.975558622286109,1.06957742192848,"GO"
25.7,3,0.997266793518123,0.960688564537765,1.03523773901945,"GO"
25.7,4,0.976842588499423,0.935722360736744,1.01976984065545,"GO"
25.7,5,0.961060447401426,0.912798219152274,1.01187443640854,"GO"
25.7,6,0.950753507485159,0.899681996166397,1.00472415347539,"GO"
25.7,7,0.946444381179915,0.89888762108562,0.996517190419413,"GO"
25.7,8,0.947356353295962,0.907498266335095,0.988965040952295,"GO"
25.7,9,0.952455157199718,0.917795261856892,0.98842395921825,"GO"
25.7,10,0.960749952420171,0.918175503620851,1.00529851584509,"GO"
25.7,11,0.971253621264119,0.907898354778863,1.03902996613363,"GO"
25.7,12,0.982953906990996,0.892991584906949,1.08197927012889,"GO"
25.8,0,1.07830157745311,0.97583431508065,1.19152839162226,"GO"
25.8,1,1.04884977168598,0.97763457401103,1.12525259724838,"GO"
25.8,2,1.0213348385444,0.974159314539541,1.07079492733443,"GO"
25.8,3,0.996750876495336,0.959198737225422,1.03577316278382,"GO"
25.8,4,0.976001620294066,0.933779457033094,1.02013291858367,"GO"
25.8,5,0.959934707562982,0.910381243553775,1.01218544352578,"GO"
25.8,6,0.949383991217666,0.896956394028202,1.0048760104519,"GO"
25.8,7,0.944870685931698,0.896061791545975,0.996338223051252,"GO"
25.8,8,0.945609661436121,0.904716064224218,0.988351668728332,"GO"
25.8,9,0.950558105502437,0.915019026811833,0.987477511898988,"GO"
25.8,10,0.958717976262959,0.915069549384275,1.00444841447102,"GO"
25.8,11,0.969095759893725,0.904141469761673,1.0387164213268,"GO"
25.8,12,0.980673245213697,0.888464843974882,1.08245139962471,"GO"
25.9,0,1.07897405384621,0.973702579639386,1.19562691238271,"GO"
25.9,1,1.04909204565941,0.975945426476911,1.12772096718452,"GO"
25.9,2,1.02117821832238,0.972751294473125,1.07201600193283,"GO"
25.9,3,0.996231346612169,0.957702334186325,1.03631040725813,"GO"
25.9,4,0.975157869696871,0.931831464954965,1.02049877750983,"GO"
25.9,5,0.958806743771499,0.907960633186533,1.01250025419642,"GO"
25.9,6,0.948012379629709,0.89422819097293,1.00503146848162,"GO"
25.9,7,0.943294465408264,0.893233408604097,0.996161182395101,"GO"
25.9,8,0.943859480908204,0.90193035006727,0.987737822143205,"GO"
25.9,9,0.948656139557538,0.912237707312318,0.986528471588491,"GO"
25.9,10,0.956679280108829,0.911957253622311,1.00359445725577,"GO"
25.9,11,0.966929089213349,0.90037834127335,1.03839888267938,"GO"
25.9,12,0.978381516060987,0.883933740884683,1.08292097777799,"GO"
26,0,1.07964146459243,0.971559151028047,1.19974753038341,"GO"
26,1,1.0493298166211,0.974246840953649,1.13019926548826,"GO"
26,2,1.02101785394407,0.971336180950604,1.07324063338433,"GO"
26,3,0.995708901258824,0.956200687707202,1.0368495116055,"GO"
26,4,0.974311969881635,0.929879763609326,1.0208672688714,"GO"
26,5,0.957677197927893,0.905537922709406,1.01281856058207,"GO"
26,6,0.946639411859381,0.891499071936898,1.00519025122317,"GO"
26,7,0.941716656346949,0.89040428282428,0.995986068292858,"GO"
26,8,0.942107037152265,0.89914306964826,0.987123962151017,"GO"
26,9,0.946750850950554,0.909453506073733,0.985577786868116,"GO"
26,10,0.954635885567926,0.908841385565206,1.00273786877267,"GO"
26,11,0.964756110072357,0.896612572113982,1.03807863158495,"GO"
26,12,0.976081732139163,0.879402809569433,1.08338924716679,"GO"
26.1,0,1.08030499083103,0.969406953092592,1.20388952182703,"GO"
26.1,1,1.04956407106323,0.972541017376488,1.13268717677167,"GO"
26.1,2,1.02085456479446,0.969915584312265,1.07446880874755,"GO"
26.1,3,0.995184236404254,0.954695122756273,1.03739051429129,"GO"
26.1,4,0.973464551868956,0.927925721018627,1.02123824383827,"GO"
26.1,5,0.956546708962972,0.903114630537545,1.01314005497097,"GO"
26.1,6,0.945265822842659,0.888770701382074,1.00535208287688,"GO"
26.1,7,0.940138189347819,0.88757620209829,0.995812881170868,"GO"
26.1,8,0.94035354672465,0.896356145390027,0.98651054872041,"GO"
26.1,9,0.944843818832177,0.906668600410118,0.98462640217336,"GO"
26.1,10,0.952589797518459,0.905724678637916,1.00187986894749,"GO"
26.1,11,0.962579301627401,0.89284770735263,1.03775694812369,"GO"
26.1,12,0.973776878824012,0.874876494671782,1.08385745360318,"GO"
26.2,0,1.08096581667892,0.967248883427559,1.20805215374109,"GO"
26.2,1,1.04979579640437,0.97083014022487,1.13518438343192,"GO"
26.2,2,1.0206891697659,0.968491105966447,1.07570051481041,"GO"
26.2,3,0.994658046578276,0.953186956624501,1.0379334533977,"GO"
26.2,4,0.972616244514402,0.925970693841698,1.02161155356718,"GO"
26.2,5,0.95541591282903,0.900692258624166,1.01346442999442,"GO"
26.2,6,0.943892343305711,0.88604472311474,1.0055166883893,"GO"
26.2,7,0.938559988862533,0.884750931470549,0.995641622246725,"GO"
26.2,8,0.938600217276588,0.893571476136567,0.985898041061706,"GO"
26.2,9,0.942936609876028,0.903885141901265,0.983675258091166,"GO"
26.2,10,0.950543004029318,0.902609830043752,1.00102167341262,"GO"
26.2,11,0.960401121212789,0.889087233928791,1.03743511145798,"GO"
26.2,12,0.971469914061346,0.870359151267047,1.08432684662701,"GO"
26.3,0,1.08162512919451,0.965087812870762,1.21223468424599,"GO"
26.3,1,1.05002598096101,0.969116378118185,1.13769056595045,"GO"
26.3,2,1.02052248723794,0.967064338041928,1.07693573838843,"GO"
26.3,3,0.994131024858528,0.951677498617788,1.0384783669065,"GO"
26.3,4,0.971767674500754,0.924016027143298,1.02198704942826,"GO"
26.3,5,0.95428544249569,0.898272292293739,1.0137913788188,"GO"
26.3,6,0.942519699762879,0.88332276016005,1.0056837936341,"GO"
26.3,7,0.936982973192334,0.881930213023548,0.995472293711866,"GO"
26.3,8,0.93684824754837,0.890790937003002,0.985286897829646,"GO"
26.3,9,0.941030778262568,0.901105256147207,0.98272529163096,"GO"
26.3,10,0.948497476324421,0.899499500473969,1.00016449383212,"GO"
26.3,11,0.958224004273979,0.885334580442663,1.03711440019407,"GO"
26.3,12,0.969163768257982,0.865855044866011,1.08479867995614,"GO"
16.3,0,0.91626196206298,0.773440083549446,1.08545703924567,"PE"
16.3,1,0.981888629567448,0.879949019849375,1.09563765528016,"PE"
16.3,2,1.04633195698019,0.984378240963311,1.11218484789609,"PE"
16.3,3,1.10256986819873,1.04995096913751,1.15782579376862,"PE"
16.3,4,1.14244895844515,1.06228622379398,1.22866097047827,"PE"
16.3,5,1.15751395241831,1.05226193189993,1.2732937583553,"PE"
16.3,6,1.14035242586313,1.02819793419982,1.2647405834208,"PE"
16.3,7,1.08830802488496,0.990979064181802,1.19519614474086,"PE"
16.3,8,1.00992238841894,0.941487062351861,1.0833321788639,"PE"
16.3,9,0.916395420921933,0.872480703065589,0.962520505652439,"PE"
16.3,10,0.817658352465924,0.763415562179142,0.875755243250339,"PE"
16.3,11,0.721423384428979,0.639290257987649,0.814108604187455,"PE"
16.3,12,0.63295558919043,0.527007127974744,0.760203717598682,"PE"
16.4,0,0.922871339054068,0.782479583784503,1.08845205178159,"PE"
16.4,1,0.986005331209551,0.886143317148995,1.09712108003201,"PE"
16.4,2,1.04776405006699,0.987218376121208,1.11202296388169,"PE"
16.4,3,1.10138707242063,1.05008132042329,1.15519956378836,"PE"
16.4,4,1.13908159024803,1.06114414432559,1.22274327779155,"PE"
16.4,5,1.15280059946936,1.05058932553987,1.26495595360632,"PE"
16.4,6,1.135492271271,1.02658737188476,1.25595028092836,"PE"
16.4,7,1.08461485925447,0.990014992438158,1.18825411928202,"PE"
16.4,8,1.00831805919457,0.941657801173525,1.07969721827914,"PE"
16.4,9,0.917284476053572,0.874361209213311,0.962314889021574,"PE"
16.4,10,0.82101089174095,0.767905273518683,0.877789107071251,"PE"
16.4,11,0.726919040788888,0.646238203863081,0.817672630158201,"PE"
16.4,12,0.640131644334462,0.535606082766789,0.76505576628554,"PE"
16.5,0,0.929514077617831,0.791595816815152,1.09146157942808,"PE"
16.5,1,0.990128755444551,0.892359404500965,1.09860998540876,"PE"
16.5,2,1.04919168799691,0.990053183317859,1.11186269254023,"PE"
16.5,3,1.10020329392549,1.0502039129618,1.15258310602821,"PE"
16.5,4,1.13572565971137,1.05999606540868,1.2168656245243,"PE"
16.5,5,1.1481107904253,1.04891189234299,1.25669124043068,"PE"
16.5,6,1.1306585953806,1.02497224041162,1.24724242170172,"PE"
16.5,7,1.08093974387267,0.98904607863961,1.18137137906722,"PE"
16.5,8,1.00672026557637,0.941824635204027,1.07608747450379,"PE"
16.5,9,0.91817613521839,0.876242803430895,0.962116221649592,"PE"
16.5,10,0.824376470654154,0.772414916403457,0.879833559575156,"PE"
16.5,11,0.732453580683375,0.653250144234743,0.821260052662326,"PE"
16.5,12,0.647384192932593,0.544329949882507,0.769948986546576,"PE"
16.6,0,0.93617938881857,0.80077663418578,1.094477299453,"PE"
16.6,1,0.994250898673984,0.898587753329876,1.10009828850976,"PE"
16.6,2,1.05061002448101,0.992876809526173,1.1117002763583,"PE"
16.6,3,1.09901685006295,1.05031619358424,1.14997563981234,"PE"
16.6,4,1.13238225626384,1.05884143085831,1.21103078981501,"PE"
16.6,5,1.14344764751165,1.04723043340484,1.24850508626736,"PE"
16.6,6,1.1258555458643,1.02335413035581,1.23862373009888,"PE"
16.6,7,1.07728670840691,0.988074106326849,1.17455426134434,"PE"
16.6,8,1.00513197310084,0.941989020890737,1.07250749312797,"PE"
16.6,9,0.919071713041728,0.878125981948437,0.961926683730735,"PE"
16.6,10,0.827754604416316,0.776942902745219,0.881889367560256,"PE"
16.6,11,0.738024999731061,0.660322658490774,0.824870831288676,"PE"
16.6,12,0.654710298930186,0.553174754821243,0.774882750503987,"PE"
16.7,0,0.942856172888766,0.810009327609518,1.0974907725791,"PE"
16.7,1,0.998363625016172,0.904818587294564,1.10157985451612,"PE"
16.7,2,1.05201418736469,0.99568335022763,1.11153194453194,"PE"
16.7,3,1.09782606548493,1.05041561919086,1.14737637944351,"PE"
16.7,4,1.12905245618305,1.05767969734521,1.205241484745,"PE"
16.7,5,1.13881424096373,1.04554575645169,1.24040279195733,"PE"
16.7,6,1.12108719837685,1.02173463494811,1.23010071634527,"PE"
16.7,7,1.07365972744233,0.987100864576822,1.16780893594468,"PE"
16.7,8,1.00355612862328,0.942152427483689,1.0689617453804,"PE"
16.7,9,0.919972529289207,0.880011255313084,0.961748443030622,"PE"
16.7,10,0.831144799674707,0.781487612827651,0.883957297194752,"PE"
16.7,11,0.743631226413987,0.667452166470442,0.828504915673922,"PE"
16.7,12,0.662106866078445,0.562136186694756,0.779856398652853,"PE"
16.8,0,0.949533017279919,0.81928062637797,1.10049343518683,"PE"
16.8,1,1.00245866675203,0.911041886305599,1.10304849167953,"PE"
16.8,2,1.05339927916998,0.998466853294621,1.11135390994137,"PE"
16.8,3,1.09662927219913,1.05049965910318,1.14478453202989,"PE"
16.8,4,1.12573732272465,1.05651033705484,1.19950035066194,"PE"
16.8,5,1.1342135898169,1.04385867912707,1.23238949203462,"PE"
16.8,6,1.11635755778579,1.02011535363688,1.22167967807007,"PE"
16.8,7,1.07006272139226,0.986128151296711,1.16114140561523,"PE"
16.8,8,1.00199566064194,0.942316339665668,1.06545462673554,"PE"
16.8,9,0.920879908932195,0.881899150271949,0.961583653202826,"PE"
16.8,10,0.834546554434018,0.786047396939152,0.886038111988819,"PE"
16.8,11,0.749270120979598,0.674634927725994,0.832162242303587,"PE"
16.8,12,0.669570633871199,0.571209589851709,0.784869234879385,"PE"
16.9,0,0.956198196065894,0.828576697952527,1.10347659114601,"PE"
16.9,1,1.00652762544695,0.917247392304315,1.10449794601515,"PE"
16.9,2,1.05476037786479,1.00122132355468,1.11116236594288,"PE"
16.9,3,1.09542480964801,1.05056579766704,1.14219929513894,"PE"
16.9,4,1.12243790626153,1.05533284063684,1.19380995729508,"PE"
16.9,5,1.12964866277748,1.04217003266329,1.22447015488809,"PE"
16.9,6,1.11167055954656,1.01849789608798,1.21336670179611,"PE"
16.9,7,1.0664995575533,0.985157776928641,1.15455750631889,"PE"
16.9,8,1.00045347970812,0.942482260487832,1.06199045544052,"PE"
16.9,9,0.921795182232291,0.883790211833334,0.961434451988364,"PE"
16.9,10,0.837959357980247,0.790620577313865,0.888132570508488,"PE"
16.9,11,0.754939474402465,0.681867041471889,0.835842730836209,"PE"
16.9,12,0.677098173631602,0.58038995657847,0.789920520744341,"PE"
17,0,0.962839670763019,0.837883152042906,1.10643140315532,"PE"
17,1,1.010561973767,0.923424616932293,1.10592189562424,"PE"
17,2,1.0560925378612,1.00394072807312,1.11095348294794,"PE"
17,3,1.09421102481293,1.05061153712434,1.13961985426061,"PE"
17,4,1.1191552444329,1.05414672048236,1.18817280062167,"PE"
17,5,1.12512237917217,1.04048066599118,1.21664958272736,"PE"
17,6,1.10703007121766,1.01688388668097,1.20516766430448,"PE"
17,7,1.06297405130131,0.984191568616749,1.14806290743578,"PE"
17,8,0.99893247892112,0.942651714645136,1.05857347092308,"PE"
17,9,0.922719684844973,0.885685005523016,0.961302959281363,"PE"
17,10,0.84138269080767,0.79520545041911,0.890241423795128,"PE"
17,11,0.760637007409429,0.689144447316185,0.839546279874937,"PE"
17,12,0.684685884765106,0.589671921064193,0.795009468910327,"PE"
17.1,0,0.969445092631078,0.847185048492171,1.10934888345727,"PE"
17.1,1,1.01455305800761,0.92956285122504,1.10731394456663,"PE"
17.1,2,1.05739079124449,1.00661900219065,1.11072340475936,"PE"
17.1,3,1.09298627234336,1.05063440077124,1.13704538006189,"PE"
17.1,4,1.115890362303,1.05295151437029,1.18259130044123,"PE"
17.1,5,1.12063760997351,1.03879145034687,1.20893241128217,"PE"
17.1,6,1.10243989411157,1.01527496956579,1.19708823379002,"PE"
17.1,7,1.05948996742514,0.983231374893146,1.14166311179452,"PE"
17.1,8,0.997435534507352,0.942826252128316,1.0552078320392,"PE"
17.1,9,0.923654757942551,0.887584119852948,0.961191275043606,"PE"
17.1,10,0.844816024548986,0.799800289631273,0.89236541245039,"PE"
17.1,11,0.766360369571942,0.696462926879477,0.84327276210077,"PE"
17.1,12,0.692329991195649,0.599049754838842,0.800135235574739,"PE"
17.2,0,0.976001806518797,0.856466909299317,1.1122198837866,"PE"
17.2,1,1.01849210135205,0.935651177467315,1.10866761619905,"PE"
17.2,2,1.05865014923469,1.00925005635194,1.11046824463472,"PE"
17.2,3,1.09174891471087,1.05063193642087,1.13447502541452,"PE"
17.2,4,1.11264427252919,1.05174678952631,1.17706779761086,"PE"
17.2,5,1.11619717889902,1.03710328443972,1.201323109159,"PE"
17.2,6,1.09790376507728,1.01367281435059,1.18913387071853,"PE"
17.2,7,1.0560510215948,0.982279070944199,1.13536345545815,"PE"
17.2,8,0.99596550648262,0.943007452291537,1.05189761511717,"PE"
17.2,9,0.924601748356549,0.889488169020133,0.961101477050266,"PE"
17.2,10,0.848258821908728,0.80440334834613,0.894505263342548,"PE"
17.2,11,0.772107138469465,0.703818106418429,0.847022018670669,"PE"
17.2,12,0.700026538002593,0.608517363915107,0.805296911751329,"PE"
17.3,0,0.982496856316296,0.865712735119548,1.11503508440141,"PE"
17.3,1,1.02237020787659,0.941678483349679,1.10997634589202,"PE"
17.3,2,1.05986560388206,1.01182778375969,1.1101840810482,"PE"
17.3,3,1.09049732238774,1.05060172018803,1.13190792217815,"PE"
17.3,4,1.1094179755394,1.05053214714177,1.17160455089229,"PE"
17.3,5,1.11180386358194,1.03541710025064,1.19382597677449,"PE"
17.3,6,1.09342535841027,1.01207912249668,1.18130982829215,"PE"
17.3,7,1.05266088196107,0.981336564523265,1.12916910718534,"PE"
17.3,8,0.994525239396888,0.943196928376775,1.0486468117529,"PE"
17.3,9,0.925562008739682,0.891397795853493,0.96103561844911,"PE"
17.3,10,0.851710536600054,0.809012863573624,0.896661685886204,"PE"
17.3,11,0.77787481892786,0.711205460583184,0.850793852772,"PE"
17.3,12,0.707771388276542,0.618068287888957,0.810493513223093,"PE"
17.4,0,0.98891699207534,0.874906026587639,1.1177849820393,"PE"
17.4,1,1.02617836731832,0.947633478565775,1.11123347303628,"PE"
17.4,2,1.06103212999793,1.01434606888604,1.10986695312409,"PE"
17.4,3,1.08922987404987,1.05054136061262,1.12934317772204,"PE"
17.4,4,1.10621245971845,1.0493072274019,1.16620373335868,"PE"
17.4,5,1.10746039681144,1.03373386953525,1.18644514478099,"PE"
17.4,6,1.08900828788635,1.01049563450278,1.17362115242457,"PE"
17.4,7,1.04932317088352,0.980405802580339,1.12308506748441,"PE"
17.4,8,0.993117563160769,0.943396332537565,1.04545932631036,"PE"
17.4,9,0.926536897747571,0.893313675026338,0.960995725115685,"PE"
17.4,10,0.855170613285008,0.813627060070973,0.898835367843425,"PE"
17.4,11,0.78366084233677,0.718620317450907,0.854588022212342,"PE"
17.4,12,0.715560220212628,0.627695701278543,0.815723968967458,"PE"
17.5,0,0.995248678855955,0.88402981080996,1.12045987663809,"PE"
17.5,1,1.02990746062059,0.953504713986876,1.11243223225065,"PE"
17.5,2,1.06214468732177,1.01679879686912,1.10951285571896,"PE"
17.5,3,1.08794495680393,1.05044850313684,1.12677987116986,"PE"
17.5,4,1.1030287016033,1.04807171507488,1.16086742830736,"PE"
17.5,5,1.10316946784018,1.03205461111031,1.1791845718954,"PE"
17.5,6,1.08465610891548,1.00892413796509,1.166072681124,"PE"
17.5,7,1.04604146678428,0.979488778682626,1.11711616717434,"PE"
17.5,8,0.991745293953092,0.943607361405491,1.04233897307998,"PE"
17.5,9,0.927527780240359,0.895236516551278,0.960983792787825,"PE"
17.5,10,0.858638487518367,0.818244155071651,0.901026970590788,"PE"
17.5,11,0.789462566050058,0.726057864990876,0.858404230910955,"PE"
17.5,12,0.723388524460412,0.637392417406922,0.820987107832089,"PE"
17.6,0,1.00147810735512,0.893066673364164,1.12304985666241,"PE"
17.6,1,1.03354826626962,0.959280603543442,1.1135657437074,"PE"
17.6,2,1.06319822292544,1.01917986381683,1.1091177341343,"PE"
17.6,3,1.08664096643833,1.05032083494905,1.12421704935456,"PE"
17.6,4,1.09986766608689,1.04682534571417,1.15559762462394,"PE"
17.6,5,1.09893372375734,1.03038039900546,1.17204804204042,"PE"
17.6,6,1.0803723208124,1.00736647660381,1.15866904317944,"PE"
17.6,7,1.04281930612502,0.978587541302479,1.11126706536614,"PE"
17.6,8,0.990411235208933,0.943831762242667,1.03928947304899,"PE"
17.6,9,0.928536027504399,0.89716706957316,0.9610017839641,"PE"
17.6,10,0.862113585695166,0.822862363670822,0.90323712379377,"PE"
17.6,11,0.795277272873431,0.733513159129561,0.862242119145526,"PE"
17.6,12,0.731251601749936,0.647150895159797,0.82628164321678,"PE"
17.7,0,1.00759120636976,0.901998796130283,1.12554478288576,"PE"
17.7,1,1.03709146743485,0.964949448931748,1.11462700249934,"PE"
17.7,2,1.06418767385511,1.0214831880321,1.10867747844869,"PE"
17.7,3,1.08531630769789,1.05015609020374,1.12165372247326,"PE"
17.7,4,1.09673030663045,1.04556791252643,1.15039621154338,"PE"
17.7,5,1.09475577092542,1.02871237156353,1.16503916070625,"PE"
17.7,6,1.07616036918068,1.00582456034841,1.15141465604493,"PE"
17.7,7,1.03966018550471,0.977704203049926,1.10554224677757,"PE"
17.7,8,0.989118178687631,0.944071339721951,1.03631445023899,"PE"
17.7,9,0.929563017494185,0.899106126473583,0.961051624552892,"PE"
17.7,10,0.865595325002015,0.827479904930042,0.905466419427657,"PE"
17.7,11,0.801102170643399,0.740981133596352,0.866101252395942,"PE"
17.7,12,0.739144560813913,0.65696324897431,0.831606155494637,"PE"
17.8,0,1.01357365714207,0.910808001250712,1.12793427049568,"PE"
17.8,1,1.04052765992348,0.970499467245926,1.11560886698712,"PE"
17.8,2,1.06510797001087,1.02370272216359,1.10818791746788,"PE"
17.8,3,1.08396939458184,1.04995205562283,1.11908885943666,"PE"
17.8,4,1.09361756548401,1.04429927395488,1.14526497275613,"PE"
17.8,5,1.09063817647882,1.02705174157226,1.1581613504419,"PE"
17.8,6,1.07202364840737,1.00430037657371,1.14431372281807,"PE"
17.8,7,1.03656756387605,0.976840950925471,1.099946018297,"PE"
17.8,8,0.987868905620336,0.944327963373519,1.03341742756962,"PE"
17.8,9,0.930610135094717,0.901054527297764,0.961135200261655,"PE"
17.8,10,0.869083113372312,0.832095008765056,0.907715405083235,"PE"
17.8,11,0.806934391901792,0.748456611741163,0.869981108616485,"PE"
17.8,12,0.747062316626349,0.666821262437224,0.836959071885728,"PE"
17.9,0,1.01941090963034,0.919475801476556,1.13020766941832,"PE"
17.9,1,1.04384736095827,0.975918821610567,1.11650404608586,"PE"
17.9,2,1.06595403726398,1.02583246627281,1.1076448123033,"PE"
17.9,3,1.082598650665,1.04970657647753,1.11652138291311,"PE"
17.9,4,1.09053037391511,1.04301936202415,1.14020557981156,"PE"
17.9,5,1.08658346988285,1.02539980750649,1.15141784539021,"PE"
17.9,6,1.06796550426551,1.00279600257476,1.13737022821455,"PE"
17.9,7,1.03354486487861,0.976000057664391,1.09448250471751,"PE"
17.9,8,0.986666187936756,0.944603575731258,1.03060182221311,"PE"
17.9,9,0.931678772404493,0.903013164510725,0.961254352719721,"PE"
17.9,10,0.872576349445458,0.836705923679682,0.909984576496254,"PE"
17.9,11,0.812770993670068,0.755934320522843,0.873881063760311,"PE"
17.9,12,0.754999588978222,0.676716405888883,0.842338643480267,"PE"
18,0,1.02508820074304,0.927983457101177,1.13235404280276,"PE"
18,1,1.04704101878552,0.981195654854939,1.11730508547911,"PE"
18,2,1.06672080081118,1.02786648179281,1.10704384960441,"PE"
18,3,1.08120250944173,1.04941756294316,1.11395016407441,"PE"
18,4,1.08746965244527,1.04172819148468,1.13521958477863,"PE"
18,5,1.08259414455155,1.02375796595195,1.1448116847887,"PE"
18,6,1.06398923662202,1.00131361936046,1.13058793344944,"PE"
18,7,1.03059547928704,0.975183894235358,1.08915564357193,"PE"
18,8,0.985512789570871,0.944900201204759,1.02787094041193,"PE"
18,9,0.932770329039343,0.904982988084948,0.961410875332935,"PE"
18,10,0.876074422530185,0.841310925405767,0.91227436924277,"PE"
18,11,0.818608957327655,0.763408906870743,0.877800375376721,"PE"
18,12,0.762950901411041,0.686639858440451,0.847742919098836,"PE"
18.1,0,1.03059057456741,0.936312039605209,1.13436214366635,"PE"
18.1,1,1.05009902311793,0.986318126225416,1.11800435278751,"PE"
18.1,2,1.06740318876492,1.02979890633392,1.10638063448871,"PE"
18.1,3,1.07977941469247,1.0490829968102,1.11137401705936,"PE"
18.1,4,1.08443631109438,1.04042586978454,1.13030841213466,"PE"
18.1,5,1.07867265952289,1.02212772526909,1.13834570537245,"PE"
18.1,6,1.06009810224881,0.999855526832063,1.12397036995154,"PE"
18.1,7,1.02772276757274,0.974394943543159,1.08396917901348,"PE"
18.1,8,0.984411467845457,0.945219955692093,1.02522797174346,"PE"
18.1,9,0.933886212457311,0.906965010915569,0.96160650887452,"PE"
18.1,10,0.879576712572098,0.845908326503054,0.914585149548526,"PE"
18.1,11,0.824445188598607,0.770874956619033,0.881738164104489,"PE"
18.1,12,0.770910580529322,0.696582534812966,0.853169715677164,"PE"
18.2,0,1.0359029046171,0.944442502037577,1.13622038978446,"PE"
18.2,1,1.05301171641467,0.991274451076432,1.11859402176913,"PE"
18.2,2,1.06799613597812,1.03162396926947,1.1056506832348,"PE"
18.2,3,1.07832782087244,1.04870093852433,1.10879169318159,"PE"
18.2,4,1.08143124963256,1.03911260788069,1.12547334986827,"PE"
18.2,5,1.0748214411902,1.02051072053616,1.13202253263468,"PE"
18.2,6,1.05629531773515,0.998424160392306,1.11752083185847,"PE"
18.2,7,1.02493006257796,0.973635815366419,1.07892665470684,"PE"
18.2,8,0.983364974935411,0.945565056934568,1.02267598282943,"PE"
18.2,9,0.935027838304827,0.90896031455186,0.961842936823967,"PE"
18.2,10,0.883082590125553,0.850496486963023,0.916917204170369,"PE"
18.2,11,0.830276517650841,0.778327016202224,0.885693392895538,"PE"
18.2,12,0.778872755713064,0.706535117393829,0.858616584876579,"PE"
18.3,0,1.04100991811548,0.952355756031195,1.13791683701369,"PE"
18.3,1,1.05576940599849,0.996052943411028,1.11906605569102,"PE"
18.3,2,1.06849458810164,1.03333600800801,1.10484941582878,"PE"
18.3,3,1.07684619352224,1.04826953451584,1.10620187492038,"PE"
18.3,4,1.07845535783951,1.03778873188194,1.12071553980319,"PE"
18.3,5,1.07104288508867,1.01890872978424,1.12584457092832,"PE"
18.3,6,1.05258406249974,0.997022109002265,1.11124236727026,"PE"
18.3,7,1.02222067230127,0.972909262535761,1.07403140572079,"PE"
18.3,8,0.982376059409946,0.945937835597012,1.02021791050649,"PE"
18.3,9,0.93619663078442,0.910970055225064,0.962121780474509,"PE"
18.3,10,0.88659141632997,0.855073825846347,0.919270729322067,"PE"
18.3,11,0.836099699312193,0.785759617278144,0.889664843825239,"PE"
18.3,12,0.786831359251366,0.716488093874658,0.864080775652998,"PE"
18.4,0,1.04589622232294,0.960032755197419,1.13943915136984,"PE"
18.4,1,1.05836237700687,1.0006420610591,1.1194121900873,"PE"
18.4,2,1.06889350587179,1.03492948482904,1.10397214848278,"PE"
18.4,3,1.07533300969999,1.04778702476465,1.10360316974737,"PE"
18.4,4,1.07550951577117,1.03645469548975,1.11603596717534,"PE"
18.4,5,1.06733935773579,1.01732369150185,1.11981399242757,"PE"
18.4,6,1.04896748190103,0.995652134665551,1.10513776827827,"PE"
18.4,7,1.01959788279374,0.972218198324787,1.06928654944822,"PE"
18.4,8,0.981447467853871,0.946340747035367,1.0178565544962,"PE"
18.4,9,0.937394023044219,0.91299547014265,0.962444593839806,"PE"
18.4,10,0.890102542890695,0.859638833963905,0.921645818636606,"PE"
18.4,11,0.841911413407541,0.79316730440852,0.893651092381399,"PE"
18.4,12,0.794780126918262,0.726431800778832,0.869559192572473,"PE"
18.5,0,1.05054633290726,0.967454584458823,1.14077458034091,"PE"
18.5,1,1.06078090617113,1.00503045318477,1.11962391520724,"PE"
18.5,2,1.06918786962501,1.03639900412698,1.10301408627482,"PE"
18.5,3,1.07378675843466,1.047251750531,1.10099410385801,"PE"
18.5,4,1.0725945940335,1.03511109317096,1.11143544952799,"PE"
18.5,5,1.06371319852503,1.01575772334204,1.11393272501394,"PE"
18.5,6,1.0454486904448,0.994317193271421,1.0992095598355,"PE"
18.5,7,1.01706496116545,0.971565714985108,1.06469497562121,"PE"
18.5,8,0.980581946568293,0.946776383687691,1.01559456963899,"PE"
18.5,9,0.938621457589525,0.915037884007783,0.962812858401817,"PE"
18.5,10,0.893615312064522,0.864190087585389,0.924042450182894,"PE"
18.5,11,0.847708265221185,0.800544665874134,0.897650479176754,"PE"
18.5,12,0.802712599011681,0.736356473101579,0.875048349745683,"PE"
18.6,0,1.05494470434635,0.974602554665553,1.14190992410267,"PE"
18.6,1,1.06301527641447,1.00920700970487,1.11969245855812,"PE"
18.6,2,1.06937268403618,1.037739329874,1.10197031609238,"PE"
18.6,3,1.07220594120016,1.04666216216498,1.09837311589344,"PE"
18.6,4,1.06971145406333,1.03375867395836,1.10691462502822,"PE"
18.6,5,1.06016672167193,1.0142131419104,1.10820243920671,"PE"
18.6,6,1.0420307750883,0.993020456669872,1.09345998759429,"PE"
18.6,7,1.01462515870226,0.970955103307126,1.06025933554,"PE"
18.6,8,0.979782243351215,0.947247487994934,1.0134344577871,"PE"
18.6,9,0.939880386716755,0.917098715710505,0.963227977754236,"PE"
18.6,10,0.897129056649988,0.868726263126982,0.926460472587385,"PE"
18.6,11,0.853486786088625,0.807886367628267,0.901661079102484,"PE"
18.6,12,0.810622121876239,0.746252300164392,0.880544320373125,"PE"
18.7,0,1.05907576234199,0.981458301599264,1.14283150751547,"PE"
18.7,1,1.06505579225648,1.01316091208056,1.11960876805804,"PE"
18.7,2,1.06944298307638,1.03894540307712,1.10083580009489,"PE"
18.7,3,1.07058907240982,1.04601682688946,1.09573855075703,"PE"
18.7,4,1.06686094841612,1.03239835573011,1.10247394035262,"PE"
18.7,5,1.05670221821193,1.01269248344765,1.10262453432315,"PE"
18.7,6,1.03871679864036,0.991765335782623,1.08789100490821,"PE"
18.7,7,1.01228171409301,0.9703898730307,1.05598203069321,"PE"
18.7,8,0.979051109358631,0.947756965724862,1.01137855948466,"PE"
18.7,9,0.941172272970056,0.919179485123976,0.96369127220909,"PE"
18.7,10,0.900643099982543,0.873246152729928,0.928899590350711,"PE"
18.7,11,0.859243434121834,0.815187190296158,0.905680668035592,"PE"
18.7,12,0.818501849930198,0.756109487623486,0.886042682052369,"PE"
18.8,0,1.06292393821214,0.988003888206139,1.14352515401102,"PE"
18.8,1,1.06689279600795,1.0168816848174,1.11936349643082,"PE"
18.8,2,1.06939383518525,1.04001235897126,1.09960536994332,"PE"
18.8,3,1.06893467993089,1.04531443643274,1.09308865364787,"PE"
18.8,4,1.06404392106043,1.03103123976936,1.09811363834032,"PE"
18.8,5,1.05332195804964,1.01119852514658,1.09720012412865,"PE"
18.8,6,1.03550980325766,0.990555504475193,1.08250425927502,"PE"
18.8,7,1.01003785676769,0.969873773865438,1.05186520101265,"PE"
18.8,8,0.978391301046904,0.948307899536947,1.00942904559972,"PE"
18.8,9,0.942498589620923,0.921281819925678,0.964203973447659,"PE"
18.8,10,0.904156755934723,0.877748680595216,0.931359348496021,"PE"
18.8,11,0.864974595072026,0.822442069007724,0.909706687332636,"PE"
18.8,12,0.826344748216533,0.765918325365003,0.891538458202617,"PE"
18.9,0,1.06647370521746,0.994221908626311,1.14397616271776,"PE"
18.9,1,1.06851668473662,1.02035924688192,1.11894698759236,"PE"
18.9,2,1.06922034865269,1.04093554365853,1.09827372207401,"PE"
18.9,3,1.06724130561845,1.04455381436886,1.09042156445179,"PE"
18.9,4,1.06126120767922,1.0296586253512,1.09383374566555,"PE"
18.9,5,1.05002819205908,1.0097343067625,1.09193002231843,"PE"
18.9,6,1.03241281403699,0.98939492382935,1.07730107858489,"PE"
18.9,7,1.00789681034747,0.969410816811081,1.04791071307653,"PE"
18.9,8,0.977805582197322,0.948903562589486,1.00758790910966,"PE"
18.9,9,0.943860821171176,0.923407462350147,0.964767219310294,"PE"
18.9,10,0.907669328921416,0.882232919886685,0.93383911673855,"PE"
18.9,11,0.870676583333851,0.82964613570563,0.913736206486575,"PE"
18.9,12,0.834143595497466,0.775669260766199,0.897026056211302,"PE"
19,0,1.06970961676508,1.00009559231482,1.14416929040868,"PE"
19,1,1.06991792798005,1.02358396212149,1.11834926588783,"PE"
19,2,1.06891767720372,1.041710529878,1.09683541431841,"PE"
19,3,1.06550750586853,1.04373392300725,1.08773531264663,"PE"
19,4,1.05851363597754,1.0282820240483,1.08963406083792,"PE"
19,5,1.04682315423479,1.00830315209119,1.0868147282584,"PE"
19,6,1.02942884270452,0.988287866365733,1.0722824576294,"PE"
19,7,1.00586179620776,0.969005295397686,1.04412014864693,"PE"
19,8,0.977296726023926,0.949547431954467,1.00585695727824,"PE"
19,9,0.945260463879651,0.925558275767382,0.965382048832263,"PE"
19,10,0.911180113910351,0.886698109957066,0.93633807342375,"PE"
19,11,0.876345643094816,0.836794763402756,0.917765884490402,"PE"
19,12,0.841890987911215,0.78535297650417,0.902499203200458,"PE"
19.1,0,1.07261634642014,1.00560890629705,1.14408874006912,"PE"
19.1,1,1.07108708617846,1.02654668766945,1.11756002913301,"PE"
19.1,2,1.06848102577968,1.04233313157213,1.09528486418663,"PE"
19.1,3,1.0637318521897,1.04285386965956,1.08502781289224,"PE"
19.1,4,1.0558020259969,1.02690317339242,1.085514142893,"PE"
19.1,5,1.04370906389381,1.00690868980498,1.08185441349708,"PE"
19.1,6,1.02656089140266,0.987238939678735,1.06744904541585,"PE"
19.1,7,1.00393603715584,0.968661806397371,1.04049479399698,"PE"
19.1,8,0.976867517365861,0.95024320157321,1.00423780449538,"PE"
19.1,9,0.946699026313014,0.927736250970209,0.966049397643715,"PE"
19.1,10,0.914688396437906,0.89114367359104,0.938855189541638,"PE"
19.1,11,0.881977949633654,0.843883611677177,0.921791930635999,"PE"
19.1,12,0.849579343208914,0.794960471759139,0.907950880639485,"PE"
19.2,0,1.07517872964162,1.01074665339094,1.14371815805225,"PE"
19.2,1,1.07201482979574,1.02923881923906,1.11656864647957,"PE"
19.2,2,1.06790565650849,1.04279941690791,1.09361634913872,"PE"
19.2,3,1.06191293179274,1.0419129121016,1.08229686148537,"PE"
19.2,4,1.05312719043591,1.02552404947976,1.08147330118495,"PE"
19.2,5,1.04068812792863,1.00555487306112,1.07704890963794,"PE"
19.2,6,1.02381195657598,0.986253108866731,1.06280113391215,"PE"
19.2,7,1.00212276122503,0.968385269499821,1.03703563054401,"PE"
19.2,8,0.97652075496568,0.950994794459376,1.00273186607803,"PE"
19.2,9,0.948178029921097,0.929943512045582,0.966770093860267,"PE"
19.2,10,0.918193452630359,0.895569233899607,0.941389213184793,"PE"
19.2,11,0.887569610771176,0.850908672497128,0.925810065670891,"PE"
19.2,12,0.857200905588798,0.804483145301739,0.913373259382153,"PE"
19.3,0,1.07738180714549,1.01549456408305,1.14304064189275,"PE"
19.3,1,1.07269195909298,1.03165233216891,1.11536416215298,"PE"
19.3,2,1.06718689485551,1.04310571941585,1.09182400916096,"PE"
19.3,3,1.06004934819794,1.04091046304421,1.0795401338637,"PE"
19.3,4,1.05048993497727,1.02414687806979,1.07751058673183,"PE"
19.3,5,1.03776254311142,1.00424599723501,1.07239769822361,"PE"
19.3,6,1.02118503295784,0.985335717078578,1.05833864891141,"PE"
19.3,7,1.00042520558761,0.968180945399108,1.03374332735131,"PE"
19.3,8,0.976259253835211,0.951806373838604,1.00134035334848,"PE"
19.3,9,0.949699009637202,0.932182321699799,0.967544854595881,"PE"
19.3,10,0.921694549230678,0.899974630444995,0.94393865487241,"PE"
19.3,11,0.893116668477039,0.85786631527547,0.929815484427069,"PE"
19.3,12,0.864747751143714,0.813912878593964,0.918757637058057,"PE"
19.4,0,1.07921086978385,1.01983937969064,1.14203876086145,"PE"
19.4,1,1.07310942451445,1.03377981709004,1.11393530609181,"PE"
19.4,2,1.06632013594632,1.04324864692908,1.08990185194256,"PE"
19.4,3,1.05813972185926,1.03984609342894,1.0767551833409,"PE"
19.4,4,1.04789105862105,1.02277414370331,1.07362478558755,"PE"
19.4,5,1.03493449845002,1.00298671509354,1.06789990332236,"PE"
19.4,6,1.0186831176597,0.984492503461118,1.05406114374326,"PE"
19.4,7,0.99884662058929,0.968054451716292,1.03061823608559,"PE"
19.4,8,0.976085847710802,0.952682352908844,1.00006427031243,"PE"
19.4,9,0.95126351450383,0.934455085906792,0.968374283230599,"PE"
19.4,10,0.92519094363097,0.90435993412998,0.946501774208121,"PE"
19.4,11,0.898615100635657,0.864753329878591,0.933802821208915,"PE"
19.4,12,0.872211793936944,0.82324211669971,0.924094380074336,"PE"
19.5,0,1.08065150481421,1.0237689244985,1.14069459124213,"PE"
19.5,1,1.07325834764153,1.03561450914964,1.11227051244004,"PE"
19.5,2,1.06530085105153,1.04322508804048,1.08784376091144,"PE"
19.5,3,1.05618269080503,1.03871953437443,1.07393944124481,"PE"
19.5,4,1.04533135402416,1.02140859636347,1.06981441471747,"PE"
19.5,5,1.03220617759626,1.00178204871725,1.06355428751409,"PE"
19.5,6,1.01630921436573,0.983729617790931,1.04996779656196,"PE"
19.5,7,0.997390273908225,0.968011776187525,1.02766038901371,"PE"
19.5,8,0.976003391599959,0.953627402915089,0.998904412250242,"PE"
19.5,9,0.952873108324331,0.936764357752666,0.969258867561871,"PE"
19.5,10,0.928681883910693,0.908725460355159,0.94907656836955,"PE"
19.5,11,0.904060822974317,0.871566966177672,0.937766119362518,"PE"
19.5,12,0.879584792719994,0.832463944527075,0.929372872748018,"PE"
19.6,0,1.0816896434185,1.02727216474363,1.1389897680824,"PE"
19.6,1,1.07313004266573,1.0371503098523,1.11035794670471,"PE"
19.6,2,1.06412459422328,1.04303221584631,1.08564350633414,"PE"
19.6,3,1.0541769112943,1.03753067761711,1.07109021861241,"PE"
19.6,4,1.04281160784589,1.02005325522509,1.0660777208325,"PE"
19.6,5,1.02957976130748,1.00063739751389,1.05935925194046,"PE"
19.6,6,1.01406633763533,0.983053631114534,1.04605741190261,"PE"
19.6,7,0.996059454842151,0.968059286586064,1.02486950058532,"PE"
19.6,8,0.976014764421594,0.954646459258579,0.997861366509204,"PE"
19.6,9,0.954529370340988,0.939112840358839,0.97019897895914,"PE"
19.6,10,0.932166608880736,0.913071779937628,0.951660762937574,"PE"
19.6,11,0.909449691156363,0.878304968650747,0.941698806526159,"PE"
19.6,12,0.886858358304693,0.84157215574822,0.934581476255739,"PE"
19.7,0,1.08231160931673,1.03033925264012,1.13690555480653,"PE"
19.7,1,1.07271603832753,1.03838180076876,1.10818554218996,"PE"
19.7,2,1.06278700907211,1.04266748881064,1.08329475961783,"PE"
19.7,3,1.05212105848858,1.03627957431637,1.06820470956921,"PE"
19.7,4,1.04033260109967,1.0187114090886,1.06241268258603,"PE"
19.7,5,1.02705742996221,0.999558541743871,1.05531284100705,"PE"
19.7,6,1.01195751731712,0.982471541809488,1.04232842711002,"PE"
19.7,7,0.994857478727579,0.968203736922067,1.02224497307416,"PE"
19.7,8,0.97612287174233,0.955744725404423,0.996935515741727,"PE"
19.7,9,0.956233895940074,0.941503388780574,0.9711948726271,"PE"
19.7,10,0.935644348133484,0.91739972729919,0.954251805558506,"PE"
19.7,11,0.914777503042076,0.884965604541338,0.945593677062289,"PE"
19.7,12,0.894023961600375,0.850561311699557,0.939707500119588,"PE"
19.8,0,1.08250416830527,1.03296155408342,1.13442293158535,"PE"
19.8,1,1.07200810026306,1.03930424860657,1.10574104606076,"PE"
19.8,2,1.06128383567238,1.04212864866161,1.08079111087292,"PE"
19.8,3,1.05001382713788,1.03496643212748,1.06527999648682,"PE"
19.8,4,1.03789510951078,1.01738661317387,1.05881701645931,"PE"
19.8,5,1.02464136613115,0.99855164110183,1.0514127522024,"PE"
19.8,6,1.00998580307789,0.981990776615224,1.0387789241106,"PE"
19.8,7,0.993787691495455,0.968452269575908,1.01978590664086,"PE"
19.8,8,0.976330648611542,0.956927674412097,0.996127043774611,"PE"
19.8,9,0.957988297384472,0.943939010796726,0.972246689064144,"PE"
19.8,10,0.93911432209896,0.921710405474423,0.956846862890128,"PE"
19.8,11,0.92004000111965,0.891547684168462,0.94944288308005,"PE"
19.8,12,0.901072942325285,0.859426787684818,0.944737188816264,"PE"
19.9,0,1.08225457853562,1.03513165922862,1.13152270275855,"PE"
19.9,1,1.07099825369655,1.03991360142514,1.10301207508884,"PE"
19.9,2,1.05961091758314,1.04141371531449,1.07812608970904,"PE"
19.9,3,1.0478539322808,1.03359161048503,1.06231305697332,"PE"
19.9,4,1.03549990388015,1.01608268205526,1.05528818655476,"PE"
19.9,5,1.02233375720467,0.997623228064641,1.04765635133398,"PE"
19.9,6,1.00815426905078,0.981619186362442,1.0354066468196,"PE"
19.9,7,0.992853474368181,0.968812413164943,1.01749111403793,"PE"
19.9,8,0.976641062498037,0.958201047987515,0.995435944221303,"PE"
19.9,9,0.959794204574451,0.946422866529029,0.973354456780179,"PE"
19.9,10,0.942575742107159,0.926005187558975,0.959442821212359,"PE"
19.9,11,0.925232875108422,0.898050572170594,0.953237935267168,"PE"
19.9,12,0.90799651839958,0.868164804401881,0.949655725785574,"PE"
20,0,1.08155064133492,1.0368433757649,1.12818562293368,"PE"
20,1,1.06967880641173,1.0402064760892,1.09998618080926,"PE"
20,2,1.05776420897126,1.04052097890147,1.07529318915014,"PE"
20,3,1.04564010995761,1.032155614081,1.05930077270923,"PE"
20,4,1.03314775045418,1.01480367864567,1.05182341839069,"PE"
20,5,1.02013679807869,0.996780195915038,1.04404069328335,"PE"
20,6,1.00646601860734,0.981365036342693,1.03220902426524,"PE"
20,7,0.992058248703361,0.969292076110946,1.01535914001192,"PE"
20,8,0.977057116331553,0.959570853038389,0.994862031867009,"PE"
20,9,0.961653265837239,0.948958266853105,0.974518096314323,"PE"
20,10,0.946027810456675,0.930285714313236,0.962036290988454,"PE"
20,11,0.930351764736207,0.904474188748928,0.956969714464724,"PE"
20,12,0.914785796025343,0.876772442687885,0.954447256627131,"PE"
20.1,0,1.0803807523558,1.03809170535847,1.12439254069354,"PE"
20.1,1,1.06804237193131,1.04018013736418,1.09665092349411,"PE"
20.1,2,1.05573978182217,1.03944898906532,1.07228589247479,"PE"
20.1,3,1.04337111793586,1.03065908456226,1.05623994010113,"PE"
20.1,4,1.03083941130057,1.01355389927457,1.04841971665351,"PE"
20.1,5,1.01805269390022,0.99602978156554,1.04056254816844,"PE"
20.1,6,1.00492418925853,0.981236991487948,1.02918319928557,"PE"
20.1,7,0.991405480990172,0.969899536051874,1.013388285284,"PE"
20.1,8,0.977581851652498,0.961043355798527,0.994404956773533,"PE"
20.1,9,0.963567148746082,0.951548670585161,0.9757374255714,"PE"
20.1,10,0.949469720489715,0.93455388774871,0.964623615550372,"PE"
20.1,11,0.935392262692351,0.910819000335259,0.960628494555621,"PE"
20.1,12,0.921431780457026,0.885247640398126,0.959094932638697,"PE"
20.2,0,1.07873395282988,1.03887280434791,1.12012455819209,"PE"
20.2,1,1.06608189282923,1.03983246933301,1.09299395406201,"PE"
20.2,2,1.05353383322331,1.03819654173447,1.06909770272581,"PE"
20.2,3,1.04104573644758,1.02910279050421,1.0531272826932,"PE"
20.2,4,1.02857564469014,1.01233785503822,1.04507388673102,"PE"
20.2,5,1.01608366287485,0.99537954351721,1.0372184325921,"PE"
20.2,6,1.00353195769028,0.981244096749065,1.02632606243665,"PE"
20.2,7,0.990898688004778,0.970643425407539,1.01157663482585,"PE"
20.2,8,0.978218351873623,0.962625073661107,0.994064220977511,"PE"
20.2,9,0.965537540969473,0.954197680443045,0.9770121664816,"PE"
20.2,10,0.952900656673616,0.938811860641352,0.967200883964858,"PE"
20.2,11,0.940349917757742,0.917085999513959,0.964203976830564,"PE"
20.2,12,0.927925387463511,0.893589170947793,0.963580975120852,"PE"
20.3,0,1.07659998068648,1.03918393027659,1.1153632043806,"PE"
20.3,1,1.06379066409645,1.03916194001939,1.08900310282501,"PE"
20.3,2,1.05114269270429,1.03676266362663,1.06572217460132,"PE"
20.3,3,1.03866276893737,1.02748761573231,1.04995946526105,"PE"
20.3,4,1.0263572054847,1.0111602497089,1.04178255974126,"PE"
20.3,5,1.01423193913812,0.994837335461854,1.03400464548339,"PE"
20.3,6,1.0022925449398,0.981395753240486,1.02363429057526,"PE"
20.3,7,0.990541442131763,0.971532713538709,1.00992209002068,"PE"
20.3,8,0.97896974565764,0.96432276491073,0.99383919760694,"PE"
20.3,9,0.967566151151322,0.956909037779685,0.978341952988563,"PE"
20.3,10,0.956319794688945,0.943062022018746,0.969763948034084,"PE"
20.3,11,0.945220238112755,0.923276674425819,0.967685335594079,"PE"
20.3,12,0.934257455480707,0.901796603768302,0.967886760134153,"PE"
20.4,0,1.07396932128654,1.03902337615255,1.11009061926564,"PE"
20.4,1,1.06116235647707,1.03816756019239,1.08466647387373,"PE"
20.4,2,1.04856282961726,1.03514659470714,1.06215294845849,"PE"
20.4,3,1.03622104282058,1.02581454604632,1.04673310952999,"PE"
20.4,4,1.02418484553096,1.01002595454692,1.03854222071532,"PE"
20.4,5,1.0124997756932,0.994411276135104,1.0309173079404,"PE"
20.4,6,1.00120922171928,0.981701690814244,1.02110438948546,"PE"
20.4,7,0.990337376859164,0.972576685998298,1.00842240424217,"PE"
20.4,8,0.979839210415043,0.966143416547531,0.993729152238696,"PE"
20.4,9,0.969654709822836,0.959686616057226,0.979726340401045,"PE"
20.4,10,0.959726301524292,0.947306978727162,0.972308443325402,"PE"
20.4,11,0.94999869482372,0.929392968204517,0.971061274447015,"PE"
20.4,12,0.940418758451146,0.909870247547364,0.971992922760955,"PE"
20.5,0,1.07083325751067,1.03839039432724,1.10428974656861,"PE"
20.5,1,1.05819103968783,1.03684883723704,1.07997254398194,"PE"
20.5,2,1.04579086054007,1.03334776872485,1.05838378626272,"PE"
20.5,3,1.03371941025067,1.02408465432638,1.04344481153454,"PE"
20.5,4,1.02205931406051,1.00893998032041,1.03534923963079,"PE"
20.5,5,1.01088944741734,0.994109715994304,1.02795240651847,"PE"
20.5,6,1.00028531389421,0.982171937679302,1.01873273996873,"PE"
20.5,7,0.990290192455261,0.973784921310088,1.00707522145005,"PE"
20.5,8,0.980829975926755,0.968094230317924,0.993733266399644,"PE"
20.5,9,0.971804970346943,0.962534412946163,0.981164816227559,"PE"
20.5,10,0.963119335577845,0.95154953315392,0.974829814155208,"PE"
20.5,11,0.954680725508154,0.935437229145913,0.974320092529277,"PE"
20.5,12,0.946400019344504,0.917811077477523,0.975879479551402,"PE"
20.6,0,1.06718391893072,1.03728511140706,1.0979445326073,"PE"
20.6,1,1.05487120543065,1.03520572459588,1.07491026528192,"PE"
20.6,2,1.04282355668427,1.03136579169909,1.05440860956237,"PE"
20.6,3,1.03115674889503,1.02229908381631,1.04009116082004,"PE"
20.6,4,1.01998135809591,1.00790744663061,1.03219990520067,"PE"
20.6,5,1.00940325414003,0.993941201034058,1.02510583966986,"PE"
20.6,6,0.999524208124149,0.982816787391094,1.01651564711079,"PE"
20.6,7,0.990403661835942,0.975167265435051,1.00587811767906,"PE"
20.6,8,0.981945328096524,0.970182606839441,0.993850663342352,"PE"
20.6,9,0.974018709896129,0.965456540745903,0.982656812801488,"PE"
20.6,10,0.966498046765839,0.955792656977449,0.977323342654872,"PE"
20.6,11,0.959261738178627,0.941412152132405,0.977449760181193,"PE"
20.6,12,0.95219192435028,0.925620647595836,0.979525967957639,"PE"
20.7,0,1.06301432978586,1.03570843431952,1.09104013049051,"PE"
20.7,1,1.05119779010468,1.03323856639402,1.0694691718462,"PE"
20.7,2,1.03965785128919,1.02920041770341,1.05022154009535,"PE"
20.7,3,1.02853196271811,1.02045902898055,1.03666876208602,"PE"
20.7,4,1.01795172286295,1.00693354811459,1.02909046184815,"PE"
20.7,5,1.00804352379573,0.993914433375708,1.02237346771923,"PE"
20.7,6,0.998929357674457,0.983646762800225,1.01444939317771,"PE"
20.7,7,0.990681636632126,0.976733803416777,1.00482864596969,"PE"
20.7,8,0.983188612838334,0.972416127193356,0.994080436741621,"PE"
20.7,9,0.976297730464591,0.968457214425331,0.984201722402265,"PE"
20.7,10,0.969861576637967,0.960039460276245,0.979784182587686,"PE"
20.7,11,0.963737115264718,0.947320711045267,0.980438004267784,"PE"
20.7,12,0.957785137731117,0.93330098823689,0.98291160260271,"PE"
20.8,0,1.05831845547694,1.0336619447808,1.08356311157474,"PE"
20.8,1,1.04716619712127,1.03094803494181,1.06363949222262,"PE"
20.8,2,1.03629084698274,1.02685152017751,1.04581694474635,"PE"
20.8,3,1.02584398277131,1.01856571247212,1.03317426072979,"PE"
20.8,4,1.01597115220915,1.00602351591756,1.02601715147758,"PE"
20.8,5,1.00681261565456,0.994038226751092,1.01975116827676,"PE"
20.8,6,0.998504288407953,0.984672574913832,1.01253029623204,"PE"
20.8,7,0.991128053467417,0.97849482622333,1.00392438676615,"PE"
20.8,8,0.984563240104472,0.974802530241241,0.994421684077,"PE"
20.8,9,0.978643859915682,0.971540735730202,0.985798916430234,"PE"
20.8,10,0.973209058499852,0.964293154075845,0.98220739983774,"PE"
20.8,11,0.968102217812122,0.953166079881625,0.983272405422929,"PE"
20.8,12,0.963170317322351,0.940854485744541,0.986015451089346,"PE"
20.9,0,1.05309296069699,1.03114898931638,1.0755039236423,"PE"
20.9,1,1.04277345671098,1.02833588661754,1.0574137265574,"PE"
20.9,2,1.0327204202576,1.02431950233706,1.04119023799089,"PE"
20.9,3,1.02309188103953,1.01662036722345,1.02960459065734,"PE"
20.9,4,1.01404009568669,1.005182108592,1.02297614220435,"PE"
20.9,5,1.00571232178068,0.994320621626878,1.01723453399425,"PE"
20.9,6,0.998251812046161,0.985904030901288,1.01075424079813,"PE"
20.9,7,0.991746085773392,0.980459713498161,1.00316237893918,"PE"
20.9,8,0.986071883422453,0.977348722847801,0.994872901090108,"PE"
20.9,9,0.981058286353623,0.974710716757923,0.98744719297279,"PE"
20.9,10,0.97653915349418,0.968556404368316,0.984587695673829,"PE"
20.9,11,0.972352170595064,0.958951043424217,0.985940575532259,"PE"
20.9,12,0.968338176036029,0.948283346230737,0.988817136666899,"PE"
21,0,1.0473653968224,1.02819431091838,1.06689393513676,"PE"
21,1,1.03803696203514,1.02541841760721,1.05081078713752,"PE"
21,2,1.02895506109535,1.02161254743864,1.03635034672215,"PE"
21,3,1.02027673482151,1.01462433671239,1.02596062202786,"PE"
21,4,1.01215386776301,1.00440581642802,1.01996168806638,"PE"
21,5,1.0047339260819,0.994754934151706,1.01481302335114,"PE"
21,6,0.998160916139766,0.987332574882166,1.00910801472126,"PE"
21,7,0.992523996294441,0.982618923458411,1.00252891502754,"PE"
21,8,0.98770314372039,0.980044729105433,0.995421403883895,"PE"
21,9,0.983530493071081,0.977957473543462,0.98913527118483,"PE"
21,10,0.979842339797461,0.972821225603571,0.98691412727358,"PE"
21,11,0.976478219199212,0.964669472223007,0.988431519837746,"PE"
21,12,0.973280254266933,0.95558262170836,0.991305651469884,"PE"
21.1,0,1.04118896757351,1.02483957705533,1.05779918190871,"PE"
21.1,1,1.0329910867525,1.0222234765911,1.04387211773746,"PE"
21.1,2,1.02501214666081,1.01874504114055,1.03131780609791,"PE"
21.1,3,1.01740130911108,1.0125787929715,1.02224679300594,"PE"
21.1,4,1.01030344987959,1.00368366896887,1.01696689145817,"PE"
21.1,5,1.00385980386903,0.995321319452907,1.01247153670724,"PE"
21.1,6,0.998208812516506,0.988933260064949,1.00757136363294,"PE"
21.1,7,0.993437283206265,0.984946054366117,1.00200171500702,"PE"
21.1,8,0.989433512791483,0.982865586913934,0.996045328343173,"PE"
21.1,9,0.986039839526196,0.981259530543788,0.990843436286461,"PE"
21.1,10,0.983101983272614,0.977069887389377,0.989171319256293,"PE"
21.1,11,0.980468227149101,0.970306567926207,0.990736305643569,"PE"
21.1,12,0.97798883805568,0.96273978233725,0.993479427057111,"PE"
21.2,0,1.03461723821139,1.02112543399806,1.04828730532452,"PE"
21.2,1,1.02767045958634,1.018778226919,1.03664030659577,"PE"
21.2,2,1.02090920088918,1.01573100545813,1.02611379475423,"PE"
21.2,3,1.01446840853718,1.01048453005515,1.01846799363054,"PE"
21.2,4,1.00847975250042,1.00300387419748,1.0139855262444,"PE"
21.2,5,1.00307213932531,0.995998685529479,1.01019582787478,"PE"
21.2,6,0.998372393378542,0.990679646020316,1.0061248758511,"PE"
21.2,7,0.994461005311568,0.987413212519499,1.00155910265963,"PE"
21.2,8,0.991238961399136,0.985785067960782,0.996723028710684,"PE"
21.2,9,0.988565155156661,0.984594403880833,0.992551919996687,"PE"
21.2,10,0.986301013621768,0.981283413811088,0.991344269942591,"PE"
21.2,11,0.984309835796953,0.975845775040342,0.992847310126,"PE"
21.2,12,0.982456323836724,0.969740050665685,0.995339346440511,"PE"
21.3,0,1.02770310897304,1.01709109764281,1.0384258427201,"PE"
21.3,1,1.02210932503834,1.01510888164612,1.02915804522979,"PE"
21.3,2,1.01666358012836,1.01258396751267,1.02075962914798,"PE"
21.3,3,1.01148082156761,1.00834203218885,1.01462938143937,"PE"
21.3,4,1.00667375316034,1.00235414964569,1.01101197182665,"PE"
21.3,5,1.00235319742063,0.996765214659766,1.00797250706859,"PE"
21.3,6,0.998628581886585,0.992544410516425,1.0047500484557,"PE"
21.3,7,0.995570160258899,0.98999161722758,1.00118013804361,"PE"
21.3,8,0.993095302893088,0.988776199827585,0.997433272362631,"PE"
21.3,9,0.991085052345035,0.987939011432627,0.994241111662736,"PE"
21.3,10,0.989422154921788,0.985441972246509,0.99341841348441,"PE"
21.3,11,0.987990585638166,0.981269207516832,0.994758003035475,"PE"
21.3,12,0.986675211140582,0.976566861872452,0.996888190955698,"PE"
21.4,0,1.02049863941363,1.01277451793317,1.02828167040613,"PE"
21.4,1,1.01634146271079,1.01124082821404,1.02146782448392,"PE"
21.4,2,1.01229244879614,1.0093170370753,1.01527663186889,"PE"
21.4,3,1.00844131910253,1.00615154283532,1.01073630638928,"PE"
21.4,4,1.00487649449211,1.00172182422413,1.00804109959853,"PE"
21.4,5,1.00168531026701,0.997598478741503,1.00578888419167,"PE"
21.4,6,0.998954308057665,0.994499457153636,1.00342911442415,"PE"
21.4,7,0.996739659761576,0.992651689158363,1.00084446557883,"PE"
21.4,8,0.994978177723442,0.991811330658427,0.998155136510337,"PE"
21.4,9,0.993577925282886,0.991269725788163,0.995891499485188,"PE"
21.4,10,0.992447937543919,0.989524976277917,0.995379532955363,"PE"
21.4,11,0.991497934501794,0.986557834630572,0.996462771480036,"PE"
21.4,12,0.990638117158312,0.983202130518688,0.998130342383664,"PE"
21.5,0,1.01305489830224,1.00821252967103,1.01792052446424,"PE"
21.5,1,1.01040011752453,1.00719874176496,1.01361166883966,"PE"
21.5,2,1.0078127578793,1.00594297727552,1.0096860139082,"PE"
21.5,3,1.00535265313912,1.0039131282385,1.00679424219438,"PE"
21.5,4,1.00307908305484,1.00109393175104,1.00506817087806,"PE"
21.5,5,1.0010508666029,0.998475546152108,1.00363282945514,"PE"
21.5,6,0.999326490008312,0.996516016835981,1.00214488955545,"PE"
21.5,7,0.997944311134039,0.99536313597106,1.0005321797991,"PE"
21.5,8,0.996863043900487,0.99486219462274,0.998867917250968,"PE"
21.5,9,0.996021953509389,0.99456242956455,0.997483619310869,"PE"
21.5,10,0.995360713119293,0.993511186662729,0.997213682665537,"PE"
21.5,11,0.994819277226141,0.991691658629599,0.997956759773841,"PE"
21.5,12,0.994337791511553,0.989626505089596,0.999071506819192,"PE"
21.6,0,1.00542183862151,1.00344099367266,1.00740659386179,"PE"
21.6,1,1.0043179406602,1.00300669000669,1.00563090553783,"PE"
21.6,2,1.00324122623663,1.00247427005782,1.0040087691854,"PE"
21.6,3,1.0022175555071,1.00162673657636,1.00280872293794,"PE"
21.6,4,1.00127268895385,1.00045729843053,1.00208874403497,"PE"
21.6,5,1.0004323043839,0.999373083537564,1.00149264788285,"PE"
21.6,6,0.999722020535806,0.998564746968628,1.00088063531006,"PE"
21.6,7,0.999158805180457,0.998095038674531,1.00022370544533,"PE"
21.6,8,0.998725173474895,0.997899980459027,0.999551048867281,"PE"
21.6,9,0.998395110205826,0.997792574299332,0.998998009965016,"PE"
21.6,10,0.998142672597965,0.997378812142231,0.998907118069933,"PE"
21.6,11,0.997941966815005,0.996649887370697,0.999235721340313,"PE"
21.6,12,0.997767131196992,0.99581961470745,0.999718456429022,"PE"
21.7,0,0.997648197041192,0.99680217963721,0.99849493248679,"PE"
21.7,1,0.998126940995532,0.997565964834402,0.998688232618761,"PE"
21.7,2,0.998594324658786,0.998265579598044,0.998923177980613,"PE"
21.7,3,0.999038736674579,0.998785283792893,0.999292253872754,"PE"
21.7,4,0.999448546241899,0.999098588563363,0.999798626501307,"PE"
21.7,5,0.999812106462011,0.999356964383778,1.00026745582785,"PE"
21.7,6,1.00011775904057,0.999619933879953,1.0006158321253,"PE"
21.7,7,1.00035771048124,0.999899688735576,1.00081594203188,"PE"
21.7,8,1.0005396551174,1.00018403136117,1.00089540531861,"PE"
21.7,9,1.0006751753239,1.00041517410403,1.00093524411634,"PE"
21.7,10,1.00077586744112,1.00044623155445,1.00110561193914,"PE"
21.7,11,1.00085333706353,1.00029587946433,1.00141110532979,"PE"
21.7,12,1.00091919567243,1.00007878483576,1.00176031274383,"PE"
21.8,0,0.989781417087462,0.986167413365413,0.993408665034301,"PE"
21.8,1,0.991858446764305,0.989456207567226,0.994266518208548,"PE"
21.8,2,0.993888262629866,0.992476728851988,0.995301803938549,"PE"
21.8,3,0.995818884623865,0.994729404687251,0.996909557816178,"PE"
21.8,4,0.997597954092136,0.996093603900678,0.999104576228208,"PE"
21.8,5,0.99917279933801,0.997214616209449,1.00113482765807,"PE"
21.8,6,1.00049052879973,0.998346571980123,1.00263908978284,"PE"
21.8,7,1.0015154741295,0.99954089679854,1.00349395220694,"PE"
21.8,8,1.00228140287733,1.00074636428797,1.00381879605279,"PE"
21.8,9,1.00283975361909,1.00171554359357,1.00396522532832,"PE"
21.8,10,1.00324223397659,1.00181749234593,1.00466900181335,"PE"
21.8,11,1.00354072663561,1.00113379357901,1.00595344645794,"PE"
21.8,12,1.00378722204994,1.00016067159008,1.00742692226525,"PE"
21.9,0,0.981867595115033,0.975560027700492,0.988215944650161,"PE"
21.9,1,0.985543077125522,0.981339776100949,0.989764381842531,"PE"
21.9,2,0.989138977729808,0.986662023329148,0.991622150372336,"PE"
21.9,3,0.992560663796599,0.990646455759553,0.994478570622842,"PE"
21.9,4,0.995712278732495,0.99306974083557,0.998361848367725,"PE"
21.9,5,0.998496954973497,0.99505454971553,1.00195126928104,"PE"
21.9,6,1.00081711960547,0.99704442998523,1.00460408460456,"PE"
21.9,7,1.00260642897111,0.99912812236943,1.00609684474733,"PE"
21.9,8,1.00392517119554,1.00121748502386,1.00664018001641,"PE"
21.9,9,1.00486629765089,1.00287944844634,1.00685708309101,"PE"
21.9,10,1.0055236209368,1.00300738877551,1.00804616553842,"PE"
21.9,11,1.00599150456726,1.00174622768376,1.01025477241027,"PE"
21.9,12,1.0063646403599,0.999972650948969,1.0127974884169,"PE"
22,0,0.973951448103777,0.965035171444121,0.982950105169684,"PE"
22,1,0.979210723302869,0.973253464605427,0.985204446223126,"PE"
22,2,0.98436212761078,0.980840718247728,0.987896179519835,"PE"
22,3,0.989266714107556,0.98654164346125,0.991999312069183,"PE"
22,4,0.9937829561312,0.990022923364649,0.997557269220025,"PE"
22,5,0.997767195648501,0.992865718396932,1.0026928700083,"PE"
22,6,1.00107429578158,0.995697373105094,1.00648025468761,"PE"
22,7,1.00360480739948,0.99864209090902,1.00859218593373,"PE"
22,8,1.00544557623876,1.00157670964126,1.00932938740177,"PE"
22,9,1.00673213579881,1.00388708838722,1.00958524616377,"PE"
22,10,1.00760182018561,1.00400237111006,1.01121417364666,"PE"
22,11,1.00819309716271,1.00213001737735,1.01429285974955,"PE"
22,12,1.00864508884828,0.999523379890262,1.01785004305697,"PE"
22.1,0,0.966076302246326,0.954645261252148,0.97764421994593,"PE"
22.1,1,0.972890538934232,0.965232604491164,0.980609229675483,"PE"
22.1,2,0.979573084477079,0.975031447359988,0.984135876263344,"PE"
22.1,3,0.985939650026404,0.982419956173436,0.989471953807276,"PE"
22.1,4,0.991801495422322,0.986948968843676,0.996677880391767,"PE"
22.1,5,0.996966201849208,0.99063697915506,1.0033358622221,"PE"
22.1,6,1.00123880958853,0.99428914129319,1.00823705317995,"PE"
22.1,7,1.00448476174821,0.998063367313315,1.01094747050025,"PE"
22.1,8,1.00681712361002,1.00180317458669,1.01185616706852,"PE"
22.1,9,1.0084145053277,1.00471850615199,1.01212410075929,"PE"
22.1,10,1.00945860062641,1.00478879314871,1.014150111274,"PE"
22.1,11,1.01013301624133,1.00228193182683,1.01804559984535,"PE"
22.1,12,1.01062242926793,0.998821399915357,1.02256288724487,"PE"
22.2,0,0.958284101264986,0.944439861739302,0.972331279035666,"PE"
22.2,1,0.966610939259092,0.957310960663565,0.976001264257649,"PE"
22.2,2,0.974786931994893,0.969252154418,0.980353315137671,"PE"
22.2,3,0.982582059726633,0.978286108219101,0.986896876062358,"PE"
22.2,4,0.989759483059628,0.983843504233241,0.99571103543539,"PE"
22.2,5,0.996076723167145,0.988356983684098,1.00385675905996,"PE"
22.2,6,1.00128742002002,0.992803234514549,1.00984410871765,"PE"
22.2,7,1.00522039131293,0.997372259337633,1.01313027874104,"PE"
22.2,8,1.00801424247228,1.00187577735942,1.01419031779071,"PE"
22.2,9,1.00989059051663,1.00535356167653,1.01444809437317,"PE"
22.2,10,1.01107574526822,1.00535285076048,1.01683121691694,"PE"
22.2,11,1.01179888868535,1.00219852676771,1.02149121536495,"PE"
22.2,12,1.01229076212328,0.997874886697687,1.02691489758935,"PE"
22.3,0,0.950615433393923,0.934465585357685,0.967044390255226,"PE"
22.3,1,0.96039960876711,0.949520634069547,0.971403227507386,"PE"
22.3,2,0.970018464556474,0.963520024626516,0.97656073307374,"PE"
22.3,3,0.9791965043008,0.974144481176597,0.984274727786594,"PE"
22.3,4,0.987648587686037,0.980701876170738,0.994644505593259,"PE"
22.3,5,0.995081592186589,0.986014061740706,1.00423250897713,"PE"
22.3,6,1.00119691698385,0.99122278987693,1.01127140821936,"PE"
22.3,7,1.00578577601648,0.996548714779665,1.01510845604846,"PE"
22.3,8,1.00901132610099,1.00177311439265,1.016301836786,"PE"
22.3,9,1.01113756584407,1.00577190640649,1.01653185036157,"PE"
22.3,10,1.01243509140927,1.0056805155282,1.01923503388006,"PE"
22.3,11,1.01317848722905,1.00187598434848,1.02460849747915,"PE"
22.3,12,1.01364444182664,0.996691381018235,1.03088586298033,"PE"
22.4,0,0.943109575984071,0.924766003014853,0.961817010371399,"PE"
22.4,1,0.954283516933967,0.941891965812057,0.966838091571079,"PE"
22.4,2,0.965282188822415,0.95785141431053,0.972770609446235,"PE"
22.4,3,0.975785517041191,0.969999061449948,0.981606491292957,"PE"
22.4,4,0.985460565704911,0.977519052529001,0.99346659693943,"PE"
22.4,5,0.993963741330956,0.983596092912441,1.00444067051472,"PE"
22.4,6,1.00094415084583,0.989530446979923,1.01248950567441,"PE"
22.4,7,1.00615501670978,0.995572209380257,1.01685031794975,"PE"
22.4,8,1.00978277885509,1.00147341436603,1.01816108729934,"PE"
22.4,9,1.01213264419642,1.00595295707058,1.01835029386584,"PE"
22.4,10,1.01351857387909,1.00575746168506,1.02133957612096,"PE"
22.4,11,1.01425976242105,1.00130993531779,1.02737706816014,"PE"
22.4,12,1.01467809172286,0.995277493715685,1.03445685883907,"PE"
22.5,0,0.935804555697562,0.915381554661276,0.956683212595826,"PE"
22.5,1,0.948288940988139,0.934453437050236,0.962329293195228,"PE"
22.5,2,0.960592327111474,0.952261776627917,0.968995754689399,"PE"
22.5,3,0.972351602748013,0.965853373040575,0.978893552331064,"PE"
22.5,4,0.98318726778253,0.974289513191315,0.992166281625429,"PE"
22.5,5,0.992706223103821,0.981090363647916,1.00445961137042,"PE"
22.5,6,1.00050606792747,0.987708198124779,1.01346976147426,"PE"
22.5,7,1.0063022827772,0.994421622866456,1.01832488457323,"PE"
22.5,8,1.01030307022594,1.00095446583564,1.01973898768294,"PE"
22.5,9,1.01285313067714,1.0058758690007,1.01987879015495,"PE"
22.5,10,1.01430827178863,1.00556898503383,1.02312351069998,"PE"
22.5,11,1.01503087607066,1.00049525890583,1.02977767281328,"PE"
22.5,12,1.0153866191721,0.993638576485866,1.03761066729118,"PE"
22.6,0,0.928728733167722,0.906338583685831,0.951672007941689,"PE"
22.6,1,0.942435806996598,0.927224329957335,0.957896834253905,"PE"
22.6,2,0.95595990455227,0.946761898679356,0.965247271131563,"PE"
22.6,3,0.968896932663781,0.961709536112771,0.976138044673816,"PE"
22.6,4,0.980822663274533,0.971008057477367,0.990736471633625,"PE"
22.6,5,0.99129613627934,0.978485745601923,1.00427424131544,"PE"
22.6,6,0.999864955734245,0.985740674619144,1.01419161798483,"PE"
22.6,7,1.00620768061339,0.993079343403852,1.01950957217085,"PE"
22.6,8,1.01055259468697,1.00019824893516,1.02101413166418,"PE"
22.6,9,1.01328175963024,1.00552419835805,1.02109917004081,"PE"
22.6,10,1.01479083361415,1.00510333757538,1.02457170072831,"PE"
22.6,11,1.01548345384604,0.999427106710805,1.03179775504476,"PE"
22.6,12,1.01576716433556,0.991777198114986,1.04033742064584,"PE"
22.7,0,0.921880772036479,0.897624276293079,0.946792750927216,"PE"
22.7,1,0.936724190642749,0.920197912192126,0.95354727250469,"PE"
22.7,2,0.951385785330845,0.941349296804852,0.961529281003147,"PE"
22.7,3,0.965422613984658,0.95756630796746,0.973343376680963,"PE"
22.7,4,0.978367700747546,0.967672176608984,0.989181440785422,"PE"
22.7,5,0.989734067745917,0.975778499395354,1.00388922840981,"PE"
22.7,6,0.999021072445117,0.983623674595889,1.01465949729141,"PE"
22.7,7,1.00587139423477,0.99154171774116,1.02040816199316,"PE"
22.7,8,1.0105317958462,0.999202520286005,1.02198952633131,"PE"
22.7,9,1.01341955863507,1.00489742499196,1.02201396508934,"PE"
22.7,10,1.01496814189829,1.00436019270227,1.02568813116416,"PE"
22.7,11,1.01562042512596,0.998104137278639,1.03344411610737,"PE"
22.7,12,1.0158238037515,0.989690642856279,1.04264702078023,"PE"
22.8,0,0.915253278665622,0.889218103076276,0.942050731097537,"PE"
22.8,1,0.931150057271485,0.913362186859043,0.949284349222242,"PE"
22.8,2,0.946868697883818,0.936018758923168,0.95784440481047,"PE"
22.8,3,0.961929521968956,0.953421755032004,0.970513207142378,"PE"
22.8,4,0.975824820790182,0.964279904218282,0.987507959778696,"PE"
22.8,5,0.988023523502659,0.972966402532971,1.00331366062923,"PE"
22.8,6,0.997978604064266,0.981355330288623,1.01488346109777,"PE"
22.8,7,1.00529803572424,0.989808075732452,1.02103040519563,"PE"
22.8,8,1.01024558023983,0.997968500332614,1.02267369366263,"PE"
22.8,9,1.01327167255745,1.00399861317437,1.02263037910099,"PE"
22.8,10,1.01484556198846,1.0033418050614,1.0264812145694,"PE"
22.8,11,1.01544737401286,0.996525771150658,1.03472825213441,"PE"
22.8,12,1.0155623435671,0.987374966084444,1.04455440850552,"PE"
22.9,0,0.908839104613917,0.881100099364489,0.937451395898364,"PE"
22.9,1,0.925709476259158,0.906705396711766,0.945111871555804,"PE"
22.9,2,0.942407392349652,0.930765156104217,0.954195252508817,"PE"
22.9,3,0.958418524307227,0.94927396205044,0.967651178118414,"PE"
22.9,4,0.973196469861328,0.96082922528281,0.985722898542952,"PE"
22.9,5,0.986168057941333,0.970047147822761,1.00255687642254,"PE"
22.9,6,0.996741841147376,0.978933700032515,1.014873936673,"PE"
22.9,7,1.00449237689063,0.987877736533282,1.02138645089042,"PE"
22.9,8,1.00969906057415,0.996497511107604,1.02307550351144,"PE"
22.9,9,1.01284348776874,1.00283103655889,1.02295590514993,"PE"
22.9,10,1.01442872565158,1.00205058890396,1.02695976712381,"PE"
22.9,11,1.01497016811364,0.994691426714257,1.03566233154693,"PE"
22.9,12,1.01498888640278,0.98482607126175,1.04607551483813,"PE"
23,0,0.902631335191202,0.8732509017947,0.933000270133814,"PE"
23,1,0.920398617027697,0.900216063386704,0.941033657008401,"PE"
23,2,0.938000640051232,0.925583471413058,0.950584391263265,"PE"
23,3,0.954890480972489,0.945121057638468,0.964760887806463,"PE"
23,4,0.970485098419096,0.957318116040075,0.983833179872777,"PE"
23,5,0.984171269138313,0.967018395766426,1.00162839842322,"PE"
23,6,0.995315170966493,0.976356825818741,1.0146416385478,"PE"
23,7,1.00345933860174,0.985750060683082,1.02148676869396,"PE"
23,8,1.0088975427166,0.994791012622706,1.0232041089877,"PE"
23,9,1.01214061727862,1.00139819587635,1.02299827717248,"PE"
23,10,1.01372351474932,1.00048914943151,1.02713294286063,"PE"
23,11,1.01419494103643,0.992600584479758,1.03625909001756,"PE"
23,12,1.0141098128032,0.982039811153402,1.04722710906789,"PE"
23.1,0,0.896623278545994,0.865651779453389,0.928702883436811,"PE"
23.1,1,0.915213745215117,0.89388302103487,0.937053484314931,"PE"
23.1,2,0.933647232993205,0.920468823526107,0.947014318569307,"PE"
23.1,3,0.951346244077379,0.940961235443186,0.961845867852207,"PE"
23.1,4,0.967693159096256,0.953744580709183,0.981845736376697,"PE"
23.1,5,0.982036794222813,0.963877824374937,1.00053786986211,"PE"
23.1,6,0.993703069748564,0.973622788335811,1.01419749276364,"PE"
23.1,7,1.00220398016257,0.98342449930174,1.02134207411637,"PE"
23.1,8,1.00784651269524,0.9928506354223,1.02306888560323,"PE"
23.1,9,1.01116888584404,0.999703831725978,1.02276542637014,"PE"
23.1,10,1.01273604486817,0.998660308929968,1.02701017293274,"PE"
23.1,11,1.01312807483181,0.990252847287887,1.03653172906658,"PE"
23.1,12,1.01293176262867,0.97901208551732,1.04802664943595,"PE"
23.2,0,0.890808455259413,0.858284665208939,0.924564699951251,"PE"
23.2,1,0.910151218996058,0.887695448165968,0.933175046860365,"PE"
23.2,2,0.929345983373675,0.915416487502571,0.943487438345223,"PE"
23.2,3,0.947786657738172,0.936792772772439,0.958909563240945,"PE"
23.2,4,0.964823104923121,0.950106687360512,0.979767468408813,"PE"
23.2,5,0.979768304827138,0.960623179379827,0.999294990740885,"PE"
23.2,6,0.99191009500171,0.970729762664202,1.01355256056639,"PE"
23.2,7,1.00073148876282,0.980900643209291,1.02096325406096,"PE"
23.2,8,1.0065516237399,0.99067821144243,1.02267937212254,"PE"
23.2,9,1.0099343150959,0.99775193432745,1.02226544065359,"PE"
23.2,10,1.01147264895237,0.996567130310176,1.02660110740387,"PE"
23.2,11,1.01177618243136,0.987648000735093,1.03649381416604,"PE"
23.2,12,1.01146161644405,0.975738941630312,1.04849213031329,"PE"
23.3,0,0.885180588419777,0.851132189090725,0.920591048203986,"PE"
23.3,1,0.905207485546278,0.881642899008375,0.929401907292208,"PE"
23.3,2,0.92509572310989,0.910421913630092,0.940006039072481,"PE"
23.3,3,0.944212557945581,0.93261404741665,0.955955314046261,"PE"
23.3,4,0.961877387598779,0.946402603640342,0.977605202283927,"PE"
23.3,5,0.977369502624312,0.957252325688378,0.997909452947169,"PE"
23.3,6,0.989940877942576,0.967676075487028,1.01271796073753,"PE"
23.3,7,0.99904716901637,0.978178272693593,1.02036129178292,"PE"
23.3,8,1.00501868339717,0.988275803761593,1.0220452126146,"PE"
23.3,9,1.00844310872318,0.995546750967166,1.02150652648237,"PE"
23.3,10,1.00993986098572,0.994212938966982,1.02591555876114,"PE"
23.3,11,1.01014609013437,0.984786075166933,1.03615917115885,"PE"
23.3,12,1.00970647696039,0.972216679656276,1.04864192411944,"PE"
23.4,0,0.879733594153748,0.844177713650802,0.916787051076798,"PE"
23.4,1,0.900379077645361,0.875715334443491,0.925737453229242,"PE"
23.4,2,0.920895303377532,0.905480744578551,0.936572273745605,"PE"
23.4,3,0.940624772442289,0.92842355285625,0.952986338843021,"PE"
23.4,4,0.95885845581144,0.942630632217567,0.975365648916119,"PE"
23.4,5,0.974844114958075,0.953763299785608,0.996390874635258,"PE"
23.4,6,0.987800116037339,0.96446026342902,1.01170479100323,"PE"
23.4,7,0.997156432614527,0.975257407545023,1.01954719175884,"PE"
23.4,8,1.00325364074977,0.985645735059568,1.02117609996744,"PE"
23.4,9,1.00670163775297,0.993092791356309,1.02049697296705,"PE"
23.4,10,1.00814439976643,0.991601343043622,1.02496344716599,"PE"
23.4,11,1.00824482019149,0.981667409010734,1.03554178137318,"PE"
23.4,12,1.00767365058164,0.968441962421689,1.04849461865263,"PE"
23.5,0,0.874461572591288,0.837405370185484,0.913157556858576,"PE"
23.5,1,0.895662610412138,0.869903151919171,0.922184854624857,"PE"
23.5,2,0.916743594163271,0.90058883077035,0.933188141718914,"PE"
23.5,3,0.937024120607103,0.92421991180035,0.950005719839094,"PE"
23.5,4,0.9557687536086,0.938789245356922,0.973055363482815,"PE"
23.5,5,0.97219589056988,0.950154362104807,0.994748734876309,"PE"
23.5,6,0.985492565668217,0.961081131387094,1.0105240497081,"PE"
23.5,7,0.995064788113586,0.972138356340841,1.0185319055515,"PE"
23.5,8,1.00126257376931,0.982790614206956,1.02008172151716,"PE"
23.5,9,1.00471642596235,0.990394830885024,1.01924511832973,"PE"
23.5,10,1.00609315281686,0.988736251773691,1.02375474787047,"PE"
23.5,11,1.00607957353158,0.978292712274281,1.03465567674973,"PE"
23.5,12,1.00537062910644,0.964411927608319,1.04806885204804,"PE"
23.6,0,0.869358799243004,0.830800094107984,0.909707072954428,"PE"
23.6,1,0.891054778167617,0.864197213413015,0.918747023679518,"PE"
23.6,2,0.912639483830234,0.895742243733657,0.929855472679456,"PE"
23.6,3,0.933411413345687,0.920001887898585,0.947016389883794,"PE"
23.6,4,0.952610718817603,0.934877117773114,0.970680706965837,"PE"
23.6,5,0.969428595427163,0.946424047976744,0.992992309991445,"PE"
23.6,6,0.983023034936575,0.957537809260705,1.00918655939236,"PE"
23.6,7,0.992777830876109,0.968821763599145,1.01732626011369,"PE"
23.6,8,0.999051676830012,0.979713360224749,1.01877170762262,"PE"
23.6,9,1.00249413545677,0.987457911666451,1.01775931890522,"PE"
23.6,10,1.00379316046811,0.985621891377706,1.02229944141573,"PE"
23.6,11,1.00365771267572,0.974663128452218,1.03351483687816,"PE"
23.6,12,1.00280507163264,0.960124299325607,1.04738314861782,"PE"
23.7,0,0.86441971676972,0.82434765749034,0.906439704111124,"PE"
23.7,1,0.886552351420435,0.858588870385138,0.915426578330252,"PE"
23.7,2,0.908581878696045,0.890937287167234,0.926575913013595,"PE"
23.7,3,0.929787452987758,0.915768395444565,0.944021121534538,"PE"
23.7,4,0.949386781517099,0.930893156814808,0.96824781052581,"PE"
23.7,5,0.966546008656789,0.942571215553047,0.99113061319428,"PE"
23.7,6,0.980396376612945,0.953829805252322,1.00770289414633,"PE"
23.7,7,0.990301233184113,0.965308653256583,1.01594089013652,"PE"
23.7,8,0.996627248409293,0.9764172228068,1.01725558405929,"PE"
23.7,9,1.00004155244734,0.984287341250852,1.01604792087478,"PE"
23.7,10,1.00125160015697,0.982262817929088,1.02060746728711,"PE"
23.7,11,1.00098674487995,0.97078029275378,1.03213309015893,"PE"
23.7,12,0.99998478670898,0.955577495362703,1.04645575947752,"PE"
23.8,0,0.859638927125258,0.818034696761581,0.903359097058499,"PE"
23.8,1,0.882152173970135,0.853069984675265,0.912225810331924,"PE"
23.8,2,0.904569702623134,0.886170505470767,0.923350914809585,"PE"
23.8,3,0.926153033190692,0.911518506913221,0.941022518339257,"PE"
23.8,4,0.94609936255983,0.926836529034883,0.965762543658255,"PE"
23.8,5,0.963551918587256,0.938595089053766,0.989172339213036,"PE"
23.8,6,0.977617481243573,0.94995705385896,1.00608331266197,"PE"
23.8,7,0.987640734541206,0.961600466921994,1.01438617604605,"PE"
23.8,8,0.99399567899946,0.97290579865106,1.0155427290489,"PE"
23.8,9,0.997365573257569,0.980888688920228,1.01411923488935,"PE"
23.8,10,0.998475770970723,0.978663926632418,1.01868868166634,"PE"
23.8,11,0.998074305545673,0.966646384457508,1.03052402140782,"PE"
23.8,12,0.996917714776204,0.950770726115915,1.0453045121558,"PE"
23.9,0,0.855011184054542,0.811848733717385,0.900468393306427,"PE"
23.9,1,0.877851160123731,0.847632944425858,0.909146658820062,"PE"
23.9,2,0.900601896620972,0.881438689558994,0.920181727674215,"PE"
23.9,3,0.922508938849426,0.907251458226431,0.938023008439955,"PE"
23.9,4,0.942750872147033,0.922706682303668,0.963230486978839,"PE"
23.9,5,0.960450118902861,0.934495295796653,0.987125815453273,"PE"
23.9,6,0.974691270422294,0.945919956798059,1.0043376987766,"PE"
23.9,7,0.984802132179476,0.957699095498437,1.01267218910809,"PE"
23.9,8,0.991163439253308,0.969183042973078,1.0136423356096,"PE"
23.9,9,0.994473190588078,0.977267779528099,1.01198151368091,"PE"
23.9,10,0.995473078472632,0.974830457049096,1.01655281982421,"PE"
23.9,11,0.994928141934188,0.962264171292673,1.0287008881177,"PE"
23.9,12,0.993611910936569,0.94570408123917,1.04394667332025,"PE"
24,0,0.850531385930141,0.805778188326794,0.897770191514368,"PE"
24,1,0.873646292021319,0.842270674323369,0.906190690036499,"PE"
24,2,0.896677418459958,0.876738879864936,0.917069393454844,"PE"
24,3,0.918855946012593,0.902966651708631,0.935024840535455,"PE"
24,4,0.939343708454739,0.918503362796014,0.960656910310586,"PE"
24,5,0.957244404912702,0.93027189570678,0.984998961019343,"PE"
24,6,0.971622690235871,0.941719415384026,1.00247551102704,"PE"
24,7,0.981791271785775,0.953606903025538,1.01080864483729,"PE"
24,8,0.988137068384626,0.965253275755997,1.01156337972645,"PE"
24,9,0.991371480065886,0.973430684914891,1.00964293269012,"PE"
24,10,0.992251019839173,0.970767993942067,1.01420946355452,"PE"
24,11,0.991556097219218,0.957637044022903,1.02667654730898,"PE"
24,12,0.990075528088334,0.940378600460146,1.04239882834396,"PE"
24.1,0,0.846194568911383,0.799812382270687,0.895266520408514,"PE"
24.1,1,0.869534617066627,0.836976639715194,0.903359083635223,"PE"
24.1,2,0.892795242296648,0.872068366534235,0.914014743861528,"PE"
24.1,3,0.91519482180478,0.898663656766654,0.932030082168737,"PE"
24.1,4,0.935880256312096,0.914226626409505,0.958046756518848,"PE"
24.1,5,0.953938569937082,0.925925402351763,0.982799254564454,"PE"
24.1,6,0.968416704890127,0.937356853264335,1.00050574233737,"PE"
24.1,7,0.978614038460827,0.949326741942647,1.00880486555436,"PE"
24.1,8,0.984923162843074,0.961121182504208,1.00931459462507,"PE"
24.1,9,0.988067587102753,0.969383712997443,1.00711157366601,"PE"
24.1,10,0.988817169337185,0.966482463574401,1.0116680138819,"PE"
24.1,11,0.987966094908748,0.952769039833387,1.02446339446539,"PE"
24.1,12,0.986316800458719,0.934796325702507,1.04067678072658,"PE"
24.2,0,0.841995900411072,0.793941532665641,0.892958822709203,"PE"
24.2,1,0.86551324545864,0.831744844452041,0.900652625695408,"PE"
24.2,2,0.888954358310034,0.867424686908703,0.911018400888075,"PE"
24.2,3,0.91152632435483,0.89434220839846,0.92904062023386,"PE"
24.2,4,0.932362885931815,0.909876844426059,0.955404631284411,"PE"
24.2,5,0.95053640181351,0.92145679496323,0.980533711522123,"PE"
24.2,6,0.965078290523541,0.932834228894938,0.998436890489295,"PE"
24.2,7,0.975276347923433,0.944861959375329,1.00666975252947,"PE"
24.2,8,0.981528365281261,0.956791809491918,1.00690445120271,"PE"
24.2,9,0.984568714085151,0.965133394695072,1.00439541112507,"PE"
24.2,10,0.985179164167214,0.961980125469713,1.00893766909716,"PE"
24.2,11,0.984166123664858,0.947664853654827,1.02207331551235,"PE"
24.2,12,0.982344027566114,0.928960332584322,1.03879547344097,"PE"
24.3,0,0.837930672855701,0.788156735963412,0.890847950000902,"PE"
24.3,1,0.861579347820609,0.826569822595999,0.898071708279396,"PE"
24.3,2,0.885153772348622,0.862805620484412,0.908080779843682,"PE"
24.3,3,0.907851202730087,0.89000220369767,0.926058163535111,"PE"
24.3,4,0.92879395169273,0.90545470348772,0.952734798746006,"PE"
24.3,5,0.947041679524231,0.916867521347313,0.978208870828059,"PE"
24.3,6,0.961612429214221,0.928154037636647,0.996276939519468,"PE"
24.3,7,0.971784137970875,0.940216394463961,1.00441176772949,"PE"
24.3,8,0.97795935383024,0.952270553713992,1.00434114445096,"PE"
24.3,9,0.980882107916404,0.960686468909517,1.00150230149764,"PE"
24.3,10,0.981344690696785,0.957267559810634,1.00602740799999,"PE"
24.3,11,0.98016422254772,0.942329837141996,1.01951765220166,"PE"
24.3,12,0.978165558639515,0.922874740428152,1.03676893319744,"PE"
24.4,0,0.833994297725912,0.782449942521107,0.888934167977877,"PE"
24.4,1,0.857730152922921,0.82144662439919,0.895616335110358,"PE"
24.4,2,0.881392505588009,0.858209181602129,0.905202094734593,"PE"
24.4,3,0.904170196876497,0.885643696571139,0.923084247180678,"PE"
24.4,4,0.925175790974418,0.900961200197164,0.950041182703348,"PE"
24.4,5,0.943458169946853,0.912159492013786,0.975830790813075,"PE"
24.4,6,0.958024103185513,0.923319303839456,0.994033351699524,"PE"
24.4,7,0.968143360205452,0.935394367146571,1.00203892478971,"PE"
24.4,8,0.974222831698064,0.94756314793788,1.00163258550871,"PE"
24.4,9,0.977015047929567,0.956049865819089,0.998439974742326,"PE"
24.4,10,0.977321471105166,0.952351650802141,1.00294597807297,"PE"
24.4,11,0.975968466707329,0.936769985606538,1.01680718067661,"PE"
24.4,12,0.973789777520358,0.916544701011891,1.03461023751077,"PE"
24.5,0,0.830182299864683,0.7768139227691,0.887217171072091,"PE"
24.5,1,0.853962945496495,0.816370797176901,0.893286132726556,"PE"
24.5,2,0.877669594198728,0.853633610181784,0.902382365681363,"PE"
24.5,3,0.900484037564454,0.88126689092275,0.920120238557177,"PE"
24.5,4,0.921510723043727,0.896397630855604,0.947327372869153,"PE"
24.5,5,0.939789624729401,0.907335066228349,0.973405053571194,"PE"
24.5,6,0.954318289214796,0.918333563708932,0.991713069324896,"PE"
24.5,7,0.964359972036009,0.930400659147,0.999558788487871,"PE"
24.5,8,0.970325517104476,0.942675641410355,0.998786398824758,"PE"
24.5,9,0.972974834187714,0.951230688776822,0.99521602817497,"PE"
24.5,10,0.973117250458882,0.947239566450222,0.999701888181649,"PE"
24.5,11,0.971586953544098,0.930991913731356,1.01395210245563,"PE"
24.5,12,0.969225088069208,0.909976367306558,1.03233150342496,"PE"
24.6,0,0.82649031204148,0.771242226233759,0.885696105144772,"PE"
24.6,1,0.850275064133513,0.811338361860371,0.891080366309205,"PE"
24.6,2,0.873984089024093,0.849077360846497,0.899621428023645,"PE"
24.6,3,0.896793446340319,0.876872132577645,0.917167344610229,"PE"
24.6,4,0.917801047993007,0.891765577003185,0.944596635505761,"PE"
24.6,5,0.936039777290782,0.902397030988194,0.970936776809985,"PE"
24.6,6,0.95049995324938,0.913200840086774,0.989322525197443,"PE"
24.6,7,0.960439928962161,0.92524048818171,0.996978481732503,"PE"
24.6,8,0.966274133563275,0.937614376883726,0.995809923794764,"PE"
24.6,9,0.968768776186326,0.94623619511831,0.991837922239074,"PE"
24.6,10,0.968739784235038,0.941938735297045,0.996303405299285,"PE"
24.6,11,0.967027789356908,0.925002821327095,1.01096204663124,"PE"
24.6,12,0.964479900097077,0.90317684430137,1.02994389588322,"PE"
24.7,0,0.822914069761301,0.765729134885602,0.884369596714218,"PE"
24.7,1,0.846663899272461,0.806345786112579,0.888997959283891,"PE"
24.7,2,0.870335055267798,0.844539090795876,0.896918942750377,"PE"
24.7,3,0.89309913548348,0.872459900227758,0.914226620149666,"PE"
24.7,4,0.91404904572979,0.887066887523686,0.941851927684801,"PE"
24.7,5,0.932212339947408,0.897348574122155,0.968430631987523,"PE"
24.7,6,0.946574045232751,0.907925610508869,0.986867660453049,"PE"
24.7,7,0.956389177147887,0.919919476572579,0.994304698899858,"PE"
24.7,8,0.962075400522426,0.932385964691153,0.992710220168299,"PE"
24.7,9,0.964404181970678,0.941073776187842,0.988312977936902,"PE"
24.7,10,0.964196826307348,0.936456820709548,0.992758554694227,"PE"
24.7,11,0.96229907649486,0.918810450704086,1.00784608176066,"PE"
24.7,12,0.959562615838497,0.896154124648732,1.02745765308588,"PE"
24.8,0,0.81944940630817,0.760269612379778,0.883235787100457,"PE"
24.8,1,0.843126891264588,0.801389954927154,0.887037515759861,"PE"
24.8,2,0.866721572191049,0.840017646784648,0.894274407896941,"PE"
24.8,3,0.889401807968882,0.868030795673573,0.911298976903796,"PE"
24.8,4,0.910256975017563,0.882303658117008,0.939095914366301,"PE"
24.8,5,0.928311001166432,0.89219325282017,0.965890867435554,"PE"
24.8,6,0.942545494143823,0.902512770024679,0.984353948262174,"PE"
24.8,7,0.952213646290104,0.914443615537689,0.991543724265551,"PE"
24.8,8,0.957736024370483,0.926997254621781,0.989494076496724,"PE"
24.8,9,0.959888347679257,0.93575093688329,0.984648375644996,"PE"
24.8,10,0.959496117407632,0.930801693340144,0.989075122990663,"PE"
24.8,11,0.957408901026566,0.912423037415998,1.00461273573365,"PE"
24.8,12,0.954481616980935,0.888917012245968,1.02488212578212,"PE"
24.9,0,0.816092248013287,0.754859250745588,0.882292369881608,"PE"
24.9,1,0.839661528519053,0.796468139612744,0.885197344890343,"PE"
24.9,2,0.863142732818978,0.835512051544309,0.891687170569441,"PE"
24.9,3,0.885702157434914,0.86358553362066,0.908385193063513,"PE"
24.9,4,0.906427072567258,0.877478208935104,0.936330987501041,"PE"
24.9,5,0.924339422945806,0.886934958909601,0.963321335154261,"PE"
24.9,6,0.938419203251227,0.896967590279439,0.981786421911095,"PE"
24.9,7,0.94791924278682,0.9088192264351,0.98870145427068,"PE"
24.9,8,0.953262689816524,0.921455306329067,0.986168020906398,"PE"
24.9,9,0.955228547522493,0.930275275002769,0.980851155051085,"PE"
24.9,10,0.954645374073515,0.924981402369757,0.98526066351727,"PE"
24.9,11,0.952365320938572,0.905849256189119,1.00127002183802,"PE"
24.9,12,0.949245252262647,0.88147503701097,1.02222582728904,"PE"
25,0,0.812838609738571,0.749494215984206,0.881536630158139,"PE"
25,1,0.83626534572412,0.791577966003372,0.883475486299858,"PE"
25,2,0.859597643656137,0.831021489955684,0.889156439286049,"PE"
25,3,0.882000868156546,0.859124931265554,0.905485923081012,"PE"
25,4,0.902561552179024,0.872593061128862,0.933559286407743,"PE"
25,5,0.920301238321123,0.881577882132927,0.960725520025792,"PE"
25,6,0.9342000455841,0.891295676291911,0.97916970583789,"PE"
25,7,0.943511843208503,0.903052920169847,0.985783422423654,"PE"
25,8,0.948662051649401,0.915767358957742,0.982738333526015,"PE"
25,9,0.950432024204364,0.924654460651854,0.976928215969877,"PE"
25,10,0.949652278091058,0.919004146110047,0.981322503386773,"PE"
25,11,0.947176354872287,0.899098163799972,0.997825469287406,"PE"
25,12,0.943861825648657,0.873838364034562,1.0194964910943,"PE"
25.1,0,0.809684590566942,0.744171193872126,0.880965484286415,"PE"
25.1,1,0.832935922141945,0.786717382641596,0.881869735819117,"PE"
25.1,2,0.856085424410838,0.826545295242973,0.886681296362888,"PE"
25.1,3,0.87829861502363,0.854649897876399,0.902601707516953,"PE"
25.1,4,0.898662603933751,0.867650912975812,0.930782718753969,"PE"
25.1,5,0.916200048998948,0.876126472561364,0.958106570312407,"PE"
25.1,6,0.929892859620301,0.885502922226593,0.976508048328665,"PE"
25.1,7,0.938997288075357,0.897151555859062,0.982794825751145,"PE"
25.1,8,0.943940726880788,0.909940800604694,0.979211059963579,"PE"
25.1,9,0.945505979792795,0.918896215941248,0.972886319820358,"PE"
25.1,10,0.944524466439117,0.912878242489625,0.977267751796854,"PE"
25.1,11,0.941849971406642,0.892179140527285,0.994286156605746,"PE"
25.1,12,0.93833958509226,0.866017700048341,1.01670113313154,"PE"
25.2,0,0.806626369691143,0.738887337066159,0.880575518947965,"PE"
25.2,1,0.829670879974559,0.781884629568015,0.8803776708823,"PE"
25.2,2,0.852605207728138,0.822082935418168,0.8842607101136,"PE"
25.2,3,0.874596063524243,0.850161424542096,0.899732982761589,"PE"
25.2,4,0.894732393433841,0.86265461616248,0.928002981565299,"PE"
25.2,5,0.912039423116159,0.870585403122125,0.95546732846079,"PE"
25.2,6,0.925502445192408,0.879595467282976,0.973805354753566,"PE"
25.2,7,0.934381375942285,0.891122199702166,0.979740551856523,"PE"
25.2,8,0.939105287275261,0.90398313814519,0.975592025309108,"PE"
25.2,9,0.940457567043183,0.913008295173415,0.968732091575127,"PE"
25.2,10,0.939269521740429,0.906612099884774,0.973103309102781,"PE"
25.2,11,0.93639407889169,0.885101831608442,0.990658746451807,"PE"
25.2,12,0.932686711887195,0.858024199785107,1.01384611616877,"PE"
25.3,0,0.803660202493444,0.733640214386189,0.880363028643652,"PE"
25.3,1,0.826467882798812,0.777078208228885,0.878996675064091,"PE"
25.3,2,0.849156138931265,0.817634000161904,0.881893546674762,"PE"
25.3,3,0.870893869732982,0.845660574231381,0.89688009048766,"PE"
25.3,4,0.890773061092592,0.857607152690774,0.925221581791506,"PE"
25.3,5,0.907822893124562,0.864959533042029,0.952810361407975,"PE"
25.3,6,0.921033559611395,0.873579652626894,0.971065220417568,"PE"
25.3,7,0.929669857792472,0.884972084838994,0.976625205805355,"PE"
25.3,8,0.93416225226941,0.897901967865898,0.97188684822594,"PE"
25.3,9,0.935293881177839,0.906998465684509,0.964472022021025,"PE"
25.3,10,0.933894963222599,0.900214188684355,0.968835876278714,"PE"
25.3,11,0.930816515836383,0.877876089901131,0.98694952069074,"PE"
25.3,12,0.92691131061355,0.849869374381073,1.0109372141678,"PE"
25.4,0,0.800782416808992,0.728427762932603,0.880324050924156,"PE"
25.4,1,0.823324634068114,0.772296852892506,0.877723961355755,"PE"
25.4,2,0.845737375771284,0.813198188285018,0.879578581311106,"PE"
25.4,3,0.867192680304106,0.841148472272144,0.894043286723952,"PE"
25.4,4,0.88678672147159,0.852511612773305,0.922439856062633,"PE"
25.4,5,0.903553953799871,0.859253872832577,0.950137989760861,"PE"
25.4,6,0.916490914007356,0.867461980087873,0.968290962300102,"PE"
25.4,7,0.924868431739693,0.878708572812468,0.973453136221072,"PE"
25.4,8,0.929118082280834,0.891704947256215,0.968100954780476,"PE"
25.4,9,0.930021952122721,0.900874489476517,0.96011247019855,"PE"
25.4,10,0.928408238190533,0.893693013906275,0.964471964452935,"PE"
25.4,11,0.92512504185189,0.870511920710359,0.983164414753863,"PE"
25.4,12,0.921021399678429,0.841565003519579,1.00797967491275,"PE"
25.5,0,0.797989409366034,0.723248243490148,0.880454398876152,"PE"
25.5,1,0.820238875678941,0.767539503851543,0.87655659389381,"PE"
25.5,2,0.842348088184807,0.808775295876273,0.877314509093447,"PE"
25.5,3,0.863493132469413,0.836626297332403,0.891222750467278,"PE"
25.5,4,0.882775462665406,0.847371173984175,0.919658989365946,"PE"
25.5,5,0.899236060373943,0.853473551273398,0.947452315388528,"PE"
25.5,6,0.911879169886233,0.861249073155348,0.965485649146724,"PE"
25.5,7,0.919982738038663,0.872339117094388,0.970228460129386,"PE"
25.5,8,0.923979172406767,0.885399768224295,0.964239591742496,"PE"
25.5,9,0.924648737201429,0.894644105744848,0.955659665914163,"PE"
25.5,10,0.922816714010233,0.887057089113016,0.960017904268332,"PE"
25.5,11,0.919327329150091,0.863019429506995,0.979309050556421,"PE"
25.5,12,0.91502490245049,0.833123052580364,1.00497827963266,"PE"
25.6,0,0.795277642396631,0.718100199487913,0.880749690568202,"PE"
25.6,1,0.817208386600162,0.762805282587067,0.8754915079569,"PE"
25.6,2,0.838987458059576,0.804365205206922,0.875099954877077,"PE"
25.6,3,0.85979585404076,0.832095272958605,0.888418591776396,"PE"
25.6,4,0.878741345732902,0.842189081843767,0.916880032462493,"PE"
25.6,5,0.894872626788974,0.847623784700061,0.94475524711658,"PE"
25.6,6,0.907202935901046,0.854947640634704,0.962652129546177,"PE"
25.6,7,0.915018354402032,0.865871228990383,0.966955086230151,"PE"
25.6,8,0.918751846511039,0.878994131926978,0.960307839162649,"PE"
25.6,9,0.919181114285136,0.888315014379437,0.951119712243853,"PE"
25.6,10,0.917127670602369,0.880314911809027,0.955479854880612,"PE"
25.6,11,0.913430954595165,0.855408773049143,0.975388767452705,"PE"
25.6,12,0.908929638985692,0.82455559566117,1.00193739873199,"PE"
25.7,0,0.792643640411884,0.712982419631222,0.88120537531679,"PE"
25.7,1,0.814230981563313,0.758093468983501,0.874525528133768,"PE"
25.7,2,0.835654679007707,0.799967874432704,0.872933482538515,"PE"
25.7,3,0.856101463417107,0.827556659704606,0.885630859313635,"PE"
25.7,4,0.87468640417438,0.836968631940658,0.914103917937215,"PE"
25.7,5,0.890467024072196,0.841709848773095,0.942048524341016,"PE"
25.7,6,0.90246676483571,0.848564443176488,0.95979305777209,"PE"
25.7,7,0.909980791621884,0.859312446116949,0.963636736396222,"PE"
25.7,8,0.9134423516971,0.872495725335467,0.956310622098598,"PE"
25.7,9,0.913625875395899,0.881894860493262,0.946498587967789,"PE"
25.7,10,0.911348293442612,0.873474940445092,0.950863812460996,"PE"
25.7,11,0.90744339230465,0.847690114229532,0.971408650891027,"PE"
25.7,12,0.902743318339876,0.815874744994314,0.998861043079561,"PE"
25.8,0,0.790083987136047,0.707893904196939,0.881816756759541,"PE"
25.8,1,0.811304509812077,0.753403480612656,0.873655384636881,"PE"
25.8,2,0.832348956146456,0.795583328108779,0.870813603453702,"PE"
25.8,3,0.852410569595994,0.823011747866082,0.882859547318634,"PE"
25.8,4,0.870612643453797,0.831713153631741,0.911331474838276,"PE"
25.8,5,0.886022578829481,0.835737052799269,0.939333738484127,"PE"
25.8,6,0.897675150799181,0.842106262770869,0.956910917288345,"PE"
25.8,7,0.904875489493014,0.852670303541544,0.960276965298731,"PE"
25.8,8,0.908056853163897,0.86591219960183,0.952252721415724,"PE"
25.8,9,0.907989720759641,0.875391220011122,0.941802149894417,"PE"
25.8,10,0.905485667064398,0.866545573105003,0.946175618116862,"PE"
25.8,11,0.901372006794881,0.839873580814511,0.96737355858425,"PE"
25.8,12,0.896473531462216,0.807092586996167,0.995752910584166,"PE"
25.9,0,0.787595322594253,0.702833834888112,0.882579012820428,"PE"
25.9,1,0.808426853909267,0.748734854049293,0.872877727792552,"PE"
25.9,2,0.8290695058863,0.791211648512778,0.868738784221088,"PE"
25.9,3,0.848723772189341,0.818461850819942,0.880104602013728,"PE"
25.9,4,0.866522040565232,0.826425995312798,0.908563441910049,"PE"
25.9,5,0.881542571856052,0.82971071659331,0.936612352297112,"PE"
25.9,6,0.892832526627276,0.835579875203812,0.954008041911262,"PE"
25.9,7,0.899707813034572,0.845952307595429,0.95687917813752,"PE"
25.9,8,0.902601429440551,0.859251150245057,0.948138783632444,"PE"
25.9,9,0.902279253304015,0.868811586333621,0.937036135047855,"PE"
25.9,10,0.899546769058519,0.859535127908213,0.941420965182508,"PE"
25.9,11,0.895224046664337,0.831969228113346,0.963288144134204,"PE"
25.9,12,0.890127744662142,0.798221124962413,0.992616428003733,"PE"
26,0,0.785174340348904,0.6978015480745,0.88348721272329,"PE"
26,1,0.805595928599717,0.744087228138979,0.872189140780716,"PE"
26,2,0.825815555726191,0.786852967755361,0.866707453648937,"PE"
26,3,0.845041661443463,0.813908298956471,0.877365927452375,"PE"
26,4,0.862416543642762,0.82111051121483,0.90580047946084,"PE"
26,5,0.877030236862452,0.823636149806255,0.933885717075368,"PE"
26,6,0.887943261489212,0.828992025399618,0.951086634692327,"PE"
26,7,0.894483049006162,0.83916591230697,0.95344664651569,"PE"
26,8,0.897082067994966,0.852520099138932,0.943973329814687,"PE"
26,9,0.896500973595367,0.86216335807648,0.932206162705127,"PE"
26,10,0.893538464562818,0.852451825128309,0.936605405863379,"PE"
26,11,0.889006638807158,0.823987005518724,0.959156878142347,"PE"
26,12,0.883713293640941,0.789272228252094,0.989454788099151,"PE"
26.1,0,0.782817784880085,0.692796511198759,0.88453633125868,"PE"
26.1,1,0.802809679727557,0.739460329109671,0.871586150727329,"PE"
26.1,2,0.822586344055804,0.782507460645905,0.864718009037982,"PE"
26.1,3,0.841364818263208,0.809352434182997,0.874643390830926,"PE"
26.1,4,0.858298071612884,0.815770049655178,0.903043179932611,"PE"
26.1,5,0.872488759313712,0.817518633602931,0.931155087895541,"PE"
26.1,6,0.88301165869559,0.822349405523307,0.948148784635119,"PE"
26.1,7,0.889206402713902,0.832318498357984,0.949982522540691,"PE"
26.1,8,0.891504661210747,0.845726478256239,0.939760763549945,"PE"
26.1,9,0.890661275208068,0.855453827873149,0.92731773627985,"PE"
26.1,10,0.887467501234159,0.845303771000553,0.931734357241246,"PE"
26.1,11,0.882726783147939,0.815936726787473,0.954984066907518,"PE"
26.1,12,0.877237378078027,0.780257587682262,0.986270982359979,"PE"
26.2,0,0.780522449105639,0.687818302100141,0.885721260538902,"PE"
26.2,1,0.800066083206394,0.734853957399549,0.871065238271809,"PE"
26.2,2,0.81938111996463,0.778175338272676,0.862768821798918,"PE"
26.2,3,0.837693814240097,0.804795604971473,0.871936827290446,"PE"
26.2,4,0.854168513888597,0.810407942654991,0.900292077257272,"PE"
26.2,5,0.867921275379606,0.811363404542651,0.928421637011314,"PE"
26.2,6,0.878041953704275,0.815658635682515,0.945196481392868,"PE"
26.2,7,0.883882995101516,0.825417354434951,0.946489851263717,"PE"
26.2,8,0.885875002726167,0.838877615103731,0.935505378049746,"PE"
26.2,9,0.884766440518666,0.848690172219174,0.922376245056728,"PE"
26.2,10,0.881340504693908,0.838098943171532,0.926813106665778,"PE"
26.2,11,0.876391347887837,0.807828043880618,0.950773868858365,"PE"
26.2,12,0.870707056760713,0.771188676774538,0.983067829605269,"PE"
26.3,0,0.77828517203682,0.682866590994604,0.887036819490806,"PE"
26.3,1,0.797363144041035,0.730267976063207,0.870622845742828,"PE"
26.3,2,0.816199143057755,0.773856842251467,0.860858242449625,"PE"
26.3,3,0.834029211684383,0.800239161918096,0.869246044239545,"PE"
26.3,4,0.850029730104232,0.805027496824371,0.897547655094207,"PE"
26.3,5,0.863330870993753,0.805175640500919,0.925686465560655,"PE"
26.3,6,0.873038312320374,0.8089262470487,0.942231628111976,"PE"
26.3,7,0.878517860121051,0.818469660827724,0.94297158158697,"PE"
26.3,8,0.880198784128238,0.831980719768502,0.93121136244167,"PE"
26.3,9,0.878822636916515,0.841879442329317,0.917386965786944,"PE"
26.3,10,0.875163974437244,0.830845177729254,0.921846816570655,"PE"
26.3,11,0.870007065251046,0.799670424150201,0.946530308897067,"PE"
26.3,12,0.864129243245301,0.762076718447196,0.979848000806544,"PE"
26.4,0,0.776102836565706,0.677941124848766,0.888477761339087,"PE"
26.4,1,0.794698895399399,0.725702300614548,0.870255384079961,"PE"
26.4,2,0.813039683278178,0.769552239593737,0.858984605040008,"PE"
26.4,3,0.830371563660908,0.795684453780586,0.866570825231679,"PE"
26.4,4,0.845883549890113,0.79963198541188,0.894810354048238,"PE"
26.4,5,0.858720581019238,0.79896044846323,0.922950613743622,"PE"
26.4,6,0.868004829086258,0.802158667208416,0.939256052595025,"PE"
26.4,7,0.87311594237742,0.811482475118459,0.939430575777163,"PE"
26.4,8,0.874481591994428,0.825042873487802,0.926882807319244,"PE"
26.4,9,0.872835913421827,0.835028555972952,0.91235506415854,"PE"
26.4,10,0.868944280195821,0.823550157741929,0.916840528760659,"PE"
26.4,11,0.863580527719845,0.791473130642867,0.942257290845918,"PE"
26.4,12,0.857510702036376,0.752932656724008,0.97661404049905,"PE"
26.5,0,0.773972367380758,0.673041713892051,0.890038779327509,"PE"
26.5,1,0.792071397733365,0.721156890165973,0.869959238637929,"PE"
26.5,2,0.809902020735513,0.765261818144219,0.857146231053502,"PE"
26.5,3,0.826721414028669,0.791132823957638,0.863910933431526,"PE"
26.5,4,0.841731772686109,0.79422464141478,0.892080577967465,"PE"
26.5,5,0.854093388518327,0.792722854022251,0.920215069629167,"PE"
26.5,6,0.86294552585741,0.795362207554504,0.936271516956997,"PE"
26.5,7,0.867682095040642,0.804462719800409,0.935869617725615,"PE"
26.5,8,0.868728905274027,0.818071018649832,0.92252370962141,"PE"
26.5,9,0.86681219770149,0.828144290249275,0.907285596158519,"PE"
26.5,10,0.862687658742612,0.816221403227283,0.911799168220993,"PE"
26.5,11,0.857118184745632,0.783245205283754,0.937958608192817,"PE"
26.5,12,0.850858045270386,0.743767133027664,0.973368385148063,"PE"
26.6,0,0.771890729007184,0.668168220024088,0.891714510914276,"PE"
26.6,1,0.789478737947337,0.716631739728352,0.869730774005601,"PE"
26.6,2,0.806785445540947,0.760985882538333,0.855341432833897,"PE"
26.6,3,0.823079297483985,0.78658560737498,0.861266114705011,"PE"
26.6,4,0.837576167593119,0.788808651649029,0.889358699417657,"PE"
26.6,5,0.849452224123818,0.786467792414916,0.917480776743904,"PE"
26.6,6,0.857864350559649,0.788543052531811,0.933279725942979,"PE"
26.6,7,0.862221078019263,0.797417171668372,0.93229142009231,"PE"
26.6,8,0.862946093000714,0.8110719501316,0.918137976913602,"PE"
26.6,9,0.860757293472409,0.821233275261265,0.902183509344817,"PE"
26.6,10,0.856400211127068,0.808866262470861,0.90672754650205,"PE"
26.6,11,0.850626339922682,0.77499545470578,0.933637953328323,"PE"
26.6,12,0.844177729888849,0.73459046663544,0.970113378824931,"PE"
26.7,0,0.769854923968926,0.663320546890894,0.893499540662784,"PE"
26.7,1,0.786919028613372,0.712126873543612,0.869566337965042,"PE"
26.7,2,0.803689257648298,0.756724750631208,0.853568516584786,"PE"
26.7,3,0.819445739607166,0.782044127743329,0.858636100366861,"PE"
26.7,4,0.833418473261541,0.783387151682921,0.886645064424971,"PE"
26.7,5,0.844799965509455,0.780200100944477,0.914748640586969,"PE"
26.7,6,0.852765176123152,0.781707250560815,0.930282334066409,"PE"
26.7,7,0.856737556388239,0.79035245282816,0.928698630464906,"PE"
26.7,8,0.857138412327508,0.804052307880874,0.913729431140654,"PE"
26.7,9,0.854676878281654,0.814301988645701,0.897053644046911,"PE"
26.7,10,0.850087900328261,0.801491904610643,0.901630364732838,"PE"
26.7,11,0.84411114861076,0.766732438496615,0.929298925458366,"PE"
26.7,12,0.837476055285927,0.725412638893748,0.966851286526878,"PE"
26.8,0,0.767861991069325,0.65849863142184,0.895388402031829,"PE"
26.8,1,0.784390407231755,0.70764233933068,0.869462264707263,"PE"
26.8,2,0.800612766701049,0.752478750352343,0.851825784986716,"PE"
26.8,3,0.815821256912582,0.777509695154796,0.856020609618143,"PE"
26.8,4,0.829260397815749,0.777963221544355,0.883939996572611,"PE"
26.8,5,0.840139436956819,0.773924512643126,0.912019534204361,"PE"
26.8,6,0.84765179958853,0.774860706473651,0.927280951715295,"PE"
26.8,7,0.851236099064241,0.783275023180411,0.925093836655136,"PE"
26.8,8,0.851311006874889,0.797018570651813,0.909301811918439,"PE"
26.8,9,0.848576501652267,0.807356750915839,0.891900734513661,"PE"
26.8,10,0.843756549313102,0.794105313405912,0.896512216314623,"PE"
26.8,11,0.837578615992233,0.758464459646497,0.924945037364617,"PE"
26.8,12,0.830759161414583,0.716243280812623,0.963584305448883,"PE"
26.9,0,0.765909003787673,0.653702436638804,0.897375578251293,"PE"
26.9,1,0.781891035535965,0.703178203335244,0.869414877412004,"PE"
26.9,2,0.797555291885217,0.748248216942614,0.850111539474471,"PE"
26.9,3,0.812206356902039,0.772983603986138,0.85341935170453,"PE"
26.9,4,0.825103618813598,0.772539882118652,0.881243800530073,"PE"
26.9,5,0.835473409016038,0.767645651042379,0.9092943029444,"PE"
26.9,6,0.842527941380124,0.768009175309463,0.924277150361126,"PE"
26.9,7,0.845721177721182,0.776191174243376,0.921479571245212,"PE"
26.9,8,0.84546890538263,0.789977050807517,0.904858779426837,"PE"
26.9,9,0.842461583583218,0.800403721573237,0.886729410026366,"PE"
26.9,10,0.837411839486413,0.786713282110136,0.891377589343719,"PE"
26.9,11,0.831034595548869,0.750199556993228,0.920579721170519,"PE"
26.9,12,0.824033027335078,0.70709166368866,0.960314574487753,"PE"
27,0,0.763993068789048,0.648931945568209,0.89945550245123,"PE"
27,1,0.77941909884101,0.69873454608381,0.86942049028912,"PE"
27,2,0.794516161787938,0.744033490533409,0.848424082213933,"PE"
27,3,0.808601538121353,0.768467131079185,0.850832027824031,"PE"
27,4,0.820949783239991,0.767120092160984,0.87855676508647,"PE"
27,5,0.830804598257643,0.761368025930338,0.906573768503903,"PE"
27,6,0.83739724474155,0.761158257328921,0.921272466991992,"PE"
27,7,0.840197165938578,0.769107024189275,0.91785831548652,"PE"
27,8,0.839617020655604,0.782933890107165,0.900403916961751,"PE"
27,9,0.83633741339171,0.793448895945662,0.881544195993987,"PE"
27,10,0.83105930951924,0.779322409370364,0.886230868808969,"PE"
27,11,0.824484787943222,0.7419454994749,0.916206333256121,"PE"
27,12,0.817303470189262,0.697966692433391,0.957044182229595,"PE"
27.1,0,0.762111324544965,0.644187156105263,0.901622557194812,"PE"
27.1,1,0.776972805434151,0.694311458752427,0.869475410169592,"PE"
27.1,2,0.791494714261624,0.739834914030768,0.846761717814844,"PE"
27.1,3,0.80500729022004,0.763961534170948,0.848258332810778,"PE"
27.1,4,0.816800507533516,0.761706745854667,0.875879165752201,"PE"
27.1,5,0.826135667112851,0.755096029986659,0.903858732362894,"PE"
27.1,6,0.832263275328481,0.754313394120554,0.918268407878476,"PE"
27.1,7,0.834668338575192,0.762028513978892,0.914232502642505,"PE"
27.1,8,0.83376014879365,0.775895056400147,0.895940733198719,"PE"
27.1,9,0.83020914888578,0.786498102708792,0.876349515046258,"PE"
27.1,10,0.824704354541567,0.771939096078905,0.881076338605734,"PE"
27.1,11,0.817934740289158,0.733709782015536,0.911828158449885,"PE"
27.1,12,0.810576144583805,0.688876901312424,0.953775173643635,"PE"
27.2,0,0.760260940062547,0.639468076697319,0.903871073549105,"PE"
27.2,1,0.77455038600708,0.689909040069992,0.869575937724853,"PE"
27.2,2,0.788490296293589,0.735652831270615,0.845122754812655,"PE"
27.2,3,0.801424094014007,0.759468050548074,0.845697956619329,"PE"
27.2,4,0.812657377645176,0.756302670853466,0.873211266986375,"PE"
27.2,5,0.821469223799546,0.748833936197274,0.901149978694416,"PE"
27.2,6,0.827129520953556,0.747479865683862,0.915266451768495,"PE"
27.2,7,0.829138871360339,0.754961404488986,0.910604520857632,"PE"
27.2,8,0.827902968695415,0.76886634115452,0.891472664215549,"PE"
27.2,9,0.824081815854998,0.779557002050529,0.871149688138974,"PE"
27.2,10,0.818352225685383,0.764569543106683,0.875918183404246,"PE"
27.2,11,0.811389845795973,0.725499622883141,0.907448413611175,"PE"
27.2,12,0.803856542365368,0.679830451827823,0.95050955567854,"PE"
27.3,0,0.758439113720027,0.634774722729452,0.906195329812446,"PE"
27.3,1,0.772150093128645,0.685527393685003,0.869718368384464,"PE"
27.3,2,0.785502263881,0.731487585414259,0.843505506949578,"PE"
27.3,3,0.797852421551161,0.754987895902459,0.843150585631764,"PE"
27.3,4,0.808521949128232,0.750910626752593,0.87055332410084,"PE"
27.3,5,0.816807822331214,0.742585895961373,0.898448276825559,"PE"
27.3,6,0.821999391478302,0.740662788385696,0.912268052595672,"PE"
27.3,7,0.823612840695111,0.747911274536507,0.906976715624787,"PE"
27.3,8,0.822050041825993,0.76185335775204,0.887003075316311,"PE"
27.3,9,0.81796030786688,0.772631084438005,0.865948935684279,"PE"
27.3,10,0.812008029963944,0.757219749851439,0.870760490406235,"PE"
27.3,11,0.804855343770352,0.717321962373456,0.903070250703456,"PE"
27.3,12,0.797149992770584,0.670835132501795,0.94724930193253,"PE"
27.4,0,0.756643072206532,0.630107113510198,0.908589550003348,"PE"
27.4,1,0.76977020075725,0.681166625932945,0.869898993014066,"PE"
27.4,2,0.782529981911058,0.727339517556318,0.841908294281985,"PE"
27.4,3,0.794292736179844,0.750522263366923,0.840615903807801,"PE"
27.4,4,0.80439574725818,0.745533303939149,0.86790558488566,"PE"
27.4,5,0.812153962606076,0.736355937812792,0.895754383316243,"PE"
27.4,6,0.816876218846893,0.733867113697139,0.909274641775242,"PE"
27.4,7,0.818094223655762,0.740883519712449,0.903351391914728,"PE"
27.4,8,0.81620581223811,0.754861540486772,0.882535262694242,"PE"
27.4,9,0.811849386356618,0.765725669948763,0.860751378717289,"PE"
27.4,10,0.805676730472967,0.7498955135378,0.865607251019898,"PE"
27.4,11,0.798336319960433,0.709183462685618,0.898696759445589,"PE"
27.4,12,0.790461662933695,0.661898360343395,0.943996356545948,"PE"
27.5,0,0.754870069564197,0.625465269768691,0.911047902203409,"PE"
27.5,1,0.767409003792085,0.676826843949064,0.870114098408131,"PE"
27.5,2,0.779572824046273,0.723208965520046,0.840329444138557,"PE"
27.5,3,0.790745492619989,0.746072322711829,0.838093593696201,"PE"
27.5,4,0.800280267181899,0.740173322778269,0.86526829099539,"PE"
27.5,5,0.807510090573692,0.730147966686697,0.89306904371362,"PE"
27.5,6,0.811763257256581,0.727097627627788,0.906287630151843,"PE"
27.5,7,0.812586898191467,0.733883351946291,0.899730816023134,"PE"
27.5,8,0.810374606836576,0.74789614420883,0.878072454966645,"PE"
27.5,9,0.805753680997682,0.758845908129104,0.855561040108893,"PE"
27.5,10,0.799363146899523,0.742602429209967,0.860462362479615,"PE"
27.5,11,0.791837707226182,0.701090508867928,0.894330969617123,"PE"
27.5,12,0.783796558734732,0.653027183801577,0.940752637444683,"PE"
27.6,0,0.753117386330766,0.62084921158634,0.91356449683565,"PE"
27.6,1,0.765064817662379,0.672508154078193,0.870359967645409,"PE"
27.6,2,0.776630172614726,0.719096262817617,0.838767291950946,"PE"
27.6,3,0.787211137036916,0.74163921968537,0.835583337323846,"PE"
27.6,4,0.796176974094996,0.734833233096277,0.862641679130497,"PE"
27.6,5,0.80287859847627,0.723965763670282,0.890392994032239,"PE"
27.6,6,0.806663683459656,0.720358950783201,0.903308409654976,"PE"
27.6,7,0.80709464350865,0.726915799729475,0.896117217183581,"PE"
27.6,8,0.804560635875738,0.740962244559121,0.873617814610692,"PE"
27.6,9,0.799677690340841,0.751996778344107,0.850381845833173,"PE"
27.6,10,0.793071956324408,0.735345890361465,0.855329629433371,"PE"
27.6,11,0.785364286520411,0.693049210722944,0.88997585308309,"PE"
27.6,12,0.777159525971194,0.644228287027526,0.937520039044739,"PE"
27.7,0,0.751382328780929,0.616258956696693,0.916133384949927,"PE"
27.7,1,0.762735977953884,0.668210660539394,0.870632880348921,"PE"
27.7,2,0.773701418505216,0.715001737755391,0.837220181976361,"PE"
27.7,3,0.78369010711767,0.737224075481991,0.833084816977207,"PE"
27.7,4,0.792087303446392,0.729515513926615,0.860025982043871,"PE"
27.7,5,0.798261825161978,0.717812986183237,0.88772696200326,"PE"
27.7,6,0.801580597191762,0.713655538979079,0.90033835471028,"PE"
27.7,7,0.801621140634152,0.719985708933102,0.892512788988297,"PE"
27.7,8,0.798767993679717,0.734064738744952,0.869174439325304,"PE"
27.7,9,0.793625782709284,0.745183090585398,0.84521762629656,"PE"
27.7,10,0.786807694303876,0.728131090149907,0.850212765517715,"PE"
27.7,11,0.778920688164857,0.685065405571125,0.885634325594659,"PE"
27.7,12,0.770555251836378,0.635507995286834,0.934300434512447,"PE"
27.8,0,0.749662228264704,0.61169451909641,0.918748556578492,"PE"
27.8,1,0.760420840071821,0.663934464308722,0.870929112887051,"PE"
27.8,2,0.770785961067166,0.71092571266633,0.835686467929284,"PE"
27.8,3,0.780182832149818,0.732827986324984,0.830597715889333,"PE"
27.8,4,0.78801266116921,0.724222573488364,0.857421429398398,"PE"
27.8,5,0.793662056467557,0.711693168539909,0.885071668129956,"PE"
27.8,6,0.796517021721507,0.706991684352837,0.897378823448045,"PE"
27.8,7,0.796169973149522,0.71309774416113,0.888919690652784,"PE"
27.8,8,0.793000659575273,0.727208346810114,0.864745363340858,"PE"
27.8,9,0.787602197337561,0.738409486704256,0.840072117734589,"PE"
27.8,10,0.780574756216753,0.720963023148015,0.845115394937187,"PE"
27.8,11,0.77251139340592,0.677144661781372,0.881309248413797,"PE"
27.8,12,0.76398826668768,0.626872281377952,0.931095677660913,"PE"
27.9,0,0.747954440641275,0.607155907918314,0.921403939217319,"PE"
27.9,1,0.758117778939551,0.659679662188202,0.871244938547565,"PE"
27.9,2,0.767883208015187,0.706868503253767,0.834164513537549,"PE"
27.9,3,0.776689733102608,0.728452023150738,0.82812171884403,"PE"
27.9,4,0.783954423937023,0.718956749370678,0.854828248498107,"PE"
27.9,5,0.789081525667541,0.705609722850572,0.882427826581514,"PE"
27.9,6,0.79147590451628,0.700371516919385,0.894431158744523,"PE"
27.9,7,0.790744628088819,0.706256390585845,0.88534004815539,"PE"
27.9,8,0.787262499027291,0.720397613356488,0.860333558695448,"PE"
27.9,9,0.781611045742254,0.731680442039226,0.83494896368099,"PE"
27.9,10,0.774377398863146,0.713846487585361,0.840041054062544,"PE"
27.9,11,0.766140736234893,0.669292282984994,0.877003429803037,"PE"
27.9,12,0.757462946088497,0.618326772927476,0.927907604551292,"PE"
28,0,0.746256345806719,0.602643126524558,0.92409339648231,"PE"
28,1,0.755825188732236,0.655446346033442,0.871576627712215,"PE"
28,2,0.764992575338203,0.702830418032538,0.832652693036235,"PE"
28,3,0.773211222710416,0.724097231383446,0.825656512707671,"PE"
28,4,0.779913939444537,0.713720308899611,0.852246664912337,"PE"
28,5,0.784522413987479,0.699565940224017,0.879796145952521,"PE"
28,6,0.786460118019312,0.693799006523499,0.891496689126495,"PE"
28,7,0.785348496992406,0.699465956217269,0.881775955278441,"PE"
28,8,0.781557264966977,0.713636909677413,0.855941936493696,"PE"
28,9,0.775656313312463,0.725000267408838,0.829851716512826,"PE"
28,10,0.76821974230117,0.706786088038193,0.834993193059829,"PE"
28,11,0.759812905457786,0.661513312897073,0.87271962641518,"PE"
28,12,0.750983513107616,0.609876760445557,0.92473803485713,"PE"
28.1,0,0.744565347314141,0.598156171784022,0.926810726983852,"PE"
28.1,1,0.753541482644787,0.651234602115979,0.871920448055951,"PE"
28.1,2,0.762113487213019,0.698811757855068,0.831149391611193,"PE"
28.1,3,0.76974770555838,0.719764630790259,0.82320178689782,"PE"
28.1,4,0.775892526711799,0.708515449666563,0.849676903009713,"PE"
28.1,5,0.779986851178517,0.693564992237886,0.877177329911585,"PE"
28.1,6,0.781472460533048,0.687277965145974,0.888576729565114,"PE"
28.1,7,0.779984877109331,0.692730574562581,0.878229474573736,"PE"
28.1,8,0.775888599303054,0.706930436265964,0.851573348161751,"PE"
28.1,9,0.769741861108393,0.718373111441546,0.824783839074446,"PE"
28.1,10,0.762105771908395,0.699786238527535,0.829975177560223,"PE"
28.1,11,0.753531947000119,0.653812540675859,0.868460544612426,"PE"
28.1,12,0.744554040860395,0.601527206036007,0.921588773041064,"PE"
7.4,0,0.517253611494526,0.407831731280378,0.656033550317821,"RJ"
7.4,1,0.609551850977033,0.518926625745481,0.716003844465987,"RJ"
7.4,2,0.712025305007147,0.643781573736628,0.787503177557435,"RJ"
7.4,3,0.817213449080565,0.752917123759911,0.887000441726058,"RJ"
7.4,4,0.913499967277827,0.82292426405437,1.01404494516333,"RJ"
7.4,5,0.985807623450632,0.865425762165406,1.12293475990566,"RJ"
7.4,6,1.01803817845481,0.884826264836807,1.17130534431268,"RJ"
7.4,7,1.00017497118273,0.878870418294355,1.13822237289744,"RJ"
7.4,8,0.940321045488565,0.846185899808061,1.04492838841828,"RJ"
7.4,9,0.853467397052663,0.777590132471211,0.936748767010383,"RJ"
7.4,10,0.754450357594697,0.666232169715407,0.854349831707928,"RJ"
7.4,11,0.65528421228585,0.541483953782834,0.793001151504668,"RJ"
7.4,12,0.564165327741906,0.429841128576212,0.740465478676735,"RJ"
7.5,0,0.521308733231053,0.412236401759289,0.659240169434749,"RJ"
7.5,1,0.613032487732977,0.522912598102813,0.718683834314875,"RJ"
7.5,2,0.714658818065226,0.646921126103256,0.78948917515621,"RJ"
7.5,3,0.81878065841328,0.755052634279428,0.88788746129132,"RJ"
7.5,4,0.913937971547045,0.824321867334111,1.01329668535528,"RJ"
7.5,5,0.985310184878555,0.866333635421297,1.12062618918553,"RJ"
7.5,6,1.01709870841322,0.885493154967595,1.16826400842556,"RJ"
7.5,7,0.999474299714123,0.879592324100848,1.13569530840347,"RJ"
7.5,8,0.940403073591505,0.84726063951418,1.04378499316036,"RJ"
7.5,9,0.854601307125473,0.779383937289205,0.937077811329796,"RJ"
7.5,10,0.756647138048082,0.669096234227277,0.85565403335073,"RJ"
7.5,11,0.658380238364203,0.545265670586174,0.794960258184823,"RJ"
7.5,12,0.567919729028663,0.434123130376901,0.742952393114762,"RJ"
7.6,0,0.525394844107385,0.416685555962941,0.662465348904904,"RJ"
7.6,1,0.616532357517236,0.526926424954237,0.721376135005515,"RJ"
7.6,2,0.717301653951574,0.650073754505466,0.791481980614767,"RJ"
7.6,3,0.820350729963652,0.757192386612731,0.888777188004258,"RJ"
7.6,4,0.914376327740897,0.825719873487662,1.01255170860971,"RJ"
7.6,5,0.984813373186824,0.867240123821815,1.11832623210925,"RJ"
7.6,6,1.01616059195919,0.886158001715891,1.16523503331395,"RJ"
7.6,7,0.998774548180908,0.880312372281618,1.13317798261598,"RJ"
7.6,8,0.940485344983143,0.848334632584717,1.0426459679397,"RJ"
7.6,9,0.855736697293933,0.781180117545631,0.937409028530162,"RJ"
7.6,10,0.75885001878785,0.671970590428603,0.856962133784789,"RJ"
7.6,11,0.661490362047057,0.549071263693928,0.796926606825783,"RJ"
7.6,12,0.57169840696685,0.438444895396828,0.745450732714356,"RJ"
7.7,0,0.529511663337686,0.421178955932477,0.665708952599223,"RJ"
7.7,1,0.620051154463771,0.530967721231019,0.724080615033431,"RJ"
7.7,2,0.719953578982755,0.653239110988853,0.793481509558485,"RJ"
7.7,3,0.821923577861926,0.759336172607242,0.889669677562924,"RJ"
7.7,4,0.91481512596743,0.827118172957795,1.01181033383184,"RJ"
7.7,5,0.984317425304225,0.868145178673582,1.11603544840031,"RJ"
7.7,6,1.01522413445637,0.886820788494843,1.16221908254091,"RJ"
7.7,7,0.998075986546526,0.881030545799809,1.1306709848709,"RJ"
7.7,8,0.94056800909598,0.849407828972348,1.04151168562348,"RJ"
7.7,9,0.856873552728547,0.782978537353786,0.937742543808555,"RJ"
7.7,10,0.761058827945951,0.674854947496932,0.858274125043882,"RJ"
7.7,11,0.664614307983596,0.552900368646194,0.798900133595623,"RJ"
7.7,12,0.575501062832209,0.442806156082525,0.747960408344634,"RJ"
7.8,0,0.533658895781111,0.425716338730592,0.668970840761037,"RJ"
7.8,1,0.623588563910619,0.535036085478979,0.726797140592841,"RJ"
7.8,2,0.722614355655816,0.656416840192484,0.795487676469044,"RJ"
7.8,3,0.823499115549972,0.761483782010586,0.890564985535251,"RJ"
7.8,4,0.915254456507456,0.828516655563903,1.01107287889899,"RJ"
7.8,5,0.983822577682422,0.869048751032353,1.11375439318899,"RJ"
7.8,6,1.01428964013957,0.887481498589153,1.15921681266588,"RJ"
7.8,7,0.997378884018336,0.881746827636817,1.1281748990827,"RJ"
7.8,8,0.940651215415415,0.850480178798339,1.04038251698315,"RJ"
7.8,9,0.858011858513323,0.784779060177294,0.93807848183815,"RJ"
7.8,10,0.763273391506463,0.67774900948761,0.85958999869616,"RJ"
7.8,11,0.667751794716177,0.556752607743625,0.800880773875065,"RJ"
7.8,12,0.579327386828953,0.44720662317335,0.75048132952174,"RJ"
7.9,0,0.537836231655165,0.430297415788822,0.672250869902953,"RJ"
7.9,1,0.627144262277879,0.539131099602621,0.729525575500955,"RJ"
7.9,2,0.7252837426154,0.659606579321594,0.797500394618911,"RJ"
7.9,3,0.825077255778263,0.763635002511605,0.891463167303209,"RJ"
7.9,4,0.915694409815032,0.829915210547701,1.01033966061802,"RJ"
7.9,5,0.983329066298321,0.869950791751101,1.11148361699954,"RJ"
7.9,6,1.01335741212018,0.888140115207497,1.15622887325497,"RJ"
7.9,7,0.996683509051199,0.882461200850856,1.12569030372872,"RJ"
7.9,8,0.940735113480494,0.851551632418967,1.03925883063746,"RJ"
7.9,9,0.859151599645491,0.786581548889206,0.938416966703318,"RJ"
7.9,10,0.765493533291208,0.680652475338291,0.860909745783881,"RJ"
7.9,11,0.670902534611547,0.560627589875452,0.802868462196436,"RJ"
7.9,12,0.583177057906786,0.451645985196862,0.753013404338302,"RJ"
8,0,0.542043346250015,0.434921872257761,0.675548892698097,"RJ"
8,1,0.630717916947216,0.543252328616495,0.732265781117457,"RJ"
8,2,0.727961494621634,0.662807958126509,0.799519576001556,"RJ"
8,3,0.826657910602957,0.76578961978533,0.892364278003677,"RJ"
8,4,0.916135076518028,0.831313726622321,1.00961099468047,"RJ"
8,5,0.982837126657006,0.870851251531681,1.10922366573674,"RJ"
8,6,1.01242775239256,0.888796621538842,1.15325590689125,"RJ"
8,7,0.995990129351795,0.88317364863956,1.12321777183261,"RJ"
8,8,0.940819852884889,0.852622140495804,1.03814099299325,"RJ"
8,9,0.860292761035221,0.788385865834365,0.938758121832051,"RJ"
8,10,0.76771907494576,0.683565038878133,0.862233356759854,"RJ"
8,11,0.674066233793232,0.564524910353774,0.804863132178618,"RJ"
8,12,0.587049743579349,0.456123907968141,0.755556539388089,"RJ"
8.1,0,0.54627989964396,0.43958936636141,0.67886475786511,"RJ"
8.1,1,0.634309186142986,0.547399320404519,0.735017616258728,"RJ"
8.1,2,0.730647362518843,0.666020598888188,0.801545131257065,"RJ"
8.1,3,0.828240991383064,0.76794741754213,0.893268372465836,"RJ"
8.1,4,0.916576547418785,0.832712092025033,1.00888719561537,"RJ"
8.1,5,0.982346993795237,0.871750080980362,1.1069750806714,"RJ"
8.1,6,1.01150096184133,0.889451000812939,1.15029854918463,"RJ"
8.1,7,0.995299011883647,0.883884154406932,1.12075787094662,"RJ"
8.1,8,0.940905583278112,0.853691654070082,1.03702936818362,"RJ"
8.1,9,0.861435327505349,0.7901918728952,0.939102069925574,"RJ"
8.1,10,0.769949835925873,0.68648638884196,0.863560821420387,"RJ"
8.1,11,0.677242592075152,0.568444150754644,0.806864716457677,"RJ"
8.1,12,0.590945099744226,0.46064003409399,0.758110639685431,"RJ"
8.2,0,0.550545536420316,0.444299528756936,0.682198310046265,"RJ"
8.2,1,0.637917718815073,0.551571605488091,0.737780937106293,"RJ"
8.2,2,0.733341093205087,0.669244116410806,0.803576969592838,"RJ"
8.2,3,0.82982640877771,0.770108177581256,0.894175505144864,"RJ"
8.2,4,0.917018913494864,0.834110194573842,1.00816857673936,"RJ"
8.2,5,0.981858902285503,0.872647230667533,1.10473839842458,"RJ"
8.2,6,1.01057734024952,0.890103236365363,1.14735742878098,"RJ"
8.2,7,0.994610422872882,0.884592701834941,1.1183111631323,"RJ"
8.2,8,0.940992454366977,0.854760124641396,1.03592431800334,"RJ"
8.2,9,0.8625792837911,0.79199943156105,0.939448932885016,"RJ"
8.2,10,0.772185633484322,0.689416208889629,0.864892128834532,"RJ"
8.2,11,0.680431302896534,0.572384878766519,0.808873146612825,"RJ"
8.2,12,0.594862770504675,0.465193982482978,0.760675608578934,"RJ"
8.3,0,0.554839885385942,0.449051961901212,0.685549389678002,"RJ"
8.3,1,0.641543154523553,0.555768696803811,0.740555597108989,"RJ"
8.3,2,0.736042429602568,0.672478118021812,0.805614998699005,"RJ"
8.3,3,0.831414072743496,0.77227167984901,0.895085730051731,"RJ"
8.3,4,0.917462265899882,0.835507921728229,1.00745545010397,"RJ"
8.3,5,0.981373086240652,0.873542651191893,1.10251415095007,"RJ"
8.3,6,1.00965718630763,0.890753311707416,1.14443316737001,"RJ"
8.3,7,0.993924627814687,0.885299274960126,1.1158782049393,"RJ"
8.3,8,0.941080615917289,0.855827504250958,1.03482620184121,"RJ"
8.3,9,0.863724614539818,0.793808403001196,0.939798831735009,"RJ"
8.3,10,0.774426282658177,0.692354177630882,0.866227267269417,"RJ"
8.3,11,0.683632053258156,0.576346648046642,0.81088835308736,"RJ"
8.3,12,0.598802387993228,0.469785347862375,0.763251347658964,"RJ"
8.4,0,0.55916255929168,0.453846239425602,0.688917832853115,"RJ"
8.4,1,0.645185123325283,0.559990089491721,0.743341446878256,"RJ"
8.4,2,0.738751110628922,0.67572220357991,0.807659124658209,"RJ"
8.4,3,0.833003892531958,0.774437702501773,0.895999100678864,"RJ"
8.4,4,0.917906695964442,0.836905160654296,1.00674812643962,"RJ"
8.4,5,0.980889779319065,0.874436293249482,1.10030286551487,"RJ"
8.4,6,1.00874079762362,0.891401210601295,1.14152637969151,"RJ"
8.4,7,0.993241891480486,0.886003858255539,1.11345954738179,"RJ"
8.4,8,0.94117021775578,0.856893745569691,1.0337353766091,"RJ"
8.4,9,0.864871304310696,0.795618648141724,0.940151886544071,"RJ"
8.4,10,0.776671596256512,0.69529996865595,0.867566224111431,"RJ"
8.4,11,0.686844523659993,0.580328998085973,0.8129102651042,"RJ"
8.4,12,0.602763572197328,0.474413700303056,0.76583775665836,"RJ"
8.5,0,0.563513154554943,0.458681905520531,0.69230347117377,"RJ"
8.5,1,0.648843245662529,0.564235260695,0.746138334075965,"RJ"
8.5,2,0.741466871169426,0.678975965491455,0.809709251849353,"RJ"
8.5,3,0.834595776687118,0.776606021974147,0.89691566992145,"RJ"
8.5,4,0.918352295197153,0.838301798294629,1.00604691509617,"RJ"
8.5,5,0.980409214730397,0.875328107707906,1.0981050646771,"RJ"
8.5,6,1.00782847073366,0.892046917140916,1.13863767353943,"RJ"
8.5,7,0.992562477925818,0.886706436718413,1.11105573591218,"RJ"
8.5,8,0.941261409772281,0.857958801991405,1.03265219666734,"RJ"
8.5,9,0.866019337574512,0.797430027746367,0.940508216341635,"RJ"
8.5,10,0.778921384848563,0.698253250572208,0.868908985783032,"RJ"
8.5,11,0.690068388040323,0.584331454083328,0.814938810575585,"RJ"
8.5,12,0.606745930787151,0.479078584753541,0.76843473334579,"RJ"
8.6,0,0.567891250984742,0.463558474331519,0.695706131594471,"RJ"
8.6,1,0.652517132253743,0.568503669372118,0.748946103294106,"RJ"
8.6,2,0.74418944205014,0.682238988735748,0.811765282844908,"RJ"
8.6,3,0.83618963304314,0.778776413052444,0.897835489994142,"RJ"
8.6,4,0.918799155285739,0.83969772144316,1.00535212397969,"RJ"
8.6,5,0.979931625241867,0.87621804568614,1.09592126626108,"RJ"
8.6,6,1.00692050111393,0.892690415838815,1.13576764976336,"RJ"
8.6,7,0.991886650498925,0.887406995963955,1.10866731039152,"RJ"
8.6,8,0.941354341922128,0.859022627731337,1.03157701374636,"RJ"
8.6,9,0.867168698713361,0.799242402501479,0.94086793903159,"RJ"
8.6,10,0.781175456752344,0.701213687047176,0.870255537654926,"RJ"
8.6,11,0.693303313716333,0.588353526829372,0.816973916006535,"RJ"
8.6,12,0.610749058945793,0.483779520584401,0.77104217341109,"RJ"
8.7,0,0.572296411509413,0.468475429368411,0.69912563625399,"RJ"
8.7,1,0.656206383986589,0.572794756122499,0.751764595925639,"RJ"
8.7,2,0.74691855001202,0.685510850899749,0.813827118301364,"RJ"
8.7,3,0.837785368722089,0.78094864895381,0.898758612342922,"RJ"
8.7,4,0.91924736809824,0.841092816825377,1.0046640594851,"RJ"
8.7,5,0.979457243185107,0.877106058640334,1.09375198332903,"RJ"
8.7,6,1.00601718319311,0.893331691719583,1.13291690226689,"RJ"
8.7,7,0.991214671850033,0.88810552232567,1.10629480505638,"RJ"
8.7,8,0.941449164228813,0.86008517793034,1.03051017686404,"RJ"
8.7,9,0.868319372020398,0.801055633105283,0.941231171302185,"RJ"
8.7,10,0.783433618023734,0.704180936858172,0.871605863953366,"RJ"
8.7,11,0.696548961326317,0.592394712601209,0.819015506391575,"RJ"
8.7,12,0.614772539201989,0.488516001144304,0.773659970341932,"RJ"
8.8,0,0.57672818190732,0.473432222929695,0.702561802295229,"RJ"
8.8,1,0.659910591813357,0.577107943026806,0.754593650025758,"RJ"
8.8,2,0.74965391768602,0.688791122222756,0.815894656842358,"RJ"
8.8,3,0.839382890131784,0.783122501411227,0.899685087551855,"RJ"
8.8,4,0.919697025684308,0.842486971184201,1.00398302642431,"RJ"
8.8,5,0.978986300463557,0.877992098456033,1.0915977241489,"RJ"
8.8,6,1.00511881036583,0.893970730420311,1.13008601800222,"RJ"
8.8,7,0.990546803941338,0.888802002962665,1.10393874848144,"RJ"
8.8,8,0.941546026786872,0.861146408765003,1.02945203223865,"RJ"
8.8,9,0.869471341699581,0.80286958036154,0.941598028532161,"RJ"
8.8,10,0.785695672446034,0.707154653948946,0.872959947662301,"RJ"
8.8,11,0.69980498477349,0.59645449306829,0.821063505104242,"RJ"
8.8,12,0.618815941265533,0.493287493329099,0.776288015291057,"RJ"
8.9,0,0.581186090540849,0.478428275543883,0.706014441671882,"RJ"
8.9,1,0.663629336648854,0.581442633503035,0.75743310016275,"RJ"
8.9,2,0.752395263569216,0.692079365651606,0.817967794934035,"RJ"
8.9,3,0.840982102963769,0.785297740764679,0.900614965244497,"RJ"
8.9,4,0.920148220276592,0.843880071371892,1.00330932794958,"RJ"
8.9,5,0.978519028560418,0.878876117547296,1.08945899215801,"RJ"
8.9,6,1.00422567500702,0.894607518298549,1.12727557696061,"RJ"
8.9,7,0.989883308057675,0.889496425974388,1.10159966353751,"RJ"
8.9,8,0.94164507976501,0.862206277564012,1.02840292319702,"RJ"
8.9,9,0.870624591865412,0.804684105277795,0.941968624692966,"RJ"
8.9,10,0.787961421520018,0.71013448749362,0.874317770420107,"RJ"
8.9,11,0.703071031171506,0.600532335210432,0.823117833778849,"RJ"
8.9,12,0.622878821865571,0.498093437165352,0.778926196933296,"RJ"
9,0,0.585669648093955,0.483462975430056,0.70948336094068,"RJ"
9,1,0.667362189270912,0.585798212179627,0.760282777257601,"RJ"
9,2,0.755142302001974,0.695375136906975,0.820046426752133,"RJ"
9,3,0.842582912191373,0.787474136058768,0.901548293979667,"RJ"
9,4,0.920601044292214,0.845272004448364,1.0026432654717,"RJ"
9,5,0.978055658547143,0.879758068963179,1.08733628592172,"RJ"
9,6,1.00333806848696,0.895242042548318,1.1244861521579,"RJ"
9,7,0.98922444481789,0.890188780523292,1.09927806734434,"RJ"
9,8,0.941746473409472,0.863264742931049,1.02736319007762,"RJ"
9,9,0.871779106542686,0.806499069168337,0.942343072246911,"RJ"
9,10,0.79023066445448,0.713120081968277,0.875679312410597,"RJ"
9,11,0.706346740791727,0.604627691248761,0.825178412183943,"RJ"
9,12,0.626960724591973,0.502933245409876,0.781574401311536,"RJ"
9.1,0,0.590178347313599,0.488535677979817,0.712968361037904,"RJ"
9.1,1,0.671108710223619,0.590174044786934,0.763142508411412,"RJ"
9.1,2,0.757894743146195,0.698677984561391,0.822130444040297,"RJ"
9.1,3,0.844185222067888,0.78965145514705,0.902485121141327,"RJ"
9.1,4,0.921055590334342,0.846662657786279,1.0019851385725,"RJ"
9.1,5,0.977596421092488,0.880637906502108,1.08523009908676,"RJ"
9.1,6,1.00245628118735,0.895874291324737,1.1217183096146,"RJ"
9.1,7,0.988570474186892,0.890879056965922,1.09697447121768,"RJ"
9.1,8,0.941850358047643,0.864321764874548,1.02633317012818,"RJ"
9.1,9,0.872934869666246,0.808314333762016,0.942721482041142,"RJ"
9.1,10,0.792503198157289,0.716111077230552,0.87704455224804,"RJ"
9.1,11,0.709631747012313,0.60873999859044,0.827245158086867,"RJ"
9.1,12,0.631061179739932,0.507806303166856,0.784232511670698,"RJ"
9.2,0,0.59471166275536,0.493645705262996,0.716469237038771,"RJ"
9.2,1,0.674868449723405,0.594569478068376,0.766012116719679,"RJ"
9.2,2,0.760652292964661,0.701987450129568,0.824219735959102,"RJ"
9.2,3,0.845788936124856,0.791829464803398,0.903425492822284,"RJ"
9.2,4,0.921511951193852,0.848051919183349,1.00133524491147,"RJ"
9.2,5,0.977141546472092,0.881515584834673,1.08314092032865,"RJ"
9.2,6,1.00158060251811,0.896504253877863,1.11897260832987,"RJ"
9.2,7,0.987921655488393,0.891567246992966,1.09468938061004,"RJ"
9.2,8,0.941956884091902,0.865377304944621,1.02531319739764,"RJ"
9.2,9,0.874091865080729,0.810129761315078,0.94310396319727,"RJ"
9.2,10,0.794778817226956,0.719107108607582,0.87841346685586,"RJ"
9.2,11,0.71292567626919,0.612868679788085,0.829317987108799,"RJ"
9.2,12,0.635179704158015,0.512711967524264,0.786900408278786,"RJ"
9.3,0,0.59926905053356,0.498792345559627,0.719985777898156,"RJ"
9.3,1,0.678640947568094,0.598983839712759,0.768891421072358,"RJ"
9.3,2,0.76341465320151,0.705303068171711,0.826314188925227,"RJ"
9.3,3,0.847393957170454,0.794007930840675,0.904369453701451,"RJ"
9.3,4,0.921970219851087,0.849439676982251,1.0006938801259,"RJ"
9.3,5,0.97669126457862,0.882391059635423,1.08106923329245,"RJ"
9.3,6,1.00071132093506,0.897131920696365,1.11624960024862,"RJ"
9.3,7,0.987278247418332,0.892253343778814,1.0924232950446,"RJ"
9.3,8,0.942066202043702,0.866431326377489,1.02430360262203,"RJ"
9.3,9,0.875250076540331,0.811945214729132,0.943490622996549,"RJ"
9.3,10,0.79705731394474,0.722107806992694,0.879786031338713,"RJ"
9.3,11,0.716228148008961,0.617013142514791,0.831396812569594,"RJ"
9.3,12,0.639315801099824,0.517649567211347,0.789577968233931,"RJ"
9.4,0,0.603849948076216,0.503974852920813,0.723517766171048,"RJ"
9.4,1,0.682425733049068,0.60341643830923,0.771780235938652,"RJ"
9.4,2,0.766181521363871,0.708624366410451,0.828413686440232,"RJ"
9.4,3,0.849000187288004,0.796186618237016,0.905317046914359,"RJ"
9.4,4,0.922430489477704,0.850825820198598,1.00006133772417,"RJ"
9.4,5,0.976245804932428,0.883264287724254,1.07901551652646,"RJ"
9.4,6,0.999848723958442,0.897757283661703,1.11354983022119,"RJ"
9.4,7,0.986640508058974,0.892937342141204,1.09017670804155,"RJ"
9.4,8,0.942178462497902,0.867483794247723,1.02330471310386,"RJ"
9.4,9,0.876409487708558,0.813760557674399,0.94388156676046,"RJ"
9.4,10,0.799338478267283,0.725112798951206,0.881162218847624,"RJ"
9.4,11,0.719538774643836,0.621172779555777,0.833481545321746,"RJ"
9.4,12,0.643468960079492,0.522618402279059,0.79226506525634,"RJ"
9.5,0,0.608453773885159,0.509192446761276,0.727064977710992,"RJ"
9.5,1,0.686222324866648,0.607866563326479,0.774678371135328,"RJ"
9.5,2,0.768952590704682,0.711950865862074,0.830518108908364,"RJ"
9.5,3,0.850607527834589,0.798365291270017,0.906268313916672,"RJ"
9.5,4,0.922892853438625,0.852210238657423,0.999437908971746,"RJ"
9.5,5,0.97580539669279,0.884135227218007,1.07698024340793,"RJ"
9.5,6,0.998993098192234,0.898380336213485,1.11087383595467,"RJ"
9.5,7,0.986008694893692,0.89361923871155,1.08795010703634,"RJ"
9.5,8,0.942293816147333,0.868534675628649,1.02231685258487,"RJ"
9.5,9,0.877570082157997,0.815575654718374,0.944276897726584,"RJ"
9.5,10,0.801622097819799,0.728121706835723,0.882542000437844,"RJ"
9.5,11,0.722857161508626,0.625346968817648,0.835572093572706,"RJ"
9.5,12,0.64763865673119,0.52761774380542,0.79496156946394,"RJ"
9.6,0,0.613079927301653,0.514444311486533,0.730627181344659,"RJ"
9.6,1,0.690030231048832,0.612333485117825,0.777585631577352,"RJ"
9.6,2,0.771727550206727,0.715282080982743,0.832627333442798,"RJ"
9.6,3,0.852215879439778,0.800543713659119,0.907223294340389,"RJ"
9.6,4,0.92335740529407,0.853592823138643,0.998823882769357,"RJ"
9.6,5,0.975370268669644,0.885003837692953,1.07496388206031,"RJ"
9.6,6,0.998144729344332,0.899001073526739,1.10822214795524,"RJ"
9.6,7,0.985383064822417,0.894299032116572,1.08574397328907,"RJ"
9.6,8,0.94241241378761,0.869583939761223,1.02134034111171,"RJ"
9.6,9,0.878731843370076,0.817390371460006,0.944676716919649,"RJ"
9.6,10,0.80390795788982,0.731134148911339,0.883925344919089,"RJ"
9.6,11,0.726182906819883,0.629535073356365,0.837668362694797,"RJ"
9.6,12,0.651824352672859,0.532646833627879,0.797667347130465,"RJ"
9.7,0,0.61772778827786,0.519729596157768,0.734204138520568,"RJ"
9.7,1,0.69384894887353,0.616816454953905,0.780501817009535,"RJ"
9.7,2,0.774506084567915,0.718617519830411,0.834741233659716,"RJ"
9.7,3,0.853825142004479,0.802721648716493,0.908182025842491,"RJ"
9.7,4,0.923824238801694,0.85497346553199,0.998219545522956,"RJ"
9.7,5,0.974940649335896,0.885870080358827,1.07296689526131,"RJ"
9.7,6,0.997303902247524,0.899619492701844,1.10559528946065,"RJ"
9.7,7,0.984763874177769,0.894976723171859,1.08355878178453,"RJ"
9.7,8,0.942534406322182,0.87063155823172,1.0203754948941,"RJ"
9.7,9,0.879894754734833,0.819204574669535,0.94508112301764,"RJ"
9.7,10,0.806195841421509,0.734149739491132,0.885312218697839,"RJ"
9.7,11,0.729515601637248,0.63373644142503,0.839770255021879,"RJ"
9.7,12,0.656025495374367,0.537704884104837,0.800382260424613,"RJ"
9.8,0,0.62239671715452,0.52504741419766,0.737795602929855,"RJ"
9.8,1,0.697677964794402,0.621314705084788,0.783426721717836,"RJ"
9.8,2,0.777287874187829,0.721956684243125,0.836859679459623,"RJ"
9.8,3,0.855435214699895,0.804898859506697,0.909144543945733,"RJ"
9.8,4,0.924293447918817,0.856352059001892,0.997625181004869,"RJ"
9.8,5,0.974516766840248,0.886733918245132,1.07098974034084,"RJ"
9.8,6,0.9964709008813,0.900235592967908,1.10299377636204,"RJ"
9.8,7,0.984151378741851,0.895652315088031,1.08139500112194,"RJ"
9.8,8,0.942659944767626,0.871677505158541,1.0194226261554,"RJ"
9.8,9,0.881058799550692,0.821018132434067,0.945490212212878,"RJ"
9.8,10,0.808485529010561,0.737168089082366,0.886702585611317,"RJ"
9.8,11,0.732854829827067,0.63795040654264,0.84187766963193,"RJ"
9.8,12,0.660241518030299,0.542791077908647,0.803106167128856,"RJ"
9.9,0,0.627086054445176,0.530396843140572,0.741401320096843,"RJ"
9.9,1,0.70151675437046,0.625827448833356,0.786360134218891,"RJ"
9.9,2,0.780072595155579,0.725299070034443,0.838982536795288,"RJ"
9.9,3,0.857045995966609,0.807075109015397,0.910110881871324,"RJ"
9.9,4,0.924765126804747,0.857728498162832,0.997041070205701,"RJ"
9.9,5,0.974098849020566,0.887595316400453,1.06903286906833,"RJ"
9.9,6,0.995646008394461,0.900849375900398,1.10041811711421,"RJ"
9.9,7,0.983545833763713,0.896325813690162,1.07925309339395,"RJ"
9.9,8,0.942789180259181,0.872721757388474,1.01848204297504,"RJ"
9.9,9,0.882223961024235,0.822830914309003,0.945904078067981,"RJ"
9.9,10,0.810776798899687,0.740188804543811,0.88809640675282,"RJ"
9.9,11,0.73620016802836,0.642176287585032,0.843990502114608,"RJ"
9.9,12,0.664471839437591,0.547904567852457,0.805838920336346,"RJ"
10,0,0.631795120627338,0.535776924430663,0.745021026937061,"RJ"
10,1,0.705364782199549,0.630353880721907,0.789301836926291,"RJ"
10,2,0.782859919238988,0.728644167206675,0.84110966742569,"RJ"
10,3,0.858657383513782,0.809250160327413,0.911081070363254,"RJ"
10,4,0.925239369823199,0.859102679265678,0.996467491176444,"RJ"
10,5,0.973687123417789,0.888454242105536,1.06709672752847,"RJ"
10,6,0.994829507128546,0.901460845653874,1.09786881263352,"RJ"
10,7,0.982947493977483,0.896997227651143,1.07713351405405,"RJ"
10,8,0.942922264056531,0.873764294702698,1.01755404912261,"RJ"
10,9,0.88339022226998,0.824642791475382,0.946322811366625,"RJ"
10,10,0.813069426974701,0.743211489254593,0.889493640288047,"RJ"
10,11,0.739551185621188,0.646413388899257,0.846108644322873,"RJ"
10,12,0.668715863878227,0.553044476753416,0.808580368124328,"RJ"
10.1,0,0.636523215940937,0.541186663271646,0.748654451280193,"RJ"
10.1,1,0.70922150185586,0.634893176633972,0.792251605792053,"RJ"
10.1,2,0.785649513875131,0.731991460182657,0.843240928655379,"RJ"
10.1,3,0.860269274318476,0.811423776814354,0.912055137504007,"RJ"
10.1,4,0.925716271544817,0.86047450039552,0.995904718860277,"RJ"
10.1,5,0.973281817290365,0.889310665100931,1.06518175598459,"RJ"
10.1,6,0.994021678642063,0.902070009210679,1.09534635618245,"RJ"
10.1,7,0.982356613621163,0.897666568739701,1.07503671177162,"RJ"
10.1,8,0.943059347549824,0.874805100032828,1.0166389438833,"RJ"
10.1,9,0.884557566310163,0.826453636903226,0.946746499959052,"RJ"
10.1,10,0.815363186761221,0.746235743294987,0.890894241262056,"RJ"
10.1,11,0.742907444697504,0.650661000442686,0.848231984107661,"RJ"
10.1,12,0.672972981007203,0.558209897334859,0.811330353202319,"RJ"
10.2,0,0.641269620194457,0.546625028532094,0.752301311355339,"RJ"
10.2,1,0.713086355831591,0.639444494013418,0.795209209921681,"RJ"
10.2,2,0.78844104216227,0.735340428056762,0.845376173058638,"RJ"
10.2,3,0.861881564625095,0.813595722332074,0.913033108521442,"RJ"
10.2,4,0.926195926749782,0.861843861681544,0.995353024913535,"RJ"
10.2,5,0.972883157629227,0.890164557829981,1.0632883887289,"RJ"
10.2,6,0.993222803735527,0.902676876646487,1.09285123323991,"RJ"
10.2,7,0.981773446456088,0.898333852083746,1.07296312827406,"RJ"
10.2,8,0.94320058226594,0.875844159687288,1.01573702187435,"RJ"
10.2,9,0.885725976074524,0.828263325520925,0.947175228602283,"RJ"
10.2,10,0.81765784942199,0.749261163639562,0.892298161396513,"RJ"
10.2,11,0.746268500034556,0.654918397948182,0.850360405034598,"RJ"
10.2,12,0.677242565745988,0.563399892170202,0.814088712533247,"RJ"
10.3,0,0.646033592579127,0.552090952710329,0.755961315235813,"RJ"
10.3,1,0.716958775482916,0.644006972102955,0.798174411161168,"RJ"
10.3,2,0.791234162853202,0.738690544865839,0.847515248187874,"RJ"
10.3,3,0.863494149944959,0.815765761428176,0.914015005586643,"RJ"
10.3,4,0.926678430430523,0.863210665519454,0.994812677515307,"RJ"
10.3,5,0.972491371173294,0.891015895698016,1.06141705391869,"RJ"
10.3,6,0.992433162477289,0.903281461413594,1.09038392135638,"RJ"
10.3,7,0.981198245787038,0.898999096449769,1.07091319817511,"RJ"
10.3,8,0.943346119874998,0.876881463588249,1.01484857285235,"RJ"
10.3,9,0.886895434400094,0.830071734390698,0.947609078794992,"RJ"
10.3,10,0.819953183754832,0.7522873443631,0.893705348876879,"RJ"
10.3,11,0.749633899070897,0.659184843116734,0.852493786081669,"RJ"
10.3,12,0.681523978181702,0.568613493671399,0.816855276925651,"RJ"
10.4,0,0.65081437149155,0.557583331963091,0.759634160240606,"RJ"
10.4,1,0.720838180980388,0.648579732224215,0.801146963654248,"RJ"
10.4,2,0.79402853035006,0.742041279880731,0.849657996265671,"RJ"
10.4,3,0.865106925055991,0.817933659559756,0.915000847602551,"RJ"
10.4,4,0.92716387779453,0.864574816806977,0.994283941165163,"RJ"
10.4,5,0.972106684425521,0.891864657348557,1.0595681733977,"RJ"
10.4,6,0.991653034230178,0.903883780642892,1.08794488999292,"RJ"
10.4,7,0.980631264483025,0.899662324538985,1.06888734878872,"RJ"
10.4,8,0.943496112197116,0.877917005519388,1.01397388151107,"RJ"
10.4,9,0.888065924030983,0.831878742890156,0.948048128607058,"RJ"
10.4,10,0.822248956191248,0.755313876859661,0.895115748129193,"RJ"
10.4,11,0.753003181885087,0.663459583838955,0.854632001316751,"RJ"
10.4,12,0.685816563472221,0.573849704124927,0.81962987059492,"RJ"
10.5,0,0.655611174365178,0.563101026202329,0.763319532289481,"RJ"
10.5,1,0.724723981263919,0.65316187810161,0.804126613368147,"RJ"
10.5,2,0.796823794700587,0.745392097919027,0.851804253859982,"RJ"
10.5,3,0.866719784002545,0.820099183321555,0.915990649983218,"RJ"
10.5,4,0.927652364267254,0.865936223192969,0.99376707646847,"RJ"
10.5,5,0.971729323669461,0.892710824957399,1.05774216250169,"RJ"
10.5,6,0.99088269767892,0.904483855465448,1.08553460034308,"RJ"
10.5,7,0.980072754998724,0.900323563300908,1.06688599992773,"RJ"
10.5,8,0.943650711209409,0.878950783384653,1.01311322726966,"RJ"
10.5,9,0.889237427618183,0.833684232899939,0.948492452503791,"RJ"
10.5,10,0.824544930795671,0.758340350075223,0.896529299586128,"RJ"
10.5,11,0.756375881177154,0.667741854446925,0.856774919553871,"RJ"
10.5,12,0.690119651757463,0.579107495778374,0.822412310691468,"RJ"
10.6,0,0.660423197511021,0.568642859264596,0.767017105208616,"RJ"
10.6,1,0.728615574002481,0.657752496232209,0.807113097586096,"RJ"
10.6,2,0.799619601595922,0.748742459679628,0.853953851541962,"RJ"
10.6,3,0.868332620095346,0.822262100684663,0.916984424423579,"RJ"
10.6,4,0.928143985495112,0.867294795340615,0.99326233990881,"RJ"
10.6,5,0.971359514986374,0.893554384545402,1.05593942984745,"RJ"
10.6,6,0.990122430858369,0.905081711354615,1.08315350513671,"RJ"
10.6,7,0.979522969396568,0.90098284426503,1.06490956368669,"RJ"
10.6,8,0.943810069053235,0.879982799478222,1.01226688405097,"RJ"
10.6,9,0.890409927719358,0.835488088997414,0.948942121164874,"RJ"
10.6,10,0.826840869265384,0.761366350754238,0.897945939441992,"RJ"
10.6,11,0.759751522252877,0.672030875997855,0.858922403986996,"RJ"
10.6,12,0.694432558077046,0.584385810980818,0.82520240679365,"RJ"
10.7,0,0.665249615967987,0.574207619157638,0.770726539983542,"RJ"
10.7,1,0.732512345558666,0.662350656303887,0.810106144364834,"RJ"
10.7,2,0.802415592369915,0.752091822099691,0.856106613525994,"RJ"
10.7,3,0.869945325911579,0.824422181245859,0.917982178659636,"RJ"
10.7,4,0.928638837348594,0.868650447205218,0.992769983607013,"RJ"
10.7,5,0.97099748427286,0.89439532631086,1.05416037710435,"RJ"
10.7,6,0.989372511182507,0.905677378489599,1.08080204842482,"RJ"
10.7,7,0.978982159369498,0.901640203891271,1.06295844420813,"RJ"
10.7,8,0.943974338041689,0.881013060765769,1.01143512005,"RJ"
10.7,9,0.891583406798648,0.837290198656372,0.949397201298093,"RJ"
10.7,10,0.829136530931108,0.764391463700495,0.89936559939638,"RJ"
10.7,11,0.763129623010967,0.676325856591101,0.861074311800196,"RJ"
10.7,12,0.698754582294582,0.589683562380309,0.827999960363113,"RJ"
10.8,0,0.670089583363275,0.579794058388872,0.774447483956115,"RJ"
10.8,1,0.736413670958252,0.666955411663997,0.813105471955319,"RJ"
10.8,2,0.805211404000018,0.755439638734439,0.858262357291527,"RJ"
10.8,3,0.871557793295091,0.826579196487661,0.918983916219028,"RJ"
10.8,4,0.92913701592546,0.870003096327034,0.992290255066351,"RJ"
10.8,5,0.970643457259031,0.895233644982258,1.05240539874754,"RJ"
10.8,6,0.988633215474258,0.90627089214141,1.07848066534444,"RJ"
10.8,7,0.978450576264369,0.902295683939801,1.06103303743161,"RJ"
10.8,8,0.944143670667347,0.882041579177147,1.01061819749223,"RJ"
10.8,9,0.892757847226476,0.839090452452627,0.949857755447943,"RJ"
10.8,10,0.831431672758288,0.767415272052611,0.900788206386195,"RJ"
10.8,11,0.766509693933218,0.680625991720081,0.863230493752919,"RJ"
10.8,12,0.703085009028811,0.594999633181836,0.830804764160205,"RJ"
10.9,0,0.674942231783214,0.585400894380555,0.778179569962129,"RJ"
10.9,1,0.74031891386491,0.671565799840797,0.816110788184935,"RJ"
10.9,2,0.808006669109764,0.758785360160255,0.860420893186406,"RJ"
10.9,3,0.873169913356738,0.828732920049077,0.91998963616199,"RJ"
10.9,4,0.929638617554042,0.871352664139578,0.991823396903453,"RJ"
10.9,5,0.970297659527204,0.896069340192256,1.05067488179204,"RJ"
10.9,6,0.987904819996063,0.906862293082064,1.07618978186265,"RJ"
10.9,7,0.977928471106012,0.902949331860818,1.05913373082506,"RJ"
10.9,8,0.944318219610249,0.883068371910508,1.00981637238191,"RJ"
10.9,9,0.893933231279352,0.840888744275419,0.950323841799226,"RJ"
10.9,10,0.833726049349065,0.77043735757447,0.902213682305783,"RJ"
10.9,11,0.769891238077695,0.684930464660634,0.865390793739172,"RJ"
10.9,12,0.707423107591829,0.600332877469283,0.83361660161697,"RJ"
11,0,0.679806671654975,0.591026809976461,0.7819224154062,"RJ"
11,1,0.744227426560203,0.676180843119837,0.819121789799451,"RJ"
11,2,0.810801015972874,0.76212843440142,0.862582024011439,"RJ"
11,3,0.874781576474864,0.830883128007035,0.920999332812748,"RJ"
11,4,0.930143738796649,0.8726990762938,0.991369646564567,"RJ"
11,5,0.969960316531135,0.89690241687366,1.0489692055069,"RJ"
11,6,0.987187600481263,0.907451628017907,1.07392981449885,"RJ"
11,7,0.977416094621948,0.903601201204813,1.05726090309776,"RJ"
11,8,0.944498137746141,0.88409346174786,1.00902989424024,"RJ"
11,9,0.89510954113969,0.842684971544461,0.95079551397581,"RJ"
11,10,0.836019412944959,0.773457300960907,0.903641943714952,"RJ"
11,11,0.773273751075031,0.68923844689742,0.867555048319356,"RJ"
11,12,0.711768131934624,0.60568212059496,0.836435246165197,"RJ"
11.1,0,0.68468199163956,0.596670454044946,0.785675621270499,"RJ"
11.1,1,0.748138549929023,0.680799549177428,0.822138161763135,"RJ"
11.1,2,0.813594068519022,0.76546830738073,0.86474554458608,"RJ"
11.1,3,0.87639267229591,0.833029599168369,0.922012995481482,"RJ"
11.1,4,0.930652476453065,0.874042262998463,0.990929236026822,"RJ"
11.1,5,0.969631653615783,0.897732885678152,1.04728874110862,"RJ"
11.1,6,0.986481832166254,0.908038950047862,1.07170117002448,"RJ"
11.1,7,0.976913697267755,0.904251352053782,1.05541492389451,"RJ"
11.1,8,0.944683578154959,0.88511687738196,1.00825900583358,"RJ"
11.1,9,0.89628675889562,0.844479035432443,0.951272820834734,"RJ"
11.1,10,0.838311513430272,0.776474682158865,0.905072901534694,"RJ"
11.1,11,0.776656721127904,0.693549098589906,0.869723086223511,"RJ"
11.1,12,0.716119320600172,0.611046159640356,0.839260460516907,"RJ"
11.2,0,0.689567258536494,0.602330442183255,0.789438771053957,"RJ"
11.2,1,0.752051613450592,0.685420911773247,0.825159576515439,"RJ"
11.2,2,0.816385446341273,0.768804423394154,0.866911241295165,"RJ"
11.2,3,0.878003089735167,0.835172115372207,0.923030608177024,"RJ"
11.2,4,0.931164927564154,0.875382159377021,0.990502391484217,"RJ"
11.2,5,0.969311896037601,0.898560763418443,1.04563385143323,"RJ"
11.2,6,0.985787789823429,0.908624319147339,1.06950424513938,"RJ"
11.2,7,0.976421529253096,0.904899851473765,1.05359615347069,"RJ"
11.2,8,0.94487469412957,0.886138653754415,1.00750394289185,"RJ"
11.2,9,0.897464866540808,0.846270841092789,0.951755806255881,"RJ"
11.2,10,0.840602098336218,0.779489080704256,0.906506460730456,"RJ"
11.2,11,0.780039629013766,0.697861569079513,0.871894727824747,"RJ"
11.2,12,0.720475896684321,0.616423763951827,0.842091995894633,"RJ"
11.3,0,0.694461517200647,0.608005357527862,0.793211429638634,"RJ"
11.3,1,0.755965935195194,0.690043911503994,0.828185693182856,"RJ"
11.3,2,0.819174764705251,0.772136225609531,0.869078891616789,"RJ"
11.3,3,0.879612716977664,0.837310461802515,0.924052149310556,"RJ"
11.3,4,0.931681189415566,0.876718705841198,0.9900893330181,"RJ"
11.3,5,0.96900126898537,0.899386073534498,1.04400489058633,"RJ"
11.3,6,0.985105747794904,0.909207802678484,1.06733942612427,"RJ"
11.3,7,0.975939840568396,0.905546773989015,1.0518049423477,"RJ"
11.3,8,0.945071639184757,0.887158832404755,1.00676493381725,"RJ"
11.3,9,0.898643845974277,0.848060297892384,0.952244508927498,"RJ"
11.3,10,0.842890912845788,0.782500076074672,0.907942519982846,"RJ"
11.3,11,0.78342194809089,0.702174997439451,0.874069784581655,"RJ"
11.3,12,0.724837067804692,0.621813675754977,0.844929591208814,"RJ"
11.4,0,0.699363790471595,0.61369375167556,0.796993142080049,"RJ"
11.4,1,0.759880821826767,0.694667516619868,0.831216156744658,"RJ"
11.4,2,0.821961634560032,0.77546315658923,0.87124826363154,"RJ"
11.4,3,0.881221441479198,0.839444427310498,0.925077591390621,"RJ"
11.4,4,0.932201359541538,0.878051848481428,0.989690274252036,"RJ"
11.4,5,0.968699997601555,0.900208846584351,1.04240220357057,"RJ"
11.4,6,0.984435980027028,0.909789475927335,1.06520708846843,"RJ"
11.4,7,0.975468881012171,0.906192202077984,1.05004163094889,"RJ"
11.4,8,0.945274567066459,0.888177461830173,1.00604219938373,"RJ"
11.4,9,0.899823679000238,0.849847319648989,0.952738962127862,"RJ"
11.4,10,0.845177699799376,0.785507248058065,0.909380971345741,"RJ"
11.4,11,0.786803144307814,0.706488513068737,0.87624805844852,"RJ"
11.4,12,0.729202026077851,0.62721461085151,0.847772972179579,"RJ"
11.5,0,0.704273079115956,0.619394145719823,0.800783432318443,"RJ"
11.5,1,0.763795568611498,0.699290683905446,0.834250597151445,"RJ"
11.5,2,0.824745662550824,0.778784658836474,0.873419115513452,"RJ"
11.5,3,0.882829149967502,0.841573804746443,0.926106900709869,"RJ"
11.5,4,0.93272553572881,0.879381539474197,0.989305421990978,"RJ"
11.5,5,0.968408307004205,0.901029120759971,1.04082612589009,"RJ"
11.5,6,0.983778760105671,0.910369422668347,1.06310759647255,"RJ"
11.5,7,0.975008900219021,0.906836226691205,1.04830654921555,"RJ"
11.5,8,0.945483631761271,0.889194597855537,1.0053359524275,"RJ"
11.5,9,0.901004347327912,0.851631824872989,0.953239193503447,"RJ"
11.5,10,0.847462199701148,0.788510177137441,0.910821699891799,"RJ"
11.5,11,0.79018267621624,0.710801236331842,0.878429341252243,"RJ"
11.5,12,0.733569948104975,0.632625259402306,0.850621850400262,"RJ"
11.6,0,0.709188361783117,0.625105031406774,0.80458180180818,"RJ"
11.6,1,0.767709459432574,0.703912359626303,0.837288628395653,"RJ"
11.6,2,0.827526451033434,0.782100175364923,0.875591195003206,"RJ"
11.6,3,0.884435728443561,0.843698391300534,0.92714003702403,"RJ"
11.6,4,0.933253816020631,0.88070773750623,0.988934975844819,"RJ"
11.6,5,0.968126422309384,0.901846942428486,1.03927698313164,"RJ"
11.6,6,0.983134361292303,0.910947735756604,1.06104130282605,"RJ"
11.6,7,0.974560147688272,0.907478947790987,1.04660001620328,"RJ"
11.6,8,0.945698987506183,0.890210304013187,1.0046463975292,"RJ"
11.6,9,0.902185832571372,0.853413737013087,0.953745224843995,"RJ"
11.6,10,0.849744150726198,0.791508444891552,0.912264583345437,"RJ"
11.6,11,0.793559994987471,0.715112279245335,0.880613414034903,"RJ"
11.6,12,0.737939994966251,0.638044286800473,0.853475922339982,"RJ"
11.7,0,0.714108594974793,0.630824872414777,0.808387728062778,"RJ"
11.7,1,0.771621766811221,0.708531480542441,0.840329847533437,"RJ"
11.7,2,0.830303598090569,0.785409150290901,0.877764238864296,"RJ"
11.7,3,0.886041062183069,0.845817988852058,0.9281769532237,"RJ"
11.7,4,0.933786298720876,0.882030408215389,0.98857912783649,"RJ"
11.7,5,0.967854568654137,0.902662366698962,1.03775509052222,"RJ"
11.7,6,0.98250305656085,0.911524517747909,1.05900854815885,"RJ"
11.7,7,0.974122872813273,0.908120474912722,1.04492233965894,"RJ"
11.7,8,0.945920788798588,0.891224651931916,1.00397373068816,"RJ"
11.7,9,0.903368116249376,0.855192984705507,0.954257071854919,"RJ"
11.7,10,0.852023288728473,0.794501634411495,0.913709491703445,"RJ"
11.7,11,0.796934544432444,0.719420746212807,0.882800046361022,"RJ"
11.7,12,0.74231131222425,0.64347033463803,0.856334868282708,"RJ"
11.8,0,0.719032713028827,0.636552105761304,0.812200663113451,"RJ"
11.8,1,0.775531751934175,0.713146974989265,0.843373833657704,"RJ"
11.8,2,0.833076697550001,0.788711029447448,0.879937972323054,"RJ"
11.8,3,0.887645035738032,0.847932404326326,0.92921759499964,"RJ"
11.8,4,0.934323082398268,0.883349524647959,0.988238061994885,"RJ"
11.8,5,0.967592971219999,0.903475458014763,1.03626075246313,"RJ"
11.8,6,0.981885118635337,0.912099881546709,1.0570096605677,"RJ"
11.8,7,0.973697324911364,0.908760927747401,1.04327381557834,"RJ"
11.8,8,0.94614919040654,0.892237721734442,1.00331813898963,"RJ"
11.8,9,0.904551179785206,0.856969502026228,0.954774743927545,"RJ"
11.8,10,0.854299347249497,0.797489330733039,0.91515628684345,"RJ"
11.8,11,0.800305761025438,0.72372573480923,0.884988995588688,"RJ"
11.8,12,0.746683029936506,0.648902021769778,0.859198351200341,"RJ"
11.9,0,0.72395962811766,0.642285143340274,0.816020031879502,"RJ"
11.9,1,0.779438664687734,0.717757764026482,0.84642014682238,"RJ"
11.9,2,0.835845339004604,0.792005261019195,0.88211210849367,"RJ"
11.9,3,0.889247532938517,0.850041450058533,0.930261900502368,"RJ"
11.9,4,0.9348642658907,0.884665067731916,0.987911953933057,"RJ"
11.9,5,0.967341855257036,0.904286290771333,1.03479426204057,"RJ"
11.9,6,0.981280820028319,0.912673951081676,1.05504495511703,"RJ"
11.9,7,0.973283753254482,0.909400436744758,1.04165472774564,"RJ"
11.9,8,0.946384347379268,0.893249602442546,1.00267980026567,"RJ"
11.9,9,0.905735004506518,0.85874322874571,0.955298243907719,"RJ"
11.9,10,0.856572057527886,0.800471121284431,0.916604822120554,"RJ"
11.9,11,0.803673073931517,0.728026336615782,0.887180006103823,"RJ"
11.9,12,0.751054262677543,0.654337945477775,0.862066015557504,"RJ"
12,0,0.728888230261912,0.648022373592501,0.819845230449446,"RJ"
12,1,0.783341743698513,0.722362762654841,0.849468326918491,"RJ"
12,2,0.838609107834312,0.795291296196796,0.884286347789523,"RJ"
12,3,0.890848436894558,0.852144944163667,0.93130979999695,"RJ"
12,4,0.935409948309662,0.885977026765593,0.987600970412277,"RJ"
12,5,0.967101446108432,0.905094949959058,1.03335590051334,"RJ"
12,6,0.980690433080093,0.913246862008486,1.05311473331499,"RJ"
12,7,0.972882407100452,0.910039143736261,1.04006534725486,"RJ"
12,8,0.946626415057949,0.894260392388962,1.00205888275068,"RJ"
12,9,0.906919571645188,0.860514110585532,0.955827567863383,"RJ"
12,10,0.858841148509687,0.803446596349307,0.918054941952553,"RJ"
12,11,0.807035905037782,0.732321638106,0.889372808517066,"RJ"
12,12,0.75542410957057,0.659776682739606,0.864937486045886,"RJ"
12.1,0,0.733817387359467,0.653762163311241,0.823675624272419,"RJ"
12.1,1,0.787240216381063,0.726960881100196,0.852517892503054,"RJ"
12.1,2,0.841367585230019,0.798568589849457,0.886460377322434,"RJ"
12.1,3,0.892447629998195,0.854242710911479,0.932361215513995,"RJ"
12.1,4,0.935960229044778,0.887285399920996,0.987305268892686,"RJ"
12.1,5,0.966871969235619,0.905901531830612,1.031945936778,"RJ"
12.1,6,0.980114229998704,0.913818762439094,1.05121928256532,"RJ"
12.1,7,0.972493535724922,0.910677202576919,1.03850593201479,"RJ"
12.1,8,0.946875549086746,0.895270199634935,1.00145554473267,"RJ"
12.1,9,0.908104862337165,0.862282099476315,0.956362704851735,"RJ"
12.1,10,0.861106346859528,0.806415349544247,0.91950648139427,"RJ"
12.1,11,0.810393668988498,0.73661072158392,0.891567118822909,"RJ"
12.1,12,0.759791654329093,0.665216791603418,0.86781236624631,"RJ"
12.2,0,0.73874594523051,0.659502859584034,0.827510546260156,"RJ"
12.2,1,0.791133298992473,0.731551026163778,0.855568339582358,"RJ"
12.2,2,0.844120348219445,0.801836601213808,0.888633870291636,"RJ"
12.2,3,0.894044993925686,0.856334581105403,0.933416060497965,"RJ"
12.2,4,0.93651520776845,0.888590194760835,0.987024997071508,"RJ"
12.2,5,0.966653650243944,0.906706144591969,1.03056462681241,"RJ"
12.2,6,0.979552482900745,0.914389813696549,1.04935887559597,"RJ"
12.2,7,0.972117388453973,0.911314779804659,1.03697672623848,"RJ"
12.2,8,0.947131905424097,0.896279142392299,1.00086993420142,"RJ"
12.2,9,0.909290857622327,0.864047153816248,0.956903636686684,"RJ"
12.2,10,0.863367376972601,0.809376978310409,0.920959265701619,"RJ"
12.2,11,0.813745773224162,0.740892666174656,0.89376263752095,"RJ"
12.2,12,0.764155965308664,0.670656812672331,0.87069023721692,"RJ"
12.3,0,0.743672727678918,0.665242791871221,0.831349294800721,"RJ"
12.3,1,0.7950201966941,0.736132102637011,0.858619140351763,"RJ"
12.3,2,0.846866969694992,0.805094794597133,0.890806485364566,"RJ"
12.3,3,0.895640409639852,0.858420392464207,0.934474239454054,"RJ"
12.3,4,0.937074984440601,0.889891428768176,0.986760292409904,"RJ"
12.3,5,0.966446714908891,0.907508909115965,1.02921221309887,"RJ"
12.3,6,0.979005463852941,0.914960191094044,1.04753376986584,"RJ"
12.3,7,0.971754214697391,0.911952055315749,1.03547795991884,"RJ"
12.3,8,0.947395640354275,0.897287349448739,1.00030218849482,"RJ"
12.3,9,0.910477538444342,0.86580923872949,0.957450337707322,"RJ"
12.3,10,0.865623960987492,0.812331084418525,0.922413109886145,"RJ"
12.3,11,0.817091618024576,0.745166548867586,0.895959048699402,"RJ"
12.3,12,0.768516095568999,0.676095270700498,0.873570656006341,"RJ"
12.4,0,0.748596536570422,0.670980274220437,0.835191131686122,"RJ"
12.4,1,0.798900103620558,0.740703014778536,0.861669741894822,"RJ"
12.4,2,0.849607018443633,0.808342640092705,0.892977866051822,"RJ"
12.4,3,0.897233757392588,0.860499990005045,0.935535647594956,"RJ"
12.4,4,0.937639659313533,0.89118912988738,0.986511281649834,"RJ"
12.4,5,0.966251389202847,0.90830995967702,1.02788892402811,"RJ"
12.4,6,0.978473444914536,0.915530084736596,1.04574420695129,"RJ"
12.4,7,0.971404263982615,0.912589223054477,1.03400984829215,"RJ"
12.4,8,0.947666910499204,0.898294960594821,0.999752433944897,"RJ"
12.4,9,0.911664885650534,0.867568326323663,0.958002774548193,"RJ"
12.4,10,0.867875818799854,0.815277274486448,0.923867818260936,"RJ"
12.4,11,0.820430596555997,0.749431445612062,0.89815601908124,"RJ"
12.4,12,0.772871082946698,0.681530676302588,0.876453154091037,"RJ"
12.5,0,0.753516151927951,0.676713607615345,0.83903527995708,"RJ"
12.5,1,0.802772202956099,0.745262667850414,0.864719564845207,"RJ"
12.5,2,0.852340059178837,0.811579614304691,0.895147640078894,"RJ"
12.5,3,0.898824916727531,0.862573226426454,0.936600170488987,"RJ"
12.5,4,0.938209332936892,0.892483337074802,0.986278080322426,"RJ"
12.5,5,0.966067899322418,0.909109444705286,1.02659497328595,"RJ"
12.5,6,0.977956698180479,0.916099700343382,1.04399041191431,"RJ"
12.5,7,0.971067785989352,0.913226491715,1.03257259129156,"RJ"
12.5,8,0.947945872830548,0.899302127051217,0.999220785525055,"RJ"
12.5,9,0.912852879991749,0.869324395945637,0.958560905912206,"RJ"
12.5,10,0.870122668076941,0.818215160508294,0.925323183978892,"RJ"
12.5,11,0.82376209492242,0.753686432465176,0.900353197033738,"RJ"
12.5,12,0.777219950138774,0.686961527777962,0.879337235736677,"RJ"
12.6,0,0.758430332044565,0.682441082455586,0.842880921669403,"RJ"
12.6,1,0.806635667018516,0.749809969709695,0.867768002015663,"RJ"
12.6,2,0.855065652574575,0.814805201079832,0.897315418757556,"RJ"
12.6,3,0.900413766482872,0.864639962489771,0.93766768371114,"RJ"
12.6,4,0.938784106162738,0.893774100857512,0.986060792249643,"RJ"
12.6,5,0.965896471716302,0.909907527558172,1.02533055922472,"RJ"
12.6,6,0.977455495825411,0.916669260088376,1.04227259265483,"RJ"
12.6,7,0.970745030584866,0.913864085452988,1.0311663729931,"RJ"
12.6,8,0.948232684682056,0.900309011894439,0.998707346500229,"RJ"
12.6,9,0.914041502122228,0.87107743443471,0.959124682347032,"RJ"
12.6,10,0.872364224273022,0.821144360394072,0.926778988564512,"RJ"
12.6,11,0.827085492221063,0.757930586790815,0.90255021154247,"RJ"
12.6,12,0.781561704797236,0.692386313050183,0.882222376283872,"RJ"
12.7,0,0.763337813614376,0.688160981163588,0.846727195587775,"RJ"
12.7,1,0.810489657350701,0.754343832450804,0.870814416999024,"RJ"
12.7,2,0.857783355301424,0.818018892242837,0.89948079636007,"RJ"
12.7,3,0.90200018479434,0.866700067397282,0.938738052498709,"RJ"
12.7,4,0.939364080150729,0.895061483898051,0.985859509041206,"RJ"
12.7,5,0.965737333113714,0.910704387306818,1.02409586422183,"RJ"
12.7,6,0.976970110148459,0.91723900345655,1.0405909392499,"RJ"
12.7,7,0.970436247859959,0.914502244604382,1.02979136105666,"RJ"
12.7,8,0.948527503762183,0.901315790479279,0.998212208081805,"RJ"
12.7,9,0.915230732599484,0.872827436372312,0.959694046025935,"RJ"
12.7,10,0.874600200645655,0.824064498518558,0.928235001440477,"RJ"
12.7,11,0.830400160602116,0.762162988508775,0.904746671151274,"RJ"
12.7,12,0.785895339634923,0.697803511721785,0.885108020359378,"RJ"
12.8,0,0.768237311881847,0.693871580912411,0.850573194814196,"RJ"
12.8,1,0.814333324819968,0.758863174093288,0.873858142747118,"RJ"
12.8,2,0.860492720064793,0.821220188332169,0.901643349499596,"RJ"
12.8,3,0.903584049098343,0.868753419165374,0.939811131413271,"RJ"
12.8,4,0.939949356373413,0.896345561563024,0.985674309588995,"RJ"
12.8,5,0.965590710553376,0.911500219534738,1.02289105402836,"RJ"
12.8,6,0.976500813618844,0.917809188112467,1.03894562328288,"RJ"
12.8,7,0.970141688165614,0.915141226408275,1.02844770616523,"RJ"
12.8,8,0.94883048816698,0.90232265085603,0.99773544908919,"RJ"
12.8,9,0.916420551884186,0.874574404327268,0.960268930533955,"RJ"
12.8,10,0.87683030827287,0.826975206278039,0.929690979450484,"RJ"
12.8,11,0.83370546533281,0.76638272139231,0.906942162870078,"RJ"
12.8,12,0.790219832542818,0.703211597243456,0.887993580014598,"RJ"
12.9,0,0.773127520809862,0.699571156467233,0.854417964359856,"RJ"
12.9,1,0.81816580972529,0.763366920308661,0.876898480134265,"RJ"
12.9,2,0.863193295645297,0.82440859933265,0.903802636520461,"RJ"
12.9,3,0.905165236135261,0.87079990499084,0.940886764010869,"RJ"
12.9,4,0.94054003662163,0.897626422493101,0.985505259561381,"RJ"
12.9,5,0.96545683141306,0.912295237145446,1.02171627711079,"RJ"
12.9,6,0.976047878922295,0.918380090777689,1.0373367971664,"RJ"
12.9,7,0.969861602150345,0.915781305730608,1.02713554146555,"RJ"
12.9,8,0.949141796393248,0.903329794180474,0.997277135620106,"RJ"
12.9,9,0.917610940340037,0.876318349095649,0.960849260660434,"RJ"
12.9,10,0.879054256071234,0.829876122653358,0.931146666379899,"RJ"
12.9,11,0.837000764865873,0.770588874411983,0.909136251052993,"RJ"
12.9,12,0.794534146719041,0.708609039195858,0.890878432794123,"RJ"
13,0,0.778007113266945,0.705257983131419,0.858260498670842,"RJ"
13,1,0.821986241912542,0.767854006179185,0.87993469651291,"RJ"
13,2,0.865884626941309,0.827583645401091,0.905958196902161,"RJ"
13,3,0.906743621952913,0.872839421608427,0.941964782522317,"RJ"
13,4,0.941136223010029,0.898904169171757,0.985352410900144,"RJ"
13,5,0.965335923439712,0.913089671175513,1.02057166398948,"RJ"
13,6,0.975611579008299,0.91895200811299,1.0357645934629,"RJ"
13,7,0.969596240798224,0.91642277578509,1.0258549820138,"RJ"
13,8,0.949461587351973,0.904337435114495,0.996837320731719,"RJ"
13,9,0.918801878233668,0.878059289934228,0.961434952198902,"RJ"
13,10,0.881271750814829,0.832766894777582,0.932601792475987,"RJ"
13,11,0.840285410912424,0.774780543123193,0.911328476249554,"RJ"
13,12,0.798837230809739,0.713994305681369,0.893761919737988,"RJ"
13.1,0,0.782874741233997,0.710930339786396,0.862099739119794,"RJ"
13.1,1,0.82579374089789,0.772323377980542,0.882966024269839,"RJ"
13.1,2,0.868566255013699,0.830744857580949,0.908109550681164,"RJ"
13.1,3,0.908319081910179,0.874871875637631,0.94304500754563,"RJ"
13.1,4,0.94173801798269,0.900178918489872,0.985215801322883,"RJ"
13.1,5,0.965228214780125,0.913883771609091,1.01945732657801,"RJ"
13.1,6,0.975192187138159,0.919525257600933,1.03422912420752,"RJ"
13.1,7,0.969345855467608,0.91706594884745,1.02460612423036,"RJ"
13.1,8,0.949790020382028,0.90534580221515,0.996416044134828,"RJ"
13.1,9,0.919993345734532,0.879797254786489,0.962025911755342,"RJ"
13.1,10,0.883482497155147,0.835647178506434,0.934056073969601,"RJ"
13.1,11,0.843558748519376,0.778956831094198,0.913518354032541,"RJ"
13.1,12,0.803128019062066,0.719365865821904,0.896643343322391,"RJ"
13.2,0,0.78772903603092,0.716586512012757,0.865934571477332,"RJ"
13.2,1,0.829587415999427,0.776773994979481,0.885991659392235,"RJ"
13.2,2,0.871237717132799,0.833891778501811,0.910256197894777,"RJ"
13.2,3,0.909891490680793,0.876897183916718,0.944127247752622,"RJ"
13.2,4,0.942345524318871,0.901450802303098,0.985095453834015,"RJ"
13.2,5,0.965133934012206,0.914677808189565,1.01837335752747,"RJ"
13.2,6,0.974789976933899,0.920100178423963,1.03273048023794,"RJ"
13.2,7,0.969110697930566,0.917711156958851,1.02338904536777,"RJ"
13.2,8,0.950127255264156,0.906355138309909,0.996013331903379,"RJ"
13.2,9,0.921185322914798,0.881532280500172,0.96262203656588,"RJ"
13.2,10,0.885686197641899,0.838516638989487,0.935509212600371,"RJ"
13.2,11,0.846820116151382,0.783116851370869,0.915705373806384,"RJ"
13.2,12,0.807405431489452,0.724722192357824,0.899521965344754,"RJ"
13.3,0,0.792568608563473,0.722224795278241,0.869763823378891,"RJ"
13.3,1,0.833366366477171,0.781204831236701,0.889010760053701,"RJ"
13.3,2,0.873898546827604,0.837023963059403,0.912397618051466,"RJ"
13.3,3,0.911460722257302,0.878915273821891,0.945211299611744,"RJ"
13.3,4,0.942958845138854,0.902719967978711,0.984991376247668,"RJ"
13.3,5,0.965053310176801,0.915472071223635,1.01731982958079,"RJ"
13.3,6,0.974405222427996,0.920677132332744,1.03126873053669,"RJ"
13.3,7,0.96889102041301,0.918358752614047,1.02220380299624,"RJ"
13.3,8,0.950473452235235,0.907365700855757,0.995629196201651,"RJ"
13.3,9,0.922377789749254,0.883264413035303,0.963223214324966,"RJ"
13.3,10,0.887882552744769,0.841374951239967,0.936960895147599,"RJ"
13.3,11,0.8500688457774,0.787259727973833,0.917888997600726,"RJ"
13.3,12,0.811668374049357,0.730061764341696,0.902397004760246,"RJ"
13.4,0,0.797392049590711,0.727843498176385,0.873586261804303,"RJ"
13.4,1,0.837129681681538,0.785614877404409,0.892022445231127,"RJ"
13.4,2,0.876548273937237,0.840140979071666,0.914533269632129,"RJ"
13.4,3,0.913026649955181,0.880926083569524,0.946296947129266,"RJ"
13.4,4,0.943578083909919,0.903986578928472,0.984903560725941,"RJ"
13.4,5,0.964986572810117,0.916266872372744,1.01629679494185,"RJ"
13.4,6,0.974038198113961,0.921256504499128,1.02984392159153,"RJ"
13.4,7,0.968687075635539,0.919009109429669,1.02105043451165,"RJ"
13.4,8,0.950828772002807,0.908377762279837,0.995263635031452,"RJ"
13.4,9,0.923570726115216,0.884993707661644,0.963829323025089,"RJ"
13.4,10,0.890071260876099,0.844221800700879,0.938410792969165,"RJ"
13.4,11,0.853304262961917,0.791384597423001,0.920068658854364,"RJ"
13.4,12,0.815915738833688,0.735383069919284,0.90526763547819,"RJ"
13.5,0,0.802197930013334,0.733440945697944,0.877400590589202,"RJ"
13.5,1,0.840876441210377,0.790003142507286,0.895025793363988,"RJ"
13.5,2,0.879186424664696,0.84324240790641,0.916662589626875,"RJ"
13.5,3,0.914589146417139,0.882929562499379,0.947383961610889,"RJ"
13.5,4,0.944203344452423,0.905250815123893,0.984831983336161,"RJ"
13.5,5,0.964933951976721,0.917062545426487,1.01530428466512,"RJ"
13.5,6,0.973689178997768,0.921838704347776,1.02845607677987,"RJ"
13.5,7,0.968499116854991,0.919662622787801,1.01992895667059,"RJ"
13.5,8,0.951193375759912,0.909391610299261,0.994916632001693,"RJ"
13.5,9,0.924764111792433,0.886720229144544,0.964440230809083,"RJ"
13.5,10,0.892252018414524,0.847056883805022,0.939858561550919,"RJ"
13.5,11,0.856525686960888,0.795490610283885,0.922243761195384,"RJ"
13.5,12,0.820146404272064,0.740684609188796,0.908132984128126,"RJ"
13.6,0,0.806984801183268,0.739015482515447,0.881205447988955,"RJ"
13.6,1,0.844605715074688,0.794368655694954,0.898019841068304,"RJ"
13.6,2,0.881812521632909,0.846327845076038,0.918784993111891,"RJ"
13.6,3,0.91614808361757,0.884925671336739,0.94847210144586,"RJ"
13.6,4,0.944834730946002,0.906512873590172,0.984776603630885,"RJ"
13.6,5,0.96489567830313,0.917859447052336,1.01434230807124,"RJ"
13.6,6,0.973358440650149,0.922424166360175,1.0271051957836,"RJ"
13.6,7,0.968327397906726,0.920319710449908,1.0188393651576,"RJ"
13.6,8,0.951567425200183,0.91040754821779,0.994588156122686,"RJ"
13.6,9,0.925957926463007,0.888444051918141,0.965055795836056,"RJ"
13.6,10,0.894424519729569,0.849879908526349,0.941303840069149,"RJ"
13.6,11,0.859732430822435,0.799576932729428,0.924413677223944,"RJ"
13.6,12,0.824359235348105,0.745964897127918,0.91099212780676,"RJ"
13.7,0,0.811751195234782,0.744565476259736,0.884999404317305,"RJ"
13.7,1,0.848316563873106,0.798710467953485,0.901003581917977,"RJ"
13.7,2,0.884426083943102,0.849396900794857,0.920899872870913,"RJ"
13.7,3,0.917703332867194,0.886914382431454,0.949561111915608,"RJ"
13.7,4,0.945472347935886,0.907772968874952,0.984737364254494,"RJ"
13.7,5,0.964871983011997,0.918657957515765,1.01341085219471,"RJ"
13.7,6,0.973046259259743,0.923013350844558,1.02579125404095,"RJ"
13.7,7,0.968172173247633,0.92098081313608,1.01778163418975,"RJ"
13.7,8,0.951951082533247,0.911425895197092,0.994278161627455,"RJ"
13.7,9,0.927152149711312,0.890165260244929,0.965675866161959,"RJ"
13.7,10,0.8965884572072,0.852690594920009,0.942746250968791,"RJ"
13.7,11,0.862923801492358,0.803642748110449,0.926577747304804,"RJ"
13.7,12,0.828553083828904,0.751222466576687,0.913844091818449,"RJ"
13.8,0,0.816495625437443,0.750089320765919,0.888780959683238,"RJ"
13.8,1,0.852008038975239,0.803027653763135,0.903975965306609,"RJ"
13.8,2,0.887026627235521,0.852449200494593,0.92300659906574,"RJ"
13.8,3,0.919254764817864,0.888895679971951,0.950650725028849,"RJ"
13.8,4,0.946116300339335,0.909031333488071,0.984714190580249,"RJ"
13.8,5,0.964863097956898,0.919458481364731,1.01250988126966,"RJ"
13.8,6,0.972752911687131,0.923606744665065,1.02451420224193,"RJ"
13.8,7,0.968033697999869,0.921646395064513,1.01675571616347,"RJ"
13.8,8,0.952344510500401,0.912446986500371,0.993986587822305,"RJ"
13.8,9,0.928346761023913,0.891883948360702,0.966300279635757,"RJ"
13.8,10,0.898743521276354,0.855488675648313,0.94418539956019,"RJ"
13.8,11,0.866099099924504,0.807687258527187,0.928735278377289,"RJ"
13.8,12,0.832726788507846,0.756455871262731,0.916687847423353,"RJ"
13.9,0,0.821216586571177,0.755585439265006,0.892548541850719,"RJ"
13.9,1,0.855679182713956,0.807319312689188,0.906935895403149,"RJ"
13.9,2,0.8896136637525,0.855484385293877,0.925104518960073,"RJ"
13.9,3,0.920802249467542,0.89086956017236,0.951740659385021,"RJ"
13.9,4,0.946766693452188,0.910288218308386,0.984706990381721,"RJ"
13.9,5,0.964869255657726,0.920261448072296,1.01163933625997,"RJ"
13.9,6,0.972478675519749,0.924204861923393,1.02327396587428,"RJ"
13.9,7,0.967912227995343,0.922316944446225,1.01576154134891,"RJ"
13.9,8,0.952747872390583,0.913471173706258,0.993713358968762,"RJ"
13.9,9,0.929541739789498,0.893600220603962,0.966928863812164,"RJ"
13.9,10,0.900889400436448,0.858273896489811,0.945620873637252,"RJ"
13.9,11,0.869257621196031,0.811709686393812,0.930885542790959,"RJ"
13.9,12,0.836879175460923,0.761663688853927,0.919522309608843,"RJ"
14,0,0.825912555323709,0.761052287496593,0.896300504246748,"RJ"
14,1,0.859329028586703,0.811584570892749,0.90988223021474,"RJ"
14,2,0.892186702403919,0.858502112417689,0.92719295670073,"RJ"
14,3,0.922345656165457,0.892836031431019,0.952830620067796,"RJ"
14,4,0.947423632955539,0.911543892953862,0.984715653542429,"RJ"
14,5,0.964890689336689,0.921067312631212,1.01079913444003,"RJ"
14,6,0.972223829127692,0.924808244586202,1.0220704448268,"RJ"
14,7,0.967808019820951,0.922992973930055,1.01479901763665,"RJ"
14,8,0.95316133205664,0.914498824890987,0.993458384198896,"RJ"
14,9,0.930737065298813,0.895314191528894,0.967561435881797,"RJ"
14,10,0.903025781285867,0.861046016828563,0.947052243119905,"RJ"
14,11,0.872398654627614,0.815709275987223,0.933027777175839,"RJ"
14,12,0.841009058316698,0.766844524022029,0.922346334901154,"RJ"
14.1,0,0.830581990710624,0.766488356717312,0.900035124143774,"RJ"
14.1,1,0.862956601465922,0.815822582548426,0.912813780770049,"RJ"
14.1,2,0.894745248835044,0.86150205556299,0.929271213160037,"RJ"
14.1,3,0.923884853617437,0.894795114458775,0.953920298570247,"RJ"
14.1,4,0.948087224922527,0.912798646111188,0.984740051807447,"RJ"
14.1,5,0.964927632954936,0.921876556094276,1.0099891690323,"RJ"
14.1,6,0.971988651720427,0.925417463051602,1.02090351305659,"RJ"
14.1,7,0.967721330864559,0.923675020993236,1.01386803034174,"RJ"
14.1,8,0.953585053931886,0.915530324777027,0.993221557465874,"RJ"
14.1,9,0.931932716744593,0.897025986001113,0.968197802619601,"RJ"
14.1,10,0.905152348551448,0.863804810120723,0.948479059723805,"RJ"
14.1,11,0.875521483908628,0.819685294970924,0.935161181356505,"RJ"
14.1,12,0.845115238540037,0.771997011499468,0.925158719235633,"RJ"
14.2,0,0.835223334518292,0.771892176579519,0.903750601042644,"RJ"
14.2,1,0.866560917818641,0.82003253115611,0.915729310436015,"RJ"
14.2,2,0.897288805496784,0.864483905207137,0.931338565842854,"RJ"
14.2,3,0.925419709891414,0.896746842375645,0.955009372753124,"RJ"
14.2,4,0.948757575825251,0.914052785821311,0.98478003858059,"RJ"
14.2,5,0.964980321249794,0.922689686054462,1.00920930890777,"RJ"
14.2,6,0.971773423404409,0.926033116648287,1.01977301832694,"RJ"
14.2,7,0.96765241936176,0.924363648273033,1.01296844206934,"RJ"
14.2,8,0.954019203046957,0.916566074846549,0.993002757531397,"RJ"
14.2,9,0.933128673221511,0.898735739275411,0.968837760352278,"RJ"
14.2,10,0.907268785118968,0.866550064335476,0.949900856660232,"RJ"
14.2,11,0.87862538722735,0.823637035884369,0.937284917319804,"RJ"
14.2,12,0.849196505729752,0.777119819110182,0.92795819590515,"RJ"
14.3,0,0.839835011769854,0.777262317854802,0.907445055282134,"RJ"
14.3,1,0.870140985935311,0.824213630734615,0.918627534380422,"RJ"
14.3,2,0.89981687171836,0.867447368856028,0.933394268861283,"RJ"
14.3,3,0.926950092423113,0.8986912607746,0.956097506837471,"RJ"
14.3,4,0.949434792541804,0.915306639717529,0.984835448770574,"RJ"
14.3,5,0.965048989772644,0.923507237059049,1.00845939835516,"RJ"
14.3,6,0.971578425241626,0.926655834061162,1.01867878202199,"RJ"
14.3,7,0.967601544443395,0.925059443835312,1.0121000926465,"RJ"
14.3,8,0.954463945046979,0.91760649341827,0.992801847991482,"RJ"
14.3,9,0.934324913726118,0.900443597054846,0.969481094945412,"RJ"
14.3,10,0.909374772064626,0.869281582367456,0.951317148369104,"RJ"
14.3,11,0.88170963740621,0.827563817587731,0.939398108246287,"RJ"
14.3,12,0.853251637930259,0.782211650754233,0.930743433607353,"RJ"
14.4,0,0.844415431214476,0.78259739497739,0.911116526900438,"RJ"
14.4,1,0.873695806167945,0.828365126885629,0.921507119191956,"RJ"
14.4,2,0.902328943782427,0.870392171229383,0.93543755297971,"RJ"
14.4,3,0.928475868021919,0.900628427751441,0.957184351432634,"RJ"
14.4,4,0.950118982363437,0.916560555212988,0.98490609868931,"RJ"
14.4,5,0.965133874927429,0.924329770952307,1.00773925692424,"RJ"
14.4,6,0.971403939309082,0.927286273677748,1.01762059904397,"RJ"
14.4,7,0.967568966183862,0.9257630213763,1.01126279912359,"RJ"
14.4,8,0.954919446209019,0.918652015686525,0.992618677341802,"RJ"
14.4,9,0.9355214171568,0.902149715530599,0.970127581810873,"RJ"
14.4,10,0.911469988687546,0.871999182417759,0.952727430287962,"RJ"
14.4,11,0.884773502042124,0.831464986651846,0.941499837615737,"RJ"
14.4,12,0.857279401957372,0.787271249324943,0.933513034612357,"RJ"
14.5,0,0.848962985840054,0.787896068383493,0.914762974773031,"RJ"
14.5,1,0.877224371177609,0.832486297717361,0.924366682668467,"RJ"
14.5,2,0.904824515002629,0.873318054381044,0.937467625732292,"RJ"
14.5,3,0.929996902876917,0.902558413899942,0.958269543600467,"RJ"
14.5,4,0.950810253001834,0.917814899634793,0.98499178600515,"RJ"
14.5,5,0.965235214009803,0.925157877141758,1.00704867934859,"RJ"
14.5,6,0.971250248759213,0.927925123850172,1.01659823779828,"RJ"
14.5,7,0.967554945650216,0.926475020354291,1.01045635584886,"RJ"
14.5,8,0.955385873459861,0.919703093721608,0.992453079083533,"RJ"
14.5,9,0.93671816231373,0.903854261402079,0.970776985934995,"RJ"
14.5,10,0.913554112543293,0.874702698340801,0.95413117865974,"RJ"
14.5,11,0.887816243651937,0.835339918682887,0.943589148397277,"RJ"
14.5,12,0.861278553738315,0.792297399536544,0.936265533073163,"RJ"
14.6,0,0.853476053409498,0.793157046623976,0.918382276049785,"RJ"
14.6,1,0.880725666191315,0.836576454618399,0.927204793782964,"RJ"
14.6,2,0.907303075803622,0.87622477775271,0.939483671614496,"RJ"
14.6,3,0.931513062563128,0.904481302271708,0.959352706956318,"RJ"
14.6,4,0.951508712596531,0.919070060302272,0.98509228975356,"RJ"
14.6,5,0.96535324524693,0.925992172783566,1.00638743555189,"RJ"
14.6,6,0.971117637881274,0.928573103068208,1.0156114402711,"RJ"
14.6,7,0.967559744952057,0.927196106048605,1.00968053461887,"RJ"
14.6,8,0.955863394394081,0.92076019643075,0.992304871870394,"RJ"
14.6,9,0.937915127898832,0.905557411876921,0.97142906192793,"RJ"
14.6,10,0.91562681947841,0.87739197995435,0.955527850381957,"RJ"
14.6,11,0.890837119823004,0.839188019571259,0.945665042334601,"RJ"
14.6,12,0.865247838666058,0.797288930639806,0.938999393501559,"RJ"
14.7,0,0.857952997020772,0.798379088229597,0.921972225912364,"RJ"
14.7,1,0.884198669268373,0.84063494287363,0.930019972835566,"RJ"
14.7,2,0.909764113803571,0.879112118160069,0.941484852349736,"RJ"
14.7,3,0.933024212047912,0.906397188300412,0.960433451807115,"RJ"
14.7,4,0.952214469722441,0.92032644454738,0.985207370407262,"RJ"
14.7,5,0.965488207837948,0.926833302883263,1.00575527074208,"RJ"
14.7,6,0.971006392163686,0.929230960039568,1.0146599222034,"RJ"
14.7,7,0.967583627292246,0.927926969543749,1.00893508490689,"RJ"
14.7,8,0.956352177292436,0.921823809479389,0.992173859697244,"RJ"
14.7,9,0.939112292515742,0.907259354650568,0.972083554094463,"RJ"
14.7,10,0.917687783665985,0.880066893310196,0.956916882899895,"RJ"
14.7,11,0.893835383368934,0.843008726654345,0.947726479336761,"RJ"
14.7,12,0.869185991968038,0.802244719002863,0.941713009432432,"RJ"
14.8,0,0.862392165690764,0.803561003310238,0.925530537670544,"RJ"
14.8,1,0.887642351576205,0.844661142115551,0.932810691798047,"RJ"
14.8,2,0.912207113899125,0.881979869710893,0.943470307231542,"RJ"
14.8,3,0.934530215697566,0.908306179690365,0.961511375326608,"RJ"
14.8,4,0.952927633397523,0.921584479675675,0.985336770007425,"RJ"
14.8,5,0.965640341995085,0.927681940308738,1.00515190559607,"RJ"
14.8,6,0.970916798357379,0.92989947367453,1.01374337336434,"RJ"
14.8,7,0.967626857018423,0.9286683276374,1.00821973417073,"RJ"
14.8,8,0.956852391140566,0.922894435172685,0.992059832130318,"RJ"
14.8,9,0.940309634669785,0.908960287865277,0.972740196526467,"RJ"
14.8,10,0.919736677642247,0.882727320923139,0.958297694146089,"RJ"
14.8,11,0.896810282490516,0.8468015097829,0.949772376984679,"RJ"
14.8,12,0.873091739089337,0.80716369053455,0.944404702299247,"RJ"
14.9,0,0.866791894963101,0.808701654872194,0.929054843213426,"RJ"
14.9,1,0.891055677675691,0.84865446660595,0.935575374856004,"RJ"
14.9,2,0.914631558352881,0.884827843655254,0.945439153541099,"RJ"
14.9,3,0.9360309372841,0.910208396269622,0.96258606176757,"RJ"
14.9,4,0.953648313090567,0.922844612866801,0.985480212356994,"RJ"
14.9,5,0.965809888985458,0.928538785713242,1.00457703653768,"RJ"
14.9,6,0.970849144540117,0.93057945297287,1.01286145792621,"RJ"
14.9,7,0.967689699675369,0.929420922671569,1.00753418824068,"RJ"
14.9,8,0.957364205648021,0.923972592297582,0.991962564578837,"RJ"
14.9,9,0.941507132767942,0.910660420048486,0.973398713217068,"RJ"
14.9,10,0.921773172344206,0.885373161956138,0.959669682528274,"RJ"
14.9,11,0.899761060941847,0.850565872281289,0.9518016101632,"RJ"
14.9,12,0.876963796090373,0.812044822927948,0.947072720543009,"RJ"
15,0,0.87115050753997,0.813799959840561,0.932542693828384,"RJ"
15,1,0.894437605816026,0.85261436534472,0.938312399151813,"RJ"
15,2,0.917036926883346,0.887655868168628,0.947390487039392,"RJ"
15,3,0.9375262399922,0.912103969808102,0.963657082710467,"RJ"
15,4,0.954376618729117,0.924107311013975,0.985637403276692,"RJ"
15,5,0.965997091173551,0.929404567367075,1.00403033611003,"RJ"
15,6,0.970803720181849,0.931271736812147,1.01201381494199,"RJ"
15,7,0.967772422058203,0.93018552228708,1.00687813178772,"RJ"
15,8,0.957887791267598,0.925058815926008,0.991881818607422,"RJ"
15,9,0.942704765118837,0.912359970030611,0.974058818196447,"RJ"
15,10,0.923796937148324,0.888004332359711,0.961032226967706,"RJ"
15,11,0.902686958201668,0.854301351792304,0.953813010827921,"RJ"
15,12,0.880800870059142,0.816887147702639,0.949715238976131,"RJ"
15.1,0,0.875466313937983,0.818854889777006,0.935991561397257,"RJ"
15.1,1,0.897787088239142,0.856540322004385,0.941020095729703,"RJ"
15.1,2,0.919422696757404,0.890463788069252,0.949323382532558,"RJ"
15.1,3,0.939015986426381,0.913993043801473,0.964723997347875,"RJ"
15.1,4,0.95511266070752,0.925373060502499,0.98580803092369,"RJ"
15.1,5,0.966202192064377,0.930280040897508,1.00351145344293,"RJ"
15.1,6,0.970780816211077,0.931977193637392,1.0112000589256,"RJ"
15.1,7,0.967875292266432,0.930962919102283,1.00625122887081,"RJ"
15.1,8,0.958423319215013,0.92615365718017,0.991817342288405,"RJ"
15.1,9,0.94390250993272,0.914059166842428,0.974720215689142,"RJ"
15.1,10,0.925807639910238,0.890620764963956,0.962384686989476,"RJ"
15.1,11,0.905587209649942,0.85800752099792,0.955805367915365,"RJ"
15.1,12,0.884601659538041,0.821689752025262,0.952330358421458,"RJ"
15.2,0,0.879737613168117,0.823865471286727,0.93939883997564,"RJ"
15.2,1,0.901103071493672,0.860431854690875,0.943696750682307,"RJ"
15.2,2,0.92178834288529,0.893251464471692,0.951236894508485,"RJ"
15.2,3,0.94050003861832,0.915875773221788,0.965786352803614,"RJ"
15.2,4,0.955856549895106,0.926642366927918,0.985991766172341,"RJ"
15.2,5,0.966425436347349,0.931165988937559,1.00302001481477,"RJ"
15.2,6,0.970780725082274,0.932696721053413,1.01041978053367,"RJ"
15.2,7,0.967998579758865,0.931753930317732,1.00565312356198,"RJ"
15.2,8,0.958970961488895,0.927257682961191,0.991768870592819,"RJ"
15.2,9,0.945100345321453,0.915758249592363,0.975382600292525,"RJ"
15.2,10,0.927804947005533,0.893222409521829,0.963726402866186,"RJ"
15.2,11,0.90846104674965,0.86168398820822,0.957777427404212,"RJ"
15.2,12,0.888364854965292,0.826451780289502,0.954916105645091,"RJ"
15.3,0,0.883962693439706,0.828830786112045,0.942761847757363,"RJ"
15.3,1,0.904384496758471,0.86428851553294,0.946340606496119,"RJ"
15.3,2,0.924133337918077,0.896018774379144,0.953130057842107,"RJ"
15.3,3,0.941978258034384,0.917752324236145,0.966843684485378,"RJ"
15.3,4,0.956608397644508,0.927915754755031,0.986188263055818,"RJ"
15.3,5,0.966667069940848,0.932063220685183,1.00255562430743,"RJ"
15.3,6,0.970803740844351,0.933431245322012,1.00967254734681,"RJ"
15.3,7,0.968142555409411,0.932559397249362,1.00508344064655,"RJ"
15.3,8,0.959530890891111,0.928371475642652,0.991736125818545,"RJ"
15.3,9,0.946298249298512,0.917457467324074,0.97604565717608,"RJ"
15.3,10,0.929788523371559,0.895809232702621,0.965056695816007,"RJ"
15.3,11,0.911307697233848,0.865330397811642,0.959727892534328,"RJ"
15.3,12,0.892089139130966,0.831172435438496,0.957470433599715,"RJ"
15.4,0,0.888139832888462,0.833749970913837,0.946077829422391,"RJ"
15.4,1,0.907630300175683,0.86810989010454,0.948949863591345,"RJ"
15.4,2,0.926457152347678,0.898765610217495,0.955001888566319,"RJ"
15.4,3,0.943450505583346,0.919622873894838,0.967895516469349,"RJ"
15.4,4,0.957368315800101,0.92919376691951,0.986397159266908,"RJ"
15.4,5,0.966927340037516,0.932972571375503,1.00211786455159,"RJ"
15.4,6,0.970850159210206,0.934181720767542,1.00895790474691,"RJ"
15.4,7,0.968307491563758,0.933380184793476,1.00454178639539,"RJ"
15.4,8,0.960103281047431,0.929495632730912,0.991718818053771,"RJ"
15.4,9,0.947496199778979,0.919157078854855,0.976709062300952,"RJ"
15.4,10,0.931758032550311,0.898381218034932,0.966374868255839,"RJ"
15.4,11,0.914126385297949,0.86894643058083,0.961655424189194,"RJ"
15.4,12,0.895773187647605,0.835850980014828,0.959991221992846,"RJ"
15.5,0,0.892267300328461,0.838622216745742,0.949343958862489,"RJ"
15.5,1,0.910839413193335,0.871895596686325,0.951522682049796,"RJ"
15.5,2,0.928759254609361,0.901491879314677,0.956851384704972,"RJ"
15.5,3,0.944916641624283,0.921487609790706,0.968941361915118,"RJ"
15.5,4,0.958136416706595,0.930476964374469,0.986618076715648,"RJ"
15.5,5,0.967206495150272,0.933894901669663,1.00170629755914,"RJ"
15.5,6,0.970920277627365,0.934949129095329,1.00827537688618,"RJ"
15.5,7,0.968493662096962,0.934217180827589,1.00402774940519,"RJ"
15.5,8,0.960688306428525,0.93063076649433,0.991716645673707,"RJ"
15.5,9,0.948694174579556,0.920857352595484,0.977372482659154,"RJ"
15.5,10,0.933713136732364,0.900938365798738,0.967680204109932,"RJ"
15.5,11,0.916916331797261,0.872531803829535,0.963558641446149,"RJ"
15.5,12,0.899415669435406,0.840486736925836,0.962476278191789,"RJ"
15.6,0,0.896343356028002,0.843446768229718,0.952557342275241,"RJ"
15.6,1,0.914010762917439,0.875645285374057,0.954057183522718,"RJ"
15.6,2,0.931039111186792,0.904197503329247,0.958677527163941,"RJ"
15.6,3,0.946376525974679,0.923346729691572,0.969980723509003,"RJ"
15.6,4,0.958912813217749,0.931765925584857,0.986850622140975,"RJ"
15.6,5,0.967504785159067,0.934831096964873,1.00132046563794,"RJ"
15.6,6,0.971014395349729,0.935734478628497,1.00762446774256,"RJ"
15.6,7,0.968701342471946,0.935071295551895,1.00354090150217,"RJ"
15.6,8,0.961286142371306,0.931777503563775,0.991729295868174,"RJ"
15.6,9,0.949892151418565,0.922558566352244,0.978035576531716,"RJ"
15.6,10,0.935653496801864,0.903480692866522,0.968971969173992,"RJ"
15.6,11,0.919676754449755,0.876086271417371,0.96543612229747,"RJ"
15.6,12,0.90301524722194,0.845079089914733,0.964923338474245,"RJ"
15.7,0,0.900366252509224,0.848222922445018,0.955715021613379,"RJ"
15.7,1,0.917143272473561,0.879358637043354,0.956551453308853,"RJ"
15.7,2,0.933296186719576,0.906882417632501,0.960479280675918,"RJ"
15.7,3,0.947830017918704,0.925200441147815,0.971013093933708,"RJ"
15.7,4,0.959697618705233,0.933061245973007,0.987094387773061,"RJ"
15.7,5,0.967822461358387,0.935782066631109,1.00095989238384,"RJ"
15.7,6,0.971132813510452,0.936538803469719,1.007004662255,"RJ"
15.7,7,0.968930809798939,0.935943460776725,1.00308079870392,"RJ"
15.7,8,0.96189696510062,0.932936484507024,0.991756445197548,"RJ"
15.7,9,0.951090107915973,0.924261007111907,0.978697993764973,"RJ"
15.7,10,0.937578772382586,0.906008232493784,0.970249411534423,"RJ"
15.7,11,0.922406868044066,0.879609623600562,0.967286404543971,"RJ"
15.7,12,0.906570578056346,0.849627483731051,0.967330069630351,"RJ"
15.8,0,0.904334235371329,0.852950027545864,0.958813978373042,"RJ"
15.8,1,0.920235861377823,0.883035362181577,0.959003542591593,"RJ"
15.8,2,0.935529944113327,0.909546570648715,0.962255594794288,"RJ"
15.8,3,0.949276976215699,0.927048961077289,0.972037956362148,"RJ"
15.8,4,0.96049094706762,0.934363537319176,0.987348952042544,"RJ"
15.8,5,0.968159776505513,0.936748743180722,1.00062408374363,"RJ"
15.8,6,0.971275835195964,0.937363162595267,1.00641542753152,"RJ"
15.8,7,0.969182342895849,0.936834629161935,1.00264698223354,"RJ"
15.8,8,0.962520951751282,0.934108363379833,0.991797760174294,"RJ"
15.8,9,0.952288021593404,0.9259649708106,0.979359376064098,"RJ"
15.8,10,0.939488621885049,0.908521034059578,0.971511762042031,"RJ"
15.8,11,0.925105884652703,0.883101686728278,0.969107986861302,"RJ"
15.8,12,0.910080313837945,0.854131423997141,0.969694070918699,"RJ"
15.9,0,0.90824554413724,0.857627481126016,0.961851137701524,"RJ"
15.9,1,0.923287445917286,0.886675199598799,0.961411470822894,"RJ"
15.9,2,0.937739844652238,0.912189923158338,0.964005404931188,"RJ"
15.9,3,0.950717259108842,0.928892515329861,0.973054784973109,"RJ"
15.9,4,0.961292912739526,0.935673427121257,0.98761388033251,"RJ"
15.9,5,0.968516984869551,0.937732081377982,1.00031252914201,"RJ"
15.9,6,0.97144376552117,0.938208638889476,1.00585621412203,"RJ"
15.9,7,0.96945622234961,0.93774577341462,1.00223897957984,"RJ"
15.9,8,0.963158280390472,0.935293807256608,0.991852897867219,"RJ"
15.9,9,0.953485869874172,0.92767076208747,0.980019357302956,"RJ"
15.9,10,0.941382702554702,0.91101916275807,0.972758234839166,"RJ"
15.9,11,0.927773013850471,0.886562322785612,0.970899330037664,"RJ"
15.9,12,0.913543101859167,0.858590476770692,0.972012876375472,"RJ"
16,0,0.912098413123475,0.862254728350899,0.964823372802435,"RJ"
16,1,0.926296939539651,0.890277915030787,0.963773228240589,"RJ"
16,2,0.939925348114157,0.914812447569073,0.965727633434735,"RJ"
16,3,0.952150724334015,0.930731338233937,0.974063045486409,"RJ"
16,4,0.96210363070089,0.936991557918181,0.987888725768714,"RJ"
16,5,0.968894342281246,0.938733057296147,1.00002470266524,"RJ"
16,6,0.971636911705825,0.93907633812838,1.00532645734725,"RJ"
16,7,0.969752730578494,0.938677885451904,1.001856305597,"RJ"
16,8,0.963809130040483,0.936493495743703,0.991921506525466,"RJ"
16,9,0.954683630083304,0.929378694024185,0.98067756384925,"RJ"
16,10,0.94326067052117,0.913502699242431,0.973988027938954,"RJ"
16,11,0.930407462938058,0.889991428785682,0.972658858380187,"RJ"
16,12,0.916957585362718,0.863004267806608,0.974283957472438,"RJ"
16.1,0,0.915891072333009,0.866831259880075,0.967727509613999,"RJ"
16.1,1,0.929263253252215,0.893843299647617,0.96608677850505,"RJ"
16.1,2,0.942085912888161,0.917414127159875,0.96742119070034,"RJ"
16.1,3,0.953577229128867,0.932565672127376,0.975062195715143,"RJ"
16.1,4,0.962923216486391,0.938318586581773,0.988173030043342,"RJ"
16.1,5,0.969292106183583,0.939752667330146,0.999760064293321,"RJ"
16.1,6,0.971855583152128,0.939967387921713,1.00482557867489,"RJ"
16.1,7,0.970072151895422,0.939631975535814,1.00149846363668,"RJ"
16.1,8,0.964473680701839,0.937708120478445,0.992003226219194,"RJ"
16.1,9,0.955881279447585,0.931089087871268,0.981333614903971,"RJ"
16.1,10,0.945122180848563,0.915971739222656,0.975200323854981,"RJ"
16.1,11,0.933008437170793,0.893388936014752,0.974384961285787,"RJ"
16.1,12,0.920322404112859,0.867372481524796,0.976504726116168,"RJ"
16.2,0,0.919621748370838,0.871356609604369,0.970560331734468,"RJ"
16.2,1,0.932185296030005,0.897371168481956,0.968350061440626,"RJ"
16.2,2,0.944220996094616,0.919994955302833,0.969084976311026,"RJ"
16.2,3,0.95499663024206,0.934395766875148,0.976051686132641,"RJ"
16.2,4,0.963751786195019,0.939655183582006,0.988466324267374,"RJ"
16.2,5,0.969710535683204,0.940791927173302,0.999518061172508,"RJ"
16.2,6,0.972100091523544,0.940882936622797,1.00435298713354,"RJ"
16.2,7,0.970414772572279,0.940609071387388,1.00116494670576,"RJ"
16.2,8,0.965152113376773,0.938938384616978,0.992097689493913,"RJ"
16.2,9,0.957078795095591,0.932802272762338,0.981987122854074,"RJ"
16.2,10,0.946966887586855,0.918426393019169,0.976394290279525,"RJ"
16.2,11,0.935575139992521,0.896754809135616,0.976075994970944,"RJ"
16.2,12,0.923636194980666,0.871694859693587,0.978672537977615,"RJ"
16.3,0,0.923288665381949,0.875830352223069,0.97331858556743,"RJ"
16.3,1,0.93506197523299,0.900861358791243,0.970560995867103,"RJ"
16.3,2,0.946330053707719,0.922554934667822,0.970717880201796,"RJ"
16.3,3,0.956408783942727,0.936221879376084,0.977030960451802,"RJ"
16.3,4,0.964589456499784,0.941002032230641,0.988768129846608,"RJ"
16.3,5,0.97014989160263,0.941851870766701,0.999298128919606,"RJ"
16.3,6,0.972370750824877,0.941824152215969,1.00390808075489,"RJ"
16.3,7,0.970780880905264,0.941610217287171,1.00085523864253,"RJ"
16.3,8,0.965844610093079,0.940185002313985,0.992204522035456,"RJ"
16.3,9,0.958276154057742,0.934518585417271,0.982637693637383,"RJ"
16.3,10,0.948794443824325,0.920866785074306,0.977569080808219,"RJ"
16.3,11,0.938106773274582,0.900089045155708,0.977730284353597,"RJ"
16.3,12,0.92689759254313,0.875971199841433,0.98078469613815,"RJ"
16.4,0,0.926890046011361,0.880252100687116,0.975998985659129,"RJ"
16.4,1,0.937892197032296,0.904313728367892,0.972717482506483,"RJ"
16.4,2,0.948412540680506,0.925094076414573,0.972318783843293,"RJ"
16.4,3,0.957813546030112,0.938044273060913,0.977999456214585,"RJ"
16.4,4,0.965436344657575,0.942359827908285,0.989077959376355,"RJ"
16.4,5,0.970610436533325,0.942933549229845,0.999099692949598,"RJ"
16.4,6,0.972667877483627,0.942792221191163,1.00349024803491,"RJ"
16.4,7,0.971170767281273,0.942636473169144,1.00056881530454,"RJ"
16.4,8,0.966551353928345,0.941448698197242,0.992323343342698,"RJ"
16.4,9,0.959473333266349,0.936238369835285,0.983284927118722,"RJ"
16.4,10,0.950604501741057,0.923293053423904,0.978723835708831,"RJ"
16.4,11,0.940602537559843,0.903391672267484,0.979346125079241,"RJ"
16.4,12,0.930105229695922,0.880201353412188,0.982838455035401,"RJ"
16.5,0,0.930424112385846,0.88462150353422,0.978598220199722,"RJ"
16.5,1,0.940674866845302,0.907728153811225,0.974817406950725,"RJ"
16.5,2,0.950467911072314,0.927612399376548,0.973886561440252,"RJ"
16.5,3,0.959210771843415,0.939863217383659,0.978956605389583,"RJ"
16.5,4,0.966292568519169,0.943729277279705,0.989395317549986,"RJ"
16.5,5,0.971092434889602,0.944038029781086,0.998922169818194,"RJ"
16.5,6,0.972991790432644,0.943788347415047,1.00309886940466,"RJ"
16.5,7,0.971584724245354,0.943688913714897,1.00030514576132,"RJ"
16.5,8,0.967272529034562,0.94273020683982,0.992453767405259,"RJ"
16.5,9,0.960670309555677,0.937961976978856,0.983928417476356,"RJ"
16.5,10,0.95239671266351,0.925705349131363,0.979857682731769,"RJ"
16.5,11,0.943061632311757,0.90666274856956,0.980921785682344,"RJ"
16.5,12,0.933257738279658,0.884385223681565,0.984831024689833,"RJ"
16.6,0,0.93388908711695,0.888938242141272,0.981112956660859,"RJ"
16.6,1,0.943408889779501,0.911104528774245,0.976858642676685,"RJ"
16.6,2,0.952495618178686,0.930109929240582,0.975420081140676,"RJ"
16.6,3,0.960600316271826,0.941678987308253,0.979901834975823,"RJ"
16.6,4,0.967158246539391,0.945111097502112,0.989719702076674,"RJ"
16.6,5,0.971596152963379,0.94516639465603,0.998764968571256,"RJ"
16.6,6,0.973342811194109,0.944813751007712,1.002733318702,"RJ"
16.6,7,0.972023046569234,0.944768627454478,1.00006369348591,"RJ"
16.6,8,0.968008320663118,0.944030272232494,0.992595403383694,"RJ"
16.6,9,0.961867059662002,0.9396897644493,0.984567753597941,"RJ"
16.6,10,0.954170727120141,0.92810383568657,0.980969737959842,"RJ"
16.6,11,0.945483256168384,0.909902360677783,0.982455509873477,"RJ"
16.6,12,0.936353749719444,0.888522763454231,0.986759575191036,"RJ"
16.7,0,0.937283194324852,0.89320202791836,0.983539847542861,"RJ"
16.7,1,0.946093171085006,0.914442762197404,0.97883905409539,"RJ"
16.7,2,0.9544951146637,0.932586697725801,0.976918206252111,"RJ"
16.7,3,0.961982033764769,0.943491862791914,0.980834567611209,"RJ"
16.7,4,0.968033497787419,0.946506015430698,0.990050604604063,"RJ"
16.7,5,0.972121858979822,0.946319740031613,0.998627492093545,"RJ"
16.7,6,0.973721263964868,0.94586966723331,1.00239296463608,"RJ"
16.7,7,0.972486031320958,0.945876715879835,0.999843917539179,"RJ"
16.7,8,0.968758915190187,0.94534964725866,0.992747856289921,"RJ"
16.7,9,0.963063560223685,0.941422096154657,0.985202519485321,"RJ"
16.7,10,0.955926194898087,0.93048868837202,0.9820591066949,"RJ"
16.7,11,0.947866607201358,0.913110622235907,0.983945518942055,"RJ"
16.7,12,0.939391895677504,0.892613972562399,0.98862124142123,"RJ"
16.8,0,0.94060466068259,0.89741259946704,0.985875536206247,"RJ"
16.8,1,0.948726616615566,0.917742776540329,0.980756499623908,"RJ"
16.8,2,0.956465852694702,0.935042741764672,0.978379796462014,"RJ"
16.8,3,0.963355778342331,0.945302128266537,0.981754222184385,"RJ"
16.8,4,0.968918441957254,0.947914766825338,0.99038751164202,"RJ"
16.8,5,0.972669823153866,0.947499174962874,0.998509138449903,"RJ"
16.8,6,0.974127475703144,0.946957345412268,1.002077172237,"RJ"
16.8,7,0.972973977935639,0.947014292576111,0.999645273742071,"RJ"
16.8,8,0.969524500142514,0.946689093173661,0.992910727666069,"RJ"
16.8,9,0.964259787781243,0.943159341970337,0.985832294667733,"RJ"
16.8,10,0.957662765100903,0.932860093598314,0.983124884379088,"RJ"
16.8,11,0.950210883179698,0.916287672335709,0.985390014264361,"RJ"
16.8,12,0.942370808718646,0.896658895187561,0.990413127992526,"RJ"
16.9,0,0.943851716480152,0.901569719723423,0.988116662764385,"RJ"
16.9,1,0.951308133297932,0.921004506021002,0.982608834769543,"RJ"
16.9,2,0.958407284079434,0.937478102688349,0.979803709059938,"RJ"
16.9,3,0.964721403605894,0.947110072118834,0.982660214449237,"RJ"
16.9,4,0.969813199378334,0.949338095561719,0.99072990548423,"RJ"
16.9,5,0.973240317747639,0.948705820338596,0.998409302212848,"RJ"
16.9,6,0.974561776216661,0.948078047861707,1.00178530428448,"RJ"
16.9,7,0.973487188287351,0.948182482375229,0.999467215831332,"RJ"
16.9,8,0.970305264223595,0.94804937908993,0.993083616260365,"RJ"
16.9,9,0.965455718777427,0.944901877392685,0.986456654623274,"RJ"
16.9,10,0.959380086207351,0.935218248210937,0.984166157548742,"RJ"
16.9,11,0.952515281838462,0.919433673856261,0.986787179906623,"RJ"
16.9,12,0.94528912298831,0.900657617027221,0.992132314374246,"RJ"
17,0,0.947022596707874,0.90567317310388,0.99025987001655,"RJ"
17,1,0.95383662960943,0.924227894870088,0.984393915217806,"RJ"
17,2,0.96031886040552,0.93989282541754,0.981188800160138,"RJ"
17,3,0.96607876274897,0.948915986169449,0.983551957641821,"RJ"
17,4,0.970717891026311,0.950776752849412,0.991077265125154,"RJ"
17,5,0.973833617128807,0.949940807860878,0.998327375771675,"RJ"
17,6,0.975024498252189,0.94923304886946,1.00151672271018,"RJ"
17,7,0.974025966762189,0.949382420535203,0.999309196595597,"RJ"
17,8,0.971101397340277,0.949431281468808,0.993266118699314,"RJ"
17,9,0.966651329557312,0.946650083185243,0.987075171208822,"RJ"
17,10,0.961077806131234,0.937563358769747,0.985182004819439,"RJ"
17,11,0.954779001152127,0.922548811731577,0.988135185313414,"RJ"
17,12,0.948145474902942,0.904610262327948,0.993775860186979,"RJ"
17.1,0,0.950115542158558,0.909722762667921,0.992301809403854,"RJ"
17.1,1,0.956311016063565,0.92741289560597,0.98610959991771,"RJ"
17.1,2,0.962200033182306,0.942286957659061,0.982533925924309,"RJ"
17.1,3,0.967427708568227,0.950720165150509,0.98442886310022,"RJ"
17.1,4,0.971632638533987,0.952231496458475,0.991429067170838,"RJ"
17.1,5,0.974449997829852,0.951205279052373,0.998262750619486,"RJ"
17.1,6,0.97551597758657,0.950423633705624,1.0012707899701,"RJ"
17.1,7,0.974590620332513,0.95061525194739,0.999170668989728,"RJ"
17.1,8,0.971913090629754,0.950835583619068,0.993457830156175,"RJ"
17.1,9,0.967846596368382,0.948404345017011,0.987687413099168,"RJ"
17.1,10,0.96275557228228,0.939895640801991,0.986171497901278,"RJ"
17.1,11,0.957001239612664,0.925633291154875,0.989432188072563,"RJ"
17.1,12,0.950938503852382,0.908516990804772,0.99534081064129,"RJ"
17.2,0,0.953128800547711,0.913718307308806,0.994239146974311,"RJ"
17.2,1,0.958730205703483,0.930559467333503,0.987753754160479,"RJ"
17.2,2,0.964050253985009,0.944660549106858,0.983837943785488,"RJ"
17.2,3,0.968768093474718,0.952522906180214,0.985290340888743,"RJ"
17.2,4,0.972557564202402,0.953703089954933,0.991784786743226,"RJ"
17.2,5,0.975089738608299,0.952500384293295,0.998214818616209,"RJ"
17.2,6,0.976036553119219,0.951651097673789,1.00104687038505,"RJ"
17.2,7,0.97518145863239,0.951882130372392,0.999051087226899,"RJ"
17.2,8,0.972740536486992,0.95226307520128,0.993658345016683,"RJ"
17.2,9,0.969041495360632,0.950165053091308,0.98829294623671,"RJ"
17.2,10,0.964413031628055,0.942215318028701,0.987133702644479,"RJ"
17.2,11,0.959181196512227,0.928687335726203,0.990676336749221,"RJ"
17.2,12,0.953666852913987,0.912377994464697,0.996824202101094,"RJ"
17.3,0,0.956060627651225,0.917659638977694,0.996068569347936,"RJ"
17.3,1,0.961093114603093,0.933667574066359,0.989324252650787,"RJ"
17.3,2,0.965868974601176,0.947013650644595,0.985099713675866,"RJ"
17.3,3,0.970099769505312,0.954324508231813,0.98613580042907,"RJ"
17.3,4,0.973492791012098,0.955192301943992,0.99214389837921,"RJ"
17.3,5,0.975753120507914,0.953827281888237,0.998182973227739,"RJ"
17.3,6,0.976586566966169,0.952916745201886,1.00084433144966,"RJ"
17.3,7,0.975798794034279,0.953184217703508,0.998949907849747,"RJ"
17.3,8,0.973583928592579,0.953714551735875,0.993867257544231,"RJ"
17.3,9,0.970236002586664,0.951932601762975,0.988891334294003,"RJ"
17.3,10,0.966049830756918,0.944522621563095,0.988067680116571,"RJ"
17.3,11,0.961318072230369,0.931711185548025,0.991865773783906,"RJ"
17.3,12,0.95632916957813,0.916193494348773,0.998223067754991,"RJ"
17.4,0,0.958909288459819,0.921546599941268,0.99778678967848,"RJ"
17.4,1,0.963398662375658,0.936737183069033,0.990818982573481,"RJ"
17.4,2,0.967655647179392,0.949346313544682,0.986318099263465,"RJ"
17.4,3,0.971422588334318,0.956125271592818,0.986964651142512,"RJ"
17.4,4,0.97443844263453,0.956699905317857,0.992505876927555,"RJ"
17.4,5,0.976440426920884,0.955187137160344,0.998166610743826,"RJ"
17.4,6,0.977166364555653,0.954221888969871,1.00066254511278,"RJ"
17.4,7,0.976442941726961,0.954522683254251,0.998866590784243,"RJ"
17.4,8,0.974443461940994,0.955190814111162,0.994084162548327,"RJ"
17.4,9,0.971430094001801,0.953707389140442,0.989482139152624,"RJ"
17.4,10,0.967665615941997,0.946817789077817,0.98897248771426,"RJ"
17.4,11,0.963411068525711,0.934705095270289,0.99299863845233,"RJ"
17.4,12,0.958924106484759,0.919963737202494,0.999534443383385,"RJ"
17.5,0,0.961673058349511,0.925379040065536,0.999390553615528,"RJ"
17.5,1,0.96564577268964,0.939768263209699,0.992235846663511,"RJ"
17.5,2,0.969409724380239,0.951658588655765,0.987491969205462,"RJ"
17.5,3,0.972736401285315,0.957925497308139,0.987776303109649,"RJ"
17.5,4,0.97539464344366,0.958226676502472,0.992870198449469,"RJ"
17.5,5,0.977151943650996,0.95658112156708,0.998165131480659,"RJ"
17.5,6,0.977776294725288,0.955567849068031,1.00050088903593,"RJ"
17.5,7,0.977114219794754,0.955898703063517,0.998800600382936,"RJ"
17.5,8,0.975319332869326,0.956692668085407,0.99430865606231,"RJ"
17.5,9,0.972623745464196,0.955489816667548,0.9900649214035,"RJ"
17.5,10,0.969260033206195,0.949101063935427,0.989847180315447,"RJ"
17.5,11,0.965459388831986,0.937669332082296,0.994073069889018,"RJ"
17.5,12,0.961450322170627,0.923688992077818,1.00075537321563,"RJ"
17.6,0,0.964350224267357,0.929156814109165,1.00087664527986,"RJ"
17.6,1,0.967833373791576,0.942760783308791,0.99357276629312,"RJ"
17.6,2,0.971130659529455,0.95395052556676,0.988620198429896,"RJ"
17.6,3,0.974041059343178,0.959725486598021,0.988570167756486,"RJ"
17.6,4,0.9763615185277,0.959773394694016,0.993236341131992,"RJ"
17.6,5,0.977887958977849,0.958010411827602,0.998177940978315,"RJ"
17.6,6,0.978416709820875,0.956955952175139,1.00035874784078,"RJ"
17.6,7,0.977812949298023,0.957313459207955,0.998751406468216,"RJ"
17.6,8,0.976211739086422,0.958220923774136,0.994540336039215,"RJ"
17.6,9,0.973816932734952,0.957280288677706,0.990639240876073,"RJ"
17.6,10,0.970832728388198,0.951372694273182,0.990690811480274,"RJ"
17.6,11,0.967462238558351,0.940604173642865,0.995087210182545,"RJ"
17.6,12,0.963906481826828,0.927369546861317,1.00188291588005,"RJ"
17.7,0,0.966939085931649,0.932879778997451,1.00224189327711,"RJ"
17.7,1,0.969960399035753,0.945714710459696,0.99482768459875,"RJ"
17.7,2,0.972817906773263,0.956222171730193,0.989701669462797,"RJ"
17.7,3,0.975336413166303,0.961525540237594,0.989345658580266,"RJ"
17.7,4,0.977339193701042,0.9613408410713,0.993603786228156,"RJ"
17.7,5,0.97864876372209,0.959476189045977,0.998204451209034,"RJ"
17.7,6,0.97908796579686,0.958387530739656,1.00023551436276,"RJ"
17.7,7,0.978539454355031,0.958768139105758,0.998718485391616,"RJ"
17.7,8,0.977120879702494,0.959776395109769,0.994778803078794,"RJ"
17.7,9,0.97500963147825,0.959079211909791,0.991204657206947,"RJ"
17.7,10,0.972383347209506,0.953632932028341,0.991502434714852,"RJ"
17.7,11,0.969418825393876,0.943509905932132,0.996039207558296,"RJ"
17.7,12,0.966291258066224,0.931005704710832,1.00291415046186,"RJ"
17.8,0,0.96943795704574,0.936547791031232,1.00348317679143,"RJ"
17.8,1,0.972025787420442,0.94863000828619,0.995998569681853,"RJ"
17.8,2,0.974470921235847,0.958473571519983,0.990735273825381,"RJ"
17.8,3,0.976622313099034,0.963325957879218,0.990102191933765,"RJ"
17.8,4,0.978327795516345,0.962929797963502,0.993972019044477,"RJ"
17.8,5,0.979434651311724,0.960979637806509,0.998244081820254,"RJ"
17.8,6,0.979790422318485,0.959863922138772,1.00013059093625,"RJ"
17.8,7,0.979294062225136,0.960263934788545,0.998701321132704,"RJ"
17.8,8,0.978046955259175,0.961359899254927,0.995023661204413,"RJ"
17.8,9,0.976201817261477,0.960886994970541,0.991760730463238,"RJ"
17.8,10,0.973911535342446,0.955882031883393,0.99228110481816,"RJ"
17.8,11,0.971328359616122,0.946386820996834,0.996927219676173,"RJ"
17.8,12,0.968603331700347,0.934597780366079,1.00384618270068,"RJ"
17.9,0,0.971845166524617,0.940160702961465,1.00459743182435,"RJ"
17.9,1,0.97402848413043,0.951506635084548,0.997083417934465,"RJ"
17.9,2,0.97608915917892,0.9607047651879,0.991719913536879,"RJ"
17.9,3,0.977898609184291,0.965127037290504,0.990839187895145,"RJ"
17.9,4,0.979327451276805,0.964541047943188,0.994340530005948,"RJ"
17.9,5,0.980245917849494,0.962521945206071,0.998296261447708,"RJ"
17.9,6,0.980524442865669,0.961386467778132,1.00004339074898,"RJ"
17.9,7,0.980077103393383,0.961802042107237,0.998699406471905,"RJ"
17.9,8,0.978990167760041,0.962972255942406,0.995274518716929,"RJ"
17.9,9,0.977393465555362,0.962704047721542,0.992307021842539,"RJ"
17.9,10,0.975416938479193,0.958120250100657,0.993025879342564,"RJ"
17.9,11,0.973190054403676,0.949235214544289,0.997749417087224,"RJ"
17.9,12,0.970841392525336,0.938146096274491,1.00467615138353,"RJ"
18,0,0.974159059733311,0.943718360825854,1.00558165767807,"RJ"
18,1,0.975967441085587,0.954344541773768,0.998080257564826,"RJ"
18,2,0.97767207816336,0.962915787666733,0.992654502774735,"RJ"
18,3,0.979165151176393,0.966929073468728,0.991556071262652,"RJ"
18,4,0.980338289048591,0.966175372800427,0.994708815842729,"RJ"
18,5,0.981082862181363,0.964104299771719,0.998360429150541,"RJ"
18,6,0.981290394838654,0.962956512077626,0.999973339320414,"RJ"
18,7,0.980888911656495,0.963383659822019,0.998712244287405,"RJ"
18,8,0.979950720701596,0.964614286702467,0.995530989164979,"RJ"
18,9,0.978584551734125,0.964530780558924,0.992843094481395,"RJ"
18,10,0.976899202401761,0.960347843200906,0.993735820213165,"RJ"
18,11,0.975003126152564,0.952055383315865,0.998503986917618,"RJ"
18,12,0.97300414011644,0.941650978438324,1.0054012350243,"RJ"
18.1,0,0.976377999736203,0.947220600392541,1.00643292383401,"RJ"
18.1,1,0.977841617495193,0.957143669540521,0.99898715243515,"RJ"
18.1,2,0.979219137212863,0.965106667143811,0.993537969768292,"RJ"
18.1,3,0.980421788554083,0.968732357573881,0.992252272731871,"RJ"
18.1,4,0.981360437673472,0.967833552332616,0.995076380963997,"RJ"
18.1,5,0.98194578596612,0.965727890186797,0.998436036045429,"RJ"
18.1,6,0.982088649665467,0.964575401262335,0.999919876185426,"RJ"
18.1,7,0.981729824210318,0.965009988502622,0.99873934905017,"RJ"
18.1,8,0.980928819104739,0.96628681391946,0.995792692489768,"RJ"
18.1,9,0.979775051075617,0.966367603538889,0.993368514419158,"RJ"
18.1,10,0.978357973052972,0.962565066418344,0.994409995573552,"RJ"
18.1,11,0.976766794796395,0.954847622133897,0.999189136885166,"RJ"
18.1,12,0.975090284630623,0.945112751836241,1.00601865897348,"RJ"
18.2,0,0.978500368556239,0.950667242976701,1.00714837745615,"RJ"
18.2,1,0.979649980417732,0.95990394700857,0.999802206380441,"RJ"
18.2,2,0.980729796979587,0.967277423290733,0.994369259039891,"RJ"
18.2,3,0.981668370533755,0.970537175594098,0.992927230341796,"RJ"
18.2,4,0.982394026781605,0.969516362851824,0.995442739117212,"RJ"
18.2,5,0.982834993746123,0.967393903710129,0.998522547255356,"RJ"
18.2,6,0.982919582911214,0.966244481837118,0.999882456905163,"RJ"
18.2,7,0.982600181738729,0.966682229128251,0.998780248627999,"RJ"
18.2,8,0.981924669546713,0.967990659630905,0.996059256431319,"RJ"
18.2,9,0.980964938761482,0.968214925278909,0.993882851787392,"RJ"
18.2,10,0.97979289660839,0.964772171829676,0.995047481960062,"RJ"
18.2,11,0.978480284130136,0.957612220459126,0.999803099810438,"RJ"
18.2,12,0.977098547616759,0.948531735191266,1.006525703183,"RJ"
18.3,0,0.980524568443036,0.954058090270254,1.0077252518744,"RJ"
18.3,1,0.98139150532586,0.962625286672116,1.00052356826755,"RJ"
18.3,2,0.982203519911715,0.969428064975304,0.99514733416712,"RJ"
18.3,3,0.982904746082874,0.972343806612082,0.993580391321057,"RJ"
18.3,4,0.983439186804521,0.971224575259422,0.99580741548308,"RJ"
18.3,5,0.98375079301921,0.96910352411155,0.998619444350023,"RJ"
18.3,6,0.983783574389267,0.967965098558915,0.999860555591319,"RJ"
18.3,7,0.983500328504049,0.96840158121798,0.998834486568074,"RJ"
18.3,8,0.982938480193538,0.969726643936413,0.9963303183289,"RJ"
18.3,9,0.982154189877315,0.970073151527716,0.994385682331715,"RJ"
18.3,10,0.9812036195492,0.96696940600028,0.995647366961444,"RJ"
18.3,11,0.980142822137386,0.960349458205609,1.00034413887466,"RJ"
18.3,12,0.979027662832906,0.951908234728322,1.00691971097994,"RJ"
18.4,0,0.982449023148838,0.957392917619779,1.00816087660827,"RJ"
18.4,1,0.983065176676235,0.965307580185136,1.00114943820096,"RJ"
18.4,2,0.983639770422926,0.971558587184205,0.995871181337439,"RJ"
18.4,3,0.9841307639336,0.974152520467797,0.994211214539015,"RJ"
18.4,4,0.984496048988285,0.972958952453007,0.996169949441271,"RJ"
18.4,5,0.984693494311799,0.970857928846907,0.998726228554991,"RJ"
18.4,6,0.98468100827439,0.96973859161555,0.999853668235431,"RJ"
18.4,7,0.984430612438988,0.970169240226825,0.998901625123082,"RJ"
18.4,8,0.983970460832951,0.971495582809303,0.996605527522878,"RJ"
18.4,9,0.983342779412828,0.971942683237514,0.994876589432638,"RJ"
18.4,10,0.982589788736033,0.969157006901386,0.996208752609847,"RJ"
18.4,11,0.981753641321014,0.963059600413069,1.00081055402352,"RJ"
18.4,12,0.980876377070128,0.955242536354569,1.00719809941242,"RJ"
18.5,0,0.984272631495016,0.960671335852179,1.00845375203242,"RJ"
18.5,1,0.984670154959784,0.967950487150985,1.00167862606518,"RJ"
18.5,2,0.985037911786835,0.973668664655503,0.996539914325653,"RJ"
18.5,3,0.985345931963316,0.975963094305616,0.994818975534564,"RJ"
18.5,4,0.985564216195013,0.974719510733686,0.996529579584337,"RJ"
18.5,5,0.985662758637926,0.972657351731823,0.998842060912725,"RJ"
18.5,6,0.985611578752388,0.971565289042641,0.999860941026414,"RJ"
18.5,7,0.9853907413564,0.971985472312337,0.998980890980742,"RJ"
18.5,8,0.985020311084451,0.973297570890004,0.996884244108077,"RJ"
18.5,9,0.98453036754248,0.973823457977627,0.995354996506564,"RJ"
18.5,10,0.983950982476453,0.971334931963585,0.996730894830696,"RJ"
18.5,11,0.983312187950146,0.965742730624257,1.00120128095222,"RJ"
18.5,12,0.982643953683056,0.958534818272775,1.00735948376899,"RJ"
18.6,0,0.985996215269328,0.963892341592462,1.00860697255802,"RJ"
18.6,1,0.986206309486912,0.970552754352251,1.0021123329055,"RJ"
18.6,2,0.986396876296115,0.975756669287546,0.997153110187973,"RJ"
18.6,3,0.986548329180542,0.977773264848162,0.995402145670304,"RJ"
18.6,4,0.986641073093212,0.97650315479461,0.996884241832558,"RJ"
18.6,5,0.986655514166729,0.974498079886502,0.998964619559838,"RJ"
18.6,6,0.986572073311636,0.97344127785683,0.999879990687607,"RJ"
18.6,7,0.986377727540347,0.973846649888402,0.999070050196459,"RJ"
18.6,8,0.98608558617996,0.975129684047517,0.99716458146965,"RJ"
18.6,9,0.985715294412867,0.975713479192876,0.995819635948039,"RJ"
18.6,10,0.985286490105383,0.973501980909432,0.997213654025939,"RJ"
18.6,11,0.984818790223265,0.96839820619585,1.00151780886371,"RJ"
18.6,12,0.984331781151809,0.961784855956885,1.00740726929155,"RJ"
18.7,0,0.987621133341761,0.967054669971829,1.0086249860638,"RJ"
18.7,1,0.98767370806312,0.973112813371375,1.00245248052948,"RJ"
18.7,2,0.987715482574598,0.977820577322178,0.997710517802011,"RJ"
18.7,3,0.987735652276343,0.979580186625543,0.995959016013372,"RJ"
18.7,4,0.9877234127494,0.978305913206984,0.997231568288507,"RJ"
18.7,5,0.98766796270967,0.976375291550525,0.999091243914983,"RJ"
18.7,6,0.987558508142768,0.975361454909956,0.999908087505062,"RJ"
18.7,7,0.98738786740014,0.975748053880878,0.999166533626536,"RJ"
18.7,8,0.987163270117312,0.976988151001148,0.997444360886174,"RJ"
18.7,9,0.986895547051637,0.977610197068346,0.996269089368202,"RJ"
18.7,10,0.986595523961895,0.975656589040806,0.997657104800156,"RJ"
18.7,11,0.986274017477683,0.971025102629059,1.00176240029004,"RJ"
18.7,12,0.98594183215473,0.964992196646547,1.00734627675821,"RJ"
18.8,0,0.989148787043316,0.970156948053162,1.0085124111853,"RJ"
18.8,1,0.98907243528403,0.975629012946199,1.0027010977098,"RJ"
18.8,2,0.988992548697394,0.979858304500994,0.998211942365566,"RJ"
18.8,3,0.988905587731338,0.981380959581025,0.996487910121841,"RJ"
18.8,4,0.988808014192933,0.980123743945663,0.997569230387276,"RJ"
18.8,5,0.988696291564886,0.978284077948496,0.999219325948818,"RJ"
18.8,6,0.988566885448541,0.977320625098141,0.999942559185523,"RJ"
18.8,7,0.988417443684414,0.977684882128052,0.999267822218072,"RJ"
18.8,8,0.988250334066407,0.978869134859578,0.997721439978252,"RJ"
18.8,9,0.988069102965929,0.979511007767124,0.996701971181935,"RJ"
18.8,10,0.987877294878262,0.977797122527616,0.99806138436292,"RJ"
18.8,11,0.987678451980007,0.973622393935694,1.00193743547979,"RJ"
18.8,12,0.987476113813586,0.968156253310659,1.0071815081687,"RJ"
18.9,0,0.990580618533227,0.973197715104064,1.0082740090576,"RJ"
18.9,1,0.990402592369254,0.978099633367435,1.00286030329515,"RJ"
18.9,2,0.990226892647579,0.981867715169014,0.998657236381067,"RJ"
18.9,3,0.990055812192537,0.983172635515578,0.996987177884787,"RJ"
18.9,4,0.989891642291365,0.981952541506865,0.997894930822831,"RJ"
18.9,5,0.989736672827688,0.980219451319598,0.999346299669209,"RJ"
18.9,6,0.989593192468012,0.979313509486386,0.9999807794877,"RJ"
18.9,7,0.989462724674326,0.979652256688539,0.999371436992675,"RJ"
18.9,8,0.989343736034666,0.980768738896749,0.997993705562096,"RJ"
18.9,9,0.989233930259526,0.981413258315556,0.99711692346229,"RJ"
18.9,10,0.989131012380705,0.979921886290145,0.998426684148567,"RJ"
18.9,11,0.989032688565005,0.976188966476833,1.00204539555543,"RJ"
18.9,12,0.988936665981149,0.971276324864026,1.00691811823873,"RJ"
19,0,0.991918109171831,0.976175442046326,1.00791465644792,"RJ"
19,1,0.991664296991031,0.9805229002894,1.00293229014485,"RJ"
19,2,0.991417332785268,0.983846631055968,0.999046291079021,"RJ"
19,3,0.991183992903263,0.984952224372315,0.99745518968064,"RJ"
19,4,0.990971047729431,0.983788143856848,0.998206395929957,"RJ"
19,5,0.990785262846569,0.982176352734168,0.999469631233969,"RJ"
19,6,0.990633400660825,0.981334753210102,1.00002015754019,"RJ"
19,7,0.990519963515051,0.981645230958989,0.999474929617264,"RJ"
19,8,0.99044042062403,0.982683012196877,0.998259066891623,"RJ"
19,9,0.99038798779052,0.983314251372925,0.997512611039903,"RJ"
19,10,0.990355884895784,0.982029131615026,0.998753241805259,"RJ"
19,11,0.990337334276192,0.97872363223879,1.00208884648857,"RJ"
19,12,0.990325559563969,0.974351615537324,1.00656138737435,"RJ"
19.1,0,0.993162777899636,0.979088550289115,1.00743932008403,"RJ"
19.1,1,0.992857683097203,0.982896998094086,1.0029193097513,"RJ"
19.1,2,0.992562688329342,0.985792839811043,0.999379028206788,"RJ"
19.1,3,0.99228778818771,0.986716700412832,0.997890330805688,"RJ"
19.1,4,0.992042967094341,0.985626339294989,0.99850136844486,"RJ"
19.1,5,0.991838201828039,0.984149659818095,0.999586809578645,"RJ"
19.1,6,0.991683465055102,0.983378933286809,1.00005812772162,"RJ"
19.1,7,0.99158539768878,0.983658796713714,0.999575873457857,"RJ"
19.1,8,0.991537318882003,0.984607955237693,0.998515449226054,"RJ"
19.1,9,0.991529225370937,0.985211249923343,0.997887716813206,"RJ"
19.1,10,0.991551119962651,0.984117063560303,0.999041333499795,"RJ"
19.1,11,0.991593008007652,0.981225141664041,1.00207042377876,"RJ"
19.1,12,0.991644894880596,0.977381253590344,1.00611669594689,"RJ"
19.2,0,0.994316179624653,0.981935430142195,1.00685303199641,"RJ"
19.2,1,0.993982900728694,0.985220082940227,1.00282365742332,"RJ"
19.2,2,0.993661779851696,0.987704103361711,0.999655392113375,"RJ"
19.2,3,0.993364847990453,0.988463008333069,0.99829099612658,"RJ"
19.2,4,0.993104123068198,0.987462873307451,0.998777600571093,"RJ"
19.2,5,0.992891613591372,0.986134194495439,0.999695337453018,"RJ"
19.2,6,0.992739323760026,0.98544056645972,1.00009213998579,"RJ"
19.2,7,0.992655248630211,0.985687891168463,0.999671855017948,"RJ"
19.2,8,0.992631348247485,0.986539525474779,0.998760787662744,"RJ"
19.2,9,0.992655584008627,0.98710148192474,0.99824093723591,"RJ"
19.2,10,0.992715924451165,0.98618384820346,0.999291266485653,"RJ"
19.2,11,0.992800340147375,0.98369219615265,1.00199281772465,"RJ"
19.2,12,0.992896800057119,0.980364309555431,1.00558949969397,"RJ"
19.3,0,0.995379903619991,0.98471445899635,1.00616086569946,"RJ"
19.3,1,0.995040115831675,0.987490295621939,1.00264765791012,"RJ"
19.3,2,0.994713429783871,0.989578166163137,0.999875342064969,"RJ"
19.3,3,0.994412814471176,0.990188069363479,0.998655584913429,"RJ"
19.3,4,0.994151224728316,0.989293455483283,0.999032847281897,"RJ"
19.3,5,0.993941605474346,0.988124730853333,0.999792722766654,"RJ"
19.3,6,0.993796897644282,0.987514117187825,1.00011965052197,"RJ"
19.3,7,0.993725721485586,0.98772740416469,0.99976046566933,"RJ"
19.3,8,0.993719412592109,0.988473642986548,0.998993021178457,"RJ"
19.3,9,0.993764996191718,0.988982144948551,0.998570977949557,"RJ"
19.3,10,0.993849504785816,0.98822761978545,0.999503371882537,"RJ"
19.3,11,0.993959972222363,0.986123460348129,1.00185875917758,"RJ"
19.3,12,0.994083429461858,0.983299814195554,1.0049853060728,"RJ"
19.4,0,0.996355571933662,0.987424019450413,1.00536791304286,"RJ"
19.4,1,0.996029510064563,0.989705774355317,1.00239365135126,"RJ"
19.4,2,0.995716462935914,0.99141276340073,1.00003884472976,"RJ"
19.4,3,0.995429322654868,0.991888787395498,0.998982495812843,"RJ"
19.4,4,0.995180967956238,0.99111376656073,0.999264859794105,"RJ"
19.4,5,0.994984268391125,0.990116003227598,0.999876470149582,"RJ"
19.4,6,0.994852090181593,0.989594005890967,1.00013811264711,"RJ"
19.4,7,0.994793005016321,0.989772185565491,0.999839293588555,"RJ"
19.4,8,0.99479840235784,0.990406196236241,0.999210086825482,"RJ"
19.4,9,0.994855386215928,0.990850410842398,0.998876549530208,"RJ"
19.4,10,0.99495106717545,0.990246487802819,0.999677997616574,"RJ"
19.4,11,0.995072556545745,0.988517574320208,1.00167100566868,"RJ"
19.4,12,0.995206962180886,0.986186776359696,1.0043096513921,"RJ"
19.5,0,0.997244837812438,0.990062517558026,1.00447926156872,"RJ"
19.5,1,0.996951280600047,0.991864667605796,1.0020639794431,"RJ"
19.5,2,0.9966697070273,0.993205629204532,1.0001458667743,"RJ"
19.5,3,0.996412001137688,0.993562055173469,0.999270121922953,"RJ"
19.5,4,0.996190035956166,0.992919465667772,0.999471379152516,"RJ"
19.5,5,0.996015677043383,0.99210271460266,0.999944072639198,"RJ"
19.5,6,0.995900787464571,0.991674617553129,1.00014496783207,"RJ"
19.5,7,0.995853271648349,0.991817052949855,0.999905915816977,"RJ"
19.5,8,0.995865194791549,0.992333048004531,0.999409914031889,"RJ"
19.5,9,0.995924670554996,0.99270343044674,0.999156363319621,"RJ"
19.5,10,0.996019817848751,0.992238544099095,0.999815501471169,"RJ"
19.5,11,0.996138755866157,0.990873165755915,1.00143232780108,"RJ"
19.5,12,0.996269600536004,0.989024200917531,1.00356807854789,"RJ"
19.6,0,0.998049384141574,0.992628401362302,1.00349997221347,"RJ"
19.6,1,0.997805639922293,0.993965147064326,1.00166097171645,"RJ"
19.6,2,0.997571993229726,0.994954504930478,1.00019636751719,"RJ"
19.6,3,0.997358472848647,0.995204760588324,0.999516845935248,"RJ"
19.6,4,0.997175099883515,0.994706197817324,0.999650129867101,"RJ"
19.6,5,0.997031890285801,0.994079545414992,0.999993003408886,"RJ"
19.6,6,0.996938858388154,0.993750310782586,1.00013763676872,"RJ"
19.6,7,0.996902677668259,0.993856799687921,0.999957890366309,"RJ"
19.6,8,0.996916654277292,0.994250041543638,0.999590418957815,"RJ"
19.6,9,0.996970758274484,0.994538338395225,0.999409127312504,"RJ"
19.6,10,0.997054963295439,0.994201870005664,0.999916244199386,"RJ"
19.6,11,0.997159243019627,0.993188862269777,1.00114549579936,"RJ"
19.6,12,0.997273568646673,0.991811106955837,1.00276611518685,"RJ"
19.7,0,0.998770921902105,0.995120179882799,1.00243505719547,"RJ"
19.7,1,0.998592815619515,0.996005420876129,1.00118693182387,"RJ"
19.7,2,0.998422156721576,0.996657147559886,1.00019029158938,"RJ"
19.7,3,0.998266355867227,0.996813793106403,0.999721035310814,"RJ"
19.7,4,0.998132819584238,0.996469601714138,0.999798813548741,"RJ"
19.7,5,0.998028951647006,0.996041162845485,1.00002070745759,"RJ"
19.7,6,0.997962155003856,0.99581542742365,1.00011351038875,"RJ"
19.7,7,0.99793736356731,0.995886203476403,0.999992748295233,"RJ"
19.7,8,0.997949632766959,0.996153007001453,0.999749498862131,"RJ"
19.7,9,0.997991551489179,0.996352258027178,0.999633542072637,"RJ"
19.7,10,0.998055710513148,0.996134543581501,0.999980582649481,"RJ"
19.7,11,0.99813470058418,0.995463303943892,1.00081326610752,"RJ"
19.7,12,0.998221111037329,0.994546546420852,1.00190925211754,"RJ"
19.8,0,0.999411188647372,0.997536442716366,1.00128945793066,"RJ"
19.8,1,0.999313050172077,0.997983747221927,1.00064412373857,"RJ"
19.8,2,0.999219037253842,0.998311338264873,1.00012756155394,"RJ"
19.8,3,0.999133264296987,0.998386050363775,0.999881037461432,"RJ"
19.8,4,0.99905984444549,0.998205317927026,0.999915102492386,"RJ"
19.8,5,0.999002890006981,0.997982230682609,1.00002459318306,"RJ"
19.8,6,0.998966513046048,0.997864302811157,1.00006994074848,"RJ"
19.8,7,0.998953454534377,0.997900035410148,1.00000798568567,"RJ"
19.8,8,0.998960970309968,0.998037768161784,0.999885026436061,"RJ"
19.8,9,0.998984945864285,0.998142306439428,0.999828296651837,"RJ"
19.8,10,0.999021267259924,0.998034647000288,1.00000886285598,"RJ"
19.8,11,0.999065820537403,0.997695156209034,1.00043836792663,"RJ"
19.8,12,0.999114491291407,0.997229623393781,1.00100292178576,"RJ"
19.9,0,0.999971947000349,0.999875880411197,1.00006802281944,"RJ"
19.9,1,0.999966600736302,0.999898448347827,1.00003475777,"RJ"
19.9,2,0.999961479727267,0.999914891183631,1.00000807044158,"RJ"
19.9,3,0.999956809195161,0.999918444953236,0.999995174909021,"RJ"
19.9,4,0.999952814358149,0.999908997476569,0.999996633159822,"RJ"
19.9,5,0.999949720431912,0.999897419834752,1.0000020237647,"RJ"
19.9,6,0.999947752631426,0.99989127675554,1.00000423169718,"RJ"
19.9,7,0.999947061098835,0.999893069662687,1.00000105545037,"RJ"
19.9,8,0.999947495682611,0.999900149544505,0.999994844062598,"RJ"
19.9,9,0.999948831160591,0.99990559970336,0.999992064486959,"RJ"
19.9,10,0.999950842312302,0.999900274132646,1.00000141304935,"RJ"
19.9,11,0.999953303917181,0.999883123178846,1.00002348958143,"RJ"
19.9,12,0.999955990753312,0.99985951419088,1.00005247662478,"RJ"
20,0,1.00045498317329,0.998775484748402,1.00213730577138,"RJ"
20,1,1.00055373892416,0.999360976304502,1.0017479251362,"RJ"
20,2,1.00064833478045,0.999831674162377,1.00146566244538,"RJ"
20,3,1.00073459955819,1.00006174040019,1.00140791142769,"RJ"
20,4,1.0008083607916,1.00004099951771,1.00157631088468,"RJ"
20,5,1.00086544516736,0.999950308285291,1.00178141956655,"RJ"
20,6,1.00090167913275,0.999913629249502,1.00189070534289,"RJ"
20,7,1.00091427992433,0.999969358906248,1.00186009384551,"RJ"
20,8,1.00090602711761,1.00007675796277,1.001735983907,"RJ"
20,9,1.00088109182375,1.00012349925136,1.00163925827177,"RJ"
20,10,1.00084364572889,0.999958536538174,1.00172953837037,"RJ"
20,11,1.00079786048581,0.999571264604019,1.00202596155039,"RJ"
20,12,1.0007479072795,0.999063167085453,1.00243548848463,"RJ"
20.1,0,1.0008621055111,0.997416438152075,1.00431967624678,"RJ"
20.1,1,1.00107475057902,0.998624839183532,1.00353067230552,"RJ"
20.1,2,1.00127845938868,0.999598183758073,1.0029615594804,"RJ"
20.1,3,1.00146424336308,1.00007899195618,1.00285141353987,"RJ"
20.1,4,1.00162310798116,1.00004574619048,1.00320295772825,"RJ"
20.1,5,1.00174605479051,0.99986669252439,1.00362894953006,"RJ"
20.1,6,1.00182408422785,0.99979531158608,1.00385697363071,"RJ"
20.1,7,1.00185119475431,0.9999102370513,1.00379592011232,"RJ"
20.1,8,1.00183337313437,1.00012853219225,1.0035411201856,"RJ"
20.1,9,1.00177960761777,1.00022123063857,1.00334041259863,"RJ"
20.1,10,1.0016988891194,0.999880504418301,1.00352058073858,"RJ"
20.1,11,1.00160020839772,0.999084257421147,1.00412249518558,"RJ"
20.1,12,1.00149255403975,0.998040119144239,1.00495693164826,"RJ"
20.2,0,1.00119514305984,0.99599531548161,1.00642211755977,"RJ"
20.2,1,1.0015299355476,0.997828308636361,1.005245294322,"RJ"
20.2,2,1.00185071747313,0.999307357464555,1.00440055064542,"RJ"
20.2,3,1.00214334866436,1.00004514784261,1.00424595173405,"RJ"
20.2,4,1.00239367422826,1.00000836139213,1.00478467673413,"RJ"
20.2,5,1.0025875295222,0.999748349360755,1.00543477265669,"RJ"
20.2,6,1.0027107471248,0.999646378610377,1.00578450931542,"RJ"
20.2,7,1.00275387751005,0.999820961486327,1.00569539707055,"RJ"
20.2,8,1.00272633347044,1.00014788245456,1.00531143191292,"RJ"
20.2,9,1.00264225430283,1.00028386005742,1.00500620899327,"RJ"
20.2,10,1.00251578591907,0.999767548064883,1.00527157834062,"RJ"
20.2,11,1.00236107387092,0.998564948529867,1.0061716304892,"RJ"
20.2,12,1.00219225836957,0.996988311080814,1.00742336853183,"RJ"
20.3,0,1.00145594416162,0.994516362931949,1.00844394871486,"RJ"
20.3,1,1.00191960744839,0.996973233690673,1.00689052209902,"RJ"
20.3,2,1.00236398052022,0.998958892559528,1.00578067518876,"RJ"
20.3,3,1.00276952474647,0.999958381447828,1.00558857090065,"RJ"
20.3,4,1.00311667331363,0.999926269606514,1.00631725644709,"RJ"
20.3,5,1.00338584069923,0.999592368726249,1.0071937089702,"RJ"
20.3,6,1.00355743596397,0.999463840994886,1.00766779744234,"RJ"
20.3,7,1.00361838954193,0.999698724927428,1.00755342255724,"RJ"
20.3,8,1.00358170011436,1.00013246970019,1.00704282614318,"RJ"
20.3,9,1.00346690435739,1.00030995621949,1.00663381572868,"RJ"
20.3,10,1.00329355166836,0.999619851364181,1.00698075317893,"RJ"
20.3,11,1.00308119086252,0.998015719045818,1.00817237269985,"RJ"
20.3,12,1.00284936067474,0.995912549310943,1.00983448888315,"RJ"
20.4,0,1.00164637507707,0.992983615285961,1.01038470852926,"RJ"
20.4,1,1.00224409343657,0.996061333992515,1.0084652305518,"RJ"
20.4,2,1.00281712821078,0.998552416977243,1.00710005357268,"RJ"
20.4,3,1.00334038333114,0.99981681606408,1.00687636839924,"RJ"
20.4,4,1.00378871602337,0.999796823991983,1.00779654649507,"RJ"
20.4,5,1.00413695240727,0.999395747060898,1.00890065037302,"RJ"
20.4,6,1.0043599093976,0.999244608656588,1.00950139622103,"RJ"
20.4,7,1.00444078303436,0.999540631260872,1.00936495733044,"RJ"
20.4,8,1.00439625844044,1.00007989348492,1.00873125291401,"RJ"
20.4,9,1.00425142774466,1.0002980506017,1.00822042942156,"RJ"
20.4,10,1.00403140429793,0.999437542644128,1.00864638139315,"RJ"
20.4,11,1.00376130074829,0.997438834508329,1.01012384320945,"RJ"
20.4,12,1.00346621338875,0.994817443055945,1.012190174631,"RJ"
20.5,0,1.00176831863667,0.991400869745503,1.01224418381007,"RJ"
20.5,1,1.00250373396571,0.995094182978094,1.00996845706344,"RJ"
20.5,2,1.00320904905861,0.998087480680114,1.00835689816215,"RJ"
20.5,3,1.0038535398395,0.999618519571543,1.00810650234873,"RJ"
20.5,4,1.00440641178781,0.999617298494755,1.00921846946784,"RJ"
20.5,5,1.00483682327473,0.999155376227757,1.01055057644876,"RJ"
20.5,6,1.00511391834732,0.998985478610408,1.0112799539997,"RJ"
20.5,7,1.0052171025649,0.999343685099509,1.01112503971879,"RJ"
20.5,8,1.00516678844532,0.999987685065319,1.01037271526748,"RJ"
20.5,9,1.00499369272335,1.00024663276927,1.00976328169924,"RJ"
20.5,10,1.00472856441866,0.999220686265111,1.01026680295423,"RJ"
20.5,11,1.00440215200669,0.996836427828555,1.0120252980253,"RJ"
20.5,12,1.00404517998397,0.993707377628631,1.01449052924894,"RJ"
20.6,0,1.00182367292181,0.989771658636508,1.0140224392858,"RJ"
20.6,1,1.00269888254644,0.994073190354401,1.01139942090324,"RJ"
20.6,2,1.0035386410582,0.997563546786593,1.00954952427946,"RJ"
20.6,3,1.00430661470821,0.999361499032411,1.00927620017704,"RJ"
20.6,4,1.00496637043273,0.999384879664895,1.01057903341441,"RJ"
20.6,5,1.0054814084273,0.998868031858209,1.01213857131076,"RJ"
20.6,6,1.00581520793976,0.998683122161301,1.01299822743926,"RJ"
20.6,7,1.00594338681769,0.99910478080958,1.01282880126174,"RJ"
20.6,8,1.0058900660867,0.999853300215001,1.01196327984749,"RJ"
20.6,9,1.00569156670258,1.00015414554676,1.01125964616562,"RJ"
20.6,10,1.00538425561683,0.998969273835911,1.0118404318492,"RJ"
20.6,11,1.00500449990724,0.996210481271186,1.01387614748339,"RJ"
20.6,12,1.00458863403718,0.992586486118423,1.01673590941504,"RJ"
20.7,0,1.00181434997683,0.988099220899847,1.01571984937455,"RJ"
20.7,1,1.00282990550214,0.992999583864655,1.01275754361897,"RJ"
20.7,2,1.00380481234116,0.996979982466099,1.01067636161244,"RJ"
20.7,3,1.00469723475937,0.99904369521007,1.01038276741327,"RJ"
20.7,4,1.00546520404274,0.999096658181272,1.0118743449518,"RJ"
20.7,5,1.00606666160338,0.998530361113762,1.01365984151028,"RJ"
20.7,6,1.00645951962041,0.998334071411273,1.01465110091114,"RJ"
20.7,7,1.00661567045129,0.998820690989456,1.01447148335936,"RJ"
20.7,8,1.00656286472391,0.999674111752803,1.01349908808256,"RJ"
20.7,9,1.00634291714089,1.00001898002856,1.01270684567478,"RJ"
20.7,10,1.00599770475414,0.998683215024441,1.01336576678705,"RJ"
20.7,11,1.00556910620374,0.995562807368261,1.01567597731415,"RJ"
20.7,12,1.00509895835019,0.991458619267783,1.01892695917326,"RJ"
20.8,0,1.00174227455277,0.986386472313921,1.01733713183649,"RJ"
20.8,1,1.00289718172197,0.991874390339085,1.01404247039993,"RJ"
20.8,2,1.00400648184099,0.996336049625272,1.01173596595028,"RJ"
20.8,3,1.00502303462324,0.998662977037688,1.01142359669672,"RJ"
20.8,4,1.0058995289359,0.998749620106644,1.01310062296237,"RJ"
20.8,5,1.00658853742951,0.998138869870297,1.01510973499725,"RJ"
20.8,6,1.00704259344539,0.997934705078094,1.01623360712147,"RJ"
20.8,7,1.00722998612078,0.998488054398088,1.01604845493363,"RJ"
20.8,8,1.00718195666038,0.999447401782575,1.01497636795388,"RJ"
20.8,9,1.00694561248905,0.999839470423958,1.0141022599168,"RJ"
20.8,10,1.00656814227265,0.998362327939176,1.01484140244918,"RJ"
20.8,11,1.00609673883217,0.994895028676253,1.01742457114851,"RJ"
20.8,12,1.00557854412606,0.990327313350349,1.02106464678406,"RJ"
20.9,0,1.00160938288387,0.984635974441071,1.01887538331158,"RJ"
20.9,1,1.00290110241128,0.990698416062663,1.01525409237572,"RJ"
20.9,2,1.00414257996577,0.99563089542574,1.01272703120483,"RJ"
20.9,3,1.00528165821319,0.998217136070954,1.01239617696569,"RJ"
20.9,4,1.00626596774901,0.998340637912033,1.01425421283819,"RJ"
20.9,5,1.00704299385552,0.997689909355932,1.01648376109985,"RJ"
20.9,6,1.00756017055067,0.997481233648757,1.01774094893656,"RJ"
20.9,7,1.00778236665378,0.998103363351528,1.01755523108142,"RJ"
20.9,8,1.00774411478756,0.999170353655421,1.01639144633709,"RJ"
20.9,9,1.00749752317655,0.999613888736777,1.01544333331504,"RJ"
20.9,10,1.00709480250442,0.998006329065319,1.01626604129986,"RJ"
20.9,11,1.00658817161367,0.994208556306542,1.01912193453317,"RJ"
20.9,12,1.00602979020145,0.989195755891732,1.02315030442119,"RJ"
21,0,1.00141762149755,0.982849902350424,1.02033611668231,"RJ"
21,1,1.00284207083968,0.989472226530266,1.01639256977695,"RJ"
21,2,1.00421204927839,0.994863542692019,1.01364840165631,"RJ"
21,3,1.00547076025208,0.99770388097148,1.01329810277725,"RJ"
21,4,1.00656115163235,0.997866461330987,1.01533160120849,"RJ"
21,5,1.00742599474821,0.99717966230513,1.01777761145701,"RJ"
21,6,1.00800799579807,0.996969683924058,1.01916852235022,"RJ"
21,7,1.00826884737983,0.997662950631755,1.01898749267266,"RJ"
21,8,1.00824611432999,0.99884004367839,1.01774076189205,"RJ"
21,9,1.00799652264133,0.999340439285393,1.01672758322836,"RJ"
21,10,1.00757692398576,0.997614822750231,1.01763850596151,"RJ"
21,11,1.00704418396257,0.993504567186306,1.02076832049698,"RJ"
21,12,1.00645510233566,0.988066749120317,1.0251856708257,"RJ"
21.1,0,1.00116894605864,0.981030011247364,1.02172130012384,"RJ"
21.1,1,1.00272050208687,0.988196125707374,1.0174583558356,"RJ"
21.1,2,1.00421384518377,0.994032880289373,1.01449908434136,"RJ"
21.1,3,1.00558800784899,0.997120832080505,1.01412708369536,"RJ"
21.1,4,1.006781722553,0.997323708129668,1.01632943106071,"RJ"
21.1,5,1.00773351264252,0.996604128730399,1.0189871817976,"RJ"
21.1,6,1.00838182059685,0.996395883052133,1.02051194049044,"RJ"
21.1,7,1.00868546861221,0.99716297598385,1.02034110681413,"RJ"
21.1,8,1.00868473469073,0.998453432609642,1.01902087845883,"RJ"
21.1,9,1.00844048840251,0.999017253075718,1.01795260844451,"RJ"
21.1,10,1.00801374977601,0.997187290246007,1.01895775214587,"RJ"
21.1,11,1.00746556059974,0.992783980043728,1.02236425667329,"RJ"
21.1,12,1.00685689255659,0.986942671102252,1.02717293696148,"RJ"
21.2,0,1.00086530096191,0.97917752611727,1.02303343770739,"RJ"
21.2,1,1.00253683636854,0.986870113064032,1.01845227144965,"RJ"
21.2,2,1.00414698122944,0.99313768052375,1.01527832412969,"RJ"
21.2,3,1.00563115393861,0.9964655756816,1.01488103799286,"RJ"
21.2,4,1.00692442891652,0.996708927154958,1.01724463173313,"RJ"
21.2,5,1.00796163845002,0.995959187737582,1.02010873246198,"RJ"
21.2,6,1.00867751648084,0.995755518511456,1.02176720423794,"RJ"
21.2,7,1.00902838149615,0.996599484796018,1.02161228276486,"RJ"
21.2,8,1.00905684740631,0.998007420733676,1.02022860766811,"RJ"
21.2,9,1.00882736412073,0.998642427042066,1.01911617515916,"RJ"
21.2,10,1.00840455778751,0.996723085666704,1.02022293532656,"RJ"
21.2,11,1.00785308644931,0.992047384094067,1.02391061168211,"RJ"
21.2,12,1.00723753699693,0.985825329480912,1.02911481942734,"RJ"
21.3,0,1.00050817701388,0.977291442564764,1.02427645293262,"RJ"
21.3,1,1.00229184954843,0.985493411028472,1.01937662944171,"RJ"
21.3,2,1.00401155057708,0.992177234215944,1.01598702220655,"RJ"
21.3,3,1.00559968252297,0.995737040863285,1.01556001232371,"RJ"
21.3,4,1.00698826163268,0.996020269836696,1.01807703093458,"RJ"
21.3,5,1.0081090293799,0.995242364236982,1.02114203699159,"RJ"
21.3,6,1.00889360987194,0.995045906332507,1.02293402702599,"RJ"
21.3,7,1.00929621389429,0.995970086406442,1.02280064560658,"RJ"
21.3,8,1.00936138746651,0.997500320869294,1.02136349151292,"RJ"
21.3,9,1.00915655619431,0.998215062859453,1.02021797987369,"RJ"
21.3,10,1.00874934818267,0.996221615170738,1.02143462053327,"RJ"
21.3,11,1.00820743595202,0.991294004401462,1.02540944401524,"RJ"
21.3,12,1.00759842356434,0.984713586724769,1.03101510617535,"RJ"
21.4,0,1.00009860162543,0.975368807814897,1.0254554020585,"RJ"
21.4,1,1.00198665921384,0.984064660349209,1.02023505740591,"RJ"
21.4,2,1.00380874805327,0.991151480066358,1.01662765271844,"RJ"
21.4,3,1.00549484558555,0.994935612315975,1.0161661438027,"RJ"
21.4,4,1.00697450341419,0.995257639799473,1.01882930607853,"RJ"
21.4,5,1.00817696666913,0.994453014062786,1.02209031673567,"RJ"
21.4,6,1.0090313427851,0.994266186783248,1.02401576585512,"RJ"
21.4,7,1.00949012756377,0.99527412846197,1.02390918090429,"RJ"
21.4,8,1.00959940112748,0.996931985998457,1.02242777348158,"RJ"
21.4,9,1.00942896758616,0.997735350990678,1.02125963522322,"RJ"
21.4,10,1.00904885987691,0.995682434177732,1.02259472163907,"RJ"
21.4,11,1.00852917018187,0.990521863052233,1.02686384324068,"RJ"
21.4,12,1.00793992881915,0.983603604750771,1.03287838230866,"RJ"
21.5,0,0.999637587766124,0.973406661006929,1.02657537379207,"RJ"
21.5,1,1.00162240756084,0.982582538210007,1.02103121958143,"RJ"
21.5,2,1.00353983033366,0.990060436325011,1.01720274249552,"RJ"
21.5,3,1.00531798985611,0.994061785696145,1.01670165302709,"RJ"
21.5,4,1.00688455763998,0.994421068777486,1.01950425654216,"RJ"
21.5,5,1.00816686849215,0.993590624717648,1.02295694971368,"RJ"
21.5,6,1.00909209817628,0.993415630136729,1.0250159467107,"RJ"
21.5,7,1.00961141530252,0.994511081123213,1.02494102806571,"RJ"
21.5,8,1.00977204373442,0.996302374068672,1.02342381875856,"RJ"
21.5,9,1.00964557912863,0.997203554095847,1.02224284226329,"RJ"
21.5,10,1.00930387194725,0.995105125505559,1.02370521447186,"RJ"
21.5,11,1.00881884886475,0.989728950023106,1.02827695380745,"RJ"
21.5,12,1.00826238519227,0.98249145156826,1.03470929520142,"RJ"
21.6,0,0.999126154691291,0.971402148435186,1.02764140947832,"RJ"
21.6,1,1.00120024577735,0.981045802043264,1.02176873909138,"RJ"
21.6,2,1.00320606601607,0.988904180700287,1.01771479030329,"RJ"
21.6,3,1.00507047679911,0.993116108279867,1.01716874281987,"RJ"
21.6,4,1.0067198446951,0.993510647500043,1.02010466445744,"RJ"
21.6,5,1.00808017130992,0.992654746510543,1.02374530052927,"RJ"
21.6,6,1.00907727717711,0.992493569092143,1.02593808466343,"RJ"
21.6,7,1.00966138641843,0.993680470920142,1.02589931578349,"RJ"
21.6,8,1.00988048430984,0.99561148610525,1.02435398428304,"RJ"
21.6,9,1.00980738190323,0.996619962238223,1.02316929941498,"RJ"
21.6,10,1.00951517025907,0.994489299606087,1.02476806878351,"RJ"
21.6,11,1.00907703549981,0.988913292306987,1.02965191336208,"RJ"
21.6,12,1.00856612665863,0.981373247466799,1.03651249355827,"RJ"
21.7,0,0.998565327440833,0.969352548087301,1.02865847429249,"RJ"
21.7,1,1.00072133338967,0.979453304276472,1.02245118039698,"RJ"
21.7,2,1.00280873481003,0.987682856788369,1.01816625822713,"RJ"
21.7,3,1.00475368166105,0.992099182810298,1.0175695921367,"RJ"
21.7,4,1.00648180091369,0.992526533221817,1.02063328451499,"RJ"
21.7,5,1.00791832876927,0.991645004256845,1.02445870559331,"RJ"
21.7,6,1.00898829803058,0.991499411655923,1.02678566784258,"RJ"
21.7,7,1.00964136578673,0.992781891203115,1.02678714885941,"RJ"
21.7,8,1.00992590479283,0.994859372121257,1.02522061082549,"RJ"
21.7,9,1.00991537668792,0.99598489598583,1.02404069798787,"RJ"
21.7,10,1.0096835471153,0.993834600515072,1.02578524111254,"RJ"
21.7,11,1.00930429717764,0.988072968382911,1.03099183653253,"RJ"
21.7,12,1.00885148867284,0.980245189904589,1.03829259932044,"RJ"
21.8,0,0.997956136346479,0.967255291163178,1.02963143150548,"RJ"
21.8,1,1.00018683761944,0.97780400477164,1.02308203409415,"RJ"
21.8,2,1.0023491267384,0.986396678973717,1.01855956461508,"RJ"
21.8,3,1.0043689925312,0.991011670202977,1.01790635114472,"RJ"
21.8,4,1.00617187753593,0.991468955855119,1.02109283519726,"RJ"
21.8,5,1.00768281061626,0.990561107401506,1.02510045995567,"RJ"
21.8,6,1.00882659504006,0.9904326524245,1.027562143038,"RJ"
21.8,7,1.00955269291921,0.991815011155809,1.02760759649393,"RJ"
21.8,8,1.00990949928811,0.994046135960445,1.02602601615358,"RJ"
21.8,9,1.00997057341184,0.995298708783253,1.02485871844929,"RJ"
21.8,10,1.00980980091063,0.993140710786535,1.02675866867604,"RJ"
21.8,11,1.00950120440119,0.987206121169422,1.03229980024866,"RJ"
21.8,12,1.00911880810601,0.979103576530247,1.04005418148102,"RJ"
21.9,0,0.997299616547736,0.965107981025045,1.0305650193773,"RJ"
21.9,1,0.999597932751291,0.976096981358578,1.02366470365468,"RJ"
21.9,2,1.00182854135157,0.985045936133116,1.01889707824853,"RJ"
21.9,3,1.00391780941641,0.989854291374988,1.01818113720904,"RJ"
21.9,4,1.00579153967991,0.990338222960722,1.02148599118729,"RJ"
21.9,5,1.00737510162447,0.989402858807393,1.02567380550744,"RJ"
21.9,6,1.00859361753246,0.989292882512617,1.02827090269118,"RJ"
21.9,7,1.00939672104595,0.99077958362308,1.02836368179134,"RJ"
21.9,8,1.00983247332531,0.993171939311745,1.02677248905059,"RJ"
21.9,9,1.00997399061776,0.994561788794585,1.02562502724006,"RJ"
21.9,10,1.00989473579073,0.992407355683082,1.02769026402049,"RJ"
21.9,11,1.00966833090941,0.986310969817755,1.03357883024434,"RJ"
21.9,12,1.00936842318355,0.977944826734854,1.04180173141432,"RJ"
22,0,0.996596807516757,0.962908409748878,1.03146383051283,"RJ"
22,1,0.998955799511607,0.974331438666721,1.02420249391051,"RJ"
22,2,1.00124828695474,0.983630994345036,1.01918111354079,"RJ"
22,3,1.00340154333042,0.98862782836398,1.01839603162292,"RJ"
22,4,1.00534226532908,0.989134723740295,1.02181537681248,"RJ"
22,5,1.00699670053908,0.988170162314709,1.02618192045111,"RJ"
22,6,1.00829082883631,0.988079798225397,1.0289152731807,"RJ"
22,7,1.0091748162103,0.989675451873963,1.02905837236307,"RJ"
22,8,1.00969604312917,0.992237005030212,1.02746228405346,"RJ"
22,9,1.00992665493254,0.993774560338075,1.02634127401716,"RJ"
22,10,1.0099391613168,0.991634306776281,1.02858191027814,"RJ"
22,11,1.00980625350372,0.985385820499028,1.03483188858838,"RJ"
22,12,1.00960067342394,0.976765501824827,1.0435396396308,"RJ"
22.1,0,0.995848752592296,0.960654572308301,1.03233229365338,"RJ"
22.1,1,0.998261624458567,0.972506715359892,1.0246986011792,"RJ"
22.1,2,1.00060967984865,0.982152298734811,1.01941392663496,"RJ"
22.1,3,1.00282161539855,0.987333124847252,1.01855307697302,"RJ"
22.1,4,1.00482554433592,0.987858932114391,1.02208356044206,"RJ"
22.1,5,1.0065491190373,0.986863029109115,1.02662791000427,"RJ"
22.1,6,1.00791970527559,0.986793208498871,1.02949850438092,"RJ"
22.1,7,1.00888835637759,0.988502555350905,1.02969457198109,"RJ"
22.1,8,1.00950143490081,0.991241619842415,1.02809761683413,"RJ"
22.1,9,1.00982960054585,0.992937484987025,1.02700908924988,"RJ"
22.1,10,1.00994389213547,0.990821385044867,1.02943545694218,"RJ"
22.1,11,1.00991555187737,0.984429076228078,1.03606186220314,"RJ"
22.1,12,1.00981589957867,0.975562323738226,1.04527217403641,"RJ"
22.2,0,0.995056498522963,0.958344678363773,1.03317465793548,"RJ"
22.2,1,0.997516599383902,0.970622289831867,1.02515610497549,"RJ"
22.2,2,0.99991404358421,0.980610374547563,1.01959771231079,"RJ"
22.2,3,1.00217945597809,0.985971086139683,1.01865427506283,"RJ"
22.2,4,1.00424287744269,0.986511408940865,1.02229304978553,"RJ"
22.2,5,1.00603388070618,0.985481582906332,1.0270147983323,"RJ"
22.2,6,1.00748173517979,0.985433041101404,1.03002376050473,"RJ"
22.2,7,1.00853873055829,0.987260934423161,1.03027511326621,"RJ"
22.2,8,1.00924988411078,0.990186136483261,1.02868066017893,"RJ"
22.2,9,1.00968386869759,0.992051062384809,1.02763008212241,"RJ"
22.2,10,1.00990974765429,0.989968463520874,1.03025271611155,"RJ"
22.2,11,1.00999680844779,0.983439245707193,1.03727155238876,"RJ"
22.2,12,1.01001444357314,0.974332192141753,1.04700345986099,"RJ"
22.3,0,0.994221095019938,0.955977161619456,1.03399497965844,"RJ"
22.3,1,0.996721920726548,0.9686777844046,1.02557796126959,"RJ"
22.3,2,0.999162708231552,0.979005827520425,1.01973460163063,"RJ"
22.3,3,1.00147650379496,0.984542678731515,1.0187015853346,"RJ"
22.3,4,1.0035957753197,0.985092803416465,1.02244628805164,"RJ"
22.3,5,1.00545252003819,0.984026063953637,1.0273455217125,"RJ"
22.3,6,1.00697841791111,0.983999347580547,1.03049411224915,"RJ"
22.3,7,1.00812733794622,0.985950734150156,1.03080275140781,"RJ"
22.3,8,1.00894263480423,0.989070975295264,1.02921354053668,"RJ"
22.3,9,1.00949050717404,0.99111583080612,1.02820583871176,"RJ"
22.3,10,1.00983755172287,0.989075469512524,1.03103545917709,"RJ"
22.3,11,1.01005060819184,0.982414951145226,1.03846366539866,"RJ"
22.3,12,1.01019664844874,0.973072199713097,1.04873746145245,"RJ"
22.4,0,0.993343594319293,0.953550686728018,1.03479711158408,"RJ"
22.4,1,0.995878788998493,0.966672968072397,1.02596699725116,"RJ"
22.4,2,0.998357009663626,0.977339343615554,1.01982666026445,"RJ"
22.4,3,1.00071420509726,0.983048929416961,1.01869692374049,"RJ"
22.4,4,1.00288575762173,0.983603853701638,1.02254565092992,"RJ"
22.4,5,1.00480658144541,0.982496831854279,1.02762292292639,"RJ"
22.4,6,1.00641126290929,0.98249230694634,1.03091253025556,"RJ"
22.4,7,1.00765558707213,0.984572207060788,1.03128015891169,"RJ"
22.4,8,1.00858093891847,0.987896625313933,1.02969833511316,"RJ"
22.4,9,1.00925056981322,0.990132367487375,1.0287379204188,"RJ"
22.4,10,1.00972813231988,0.988142386421388,1.03178541393266,"RJ"
22.4,11,1.01007753848422,0.98135493499974,1.03964080412008,"RJ"
22.4,12,1.01036285830593,0.971779645415829,1.05047796613122,"RJ"
22.5,0,0.992425050754095,0.951064153757399,1.03558469475814,"RJ"
22.5,1,0.99498840822304,0.964607757846008,1.02632590754704,"RJ"
22.5,2,0.997498288854911,0.975611688170909,1.01987588743829,"RJ"
22.5,3,0.99989401282601,0.981490924058864,1.01864216201895,"RJ"
22.5,4,1.00211435206329,0.982045386811012,1.0225934443542,"RJ"
22.5,5,1.00409761829286,0.980894367233721,1.02784974686388,"RJ"
22.5,6,1.0057817887547,0.980912228096885,1.0312818798816,"RJ"
22.5,7,1.00712489497344,0.983125714961954,1.03170992136495,"RJ"
22.5,8,1.00816605561349,0.986663644860747,1.03013706949212,"RJ"
22.5,9,1.00896511601948,0.989101288743874,1.02922786263584,"RJ"
22.5,10,1.00958232124599,0.987169255165911,1.03250426209955,"RJ"
22.5,11,1.01007818893887,0.980258065594719,1.04080546090792,"RJ"
22.5,12,1.01051341824851,0.970452045600631,1.05222857027241,"RJ"
22.6,0,0.991466520336409,0.948516700274865,1.03636115280113,"RJ"
22.6,1,0.994051985385707,0.962482218765555,1.02665725182603,"RJ"
22.6,2,0.996587891195453,0.973823704524181,1.0198842154522,"RJ"
22.6,3,0.999017385803566,0.979869806031324,1.01853912733575,"RJ"
22.6,4,1.00128309351302,0.98041831781668,1.02259190300284,"RJ"
22.6,5,1.00332719195155,0.979219272282809,1.02802863730674,"RJ"
22.6,6,1.00509152225023,0.979259551010857,1.03160491726272,"RJ"
22.6,7,1.00653668638035,0.981611729800551,1.03209453419569,"RJ"
22.6,8,1.00769925061565,0.985372661665819,1.03053171576189,"RJ"
22.6,9,1.00863521028779,0.988023249888379,1.02967717363658,"RJ"
22.6,10,1.00940095382281,0.98615617522166,1.03319363725465,"RJ"
22.6,11,1.01005315125361,0.979123341579504,1.04196001160749,"RJ"
22.6,12,1.01064867432891,0.9690871428092,1.0539926677408,"RJ"
22.7,0,0.990469060349331,0.945907701146571,1.03712968857336,"RJ"
22.7,1,0.993070729897966,0.960296562667075,1.02696345370756,"RJ"
22.7,2,0.995627165820541,0.971976312164927,1.01985350971356,"RJ"
22.7,3,0.998085787940166,0.978186774380068,1.01838960225104,"RJ"
22.7,4,1.00039352310794,0.978723648416857,1.02254318948475,"RJ"
22.7,5,1.00249687087181,0.97747227023006,1.02816213484115,"RJ"
22.7,6,1.00434199752251,0.977534846751739,1.03188428662092,"RJ"
22.7,7,1.00589239291896,0.980030833615703,1.03243640039289,"RJ"
22.7,8,1.00718179557492,0.98402437254457,1.03088419112462,"RJ"
22.7,9,1.00826192173765,0.986898944964233,1.03008733367623,"RJ"
22.7,10,1.00918486859811,0.985103305289105,1.03385512315228,"RJ"
22.7,11,1.01000301905791,0.977949895212548,1.04310671078335,"RJ"
22.7,12,1.01076897349468,0.967682912209411,1.05577344075122,"RJ"
22.8,0,0.98943372894916,0.943236766191219,1.03789328307817,"RJ"
22.8,1,0.992045853074011,0.958051145802178,1.02724680087649,"RJ"
22.8,2,0.994617464956324,0.970070504469965,1.01978556923207,"RJ"
22.8,3,0.997100687458886,0.976443081738742,1.01819532497542,"RJ"
22.8,4,0.99944718738783,0.976962464927448,1.0224493941552,"RJ"
22.8,5,1.00160822967727,0.975654203811267,1.0282526758336,"RJ"
22.8,6,1.00353475514295,0.975738816347949,1.03212251875885,"RJ"
22.8,7,1.00519345233173,0.978383717630281,1.03273782913914,"RJ"
22.8,8,1.00661496743599,0.982619542655501,1.03119635696213,"RJ"
22.8,9,1.00784632365708,0.985729106305513,1.03045979428985,"RJ"
22.8,10,1.00893490705719,0.984010863601473,1.03449025242752,"RJ"
22.8,11,1.00992838776388,0.976736994474052,1.04424768815126,"RJ"
22.8,12,1.01087466353611,0.966237565647009,1.05757385317035,"RJ"
22.9,0,0.988361584777824,0.940503735861376,1.03865469643229,"RJ"
22.9,1,0.990978567620726,0.955746465422429,1.02750944629398,"RJ"
22.9,2,0.993560143281582,0.968107346076802,1.01968212752246,"RJ"
22.9,3,0.996063556139406,0.974640032037846,1.01795798987923,"RJ"
22.9,4,0.998445637450208,0.975135935758073,1.02231253550139,"RJ"
22.9,5,1.00066284828021,0.973766032818518,1.02830259238964,"RJ"
22.9,6,1.00267134126905,0.973872288630198,1.03232203066004,"RJ"
22.9,7,1.0044413077156,0.976671180542079,1.03300103529772,"RJ"
22.9,8,1.00600004782347,0.9811590043691,1.03147001832959,"RJ"
22.9,9,1.00738949305675,0.984514503936509,1.03079597777727,"RJ"
22.9,10,1.00865191334072,0.98287912788755,1.03510050566695,"RJ"
22.9,11,1.00982985442057,0.975484044032542,1.04538494618888,"RJ"
22.9,12,1.01096609303495,0.964749553355973,1.05939664621875,"RJ"
23,0,0.987253686585638,0.937708675153711,1.03941647070415,"RJ"
23,1,0.989870087140991,0.953383155448992,1.02775341038521,"RJ"
23,2,0.992456557305921,0.966087969949093,1.01954485386194,"RJ"
23,3,0.994975868580865,0.972778978041501,1.01767924822077,"RJ"
23,4,0.997390428126348,0.973245308436769,1.02213456103466,"RJ"
23,5,0.999662311018366,0.971808830821708,1.02831411320435,"RJ"
23,6,1.00175330680632,0.9719362171215,1.0324851261016,"RJ"
23,7,1.00363740677828,0.974894126084343,1.03322813968568,"RJ"
23,8,1.0053383224416,0.979643655780453,1.03170692384517,"RJ"
23,9,1.00689251023434,0.983255944822908,1.03109727686276,"RJ"
23,10,1.00833673396897,0.981708435006913,1.03568731082977,"RJ"
23,11,1.00970801757156,0.974190585110617,1.04652035888084,"RJ"
23,12,1.01104361131431,0.963217563422999,1.06124433647872,"RJ"
23.1,0,0.986111092864479,0.934851865969067,1.04018093440116,"RJ"
23.1,1,0.988721625650485,0.950961981353359,1.02798058407941,"RJ"
23.1,2,0.991308064764561,0.964013574186703,1.01937535485049,"RJ"
23.1,3,0.993839101484112,0.970861318745501,1.01736070906093,"RJ"
23.1,4,0.996283117178588,0.97129190624876,1.02191734862544,"RJ"
23.1,5,0.998608205813876,0.969783781163343,1.02828936520526,"RJ"
23.1,6,1.00078220659138,0.969931676085796,1.03261399717533,"RJ"
23.1,7,1.0027832011129,0.973053559932611,1.03342117005757,"RJ"
23.1,8,1.00463108048844,0.978074458900254,1.03190876594222,"RJ"
23.1,9,1.00635645834951,0.981954271987236,1.03136505451747,"RJ"
23.1,10,1.00799021757264,0.980499180277565,1.03625204299969,"RJ"
23.1,11,1.00956347711585,0.972856294313303,1.0476556715354,"RJ"
23.1,12,1.01110756838974,0.961640519148661,1.06311921606639,"RJ"
23.2,0,0.984934861491459,0.931933798154527,1.04095020837558,"RJ"
23.2,1,0.987534397108089,0.948483834376732,1.02819273257565,"RJ"
23.2,2,0.990116024029927,0.961885418630861,1.01917517622444,"RJ"
23.2,3,0.99265473295358,0.968888496668219,1.01700394033326,"RJ"
23.2,4,0.995125264519307,0.96927712455444,1.02166270821653,"RJ"
23.2,5,0.997502123354503,0.967692172331777,1.02823037588403,"RJ"
23.2,6,0.999759598596329,0.967859855847868,1.03271072660606,"RJ"
23.2,7,1.00188014549144,0.97115058603954,1.03358206271944,"RJ"
23.2,8,1.00387961408512,0.976452437560325,1.03207718144841,"RJ"
23.2,9,1.0057824230094,0.980610363501276,1.03160064393235,"RJ"
23.2,10,1.00761321463028,0.979251816518206,1.03679602444596,"RJ"
23.2,11,1.00939683417215,0.97148098149789,1.04879250159462,"RJ"
23.2,12,1.01115831492141,0.960017574486662,1.06502335478747,"RJ"
23.3,0,0.983726049383143,0.928955159462992,1.04172621291471,"RJ"
23.3,1,0.986309614960008,0.945949725214082,1.02839149970935,"RJ"
23.3,2,0.988881793540206,0.959704821312195,1.01894580487596,"RJ"
23.3,3,0.991424241819035,0.966861995063792,1.01661047004086,"RJ"
23.3,4,0.993918431451836,0.967202426850106,1.02137238385236,"RJ"
23.3,5,0.996345656297586,0.965535392819259,1.02813907621188,"RJ"
23.3,6,0.998687043154895,0.965722057500269,1.03277729075292,"RJ"
23.3,7,1.000929697177,0.969186402481848,1.03371266469001,"RJ"
23.3,8,1.00308521772005,0.974778675070523,1.03221375245584,"RJ"
23.3,9,1.0051714918649,0.979225131368304,1.03180534862915,"RJ"
23.3,10,1.00720657721237,0.977966852829226,1.03732052496978,"RJ"
23.3,11,1.0092086909466,0.970064586776409,1.04993234034725,"RJ"
23.3,12,1.01119620216761,0.958348107772096,1.0669586040664,"RJ"
23.4,0,0.982485712160367,0.925916824661998,1.0425106757852,"RJ"
23.4,1,0.985048491697692,0.943360777284455,1.02857841279881,"RJ"
23.4,2,0.987606731245,0.9574731547863,1.01868867103447,"RJ"
23.4,3,0.990149106977391,0.964783335084742,1.01618178755338,"RJ"
23.4,4,0.99266417993355,0.965069340632239,1.02104805596415,"RJ"
23.4,5,0.995140398496938,0.963314925569409,1.02801730403511,"RJ"
23.4,6,0.997566102210604,0.963519687112643,1.03281556317937,"RJ"
23.4,7,0.999933315255493,0.967162296903652,1.03381473632594,"RJ"
23.4,8,1.00224918770844,0.97305431166397,1.0323200074459,"RJ"
23.4,9,1.00452475421787,0.977799520308003,1.03198044269711,"RJ"
23.4,10,1.00677115873227,0.976644853137945,1.03782676251093,"RJ"
23.4,11,1.00899965060382,0.968607176750631,1.05107655544528,"RJ"
23.4,12,1.01122158193923,0.956631713969317,1.0689266024192,"RJ"
23.5,0,0.981214903823705,0.92281984401368,1.04330514101026,"RJ"
23.5,1,0.983752238429654,0.940718219702266,1.02875488785755,"RJ"
23.5,2,0.986292194068213,0.955191842397905,1.01840515056939,"RJ"
23.5,3,0.988830806754763,0.962654072918825,1.01571934497983,"RJ"
23.5,4,0.991364071861378,0.962879453122445,1.02069134385464,"RJ"
23.5,5,0.993887944252962,0.96103234211466,1.02786680785143,"RJ"
23.5,6,0.996398338587158,0.961254249555531,1.0328273186811,"RJ"
23.5,7,0.998892459986666,0.965079641638639,1.03388995432962,"RJ"
23.5,8,1.00137282166724,0.971280541767002,1.03239742263297,"RJ"
23.5,9,1.00384330063929,0.976334506456803,1.03212717114283,"RJ"
23.5,10,1.00630781370387,0.975286434534485,1.03831590398856,"RJ"
23.5,11,1.00877031714154,0.96710894008483,1.05222639411913,"RJ"
23.5,12,1.01123480655564,0.954868195680213,1.07092878222964,"RJ"
23.6,0,0.979914676439611,0.919665431333138,1.04411097817366,"RJ"
23.6,1,0.982422064467219,0.938023380055703,1.02892223506702,"RJ"
23.6,2,0.984939537388272,0.952862354510938,1.01809656737728,"RJ"
23.6,3,0.987470818288916,0.960475796922435,1.01522455859544,"RJ"
23.6,4,0.990019668379904,0.96063440690572,1.02030380833033,"RJ"
23.6,5,0.992589887586205,0.958689296498004,1.02768925087342,"RJ"
23.6,6,0.995185315281317,0.958927342044953,1.03281423766635,"RJ"
23.6,7,0.997808592174799,0.96293988859,1.03393991506127,"RJ"
23.6,8,1.00045741800572,0.969458611129082,1.03244742349234,"RJ"
23.6,9,1.00312822259849,0.97483109599623,1.03224675034114,"RJ"
23.6,10,1.00581739750616,0.973892265425163,1.03878906634956,"RJ"
23.6,11,1.00852129526857,0.965570182523537,1.0533829869849,"RJ"
23.6,12,1.0112362288016,0.953057553155025,1.07296637758722,"RJ"
23.7,0,0.978586079837259,0.916454951814314,1.04492939206169,"RJ"
23.7,1,0.981059176924289,0.93527767708838,1.02908166441399,"RJ"
23.7,2,0.983550114535766,0.95048620473783,1.01776419582033,"RJ"
23.7,3,0.986070616932237,0.958250124770462,1.01469881030283,"RJ"
23.7,4,0.98863252921225,0.958335895529879,1.01988695443386,"RJ"
23.7,5,0.991247821534534,0.956287519065845,1.02748621529306,"RJ"
23.7,6,0.99392859477844,0.956540647506425,1.03277791079088,"RJ"
23.7,7,0.996683172559246,0.960744563942165,1.03396613808222,"RJ"
23.7,8,0.999504275431708,0.967589813846311,1.03247138643911,"RJ"
23.7,9,1.00238061210359,0.973290323721461,1.03234036857508,"RJ"
23.7,10,1.00530076615477,0.972463063530177,1.03924731779801,"RJ"
23.7,11,1.0082531902864,0.963991321460591,1.05454735233762,"RJ"
23.7,12,1.01122620188549,0.951199973541635,1.07504043295161,"RJ"
23.8,0,0.9772301613161,0.913189909792009,1.04576143247509,"RJ"
23.8,1,0.979664780331125,0.93248261336972,1.02923429140732,"RJ"
23.8,2,0.98212527630858,0.948064946197449,1.01740926318704,"RJ"
23.8,3,0.984631675675325,0.955978700640086,1.01414344911038,"RJ"
23.8,4,0.987204212013849,0.955985659108731,1.01944223423444,"RJ"
23.8,5,0.989863337474103,0.953828810210098,1.02725920666995,"RJ"
23.8,6,0.992629738390864,0.954095927848075,1.03271984375853,"RJ"
23.8,7,0.995517661224933,0.958495262772471,1.03397006986149,"RJ"
23.8,8,0.998514692473669,0.965675489310168,1.03247064062692,"RJ"
23.8,9,1.00160156135321,0.971713251561908,1.03240918665323,"RJ"
23.8,10,1.00475877608039,0.970999593751957,1.03969167917948,"RJ"
23.8,11,1.00796660797418,0.962372880162226,1.05572040082811,"RJ"
23.8,12,1.01120507939867,0.949295819596717,1.07715181242035,"RJ"
23.9,0,0.975847965364138,0.909871936587015,1.04660800406416,"RJ"
23.9,1,0.978240076262208,0.929639768028503,1.02938114279998,"RJ"
23.9,2,0.980666370504555,0.94560016782716,1.01703295214977,"RJ"
23.9,3,0.983155464591288,0.953663192443663,1.01355979261285,"RJ"
23.9,4,0.985736271749238,0.953585479966369,1.01897104963926,"RJ"
23.9,5,0.988438024464235,0.951315034128524,1.02700965837439,"RJ"
23.9,6,0.991290305619258,0.951595017222635,1.0326414622081,"RJ"
23.9,7,0.994313517032953,0.956193643624349,1.03395308758489,"RJ"
23.9,8,0.99748996701878,0.963717019110787,1.03244646983737,"RJ"
23.9,9,1.00079216239948,0.970100967065087,1.03245433859363,"RJ"
23.9,10,1.00419228391427,0.969502665939664,1.04012312549505,"RJ"
23.9,11,1.00766215447731,0.960715481741381,1.05690294042664,"RJ"
23.9,12,1.01117321527608,0.947345618064854,1.07930120939429,"RJ"
24,0,0.974440533386931,0.906502778559399,1.04746987606193,"RJ"
24,1,0.976786262978161,0.92675078961305,1.02952316225295,"RJ"
24,2,0.979174741471738,0.943093490770765,1.01663640319759,"RJ"
24,3,0.981643450300804,0.951305289123646,1.01294912846135,"RJ"
24,4,0.984230260091951,0.9511371783547,1.01847475519395,"RJ"
24,5,0.98697346861633,0.948748112662972,1.02673893602631,"RJ"
24,6,0.989911853537056,0.949039815347904,1.03254411661743,"RJ"
24,7,0.993072197071365,0.953841423096608,1.03391650301212,"RJ"
24,8,0.996431395866961,0.9617158239216,1.03240011443372,"RJ"
24,9,0.999953506822404,0.968454581854464,1.03247693236345,"RJ"
24,10,1.0036021462807,0.967973132574166,1.04054258752068,"RJ"
24,11,1.0073404361996,0.959019842973131,1.05809568158355,"RJ"
24,12,1.01113096375812,0.945350047911042,1.08148915645543,"RJ"
24.1,0,0.973008903447298,0.903084285473635,1.04834769181171,"RJ"
24.1,1,0.975304535081749,0.923817389130967,1.02966121588795,"RJ"
24.1,2,0.977651729676205,0.940546564860516,1.01622071702598,"RJ"
24.1,3,0.980097095457978,0.948906698020391,1.01231271581194,"RJ"
24.1,4,0.982687724847567,0.948642608271302,1.01795466084517,"RJ"
24.1,5,0.985471252486862,0.946130019265933,1.02644834187959,"RJ"
24.1,6,0.988495936198062,0.946432280945034,1.03242908716554,"RJ"
24.1,7,0.991795156126267,0.951440370496337,1.03386156633482,"RJ"
24.1,8,0.995340274301019,0.959673360389496,1.03233277335482,"RJ"
24.1,9,0.999086685415738,0.966775230071289,1.03247805066479,"RJ"
24.1,10,1.00298921959662,0.966411886396418,1.04095095350926,"RJ"
24.1,11,1.0070020596989,0.957286768032816,1.05929924250563,"RJ"
24.1,12,1.01107867935359,0.943309928569415,1.08371603529473,"RJ"
24.2,0,0.971554110015724,0.899618399258981,1.04924197800529,"RJ"
24.2,1,0.973796083187944,0.920841333311358,1.02979609768619,"RJ"
24.2,2,0.976098671287483,0.937961065208104,1.01578695686883,"RJ"
24.2,3,0.978517858257021,0.946469142321788,1.01165178674401,"RJ"
24.2,4,0.981110209399946,0.946103653399965,1.01741203464297,"RJ"
24.2,5,0.983932954494538,0.943462773137057,1.02613911911044,"RJ"
24.2,6,0.987044104067284,0.943774425344083,1.03229758850351,"RJ"
24.2,7,0.990483846173213,0.948992302595958,1.03378946999508,"RJ"
24.2,8,0.994217895672922,0.957591118052007,1.03224560612791,"RJ"
24.2,9,0.998192787884247,0.965064066809709,1.03245875175725,"RJ"
24.2,10,1.00235435987828,0.964819858000524,1.04134907095418,"RJ"
24.2,11,1.00664763158639,0.955517142229366,1.06051415447577,"RJ"
24.2,12,1.01101671680406,0.941226208347524,1.08598208655049,"RJ"
24.3,0,0.970077183731436,0.896107143229848,1.05015315356652,"RJ"
24.3,1,0.972262093608033,0.917824438123263,1.02992853469884,"RJ"
24.3,2,0.97451689778155,0.935338688916506,1.01533615076041,"RJ"
24.3,3,0.976907191959739,0.943994358601867,1.01096754764099,"RJ"
24.3,4,0.979499252180674,0.943522223191851,1.0168481053651,"RJ"
24.3,5,0.982360148361621,0.940748433562996,1.02581245597625,"RJ"
24.3,6,0.985557903475035,0.941068306296941,1.03215077439407,"RJ"
24.3,7,0.989139715889016,0.946499078528217,1.03370135243067,"RJ"
24.3,8,0.993065551006252,0.955470616300335,1.03213973488156,"RJ"
24.3,9,0.997272902552511,0.963322266553755,1.03242007030885,"RJ"
24.3,10,1.00169842255499,0.963198013411017,1.04173774839483,"RJ"
24.3,11,1.00627775842938,0.953711925796986,1.0617408671528,"RJ"
24.3,12,1.0109454310493,0.939099953102306,1.08828741944161,"RJ"
24.4,0,0.968579151174117,0.89255261181399,1.05108153813199,"RJ"
24.4,1,0.970703748047742,0.914768562575756,1.03005919204389,"RJ"
24.4,2,0.972907735561376,0.932681151921819,1.01486929371819,"RJ"
24.4,3,0.975266544443821,0.941484094453958,1.010261180528,"RJ"
24.4,4,0.977856386161704,0.940900249101213,1.01626406504901,"RJ"
24.4,5,0.980754402579438,0.937989094486411,1.0254694898192,"RJ"
24.4,6,0.984038876094315,0.938316022029095,1.03198974218831,"RJ"
24.4,7,0.987764210183944,0.943962594846643,1.03359830171959,"RJ"
24.4,8,0.991884528614858,0.953313401404467,1.03201624634258,"RJ"
24.4,9,0.99632811608524,0.961551021623999,1.03236301826751,"RJ"
24.4,10,1.00102226229009,0.961547351662062,1.0421177572465,"RJ"
24.4,11,1.00589304665778,0.951872147799004,1.06297975379791,"RJ"
24.4,12,1.01086517719404,0.936932335281517,1.09063202110161,"RJ"
24.5,0,0.967061034646227,0.888956960821476,1.05202736009493,"RJ"
24.5,1,0.969122223319319,0.911675602817739,1.03018867767063,"RJ"
24.5,2,0.971272505594976,0.929990185971784,1.01438734983959,"RJ"
24.5,3,0.973597357771876,0.938940106222528,1.00953384436188,"RJ"
24.5,4,0.976183138371147,0.938239680986022,1.01566107142119,"RJ"
24.5,5,0.979117279898042,0.935186879323238,1.0251113108951,"RJ"
24.5,6,0.982488558441459,0.935519705553909,1.03181553711564,"RJ"
24.5,7,0.986358769754332,0.941384780773129,1.03348135910192,"RJ"
24.5,8,0.990676113737713,0.951121043614133,1.03187619380297,"RJ"
24.5,9,0.99535951321911,0.959751540640942,1.032288585746,"RJ"
24.5,10,1.00032673280893,0.959868902394374,1.04248983363883,"RJ"
24.5,11,1.00549410247407,0.949998900188678,1.06423111638271,"RJ"
24.5,12,1.01077631047593,0.934724623403709,1.09301576554068,"RJ"
24.6,0,0.965523851965884,0.885322398274496,1.05299076419164,"RJ"
24.6,1,0.967518691067553,0.908547486549077,1.03031754687982,"RJ"
24.6,2,0.969612523070917,0.927267535745557,1.01389125430778,"RJ"
24.6,3,0.971901067781169,0.936364156836583,1.00878667627068,"RJ"
24.6,4,0.974481029432184,0.935542483680668,1.01504025021631,"RJ"
24.6,5,0.977450336839985,0.932343936041312,1.02473896601422,"RJ"
24.6,6,0.980908481400039,0.932681519266172,1.03162915637009,"RJ"
24.6,7,0.98492483065558,0.938767593649084,1.03335152236256,"RJ"
24.6,8,0.989441588189981,0.948895134347032,1.03172059904553,"RJ"
24.6,9,0.994368176506145,0.957925047011456,1.03219774191407,"RJ"
24.6,10,0.999612686734088,0.958163723483826,1.04285468024882,"RJ"
24.6,11,1.00508153176697,0.948093332063215,1.06549519054278,"RJ"
24.6,12,1.01067918623472,0.932478172030928,1.09543842218132,"RJ"
24.7,0,0.963968616270251,0.881651175807104,1.05397181862012,"RJ"
24.7,1,0.965894317509639,0.905386167749169,1.03044630659288,"RJ"
24.7,2,0.967929097071193,0.924514956117394,1.01338191530359,"RJ"
24.7,3,0.970179103693988,0.933758013746381,1.00802079274055,"RJ"
24.7,4,0.972751573125011,0.932810633745169,1.01440269738143,"RJ"
24.7,5,0.97575512323815,0.929462432508327,1.02435346198564,"RJ"
24.7,6,0.979300169767949,0.929803649825642,1.0314315529815,"RJ"
24.7,7,0.983463823895511,0.936113014601885,1.03320974906274,"RJ"
24.7,8,0.98818223003027,0.946637283473602,1.03155045421875,"RJ"
24.7,9,0.993355186068632,0.956072777443844,1.03209143589218,"RJ"
24.7,10,0.998880975427695,0.956432898713827,1.04321296811636,"RJ"
24.7,11,1.00465594002861,0.946156644139374,1.06677215034817,"RJ"
24.7,12,1.01057415988274,0.93019441227165,1.0978996639301,"RJ"
24.8,0,0.962396335829386,0.877945580634943,1.05497052168994,"RJ"
24.8,1,0.964250263188847,0.902193621724427,1.03057541936797,"RJ"
24.8,2,0.966223530261417,0.921734209565335,1.01286021582197,"RJ"
24.8,3,0.968432887748536,0.931123446964279,1.00723729074878,"RJ"
24.8,4,0.970996275971731,0.930046116392952,1.01374948116295,"RJ"
24.8,5,0.974033181797542,0.926544552112718,1.0239557688611,"RJ"
24.8,6,0.977665141827617,0.926888303336168,1.03122363946603,"RJ"
24.8,7,0.981977175048044,0.933423044434289,1.03305695961229,"RJ"
24.8,8,0.986899313244061,0.944349116705611,1.03136672365335,"RJ"
24.8,9,0.992321619365545,0.954195980496406,1.03197059764178,"RJ"
24.8,10,0.998132448840928,0.954677535501864,1.04356533843175,"RJ"
24.8,11,1.00421793227544,0.944190083471893,1.06806211286964,"RJ"
24.8,12,1.01046158687653,0.927874842836959,1.10039907476234,"RJ"
24.9,0,0.960808013870483,0.874207928087596,1.05598680800941,"RJ"
24.9,1,0.962587682741899,0.898971840472306,1.03070530716469,"RJ"
24.9,2,0.96449711859822,0.918927063724622,1.01232701539308,"RJ"
24.9,3,0.966663834850269,0.928462227209692,1.00643724884285,"RJ"
24.9,4,0.969216636844088,0.927250922597276,1.01308164407549,"RJ"
24.9,5,0.972286047680942,0.923592489657402,1.02354682297784,"RJ"
24.9,6,0.976004908939261,0.923937700821654,1.03100629125362,"RJ"
24.9,7,0.980466303887108,0.930699699740928,1.0328940401782,"RJ"
24.9,8,0.985594107443247,0.942032273094082,1.03117034561494,"RJ"
24.9,9,0.991268550970491,0.952295915163702,1.0318361388479,"RJ"
24.9,10,0.997367955370614,0.95289876268887,1.04391240428649,"RJ"
24.9,11,1.0037681129726,0.942194938429621,1.06936514252548,"RJ"
24.9,12,1.01034182268982,0.925521021660697,1.10293615680879,"RJ"
25,0,0.959204648412449,0.870440554690363,1.05702055422193,"RJ"
25,1,0.96090772467998,0.895722828356411,1.03083635486206,"RJ"
25,2,0.962751151053746,0.916095289084412,1.01178315170869,"RJ"
25,3,0.96487335224354,0.925776124157454,1.00562172816562,"RJ"
25,4,0.967414146593915,0.924427046374738,1.01240020475412,"RJ"
25,5,0.97051524811832,0.920608447523335,1.02312752980283,"RJ"
25,6,0.97432097515707,0.920954073996557,1.0307803498946,"RJ"
25,7,0.978932624040738,0.927945009253023,1.03272184542778,"RJ"
25,8,0.98426787758176,0.939688402640454,1.03096223398852,"RJ"
25,9,0.990197052361122,0.950373849504096,1.03168895379042,"RJ"
25,10,0.99658834172299,0.951097728398579,1.04425475238015,"RJ"
25,11,1.00330708596205,0.940172533938708,1.07068125519958,"RJ"
25,12,1.01021522278766,0.923134558084142,1.10551033694364,"RJ"
25.1,0,0.957587232110734,0.866645811777822,1.05807158430782,"RJ"
25.1,1,0.959211531183294,0.892448598084774,1.03096891353691,"RJ"
25.1,2,0.960986909357161,0.913240656825484,1.01122944215602,"RJ"
25.1,3,0.963062839203439,0.923066904788309,1.00479177342762,"RJ"
25.1,4,0.96559028770616,0.921576482242951,1.01170615969199,"RJ"
25.1,5,0.968722302039834,0.91759463209744,1.02269876658313,"RJ"
25.1,6,0.972614836868209,0.917939661325754,1.03054662604939,"RJ"
25.1,7,0.977377542665239,0.925161010409972,1.03254120110728,"RJ"
25.1,8,0.982921883687214,0.937319164023479,1.03074327989203,"RJ"
25.1,9,0.989108191720002,0.948431059311541,1.03152992020082,"RJ"
25.1,10,0.995794452784577,0.94927559797256,1.04459294467738,"RJ"
25.1,11,1.00283545439417,0.938124226997441,1.0720104221258,"RJ"
25.1,12,1.01008214260182,0.920717105597499,1.10812097288122,"RJ"
25.2,0,0.955956752112355,0.862826059618156,1.05913967447115,"RJ"
25.2,1,0.957500237909053,0.889151166981521,1.03110330351166,"RJ"
25.2,2,0.959205667753024,0.910364936795827,1.01066668526127,"RJ"
25.2,3,0.961233686747668,0.920336331839747,1.0039484138277,"RJ"
25.2,4,0.963746533974336,0.918701222848407,1.01100048486689,"RJ"
25.2,5,0.966908719732303,0.914553250457621,1.02226138480898,"RJ"
25.2,6,0.97088798245449,0.914896704366364,1.03030590226838,"RJ"
25.2,7,0.975802460139335,0.922349746154434,1.0323529064587,"RJ"
25.2,8,0.981557380608496,0.934926222443138,1.03051435321744,"RJ"
25.2,9,0.988003033746888,0.946468826834035,1.03135990010184,"RJ"
25.2,10,0.994987131500158,0.947433551985328,1.04492752001065,"RJ"
25.2,11,1.00235382066306,0.936051402463327,1.07335257353796,"RJ"
25.2,12,1.0099429375075,0.918270355124033,1.11076735879545,"RJ"
25.3,0,0.954314189921021,0.858983662024981,1.06022455763324,"RJ"
25.3,1,0.955774973812816,0.885832553540749,1.03123981718162,"RJ"
25.3,2,0.957408692776398,0.90746989562046,1.01009566204627,"RJ"
25.3,3,0.959387277368312,0.917586162355072,1.0030926639236,"RJ"
25.3,4,0.961884350198217,0.915803256759745,1.01028413726091,"RJ"
25.3,5,0.965076002518951,0.911486507306168,1.02181621249728,"RJ"
25.3,6,0.969141891976586,0.911827444382398,1.0300589355699,"RJ"
25.3,7,0.974208769778169,0.919513261945914,1.03215773647919,"RJ"
25.3,8,0.980175617779227,0.93251124758178,1.03027630409856,"RJ"
25.3,9,0.986882639482377,0.944488439540663,1.03117974062802,"RJ"
25.3,10,0.994167218757859,0.945572784342745,1.04525899562532,"RJ"
25.3,11,1.00186278634539,0.933955469109691,1.07470760208789,"RJ"
25.3,12,1.0097979628012,0.915796028827709,1.11344873048068,"RJ"
25.4,0,0.952660521272291,0.855120981431887,1.061325927556,"RJ"
25.4,1,0.954036860983047,0.882494774250509,1.0313787216331,"RJ"
25.4,2,0.955597243044574,0.904557294941361,1.0095171373015,"RJ"
25.4,3,0.95752498478333,0.914818146328221,1.00222552445452,"RJ"
25.4,4,0.960005191903618,0.91288456642097,1.00955805627774,"RJ"
25.4,5,0.963225642462271,0.908396602141864,1.02136405630452,"RJ"
25.4,6,0.967378036880595,0.90873411922185,1.029806459826,"RJ"
25.4,7,0.972597857567037,0.916653602986578,1.03195644402855,"RJ"
25.4,8,0.978777838997018,0.930075911681833,1.03002996430618,"RJ"
25.4,9,0.985748066142878,0.942491188938679,1.03099027482542,"RJ"
25.4,10,0.993335553281281,0.943694500465892,1.04558786866459,"RJ"
25.4,11,1.00136295214289,0.931837855946432,1.07607536603661,"RJ"
25.4,12,1.00964757367987,0.913295874421614,1.11616427007647,"RJ"
25.5,0,0.950996716018661,0.851240374404138,1.06244344261907,"RJ"
25.5,1,0.952287014488789,0.879139840674139,1.03152026106402,"RJ"
25.5,2,0.953772569065243,0.901628889783055,1.00893186077944,"RJ"
25.5,3,0.955648173707598,0.912034025441683,1.00134798311761,"RJ"
25.5,4,0.958110505084042,0.909947126258781,1.00882316506304,"RJ"
25.5,5,0.961359122089784,0.90528572666041,1.02090570347844,"RJ"
25.5,6,0.965597879726808,0.905618960445002,1.02954918796616,"RJ"
25.5,7,0.970971101914714,0.913772811652109,1.03174976179135,"RJ"
25.5,8,0.977365282218406,0.927621887738626,1.02977614857124,"RJ"
25.5,9,0.984600366966855,0.940478369441657,1.03079232242928,"RJ"
25.5,10,0.992492971528697,0.941799915561624,1.04591461759312,"RJ"
25.5,11,1.00085491782839,0.929700008797428,1.07745569222592,"RJ"
25.5,12,1.00949212522132,0.910771659951983,1.11891311038113,"RJ"
25.6,0,0.949323738024508,0.847344187561746,1.06357672927467,"RJ"
25.6,1,0.950526542240334,0.875769756775913,1.03166465901899,"RJ"
25.6,2,0.951935913060973,0.898686427039211,1.00834056831226,"RJ"
25.6,3,0.953758199643321,0.909235531894651,1.00046101530078,"RJ"
25.6,4,0.956201725964018,0.906992900937832,1.00808037173296,"RJ"
25.6,5,0.959477914142511,0.902156062372417,1.02044192365825,"RJ"
25.6,6,0.963802873940467,0.902484190692174,1.02928781400975,"RJ"
25.6,7,0.96932987342622,0.910872925119699,1.03153840410068,"RJ"
25.6,8,0.975939179369392,0.925150847806313,1.02951565583779,"RJ"
25.6,9,0.983440591072281,0.938451277289377,1.03058669061875,"RJ"
25.6,10,0.991640307599263,0.939890252980276,1.04623970355845,"RJ"
25.6,11,1.00033928219546,0.92754338712553,1.07884837883913,"RJ"
25.6,12,1.00933197236586,0.908225169031116,1.12169433878026,"RJ"
25.7,0,0.947642545070787,0.843434753888306,1.06472538520409,"RJ"
25.7,1,0.948756544862749,0.872386516477872,1.03181212045101,"RJ"
25.7,2,0.950088508809828,0.895731644075412,1.00774398285798,"RJ"
25.7,3,0.95185640868961,0.906424387318429,0.999565584774136,"RJ"
25.7,4,0.954280280783882,0.904023843757615,1.0073305705166,"RJ"
25.7,5,0.957583481345933,0.899009778428023,1.01997347053329,"RJ"
25.7,6,0.961994463584333,0.899332021278874,1.02902301493826,"RJ"
25.7,7,0.967675534694877,0.907955973184838,1.0313230686312,"RJ"
25.7,8,0.974500756171455,0.922664461414316,1.02924927044773,"RJ"
25.7,9,0.982269783325242,0.936411209519765,1.03037417474812,"RJ"
25.7,10,0.990778393146227,0.937966742660228,1.04656357169053,"RJ"
25.7,11,0.999816643011627,0.925369461094868,1.08025319796085,"RJ"
25.7,12,1.00916746989918,0.905658196491753,1.12450700081748,"RJ"
25.8,0,0.945954088769393,0.839514389400547,1.06588898219896,"RJ"
25.8,1,0.946978115582147,0.868992101434809,1.03196283362167,"RJ"
25.8,2,0.948231581501958,0.892766267443252,1.00714281547926,"RJ"
25.8,3,0.949944137371041,0.903602301776068,0.998662644342449,"RJ"
25.8,4,0.952347585605821,0.901041895184545,1.00657464281778,"RJ"
25.8,5,0.955677276203204,0.895849029637175,1.01950108337013,"RJ"
25.8,6,0.960174083152846,0.896164650006294,1.02875545241818,"RJ"
25.8,7,0.966009440113479,0.905023976258299,1.03110443796908,"RJ"
25.8,8,0.97305123198294,0.920164394091366,1.02897776325988,"RJ"
25.8,9,0.98108898421963,0.934359462992903,1.03015555905427,"RJ"
25.8,10,0.989908057297101,0.936030619658491,1.04688665233969,"RJ"
25.8,11,0.999287596975165,0.923179708859429,1.08166989794665,"RJ"
25.8,12,1.00899897243651,0.903072544435337,1.12735010343439,"RJ"
25.9,0,0.94425931448708,0.835585390154336,1.06706706878985,"RJ"
25.9,1,0.945192340124561,0.865588479014634,1.03211697185152,"RJ"
25.9,2,0.946366347612,0.889792011700852,1.006537766259,"RJ"
25.9,3,0.948022712484972,0.900770972843124,0.997753136461123,"RJ"
25.9,4,0.950405046140901,0.898048981512894,1.0058134582018,"RJ"
25.9,5,0.953760740810391,0.89267595467483,1.01902548841762,"RJ"
25.9,6,0.958343157387674,0.892984259175176,1.02848577438542,"RJ"
25.9,7,0.964332935704413,0.902078943534596,1.03088318106677,"RJ"
25.9,8,0.971591819655693,0.917652305993888,1.02870189270592,"RJ"
25.9,9,0.979899229767851,0.932297333466892,1.02993161734033,"RJ"
25.9,10,0.989030126580777,0.934083122765962,1.04720936225445,"RJ"
25.9,11,0.998752739675439,0.920975614066368,1.08309820561363,"RJ"
25.9,12,1.008826834408,0.900470018646963,1.1302226179067,"RJ"
26,0,0.942559161278852,0.831650029563812,1.0682591726434,"RJ"
26,1,0.943400296627279,0.862177600471714,1.03227469513184,"RJ"
26,2,0.944494014787093,0.886810578334964,1.00592952515694,"RJ"
26,3,0.946093450967419,0.89793208476645,0.996837993818042,"RJ"
26,4,0.948454057596876,0.895047013648262,1.00504787531249,"RJ"
26,5,0.95183530669349,0.889492674460498,1.01854740019956,"RJ"
26,6,0.956503101114401,0.889793013791346,1.02821461650182,"RJ"
26,7,0.962647358968545,0.899122871323218,1.03065995459033,"RJ"
26,8,0.97012372540682,0.915129850635239,1.02842240578636,"RJ"
26,9,0.978701551402472,0.930226114725087,1.02970311363564,"RJ"
26,10,0.988145424861535,0.932125493205587,1.04753210570052,"RJ"
26,11,0.998212665556797,0.918758663562237,1.08453782826344,"RJ"
26,12,1.00865141004531,0.897852425350526,1.13312348250237,"RJ"
26.1,0,0.940854561830712,0.827710556011472,1.0694648027485,"RJ"
26.1,1,0.941603055562514,0.858761399301224,1.03243615160871,"RJ"
26.1,2,0.942615781750354,0.883823654779891,1.0053187728112,"RJ"
26.1,3,0.94415765977726,0.895087307697951,0.995918139883723,"RJ"
26.1,4,0.946496004546523,0.892037886007432,1.00427874272491,"RJ"
26.1,5,0.94990239466697,0.88630129070197,1.0180675227037,"RJ"
26.1,6,0.954655319100154,0.886593059951582,1.02794260349386,"RJ"
26.1,7,0.960954038752682,0.896157741534047,1.03043540416708,"RJ"
26.1,8,0.968648148705438,0.912598673712196,1.0281400390095,"RJ"
26.1,9,0.977496975888743,0.928147097754069,1.02947080283261,"RJ"
26.1,10,0.987254773279922,0.930158973411353,1.04785527552283,"RJ"
26.1,11,0.997667967886002,0.916530345290362,1.08598845554912,"RJ"
26.1,12,1.00847305336953,0.895221568278609,1.1360516048871,"RJ"
26.2,0,0.939146442411666,0.823769190728151,1.07068345141055,"RJ"
26.2,1,0.939801679673251,0.855341789763032,1.03260147894955,"RJ"
26.2,2,0.9407328382196,0.880832913528549,1.00470618128874,"RJ"
26.2,3,0.942216635798553,0.892238297000248,0.994994489432117,"RJ"
26.2,4,0.944532260816242,0.889023475528613,1.0035068997387,"RJ"
26.2,5,0.947963414713586,0.8831038845934,1.0175865504761,"RJ"
26.2,6,0.952801205931904,0.883386523398881,1.02767035038339,"RJ"
26.2,7,0.959254295135425,0.893185520308572,1.03021016554082,"RJ"
26.2,8,0.967166282174294,0.910060412024932,1.02785551927647,"RJ"
26.2,9,0.976286525247904,0.926061569971516,1.02923543130069,"RJ"
26.2,10,0.986358990200469,0.928184805885738,1.04817925415282,"RJ"
26.2,11,0.997119238723196,0.914292146367653,1.08744976119714,"RJ"
26.2,12,1.00829211818025,0.892579246032786,1.13900586430067,"RJ"
26.3,0,0.937435722834887,0.819828125923055,1.07191459607162,"RJ"
26.3,1,0.937997223921137,0.85192066556421,1.03277080560202,"RJ"
26.3,2,0.938846364841156,0.877840011331161,1.00409241478848,"RJ"
26.3,3,0.940271665760733,0.889386692621278,0.994067949034333,"RJ"
26.3,4,0.942564189394674,0.88600564078628,1.00273317711703,"RJ"
26.3,5,0.946019765885197,0.879902515658394,1.01710516962874,"RJ"
26.3,6,0.950942145915217,0.88017550823667,1.02739846361947,"RJ"
26.3,7,0.957549439331206,0.890208156788746,1.02998486564204,"RJ"
26.3,8,0.965679311506099,0.907516692486719,1.02756956471579,"RJ"
26.3,9,0.975071216691202,0.923970814503013,1.02899773747839,"RJ"
26.3,10,0.985458891166189,0.926204232133082,1.04850441456303,"RJ"
26.3,11,0.996567068896374,0.912045551329459,1.08892140459546,"RJ"
26.3,12,1.00810895804595,0.889927249711377,1.14198511352709,"RJ"
26.4,0,0.935723316427918,0.815889523145238,1.07315770097344,"RJ"
26.4,1,0.936190735446269,0.848499898689777,1.03294425195432,"RJ"
26.4,2,0.936957533138534,0.874846588477174,1.00347813030073,"RJ"
26.4,3,0.938324026176459,0.886534118534901,0.993139417527493,"RJ"
26.4,4,0.940593142361076,0.88298622120505,1.00195839777576,"RJ"
26.4,5,0.944072836224318,0.876699220729172,1.01662405876822,"RJ"
26.4,6,0.949079512993196,0.876962095792025,1.02712754212016,"RJ"
26.4,7,0.955840773612324,0.887227582015639,1.02976012357977,"RJ"
26.4,8,0.96418841539445,0.904969131219556,1.02728288547039,"RJ"
26.4,9,0.973852062564533,0.921876109506735,1.02875845244395,"RJ"
26.4,10,0.984555288859845,0.924218491666173,1.04883112117175,"RJ"
26.4,11,0.996012047979372,0.909792040531387,1.09040303225849,"RJ"
26.4,12,1.00792392629557,0.887267360783017,1.14498818067931,"RJ"
26.5,0,0.934010130011821,0.811955511859082,1.07441221867843,"RJ"
26.5,1,0.934383253538717,0.845081338371894,1.0331219314056,"RJ"
26.5,2,0.935067505475814,0.871854268156169,1.0028639782264,"RJ"
26.5,3,0.936374983296887,0.883682182244668,0.992209786460856,"RJ"
26.5,4,0.938620460833191,0.879967036367243,1.00118337742715,"RJ"
26.5,5,0.942124002706147,0.873496013053367,1.0161438898529,"RJ"
26.5,6,0.947214670685366,0.873748343618459,1.02685817823235,"RJ"
26.5,7,0.954129591248759,0.884245707950349,1.0295365515618,"RJ"
26.5,8,0.962694765479185,0.902419332731968,1.02699618444044,"RJ"
26.5,9,0.972630070303629,0.919778727544821,1.02851830046563,"RJ"
26.5,10,0.983648993071925,0.922228821083235,1.04915973069994,"RJ"
26.5,11,0.995454764273338,0.907533088697483,1.09189427917906,"RJ"
26.5,12,1.00773737601135,0.88460134918584,1.14801387081865,"RJ"
26.6,0,0.932297063889154,0.80802818821752,1.07567759146338,"RJ"
26.6,1,0.932575809621658,0.841666810188231,1.03330395135456,"RJ"
26.6,2,0.933177435035518,0.868864655893716,1.00225060295926,"RJ"
26.6,3,0.93442579308411,0.880832474348001,0.991279940521246,"RJ"
26.6,4,0.936647474934343,0.876949885409047,1.00040892518239,"RJ"
26.6,5,0.940174631200774,0.870294881520487,1.01566532898505,"RJ"
26.6,6,0.94534897204625,0.870536284629366,1.02659095861741,"RJ"
26.6,7,0.952417176465568,0.881264426609979,1.02931475574935,"RJ"
26.6,8,0.961199526306042,0.899868889175234,1.02671015798508,"RJ"
26.6,9,0.971406242399696,0.91767993500019,1.02827799953249,"RJ"
26.6,10,0.982740810675296,0.920236453212454,1.04949059298325,"RJ"
26.6,11,0.994895804791686,0.905270163604608,1.09339477007707,"RJ"
26.6,12,1.00754966002289,0.881930971633442,1.15106096742703,"RJ"
26.7,0,0.930585011840672,0.804109614017853,1.07695325259882,"RJ"
26.7,1,0.930769427245945,0.838258115280845,1.03349041411367,"RJ"
26.7,2,0.931288465810783,0.86587933905825,1.00163864343443,"RJ"
26.7,3,0.932477701200555,0.877986568158088,0.990350757939736,"RJ"
26.7,4,0.934675503779488,0.873936546500413,0.999635844116775,"RJ"
26.7,5,0.93822607645531,0.867097790000489,1.01518903714451,"RJ"
26.7,6,0.943483759643377,0.867327926353747,1.02632646506962,"RJ"
26.7,7,0.950704804417652,0.878285609311828,1.02909533705215,"RJ"
26.7,8,0.959703855300458,0.897319379674433,1.02642549658599,"RJ"
26.7,9,0.970181576375421,0.915580991537499,1.02803826186659,"RJ"
26.7,10,0.981831545606497,0.918242616321147,1.04982405174157,"RJ"
26.7,11,0.99433575524852,0.903004724893364,1.09490412055419,"RJ"
26.7,12,1.0073611309025,0.879257970110163,1.15412823374921,"RJ"
26.8,0,0.928874861130643,0.800201815826096,1.07823862752641,"RJ"
26.8,1,0.928965122095982,0.83485702968737,1.033681417756,"RJ"
26.8,2,0.929401732611645,0.862899886435247,1.00102873364597,"RJ"
26.8,3,0.930531943015077,0.875146019380936,0.989423110881464,"RJ"
26.8,4,0.932705855479963,0.870928776404073,0.99886493180126,"RJ"
26.8,5,0.936279682095658,0.863906676787428,1.01471567086967,"RJ"
26.8,6,0.941620365554465,0.864125250306306,1.0260652752742,"RJ"
26.8,7,0.948993741181683,0.875311106019307,1.02887889186927,"RJ"
26.8,8,0.958208902755367,0.894772369730715,1.02614288547597,"RJ"
26.8,9,0.968957064771266,0.913483149606883,1.02779979441787,"RJ"
26.8,10,0.980921998853619,0.916248533386651,1.05016044530893,"RJ"
26.8,11,0.993775200050512,0.900738222996473,1.09642193816316,"RJ"
26.8,12,1.00717214096166,0.876584070539542,1.15721441402069,"RJ"
2.8,0,0.780942928728963,0.55494168193821,1.09898369104607,"RS"
2.8,1,0.819673855917688,0.629971323898737,1.06650129075235,"RS"
2.8,2,0.859973379819304,0.687968079021076,1.07498332633422,"RS"
2.8,3,0.901515524398667,0.716641123979041,1.13408261616252,"RS"
2.8,4,0.943904001211223,0.726797404510743,1.2258639862677,"RS"
2.8,5,0.986667897819196,0.73680931270235,1.3212557493559,"RS"
2.8,6,1.0292594470004,0.758549169573666,1.39658054050072,"RS"
2.8,7,1.07120068935754,0.797002515159006,1.43973311884863,"RS"
2.8,8,1.11257044156118,0.846407647877703,1.46243124165922,"RS"
2.8,9,1.15364648065893,0.890277607943595,1.49492718952116,"RS"
2.8,10,1.194770219539,0.904976366925562,1.57736260267963,"RS"
2.8,11,1.23634680079833,0.880855725032675,1.73530507710279,"RS"
2.8,12,1.27884634995612,0.830819953984896,1.96847461228141,"RS"
2.9,0,0.783213569297341,0.558954182455036,1.09744861812681,"RS"
2.9,1,0.821815243907508,0.63371870186129,1.06574146089598,"RS"
2.9,2,0.861946024538882,0.691466276145607,1.07445724375708,"RS"
2.9,3,0.903253652029881,0.720030317345456,1.13310112123221,"RS"
2.9,4,0.94531173008613,0.730165741451479,1.22385126596331,"RS"
2.9,5,0.987615555723825,0.740088430527209,1.31792964958641,"RS"
2.9,6,1.02958033563757,0.761543356442226,1.39195708105688,"RS"
2.9,7,1.07069701413817,0.799427413110048,1.43401649391097,"RS"
2.9,8,1.11104688598581,0.84799655583034,1.45569598646547,"RS"
2.9,9,1.15092158588848,0.890933265022184,1.48677858249133,"RS"
2.9,10,1.19067915341378,0.904928626455723,1.56666150779962,"RS"
2.9,11,1.23074347388146,0.880528632320147,1.72025013486564,"RS"
2.9,12,1.27160498460768,0.830529521874203,1.94692565922301,"RS"
3,0,0.785490411390116,0.562991401915555,1.09592292934939,"RS"
3,1,0.82396178087701,0.637484510636033,1.06498747031304,"RS"
3,2,0.863922711810567,0.694978895085629,1.07393542057153,"RS"
3,3,0.904994632477266,0.72343245606507,1.13212405380247,"RS"
3,4,0.946721080842048,0.733546549886425,1.22184584611502,"RS"
3,5,0.988563721346695,0.743378826968224,1.31461671453362,"RS"
3,6,1.02990107117295,0.764545979850988,1.38735438332948,"RS"
3,7,1.07019356297085,0.801856465983756,1.42832827421191,"RS"
3,8,1.10952573399823,0.849585560697635,1.44899750107975,"RS"
3,9,1.14820385633729,0.891586799187001,1.47868059162606,"RS"
3,10,1.1866033088705,0.904878172726312,1.55604086280496,"RS"
3,11,1.22516730080853,0.88019839291647,1.70533703202626,"RS"
3,12,1.26440697631138,0.830235171043761,1.92562909583196,"RS"
3.1,0,0.787773189034607,0.567052787354998,1.09440710142077,"RS"
3.1,1,0.826113164814588,0.64126816117278,1.06423958400157,"RS"
3.1,2,0.865903109639878,0.698505342277244,1.07341798251618,"RS"
3.1,3,0.906738119204825,0.726846943715438,1.1311515084818,"RS"
3.1,4,0.948131719058037,0.736939220512815,1.2198478947265,"RS"
3.1,5,0.989512111893634,0.746679892314932,1.31131724539761,"RS"
3.1,6,1.0302214758255,0.767556470157627,1.38277290403675,"RS"
3.1,7,1.06969032680822,0.804289212359335,1.4226690818226,"RS"
3.1,8,1.10800720359439,0.851174384410443,1.44233659482997,"RS"
3.1,9,1.14549378169472,0.892238157030603,1.47063426234558,"RS"
3.1,10,1.18254347333015,0.904825146911301,1.54550199128453,"RS"
3.1,11,1.21961937026774,0.879865270278519,1.69056724771217,"RS"
3.1,12,1.25725369393625,0.829937226824307,1.90458603353017,"RS"
3.2,0,0.790061633020628,0.571137765176239,1.09290161153782,"RS"
3.2,1,0.828269090459794,0.64506904754442,1.06349806865265,"RS"
3.2,2,0.867886882933848,0.702045010220073,1.07290505680329,"RS"
3.2,3,0.908483762981768,0.730273171221618,1.1301835807837,"RS"
3.2,4,0.949543308313985,0.740343131526428,1.21785757977506,"RS"
3.2,5,0.990460443486084,0.7499910049249,1.30803154127013,"RS"
3.2,6,1.03054137159347,0.77057424786775,1.37821309433119,"RS"
3.2,7,1.06918729661979,0.806725184550978,1.4170395286338,"RS"
3.2,8,1.10649151156213,0.852762746208625,1.43571406068379,"RS"
3.2,9,1.14279184689811,0.892887284262752,1.46264061360793,"RS"
3.2,10,1.17850042286833,0.904769689133786,1.53504617073381,"RS"
3.2,11,1.21410074946512,0.879529526042949,1.67594217840936,"RS"
3.2,12,1.25014647101223,0.829636012276767,1.88379744352631,"RS"
3.3,0,0.79235547087975,0.575245740791425,1.09140693744087,"RS"
3.3,1,0.830429249285531,0.64888654670854,1.06276319268287,"RS"
3.3,2,0.869873693487129,0.705597277317383,1.07239677213292,"RS"
3.3,3,0.910231211873491,0.733710516732608,1.12922036712557,"RS"
3.3,4,0.950955510186648,0.743757648509381,1.21587506920669,"RS"
3.3,5,0.991408431160868,0.75331153112714,1.30475989914319,"RS"
3.3,6,1.03086058025517,0.773598723572234,1.37367539984675,"RS"
3.3,7,1.06868446339192,0.809163908587063,1.41144021646932,"RS"
3.3,8,1.10497887348663,0.854350362644312,1.42913067546752,"RS"
3.3,9,1.14009853216751,0.893534125713638,1.45470063833586,"RS"
3.3,10,1.17447492233105,0.904711938459639,1.5246746334895,"RS"
3.3,11,1.20861248440775,0.879191420009678,1.66146314013188,"RS"
3.3,12,1.24308660630488,0.829331848165636,1.86326416161695,"RS"
3.4,0,0.794654426865488,0.579376098268919,1.08992355746753,"RS"
3.4,1,0.832593329481371,0.652720018274667,1.06203522626629,"RS"
3.4,2,0.871863199969402,0.709161507721835,1.0718932587061,"RS"
3.4,3,0.911980111233921,0.737158345503568,1.12826196482667,"RS"
3.4,4,0.952367984246885,0.747182124324058,1.21390053093013,"RS"
3.4,5,0.992355788870773,0.756640825131763,1.30150261391704,"RS"
3.4,6,1.03117892336997,0.776629297890117,1.3691602607463,"RS"
3.4,7,1.06818181812784,0.811604904193261,1.40587173720084,"RS"
3.4,8,1.10346950375629,0.855936947587151,1.42258720008832,"RS"
3.4,9,1.13741431304257,0.894178625338015,1.44681530384944,"RS"
3.4,10,1.17046772545535,0.904652032892071,1.51438856767159,"RS"
3.4,11,1.20315560019592,0.878851210126777,1.64713137059228,"RS"
3.4,12,1.23607536440306,0.829025052934342,1.84298689294877,"RS"
3.5,0,0.796958221934438,0.583528199986309,1.08845195060633,"RS"
3.5,1,0.834761015938046,0.656568804277732,1.06131444136532,"RS"
3.5,2,0.873855057914124,0.712737051187278,1.07139464823676,"RS"
3.5,3,0.913730103699221,0.740616009784176,1.12730847210485,"RS"
3.5,4,0.953780388058118,0.750615899013539,1.2119341328099,"RS"
3.5,5,0.993302229485962,0.759978228946231,1.29825997840734,"RS"
3.5,6,1.03149622227964,0.779665361417364,1.36466811176905,"RS"
3.5,7,1.06767935184759,0.814047684779777,1.40033467286387,"RS"
3.5,8,1.10196361556897,0.857522212231712,1.41608437975915,"RS"
3.5,9,1.13473966042137,0.894820726220381,1.4389855523039,"RS"
3.5,10,1.1664795749949,0.904590109367245,1.50418911813226,"RS"
3.5,11,1.19773110132387,0.878509152476917,1.6329480313709,"RS"
3.5,12,1.22911397631912,0.828715942682758,1.82296621673817,"RS"
3.6,0,0.799266573728385,0.587701386290334,1.08699259654957,"RS"
3.6,1,0.836931990233114,0.660432228958404,1.06060111176022,"RS"
3.6,2,0.875848919708617,0.716323242927079,1.07090107396228,"RS"
3.6,3,0.915480829182899,0.744082848713523,1.12635998807182,"RS"
3.6,4,0.955192377176004,0.754058299708886,1.20997604265796,"RS"
3.6,5,0.994247464796205,0.763323072298579,1.29503228335146,"RS"
3.6,6,1.03181229811002,0.78270629468182,1.3601993822777,"RS"
3.6,7,1.06717705558801,0.816491757432964,1.39482959577457,"RS"
3.6,8,1.10046142093874,0.859105865107234,1.40962294422627,"RS"
3.6,9,1.1320750406012,0.895460370581354,1.43121230113195,"RS"
3.6,10,1.16251120285025,0.904526303751096,1.49407738741029,"RS"
3.6,11,1.1923399719889,0.878165501265547,1.6189142100819,"RS"
3.6,12,1.22220364010068,0.828404831147076,1.8032025909445,"RS"
3.7,0,0.801579196557404,0.591894975164642,1.08554597574491,"RS"
3.7,1,0.839105930617831,0.664309598550982,1.05989551307677,"RS"
3.7,2,0.877844434585536,0.719919403479507,1.07041267065215,"RS"
3.7,3,0.917231924872323,0.747558188221956,1.12541661272687,"RS"
3.7,4,0.956603605149357,0.757508640543713,1.20802642822388,"RS"
3.7,5,0.995191205513949,0.766674672567991,1.29181981741346,"RS"
3.7,6,1.03212697177296,0.785751468104706,1.355754496305,"RS"
3.7,7,1.06667492040276,0.818936622911593,1.38935706864714,"RS"
3.7,8,1.09896313070295,0.86068761208988,1.40320360799884,"RS"
3.7,9,1.12942091532126,0.896097499785409,1.42349644349033,"RS"
3.7,10,1.15856333020366,0.904460750837522,1.48405443669022,"RS"
3.7,11,1.18698317640828,0.877820508810997,1.60503092253412,"RS"
3.7,12,1.21534552145343,0.828092029682292,1.78369635689357,"RS"
3.8,0,0.803895801383971,0.596108261906358,1.08411256944514,"RS"
3.8,1,0.841282512005261,0.668200201079618,1.05919792281169,"RS"
3.8,2,0.879841248615736,0.723524838580716,1.06992957461451,"RS"
3.8,3,0.918983025226664,0.751041340940308,1.1244784469486,"RS"
3.8,4,0.958013723522313,0.760966222576428,1.20608545718323,"RS"
3.8,5,0.996133161278229,0.770032334723163,1.28862286718764,"RS"
3.8,6,1.03244006396859,0.788800241969031,1.35133387259954,"RS"
3.8,7,1.06617293736228,0.821381775648037,1.38391764471141,"RS"
3.8,8,1.09746895452974,0.862267156417743,1.39682707058029,"RS"
3.8,9,1.12677774180727,0.896732054350142,1.41583884870982,"RS"
3.8,10,1.15463666765844,0.904393584348128,1.47412128676511,"RS"
3.8,11,1.1816616591439,0.877474425536747,1.59129911488486,"RS"
3.8,12,1.20854075437424,0.827777847247564,1.76444774384815,"RS"
3.9,0,0.80621609580811,0.600340518812526,1.08269285975523,"RS"
3.9,1,0.84346140595962,0.672103306163669,1.05850862035506,"RS"
3.9,2,0.881839004702547,0.727138839045939,1.06945192370016,"RS"
3.9,3,0.92073376197629,0.754531606116991,1.12354559248452,"RS"
3.9,4,0.959422381837761,0.764430333720613,1.20415329712396,"RS"
3.9,5,0.997073040659421,0.77339535126887,1.28544171720035,"RS"
3.9,6,1.03275139518793,0.791851966395304,1.34693792467033,"RS"
3.9,7,1.06567109755377,0.823826703754692,1.37851186783041,"RS"
3.9,8,1.09597910092596,0.863844198708788,1.39049401670103,"RS"
3.9,9,1.12414597281794,0.897363973957272,1.40824036274823,"RS"
3.9,10,1.15073191538254,0.904324936933744,1.46427891900207,"RS"
3.9,11,1.17637634543416,0.877127499966075,1.57771966578468,"RS"
3.9,12,1.20179044179391,0.827462590394748,1.74545687352244,"RS"
4,0,0.808539784053591,0.604590994877579,1.08128732967615,"RS"
4,1,0.845642280686904,0.676018164833076,1.05782788700941,"RS"
4,2,0.883837342577498,0.730760680659516,1.06897985730355,"RS"
4,3,0.922483764123627,0.758028269543433,1.12261815193811,"RS"
4,4,0.960829227642048,0.767900248684006,1.20223011553043,"RS"
4,5,0.998010551164843,0.776763002201223,1.28227664990966,"RS"
4,6,1.03306078571575,0.794905981324966,1.34256706083001,"RS"
4,7,1.0651693920812,0.826270889035951,1.37314027261737,"RS"
4,8,1.09449377724548,0.865418436982009,1.38420511655217,"RS"
4,9,1.1215260566932,0.897993197465579,1.40070180864596,"RS"
4,10,1.14684976325643,0.904254940177929,1.45452827630946,"RS"
4,11,1.17112814153281,0.876779978719398,1.56429338851159,"RS"
4,12,1.19509565622905,0.827146563260451,1.72672376453774,"RS"
4.1,0,0.810866566955208,0.608858915503091,1.0798964631444,"RS"
4.1,1,0.84782480102681,0.679944009354734,1.05715600600452,"RS"
4.1,2,0.885835898797493,0.734389624074468,1.06851351636035,"RS"
4.1,3,0.9242326579455,0.761530603488414,1.12169622875307,"RS"
4.1,4,0.962233906490979,0.771375228916579,1.20031607976488,"RS"
4.1,5,0.998945399245212,0.780134554972096,1.27912794570274,"RS"
4.1,6,1.03336805563381,0.797961616511989,1.33822168423607,"RS"
4.1,7,1.06466781206527,0.828713807006079,1.36780338455196,"RS"
4.1,8,1.09301318969791,0.866989566682053,1.37796102601972,"RS"
4.1,9,1.11891843740433,0.898619662926022,1.39322398698326,"RS"
4.1,10,1.14299089102501,0.904183724602729,1.44487026410497,"RS"
4.1,11,1.16591793505454,0.87643210651458,1.55102103309268,"RS"
4.1,12,1.18845744044232,0.826830067561979,1.70824833681659,"RS"
4.2,0,0.813196141947155,0.613143482221149,1.07852074506636,"RS"
4.2,1,0.850008628445969,0.683880053070876,1.05649326250742,"RS"
4.2,2,0.887834306743476,0.738024914722355,1.06805304334097,"RS"
4.2,3,0.925980066996987,0.765037866641859,1.1207799271943,"RS"
4.2,4,0.963636061957103,0.774854522568258,1.19841135704592,"RS"
4.2,5,0.999877290301969,0.783509264463255,1.27599588289041,"RS"
4.2,6,1.03367302482435,0.801018191523112,1.33390219293002,"RS"
4.2,7,1.06416634864344,0.831154926913375,1.36250172009526,"RS"
4.2,8,1.09153754335764,0.868557280707586,1.37176238691889,"RS"
4.2,9,1.11632355460571,0.899243307599284,1.38580767633897,"RS"
4.2,10,1.13915596845356,0.904111419676959,1.43530575128343,"RS"
4.2,11,1.16074659532695,0.876084126170574,1.5379032884118,"RS"
4.2,12,1.18187680811059,0.826513402597612,1.69003041591297,"RS"
4.3,0,0.815528203052515,0.617443872432831,1.07716066134646,"RS"
4.3,1,0.852193421032528,0.687825490250634,1.05583994362654,"RS"
4.3,2,0.889832196620601,0.741665782734233,1.06759858223954,"RS"
4.3,3,0.927725612116785,0.768549304068688,1.1198693523253,"RS"
4.3,4,0.96503533563833,0.778337364456819,1.19651611442361,"RS"
4.3,5,1.00080592869545,0.786886372970734,1.2728807376986,"RS"
4.3,6,1.03397551297392,0.804075015747224,1.32960897987381,"RS"
4.3,7,1.06366499296989,0.833593711771009,1.35723578680308,"RS"
4.3,8,1.09006704217336,0.870121269443746,1.3656098272281,"RS"
4.3,9,1.11374184368842,0.899864067976035,1.37845363374983,"RS"
4.3,10,1.13534565548745,0.904038153827324,1.42583557118368,"RS"
4.3,11,1.15561497374861,0.875736278614773,1.52494078430139,"RS"
4.3,12,1.17535474450045,0.826196865251679,1.67206973727611,"RS"
4.4,0,0.817862440873902,0.621759239163364,1.0758166989079,"RS"
4.4,1,0.854378833492088,0.691779495955977,1.05519633840919,"RS"
4.4,2,0.891829195459925,0.745311442873568,1.0671502785576,"RS"
4.4,3,0.929468911434122,0.772064147173383,1.11896460998146,"RS"
4.4,4,0.966431367167854,0.781822976046588,1.19463051875093,"RS"
4.4,5,1.00173101775396,0.790265110200068,1.26978278425622,"RS"
4.4,6,1.03427533957756,0.807131388414427,1.3253424329832,"RS"
4.4,7,1.06316373621549,0.836029618394988,1.35200608343717,"RS"
4.4,8,1.08860188897791,0.871681220798998,1.35950396132204,"RS"
4.4,9,1.11117373583543,0.900481879800211,1.37116259517006,"RS"
4.4,10,1.1315606024157,0.903964054452719,1.41646052255316,"RS"
4.4,11,1.15052390415297,0.875388802894494,1.51213409361707,"RS"
4.4,12,1.1688922071504,0.825880750004961,1.6543659504459,"RS"
4.5,0,0.820198542585252,0.626088710835702,1.07448934570473,"RS"
4.5,1,0.856564517145034,0.695741225923378,1.05456273783136,"RS"
4.5,2,0.89382492712166,0.748961094482081,1.06670827928186,"RS"
4.5,3,0.931209580377233,0.775581613675969,1.11806580673872,"RS"
4.5,4,0.967823794225431,0.785310565438561,1.19275473665099,"RS"
4.5,5,1.00265225978368,0.793644693272985,1.26670229457899,"RS"
4.5,6,1.03457232394325,0.810186598625356,1.32110293515762,"RS"
4.5,7,1.06266256956785,0.838462097449701,1.34681310007372,"RS"
4.5,8,1.08714228549851,0.873236820246766,1.35344539020347,"RS"
4.5,9,1.10861965807857,0.901096678095645,1.36393527593027,"RS"
4.5,10,1.12780145003814,0.903889247942082,1.40718137050972,"RS"
4.5,11,1.14547420317789,0.875041936193063,1.49948373429332,"RS"
4.5,12,1.16249012655943,0.825565348951023,1.63691862317773,"RS"
4.6,0,0.822536191924813,0.630431391064379,1.07317909072374,"RS"
4.6,1,0.85875011992527,0.699709816462663,1.05393943477856,"RS"
4.6,2,0.89581901229998,0.752613921439508,1.06627273285512,"RS"
4.6,3,0.9329472316834,0.779100907600143,1.11717304987717,"RS"
4.6,4,0.969212252549988,0.788799327372635,1.1908889344796,"RS"
4.6,5,1.0035693560795,0.797024326746262,1.26363953854881,"RS"
4.6,6,1.03486628519664,0.813239925391382,1.31689086430587,"RS"
4.6,7,1.06216148423126,0.840890593501563,1.34165731820885,"RS"
4.6,8,1.08568843236738,0.874787750872255,1.3474347017331,"RS"
4.6,9,1.10608003335699,0.901708397196427,1.3567723711954,"RS"
4.6,10,1.12406882983612,0.90381385969622,1.39799884749923,"RS"
4.6,11,1.14046667064045,0.874695913851045,1.4869901713788,"RS"
4.6,12,1.15614940688129,0.825250951819118,1.61972724549481,"RS"
4.7,0,0.824875069189333,0.63478635847169,1.07188642397465,"RS"
4.7,1,0.860935286380388,0.703684384374607,1.05332672401651,"RS"
4.7,2,0.89781106852944,0.75626909213842,1.0658437891396,"RS"
4.7,3,0.934681475410604,0.782621219274351,1.11628644733882,"RS"
4.7,4,0.970596375953608,0.792288443242657,1.18903327828266,"RS"
4.7,5,1.00448200693669,0.800403202643419,1.26059478388802,"RS"
4.7,6,1.03515704228622,0.816290637686338,1.31270659336719,"RS"
4.7,7,1.06166047142672,0.843314545081294,1.33653921086035,"RS"
4.7,8,1.0842405291327,0.876333693424892,1.34147247085702,"RS"
4.7,9,1.10355528057737,0.902316970781379,1.34967455642067,"RS"
4.7,10,1.12036336414663,0.903738014154065,1.38891365424843,"RS"
4.7,11,1.13550208991682,0.874350969393177,1.47465381904971,"RS"
4.7,12,1.14987092662414,0.824937846004418,1.60279123366633,"RS"
4.8,0,0.827214851229478,0.639152666528386,1.0706118364668,"RS"
4.8,1,0.863119657673292,0.707664026889006,1.05272490215036,"RS"
4.8,2,0.899800710192997,0.759925759475264,1.06542159937161,"RS"
4.8,3,0.93641191895078,0.786141725346689,1.1154061076791,"RS"
4.8,4,0.97197579633688,0.795777081125083,1.18718793374776,"RS"
4.8,5,1.00538991166351,0.803780500500053,1.25756829612799,"RS"
4.8,6,1.03544441398868,0.819337994510495,1.30855049032714,"RS"
4.8,7,1.06115952239191,0.845733384755415,1.33145924266508,"RS"
4.8,8,1.08279877426999,0.877874326376859,1.33555925983108,"RS"
4.8,9,1.10104581467561,0.902922331913099,1.34264248780521,"RS"
4.8,10,1.11668566633977,0.903661834823857,1.37992646071168,"RS"
4.8,11,1.13058122832708,0.874007334561665,1.46247504259976,"RS"
4.8,12,1.14365553935505,0.824626316606367,1.58610993410951,"RS"
4.9,0,0.829555211446507,0.643529343421288,1.06935582017051,"RS"
4.9,1,0.865302871585298,0.711647821625086,1.05213426757065,"RS"
4.9,2,0.901787548531675,0.763583060858958,1.06500631610656,"RS"
4.9,3,0.938138167044705,0.789661588814512,1.11453214001109,"RS"
4.9,4,0.973350143705634,0.799264395822049,1.18535306614948,"RS"
4.9,5,1.00629276859467,0.807155387423586,1.25456033857148,"RS"
4.9,6,1.03572821891463,0.822381244967524,1.30442291822747,"RS"
4.9,7,1.06065862838117,0.848146539207606,1.32641786997146,"RS"
4.9,8,1.08136336519381,0.879409325988241,1.32969561844163,"RS"
4.9,9,1.09855204668011,0.903524413082041,1.33567680274232,"RS"
4.9,10,1.11303634099954,0.903585444319818,1.37103790701078,"RS"
4.9,11,1.12570483752458,0.873665239356557,1.45045416040534,"RS"
4.9,12,1.13750407440891,0.82431664647607,1.5696826272141,"RS"
5,0,0.831895819790219,0.647915391950415,1.06811886796078,"RS"
5,1,0.867484562520739,0.715634826576271,1.05155512038457,"RS"
5,2,0.903771191655884,0.767240118238407,1.06459809315301,"RS"
5,3,0.93985982179854,0.793179959069774,1.11366465394202,"RS"
5,4,0.974719046189068,0.802749528919743,1.18352884028751,"RS"
5,5,1.00719027510574,0.810527018168329,1.25157117224796,"RS"
5,6,1.03600827551467,0.825419628355263,1.30032423516942,"RS"
5,7,1.06015778066554,0.850553429330593,1.32141554092639,"RS"
5,8,1.07993449826982,0.880938366379337,1.32388208422186,"RS"
5,9,1.09607438377655,0.904123146256163,1.3287781202659,"RS"
5,10,1.10941598410764,0.903508964404927,1.36224860436681,"RS"
5,11,1.12087365388971,0.873324912083976,1.43859144586414,"RS"
5,12,1.13141733760146,0.824009116273717,1.5535085310876,"RS"
5.1,0,0.834236342758188,0.652309789458427,1.06690147354122,"RS"
5.1,1,0.869664361513091,0.719624080121512,1.05098776233039,"RS"
5.1,2,0.905751244558423,0.770896038150491,1.06419708549466,"RS"
5.1,3,0.941576482702036,0.796695971961133,1.11280375950085,"RS"
5.1,4,0.976082130059292,0.806231608863025,1.18171542041705,"RS"
5.1,5,1.0080821276284,0.813894535226766,1.2486010558612,"RS"
5.1,6,1.03628440208573,0.828452374271162,1.29625479430961,"RS"
5.1,7,1.05965697053273,0.852953470329305,1.31645269555569,"RS"
5.1,8,1.07851236882723,0.882461119610756,1.31811918266312,"RS"
5.1,9,1.09361322937424,0.90471846293671,1.32194704149197,"RS"
5.1,10,1.10582518323045,0.903432516040452,1.35355913602284,"RS"
5.1,11,1.1160883989279,0.872986579413093,1.42688712930603,"RS"
5.1,12,1.12539611194595,0.823704004537148,1.53758680521984,"RS"
5.2,0,0.83657644339633,0.656711487795463,1.06570413134547,"RS"
5.2,1,0.871841896232642,0.723614601065578,1.05043249667324,"RS"
5.2,2,0.907727309129185,0.774549911790158,1.06380344919869,"RS"
5.2,3,0.943287746648425,0.800208749873978,1.11194956705634,"RS"
5.2,4,0.977439019752278,0.80970975104728,1.1799129701706,"RS"
5.2,5,1.00896802166666,0.817257068938061,1.24565024572835,"RS"
5.2,6,1.03655641677774,0.831478702733324,1.29221494384771,"RS"
5.2,7,1.0591561892871,0.855346071836099,1.31152976583744,"RS"
5.2,8,1.07709717117157,0.883977255771942,1.3124074274204,"RS"
5.2,9,1.0911689831738,0.905310294220751,1.31518415005475,"RS"
5.2,10,1.10226451770898,0.903356219442995,1.34497005815642,"RS"
5.2,11,1.11134977967167,0.872650466442798,1.41534139987447,"RS"
5.2,12,1.11944115837313,0.823401587762791,1.52191655406523,"RS"
5.3,0,0.838915781300799,0.661119413322652,1.06452733641337,"RS"
5.3,1,0.874016790995739,0.72760538871089,1.04988962807974,"RS"
5.3,2,0.909698984171582,0.778200815104399,1.06341734130899,"RS"
5.3,3,0.944993207956014,0.803717401829586,1.11110218722419,"RS"
5.3,4,0.978789337890246,0.813183057928598,1.17812165247022,"RS"
5.3,5,1.00984765181394,0.820613737614841,1.24271899570949,"RS"
5.3,6,1.03682413760066,0.834497824318142,1.28820502700497,"RS"
5.3,7,1.0586554282497,0.857730638038891,1.30664717576724,"RS"
5.3,8,1.07568909859785,0.885486443078851,1.30674732051118,"RS"
5.3,9,1.08874204123646,0.905898570871159,1.3084900125362,"RS"
5.3,10,1.09873455885166,0.903280194149839,1.33648190078071,"RS"
5.3,11,1.10665848908639,0.872316796779135,1.40395440737692,"RS"
5.3,12,1.11355321645423,0.823102140500326,1.50649683054137,"RS"
5.4,0,0.841254012621252,0.665532466957907,1.06337158423876,"RS"
5.4,1,0.876188666775616,0.731595422963717,1.04935946246906,"RS"
5.4,2,0.911665865420718,0.781847808912048,1.06303891972255,"RS"
5.4,3,0.946692458391495,0.807221023604743,1.11026173076257,"RS"
5.4,4,0.980132705305487,0.816650619153419,1.17634162942939,"RS"
5.4,5,1.01072071177112,0.823963647689393,1.23980755712685,"RS"
5.4,6,1.03708738243174,0.837508940315617,1.28422538199269,"RS"
5.4,7,1.05815467875822,0.860106567823126,1.30180534141457,"RS"
5.4,8,1.07428834340401,0.886988347981551,1.30113935250673,"RS"
5.4,9,1.08633279605465,0.906483223394764,1.30186517888814,"RS"
5.4,10,1.09523587013001,0.903204559093492,1.32809516863307,"RS"
5.4,11,1.10201520647985,0.871985792624669,1.39272626410274,"RS"
5.4,12,1.10773300512659,0.822805935462568,1.49132663944256,"RS"
5.5,0,0.843590790065494,0.669949524267854,1.06223737058555,"RS"
5.5,1,0.878357141214846,0.735583664477793,1.04884230683784,"RS"
5.5,2,0.913627545563321,0.785489939051468,1.06266834304719,"RS"
5.5,3,0.948385087194996,0.810718697873226,1.10942830845442,"RS"
5.5,4,0.981468741065632,0.820111511708879,1.17457306224339,"RS"
5.5,5,1.01158689436546,0.827305893880497,1.23691617867257,"RS"
5.5,6,1.03734596902321,0.84051124290348,1.28027634196949,"RS"
5.5,7,1.05765393216701,0.862473254928582,1.29700467096916,"RS"
5.5,8,1.07289509690475,0.888482635282583,1.29558400271507,"RS"
5.5,9,1.08394163662408,0.907064182129485,1.2953101828461,"RS"
5.5,10,1.09176900737703,0.9031294326864,1.31981034204973,"RS"
5.5,11,1.09742059791513,0.871657674881074,1.38165704660686,"RS"
5.5,12,1.10198122342172,0.822513243652221,1.47640494076652,"RS"
5.6,0,0.845925762905537,0.674369435610101,1.06112519126837,"RS"
5.6,1,0.880521828639422,0.739569054838633,1.04833846905571,"RS"
5.6,2,0.915583614259471,0.789126236558405,1.06230577043853,"RS"
5.6,3,0.950070681106876,0.814209494370679,1.10860203097552,"RS"
5.6,4,0.982797062500388,0.823564800095178,1.17281611106711,"RS"
5.6,5,1.01244589157048,0.830639559382164,1.23404510630384,"RS"
5.6,6,1.03759971501018,0.843503915341369,1.27635823498638,"RS"
5.6,7,1.05715317984711,0.864830088122056,1.29224556477634,"RS"
5.6,8,1.07150954944572,0.889968968266986,1.29008173935446,"RS"
5.6,9,1.08156894851713,0.907641377341319,1.28882554233371,"RS"
5.6,10,1.08833451898828,0.903054932916875,1.31162787782533,"RS"
5.6,11,1.09287531662695,0.871332663266363,1.37074679745747,"RS"
5.6,12,1.09629855119547,0.822224334507319,1.46173065295306,"RS"
5.7,0,0.848258576985079,0.678791026330365,1.06003554189379,"RS"
5.7,1,0.882682340074503,0.743550516792144,1.04784825762847,"RS"
5.7,2,0.917533658166122,0.792755717876407,1.06195136141415,"RS"
5.7,3,0.951748824396293,0.817692470084507,1.10778300874669,"RS"
5.7,4,0.984117285229738,0.827009536521363,1.17107093487903,"RS"
5.7,5,1.01329739452674,0.833963716075709,1.23119458312436,"RS"
5.7,6,1.03784843791894,0.846486132186375,1.27247138391822,"RS"
5.7,7,1.05665241318619,0.867176451387107,1.28752841536029,"RS"
5.7,8,1.07013189041801,0.891447008844976,1.28463301971635,"RS"
5.7,9,1.07921511395764,0.908214739332134,1.28241175985658,"RS"
5.7,10,1.08493294612558,0.902981177457411,1.30354821005585,"RS"
5.7,11,1.08838000344115,0.871010976448301,1.359995526946,"RS"
5.7,12,1.09068564986001,0.821939476067347,1.4473026560329,"RS"
5.8,0,0.850588874728443,0.683213097019336,1.05896891755768,"RS"
5.8,1,0.884838283261831,0.747526954521361,1.04737198142515,"RS"
5.8,2,0.919477260962459,0.796377385102453,1.06160527564235,"RS"
5.8,3,0.953419098891558,0.821166669470544,1.10697135176868,"RS"
5.8,4,0.985429023193619,0.830444761126059,1.16933769133011,"RS"
5.8,5,1.01414109356359,0.837277424766606,1.22836484925058,"RS"
5.8,6,1.03809195517553,0.849457059531366,1.26861610638056,"RS"
5.8,7,1.05615162358859,0.869511724132077,1.28285360743379,"RS"
5.8,8,1.06876230827301,0.892916417708326,1.27923829031685,"RS"
5.8,9,1.07688051189707,0.908784198559306,1.27606932288449,"RS"
5.8,10,1.08156482292322,0.902908283786654,1.29557175096352,"RS"
5.8,11,1.08393528719719,0.870692832195725,1.34940321475754,"RS"
5.8,12,1.08514316311759,0.821658935162245,1.43311979468505,"RS"
5.9,0,0.852916295150982,0.687634423834524,1.05792581249414,"RS"
5.9,1,0.886989262678863,0.751497253975468,1.04690994936527,"RS"
5.9,2,0.921414003377099,0.799990226270603,1.06126767270308,"RS"
5.9,3,0.955081084012281,0.824631124698367,1.10616716943801,"RS"
5.9,4,0.986731888683094,0.833869502224746,1.16761653657611,"RS"
5.9,5,1.0149766782218,0.840579735447738,1.22555614166148,"RS"
5.9,6,1.03833008411467,0.852415855267614,1.26479271463,"RS"
5.9,7,1.05565080247532,0.871835281417728,1.27822151789339,"RS"
5.9,8,1.06740099053753,0.894376854501606,1.27389798703523,"RS"
5.9,9,1.07456551809189,0.909349685768303,1.2697987042207,"RS"
5.9,10,1.07823067669669,0.902836369326393,1.28769889170195,"RS"
5.9,11,1.07954178517361,0.870378447549623,1.33896981159956,"RS"
5.9,12,1.07967171769561,0.821382977626686,1.41918088120107,"RS"
6,0,0.855240473870983,0.692053758892741,1.05690671967064,"RS"
6,1,0.889134879559619,0.755460283255571,1.04646247006218,"RS"
6,2,0.923343463217155,0.803593215676699,1.06093871181816,"RS"
6,3,0.95673435680334,0.828084855927289,1.10537057034198,"RS"
6,4,0.988025492373014,0.837282776585312,1.1659076250919,"RS"
6,5,1.01580383727718,0.843869687590735,1.22276869403026,"RS"
6,6,1.03856264198895,0.855361669373344,1.26100151544701,"RS"
6,7,1.05514994128403,0.874146494205922,1.27363251579824,"RS"
6,8,1.06604812382938,0.895827978009509,1.26861253523842,"RS"
6,9,1.07227050518237,0.909911132139452,1.26360036235696,"RS"
6,10,1.07493102815385,0.902765551595096,1.27993000314012,"RS"
6,11,1.0752001035163,0.870068039016034,1.32869524078697,"RS"
6,12,1.07427192408308,0.82111186854228,1.40548469835415,"RS"
6.1,0,0.857561043123084,0.696469830739258,1.0559121303241,"RS"
6.1,1,0.891274731917273,0.759414893062015,1.04602985141791,"RS"
6.1,2,0.925265215399187,0.80718531424738,1.06061855154779,"RS"
6.1,3,0.958378491970669,0.831526871615172,1.10458166203082,"RS"
6.1,4,0.989309443356193,0.840683589733728,1.16421110946597,"RS"
6.1,5,1.01662225876513,0.847146310467206,1.2200027365364,"RS"
6.1,6,1.03878944597843,0.858293644229943,1.25724280999926,"RS"
6.1,7,1.05464903146908,0.876444729630885,1.26908696233145,"RS"
6.1,8,1.06470389387316,0.897269446361586,1.26338234988985,"RS"
6.1,9,1.06999584277256,0.910468469450178,1.25747474181281,"RS"
6.1,10,1.07166639160844,0.902695948379615,1.27226543662307,"RS"
6.1,11,1.07091083766941,0.869761822782978,1.31857939978123,"RS"
6.1,12,1.06894437726809,0.820845872510579,1.39203000217114,"RS"
6.2,0,0.85987763177323,0.700881344900119,1.05494253343169,"RS"
6.2,1,0.893408414568519,0.763359917208375,1.04561240016478,"RS"
6.2,2,0.927178831982055,0.8107654699569,1.06030734945003,"RS"
6.2,3,0.960013061918898,0.834956168862371,1.10380055076498,"RS"
6.2,4,0.990583349179088,0.844070936291813,1.16252714017346,"RS"
6.2,5,1.01743163000606,0.850408623501816,1.2172584956561,"RS"
6.2,6,1.03901031320043,0.861210914967694,1.25351689368377,"RS"
6.2,7,1.05414806450146,0.878729351294699,1.26458521074199,"RS"
6.2,8,1.06336848551639,0.898700917255844,1.2582078356414,"RS"
6.2,9,1.06774189751165,0.91102163025415,1.25142227345769,"RS"
6.2,10,1.06843727519596,0.902627677926847,1.26470552470769,"RS"
6.2,11,1.066674572809,0.869460014963876,1.30862216168104,"RS"
6.2,12,1.06368965747637,0.820585253960033,1.37881552460521,"RS"
6.3,0,0.862189865335191,0.705286984524528,1.05399841511021,"RS"
6.3,1,0.895535519159714,0.767294173207612,1.04521042134861,"RS"
6.3,2,0.929083882201696,0.814332618295456,1.06000526169982,"RS"
6.3,3,0.961637636790846,0.838371733793292,1.10302734123511,"RS"
6.3,4,0.991846815879014,0.847443800349197,1.16085586532578,"RS"
6.3,5,1.01823163763192,0.853655636659265,1.21453619392946,"RS"
6.3,6,1.03922506071981,0.864112609843007,1.24982405594601,"RS"
6.3,7,1.05364703186886,0.880999719588783,1.26012760626558,"RS"
6.3,8,1.06204208274604,0.900122048202726,1.25308938690669,"RS"
6.3,9,1.06550903317645,0.911570548078867,1.24544337481425,"RS"
6.3,10,1.06524418109178,0.902560859157278,1.25725058187147,"RS"
6.3,11,1.06249188427903,0.869162831870101,1.2988233766622,"RS"
6.3,12,1.05850833091059,0.820330277490332,1.36583997610685,"RS"
6.4,0,0.864497365988652,0.70968541112465,1.05308025793706,"RS"
6.4,1,0.897655634194839,0.771216462936218,1.04482421774803,"RS"
6.4,2,0.930979932507843,0.817885682793034,1.05971244266374,"RS"
6.4,3,0.963251784508885,0.841772541978178,1.10226213625248,"RS"
6.4,4,0.993099448022872,0.850801155871721,1.15919743039469,"RS"
6.4,5,1.01902196761346,0.856886350867383,1.21183604970214,"RS"
6.4,6,1.03943350555937,0.866997850649286,1.24616458007402,"RS"
6.4,7,1.05314592507563,0.883255192043269,1.2557144860226,"RS"
6.4,8,1.06072486870532,0.901532496791136,1.2480273879141,"RS"
6.4,9,1.06329761075522,0.912115157643315,1.23953845034104,"RS"
6.4,10,1.0620876057316,0.902495611902511,1.24990090519192,"RS"
6.4,11,1.05836333802998,0.868870490315543,1.28918287336375,"RS"
6.4,12,1.05340095049049,0.820081208257873,1.35310204809052,"RS"
6.5,0,0.866799752598915,0.714075265420639,1.05218854018553,"RS"
6.5,1,0.899768345065276,0.775125573382559,1.04445408922399,"RS"
6.5,2,0.932866546602691,0.821423575602964,1.05942904442648,"RS"
6.5,3,0.964855070818185,0.845157558897931,1.10150503640706,"RS"
6.5,4,0.994340848747425,0.854141967148648,1.15755197790871,"RS"
6.5,5,1.01980230528866,0.860099758478668,1.20915827683943,"RS"
6.5,6,1.03963546471076,0.869865753163673,1.24253874296508,"RS"
6.5,7,1.05264473564283,0.885495123706261,1.25134617889112,"RS"
6.5,8,1.05941702571075,0.902931920978274,1.24302221273759,"RS"
6.5,9,1.06110798853266,0.912655395097502,1.23370789169282,"RS"
6.5,10,1.05896804003398,0.902432057169034,1.2426567749946,"RS"
6.5,11,1.05428949105971,0.868583207956323,1.27970046021756,"RS"
6.5,12,1.04836805659372,0.819838312406403,1.34060041529417,"RS"
6.6,0,0.869096640738213,0.718455168299126,1.05132373496681,"RS"
6.6,1,0.901873234081445,0.779020277485942,1.04410033199322,"RS"
6.6,2,0.934743285481551,0.824945198149683,1.05915521626481,"RS"
6.6,3,0.966447059331862,0.848525740454949,1.10075613969049,"RS"
6.6,4,0.995570619801117,0.857465189281245,1.15591964711944,"RS"
6.6,5,1.02057233539194,0.863294843772791,1.20650308441028,"RS"
6.6,6,1.03983075514558,0.872715427632088,1.23894681486305,"RS"
6.6,7,1.05214345510818,0.887718867555169,1.24702300535273,"RS"
6.6,8,1.05811873526966,0.904319979405186,1.23807422530362,"RS"
6.6,9,1.0589405221761,0.913191198285752,1.22795207795652,"RS"
6.6,10,1.05588596962514,0.902370317430675,1.23551845546702,"RS"
6.6,11,1.05027089185676,0.868301203669049,1.27037592671819,"RS"
6.6,12,1.04341017779725,0.819601857547251,1.32833373802855,"RS"
6.7,0,0.871387642708672,0.722823721893849,1.05048630927042,"RS"
6.7,1,0.903969880506296,0.782899335073303,1.04376323781915,"RS"
6.7,2,0.936609707475487,0.828449441845415,1.05889110406451,"RS"
6.7,3,0.968027311578027,0.851876033533136,1.10001554108111,"RS"
6.7,4,0.996788361587432,0.860769768715398,1.15430057363536,"RS"
6.7,5,1.02133174208442,0.866470583502677,1.20387067633897,"RS"
6.7,6,1.04001919382682,0.875545979295106,1.23538905906347,"RS"
6.7,7,1.05164207502612,0.889925774942368,1.24274527730907,"RS"
6.7,8,1.05683017809786,0.905696331740046,1.2331837793718,"RS"
6.7,9,1.05679556482297,0.913722507035824,1.22227137586063,"RS"
6.7,10,1.05284187506587,0.90231051695238,1.22848619523597,"RS"
6.7,11,1.0463080808458,0.868024697971263,1.26120904462958,"RS"
6.7,12,1.03852783161942,0.819372113293894,1.31630066431279,"RS"
6.8,0,0.873672367566931,0.727179510797492,1.0496767228946,"RS"
6.8,1,0.906057860590694,0.786761493900723,1.04344309311327,"RS"
6.8,2,0.938465368295964,0.831935188880752,1.05863684967546,"RS"
6.8,3,0.969595387048754,0.855207376610412,1.09928333208764,"RS"
6.8,4,0.997993673209819,0.864054643821134,1.15269488902024,"RS"
6.8,5,1.02208020898509,0.869625947487005,1.2012612510215,"RS"
6.8,6,1.04020059772068,0.878356508957394,1.23186573158409,"RS"
6.8,7,1.05114058696779,0.892115196077664,1.23851329786653,"RS"
6.8,8,1.05555153413778,0.907060639051333,1.22835121848735,"RS"
6.8,9,1.05467346716936,0.91424926347604,1.21666613995603,"RS"
6.8,10,1.04983623208056,0.902252782148142,1.22156022790534,"RS"
6.8,11,1.0424015908355,0.867753913488049,1.25219956912513,"RS"
6.8,12,1.0337215252626,0.819149351855996,1.30449983189279,"RS"
6.9,0,0.875950421150449,0.731521103414208,1.04889542725767,"RS"
6.9,1,0.908136747610709,0.790605490807269,1.0431401779399,"RS"
6.9,2,0.940309821081517,0.835401313094317,1.05839259019997,"RS"
6.9,3,0.971150843250982,0.858518700427251,1.09855960024835,"RS"
6.9,4,0.99918615251817,0.867318745522043,1.15110272035356,"RS"
6.9,5,1.02281741920296,0.872759899252051,1.1986750009041,"RS"
6.9,6,1.04037478380863,0.881146113603565,1.22837708079801,"RS"
6.9,7,1.05063898252106,0.89428648055011,1.23432736108664,"RS"
6.9,8,1.05428298257676,0.90841256421319,1.22357687590292,"RS"
6.9,9,1.05257457755979,0.914771412382756,1.21113671276557,"RS"
6.9,10,1.04686951178832,0.902197241976124,1.21474077255151,"RS"
6.9,11,1.03855194746847,0.867489075469028,1.24334723985703,"RS"
6.9,12,1.02899175635642,0.818933848698439,1.29292987013822,"RS"
7,0,0.878221406105512,0.73584705346259,1.04814286408113,"RS"
7,1,0.910206111906822,0.794430052988917,1.04285476491672,"RS"
7,2,0.942142616446455,0.838846680926935,1.05815845720904,"RS"
7,3,0.972693235759355,0.861808928714925,1.09784442858212,"RS"
7,4,1.00036539615687,0.870560997977778,1.14952418974969,"RS"
7,5,1.02354305537019,0.875871396726034,1.19611211202075,"RS"
7,6,1.04054156909987,0.883913887063481,1.22492334702628,"RS"
7,7,1.05013725329048,0.896438977891931,1.23018775169928,"RS"
7,8,1.05302470186576,0.909751772345413,1.2188610744673,"RS"
7,9,1.05049924207819,0.915288901560688,1.20568342490021,"RS"
7,10,1.04394218093618,0.902144028374212,1.20802803417297,"RS"
7,11,1.03475966967348,0.867230412360298,1.23465178195104,"RS"
7,12,1.02433901370162,0.818725883271275,1.28158940181393,"RS"
7.1,0,0.880484921916954,0.740155901639164,1.04741946393484,"RS"
7.1,1,0.912265520925079,0.79823389940051,1.04258711800354,"RS"
7.1,2,0.943963302531629,0.842270152465897,1.05793457588122,"RS"
7.1,3,0.974222118271014,0.865076978987332,1.09713789498768,"RS"
7.1,4,1.0015309996144,0.87378031932297,1.14795941383277,"RS"
7.1,5,1.02425679967608,0.878959392989233,1.19357276348662,"RS"
7.1,6,1.04070077064398,0.886658920730183,1.22150476208714,"RS"
7.1,7,1.04963539089739,0.898572038187437,1.22609474477603,"RS"
7.1,8,1.05177686973835,0.911077931290639,1.2142041264785,"RS"
7.1,9,1.04844780463996,0.915801682258702,1.20030659513883,"RS"
7.1,10,1.04105470213436,0.902093276739473,1.20142220409106,"RS"
7.1,11,1.03102527011992,0.866978156436189,1.22611290692201,"RS"
7.1,12,1.01976377801463,0.818525739816915,1.27047704472102,"RS"
7.2,0,0.882740564939632,0.744446177452615,1.04672564463472,"RS"
7.2,1,0.914314539260197,0.802015742293842,1.04233749117147,"RS"
7.2,2,0.945771425057249,0.845670582585059,1.05772106405847,"RS"
7.2,3,0.975737042662342,0.868321763400422,1.09644007158717,"RS"
7.2,4,1.00268255727454,0.876975622466031,1.146408503164,"RS"
7.2,5,1.02495833390214,0.882022837083321,1.19105712694399,"RS"
7.2,6,1.04085220554403,0.889380304333803,1.21812154879839,"RS"
7.2,7,1.04913338697981,0.900685012729942,1.22204860536051,"RS"
7.2,8,1.05053966322996,0.912390712131442,1.20960633349842,"RS"
7.2,9,1.04642060708528,0.916309709623911,1.19500653046901,"RS"
7.2,10,1.03820753409359,0.902045126455192,1.1949234602979,"RS"
7.2,11,1.02734925567438,0.866732544496005,1.21773031350569,"RS"
7.2,12,1.01526652267284,0.818333708261312,1.25959141320261,"RS"
7.3,0,0.884987928431648,0.748716401239096,1.04606180948296,"RS"
7.3,1,0.916352728700646,0.805774288900003,1.0421061269446,"RS"
7.3,2,0.947566527377797,0.849046822186643,1.05751803121341,"RS"
7.3,3,0.97723755904768,0.871542189683374,1.09575102400999,"RS"
7.3,4,1.00381966246913,0.880145815951511,1.14487156161764,"RS"
7.3,5,1.02564733945804,0.885060674883527,1.1885653659573,"RS"
7.3,6,1.04099569096993,0.892077126774946,1.21477392042959,"RS"
7.3,7,1.04863123319258,0.902777254729885,1.21804958805259,"RS"
7.3,8,1.04931325869752,0.913689789750214,1.20506798612625,"RS"
7.3,9,1.04441798927347,0.916812943197007,1.18978352608579,"RS"
7.3,10,1.03540113186446,0.901999721469391,1.18853196774805,"RS"
7.3,11,1.02373212785953,0.86649381863124,1.20950368840174,"RS"
7.3,12,1.01084771446073,0.818150085196287,1.24893111950887,"RS"
7.4,0,0.88722660258935,0.752965086368865,1.04542834534113,"RS"
7.4,1,0.918379648275725,0.809508243264054,1.04189325480646,"RS"
7.4,2,0.949348150539021,0.852397719550605,1.05732557732207,"RS"
7.4,3,0.97872321584002,0.874737162145844,1.09507081061285,"RS"
7.4,4,1.00494190753242,0.883289804889756,1.14334868570225,"RS"
7.4,5,1.02632349741853,0.888071850037356,1.1860976353536,"RS"
7.4,6,1.04113104417208,0.894748477021182,1.21146208010052,"RS"
7.4,7,1.04812892120725,0.904848120077452,1.21409793654324,"RS"
7.4,8,1.04809783183928,0.914974843434799,1.20058936372766,"RS"
7.4,9,1.04244028917852,0.91731134745195,1.18463786534541,"RS"
7.4,10,1.03263594707884,0.901957210928938,1.18224787858969,"RS"
7.4,11,1.02017438331523,0.866262227069083,1.20143270692283,"RS"
7.4,12,1.00650781431696,0.817975174960538,1.23849477501561,"RS"
7.5,0,0.889456174584133,0.757190741654367,1.04482562052636,"RS"
7.5,1,0.920394854304635,0.813216308239924,1.04169908946356,"RS"
7.5,2,0.951115833337039,0.855722121797486,1.05714379163672,"RS"
7.5,3,0.980193559813675,0.877905582765634,1.09439948163161,"RS"
7.5,4,1.00604888385698,0.886406491957794,1.14183996382335,"RS"
7.5,5,1.02698648856136,0.89105530497376,1.18365408050474,"RS"
7.5,6,1.04125808249538,0.897393445070424,1.20818622012206,"RS"
7.5,7,1.04762644271217,0.906896968163155,1.21019388309644,"RS"
7.5,8,1.04689355771505,0.916245557533015,1.19617073411652,"RS"
7.5,9,1.04048784298585,0.917804892383257,1.17956981967063,"RS"
7.5,10,1.02991242819333,0.901917749873565,1.17607133233133,"RS"
7.5,11,1.01667651426196,0.866038025098293,1.19351703354427,"RS"
7.5,12,1.00224727808255,0.817809290827287,1.22828099129044,"RS"
7.6,0,0.891676228601043,0.761391873969445,1.0442539825216,"RS"
7.6,1,0.922397900447583,0.816897187653079,1.0415238289588,"RS"
7.6,2,0.952869112379552,0.85901887647046,1.05697275135283,"RS"
7.6,3,0.981648136168939,0.881046352361252,1.09373707826082,"RS"
7.6,4,1.00714018195122,0.889494778475451,1.14034547548357,"RS"
7.6,5,1.02763599340607,0.894009981986744,1.1812348365472,"RS"
7.6,6,1.0413766233935,0.900011122985093,1.20494652127584,"RS"
7.6,7,1.04712378941249,0.908923162759916,1.20633764797475,"RS"
7.6,8,1.04570061076666,0.917501622159282,1.19181235318616,"RS"
7.6,9,1.03856098519003,0.918293554144294,1.17457964840446,"RS"
7.6,10,1.02723102073476,0.901881499994308,1.17000245593954,"RS"
7.6,11,1.01323900896655,0.865821476083824,1.18575632234852,"RS"
7.6,12,0.998066557250229,0.81765275630684,1.2182883810001,"RS"
7.7,0,0.89388634587922,0.765566991088828,1.04371375549105,"RS"
7.7,1,0.924388337758915,0.820549588638012,1.04136765262782,"RS"
7.7,2,0.95460752214919,0.862286833242183,1.05681252016506,"RS"
7.7,3,0.983086488598738,0.884158371853821,1.09308363165641,"RS"
7.7,4,1.0082153914985,0.892553565560778,1.1388652904163,"RS"
7.7,5,1.02827169225382,0.8969348243975,1.17884002753577,"RS"
7.7,6,1.04148648444356,0.902600606001041,1.20174315202858,"RS"
7.7,7,1.04662095303014,0.910926072970332,1.20252943880485,"RS"
7.7,8,1.04451916483879,0.918742733956712,1.18751446448655,"RS"
7.7,9,1.03666004869381,0.918777315740078,1.1696675986087,"RS"
7.7,10,1.02459216754776,0.901848630461045,1.16404136386341,"RS"
7.7,11,1.00986235221032,0.865612852576798,1.17815021735861,"RS"
7.7,12,0.993966099715274,0.817505906572653,1.20851555865229,"RS"
7.8,0,0.896086104754175,0.76971460475618,1.04320523759305,"RS"
7.8,1,0.926365714742301,0.824172224156857,1.04123071889243,"RS"
7.8,2,0.956330595068986,0.865524845751632,1.05666314670699,"RS"
7.8,3,0.984508159357284,0.887240543622762,1.0924391618573,"RS"
7.8,4,1.00927410141779,0.895581755368941,1.13739946764888,"RS"
7.8,5,1.02889326522815,0.899828777799224,1.17646976552694,"RS"
7.8,6,1.04158748336096,0.905160993715319,1.19857626767713,"RS"
7.8,7,1.04611792530389,0.912905074242835,1.19876944987931,"RS"
7.8,8,1.04334939319997,0.919968596918076,1.18327729874423,"RS"
7.8,9,1.03478536490815,0.919256167778198,1.16483390480384,"RS"
7.8,10,1.02199630904443,0.901819318823974,1.15818815798102,"RS"
7.8,11,1.0065470257597,0.865412437526659,1.17069835275447,"RS"
7.8,12,0.989946350527865,0.817369090019783,1.19896114116539,"RS"
7.9,0,0.898275080701939,0.773833233987923,1.04272869808363,"RS"
7.9,1,0.928329577407979,0.827763815704528,1.0411131628857,"RS"
7.9,2,0.95803786157,0.868731773575716,1.05652466287009,"RS"
7.9,3,0.985912689330724,0.890291772959602,1.0918036766217,"RS"
7.9,4,1.01031589992591,0.898578252418702,1.13594805449118,"RS"
7.9,5,1.02950039231664,0.902690791388807,1.17412414958779,"RS"
7.9,6,1.04167943801472,0.907691391356866,1.19544600942024,"RS"
7.9,7,1.04561469798933,0.914859549460555,1.19505786139085,"RS"
7.9,8,1.04219146856404,0.92117892326912,1.17910107332139,"RS"
7.9,9,1.03293726385346,0.919730109281569,1.16007878864651,"RS"
7.9,10,1.01944388345603,0.901793751993968,1.15244292746317,"RS"
7.9,11,1.00329350883938,0.86522052560246,1.16340035296589,"RS"
7.9,12,0.98600775264729,0.817242669964737,1.1896237482589,"RS"
8,0,0.900452846385081,0.777921408618602,1.04228437420536,"RS"
8,1,0.93027946933208,0.831323096204536,1.04101509390502,"RS"
8,2,0.959728850161088,0.871906484339783,1.05639708199782,"RS"
8,3,0.987299618109799,0.893310969624048,1.09117717017399,"RS"
8,4,1.01134037460145,0.901541965010612,1.13451108544565,"RS"
8,5,1.03009275341357,0.905519819389567,1.1718032647264,"RS"
8,6,1.04176216644294,0.910190911144239,1.1923525033529,"RS"
8,7,1.04511126285891,0.916788890106652,1.19139483859527,"RS"
8,8,1.04104556311177,0.922373434417765,1.17498599161069,"RS"
8,9,1.03111607426196,0.920199148566758,1.15540245854103,"RS"
8,10,1.0169353270869,0.901772127306828,1.14680574854968,"RS"
8,11,1.00010227860813,0.865037424630343,1.15625583263589,"RS"
8,12,0.98215074769818,0.817127026495872,1.18050200265768,"RS"
8.1,0,0.902618971700619,0.781977673091832,1.04187246785779,"RS"
8.1,1,0.932214931718031,0.834848813098188,1.0409365926904,"RS"
8.1,2,0.961403087500839,0.875047855970374,1.05628039695173,"RS"
8.1,3,0.988668484064509,0.896297049506264,1.09055962185847,"RS"
8.1,4,1.01234711245011,0.904471806740924,1.13308858103482,"RS"
8.1,5,1.03067002836355,0.908314822569143,1.1695071807397,"RS"
8.1,6,1.04183548686869,0.912658673734418,1.18929585937927,"RS"
8.1,7,1.04460761170193,0.918692497509916,1.18778053089939,"RS"
8.1,8,1.03991184851288,0.92355186197269,1.17093224236221,"RS"
8.1,9,1.02932212368113,0.92066330419166,1.15080510918122,"RS"
8.1,10,1.01447107457041,0.901754653676475,1.14127668423352,"RS"
8.1,11,0.996973810637261,0.864863457154253,1.14926439644831,"RS"
8.1,12,0.978375776729033,0.817022558483457,1.1715945301032,"RS"
8.2,0,0.904773023829841,0.786000590498695,1.04149314204816,"RS"
8.2,1,0.934135503460061,0.838339731628038,1.04087770852754,"RS"
8.2,2,0.96306009847167,0.878154779092556,1.05617457804726,"RS"
8.2,3,0.990018824420782,0.899248936398874,1.08995099469626,"RS"
8.2,4,1.01333569997177,0.907366698115061,1.13168054654247,"RS"
8.2,5,1.03123189700601,0.911074769856549,1.16723595097476,"RS"
8.2,6,1.04189921771616,0.915093809766639,1.1862761700403,"RS"
8.2,7,1.04410373632458,0.920569784174296,1.18421507087022,"RS"
8.2,8,1.03879049594823,0.924713948834766,1.16693999893926,"RS"
8.2,9,1.02755573857836,0.921122605976242,1.14628692101879,"RS"
8.2,10,1.01205155912717,0.90174155284206,1.135855783848,"RS"
8.2,11,0.993908579392064,0.864698962126843,1.14242563881353,"RS"
8.2,12,0.974683280973299,0.816929685758345,1.16289995916478,"RS"
8.3,0,0.906914567290041,0.789988746862969,1.04114651712318,"RS"
8.3,1,0.936040721208816,0.841794638314353,1.04083845617692,"RS"
8.3,2,0.964699406256092,0.881226159572965,1.05607957085822,"RS"
8.3,3,0.991350175339159,0.90216556388179,1.08935123384265,"RS"
8.3,4,1.01430572322908,0.910225568264263,1.13028697066502,"RS"
8.3,5,1.03177803922071,0.913798640062166,1.16498961099976,"RS"
8.3,6,1.04195317762714,0.917495461505026,1.18329350925224,"RS"
8.3,7,1.04359962854995,0.922420175195921,1.18069857316191,"RS"
8.3,8,1.03768167613243,0.92585945036471,1.16300941849958,"RS"
8.3,9,1.02581724444673,0.921577096100048,1.14184805965496,"RS"
8.3,10,1.00967721282542,0.901733060713876,1.13054308255243,"RS"
8.3,11,0.990907058716093,0.864544296737288,1.1357391434065,"RS"
8.3,12,0.971073702613343,0.816848851467912,1.15441692084479,"RS"
8.4,0,0.90904316398819,0.793940755669562,1.04083266678602,"RS"
8.4,1,0.937930119439084,0.845212344620866,1.04081881263297,"RS"
8.4,2,0.966320532415159,0.884260921208257,1.05599529389041,"RS"
8.4,3,0.99266207199548,0.905045877322341,1.08876026494225,"RS"
8.4,4,1.01525676791754,0.913047356768677,1.12890782406976,"RS"
8.4,5,1.03230813497413,0.916485423704215,1.16276817718129,"RS"
8.4,6,1.04199718547775,0.919862784583526,1.1803479309527,"RS"
8.4,7,1.04309528021803,0.924243109770953,1.17723113335709,"RS"
8.4,8,1.03658555933667,0.926988135630174,1.15914064109877,"RS"
8.4,9,1.02410696591194,0.922026830279935,1.13748867515161,"RS"
8.4,10,1.00734846684367,0.901729428822708,1.12533860071213,"RS"
8.4,11,0.987969722318618,0.864399838382383,1.12920448255167,"RS"
8.4,12,0.967547485547565,0.816780524617377,1.14614404797171,"RS"
8.5,0,0.911158373276549,0.797855262629163,1.04055161390574,"RS"
8.5,1,0.939803230519654,0.848591690803269,1.04081871371981,"RS"
8.5,2,0.967922996969089,0.887258008556941,1.05592163612632,"RS"
8.5,3,0.993954048663585,0.907888835992435,1.0881779923803,"RS"
8.5,4,1.01618841943734,0.915831015589718,1.12754305785726,"RS"
8.5,5,1.03282186436684,0.919134124944846,1.16057164516463,"RS"
8.5,6,1.04203106039556,0.922194949856344,1.17743946765078,"RS"
8.5,7,1.04259068318578,0.926038042797331,1.17381282671958,"RS"
8.5,8,1.03550231541187,0.928099788735246,1.15533378871313,"RS"
8.5,9,1.02242522684037,0.922471879031384,1.1332089012591,"RS"
8.5,10,1.00506575173566,0.901730925876976,1.12024234316854,"RS"
8.5,11,0.985097044265292,0.864265986786743,1.12282121644996,"RS"
8.5,12,0.964105076161054,0.816725202803933,1.13807997437622,"RS"
8.6,0,0.913259752010248,0.801730950668262,1.04030332613032,"RS"
8.6,1,0.941659584785303,0.851931549930677,1.04083805053373,"RS"
8.6,2,0.969506318480066,0.890216389910676,1.05585845444509,"RS"
8.6,3,0.995225638800011,0.910693415303606,1.08760429742943,"RS"
8.6,4,1.01710026296655,0.91857551111402,1.12619260192559,"RS"
8.6,5,1.03331890768175,0.92174376363852,1.15839998825459,"RS"
8.6,6,1.04205462177692,0.924491145356587,1.17456812887895,"RS"
8.6,7,1.04208582932709,0.92780444657308,1.17044370685584,"RS"
8.6,8,1.03443211381211,0.929194210235063,1.15158896417907,"RS"
8.6,9,1.02077235044832,0.922912329016356,1.12900885455755,"RS"
8.6,10,1.0028294976976,0.901737839431533,1.1152542983961,"RS"
8.6,11,0.982289499472222,0.864143166277244,1.1165888922436,"RS"
8.6,12,0.960746924100104,0.816683415150083,1.13022333384618,"RS"
8.7,0,0.915346854606824,0.805566545129439,1.04008771131872,"RS"
8.7,1,0.943498710610921,0.855230832066783,1.04087666574556,"RS"
8.7,2,0.971070014137229,0.893135060398831,1.05580557092383,"RS"
8.7,3,0.996476375130694,0.91345860915972,1.08703903629199,"RS"
8.7,4,1.01799188353605,0.921279826310544,1.1248563632348,"RS"
8.7,5,1.03379894543333,0.924313377494758,1.15625315569461,"RS"
8.7,6,1.04206768930465,0.926750578365319,1.1717338995441,"RS"
8.7,7,1.04158071053282,0.929541812593401,1.16712380428293,"RS"
8.7,8,1.03337512361833,0.930271218637823,1.147906250047,"RS"
8.7,9,1.01914865941251,0.923348284480332,1.1248886335094,"RS"
8.7,10,1.00064013483793,0.901750477671462,1.11037443754287,"RS"
8.7,11,0.979547564203598,0.864031828215879,1.11050704291586,"RS"
8.7,12,0.957473483050986,0.816655725441383,1.12257275885784,"RS"
8.8,0,0.917419233107739,0.80936081916213,1.03990461281199,"RS"
8.8,1,0.945320134487793,0.858488488593541,1.04093434978033,"RS"
8.8,2,0.972613599843848,0.896013045217711,1.05576277002904,"RS"
8.8,3,0.997705789739673,0.916183432425842,1.08648203803951,"RS"
8.8,4,1.01886286610585,0.923942963001664,1.12353422397089,"RS"
8.8,5,1.0342616584177,0.926842024356591,1.15413107084297,"RS"
8.8,6,1.04207008296602,0.928972477592492,1.1689367381766,"RS"
8.8,7,1.04107531871085,0.931249653448147,1.16385312490131,"RS"
8.8,8,1.0323315135624,0.931330651995999,1.14428570734792,"RS"
8.8,9,1.01755447598162,0.923779868780628,1.12084831742108,"RS"
8.8,10,0.998498093449387,0.901769171313423,1.10560271335284,"RS"
8.8,11,0.976871716573058,0.86393245359406,1.10457518602349,"RS"
8.8,12,0.954285211523387,0.816642735472169,1.11512687908221,"RS"
8.9,0,0.919476437241897,0.813112599279076,1.03975380456856,"RS"
8.9,1,0.94712338110202,0.861703516656089,1.0410108368957,"RS"
8.9,2,0.97413659030667,0.898849402973074,1.05572979570943,"RS"
8.9,3,0.998913414159773,0.918866923510373,1.08593310245221,"RS"
8.9,4,1.01971279564313,0.926563944248017,1.1222260396094,"RS"
8.9,5,1.03470672776369,0.929328784595182,1.15203362924544,"RS"
8.9,6,1.04206162307096,0.93115609547044,1.16617657507644,"RS"
8.9,7,1.04056964578604,0.932927504820596,1.16063164837177,"RS"
8.9,8,1.0313014520514,0.932372369587961,1.14072737427146,"RS"
8.9,9,1.01599012208914,0.924207226007514,1.11688796531258,"RS"
8.9,10,0.996403804283736,0.901794275626229,1.10093905896848,"RS"
8.9,11,0.974262437048989,0.863845555789973,1.09879282226163,"RS"
8.9,12,0.951182573638919,0.816645088600973,1.10788431966733,"RS"
9,0,0.921518014491146,0.816820771048296,1.03963498619392,"RS"
9,1,0.948907973415105,0.864874963703228,1.04110580118461,"RS"
9,2,0.975638499127463,0.901643229121653,1.05570634840453,"RS"
9,3,1.00009877946529,0.921508147055882,1.0853919977631,"RS"
9,4,1.02054125720161,0.929141816845795,1.12093163688003,"RS"
9,5,1.03513383498474,0.931772763620028,1.14996069660516,"RS"
9,6,1.04204213027067,0.933300710559616,1.16345331035691,"RS"
9,7,1.04006368370033,0.934574927587563,1.15745932639623,"RS"
9,8,1.03028510719224,0.933396253690496,1.13723126475511,"RS"
9,9,1.01445591946741,0.924630522698876,1.11300761469413,"RS"
9,10,0.994357698828983,0.901826172571241,1.09638338661364,"RS"
9,11,0.971720208963947,0.863771683488885,1.09315943386223,"RS"
9,12,0.94816603992517,0.816663473515047,1.10084369929986,"RS"
9.1,0,0.923543510157793,0.820484284884921,1.03954777790072,"RS"
9.1,1,0.950673432746691,0.868001932093278,1.04121885253276,"RS"
9.1,2,0.977118838896726,0.904393659494225,1.05569208198654,"RS"
9.1,3,1.00126141636663,0.924106196732242,1.08485845831308,"RS"
9.1,4,1.02134783600266,0.93167565393381,1.11965081163474,"RS"
9.1,5,1.03554266203173,0.934173094502976,1.14791210665118,"RS"
9.1,6,1.04201142557647,0.935405630065131,1.16076681188707,"RS"
9.1,7,1.0395574244127,0.936191510019923,1.15433608090353,"RS"
9.1,8,1.02928264681654,0.934402211441864,1.1337973669849,"RS"
9.1,9,1.01295218976284,0.925049949648331,1.10920728025056,"RS"
9.1,10,0.992360209589304,0.901865273061848,1.09193558615777,"RS"
9.1,11,0.969245519028419,0.863711423764312,1.08767448282937,"RS"
9.1,12,0.945236088115748,0.816698628200786,1.09400362805152,"RS"
9.2,0,0.925552467434134,0.824102161901566,1.03949171544066,"RS"
9.2,1,0.952419278859466,0.871083583730555,1.04134953256538,"RS"
9.2,2,0.978577121289582,0.907099873879473,1.05568660065611,"RS"
9.2,3,1.00240085530694,0.92666019812364,1.08433218212532,"RS"
9.2,4,1.02213211751774,0.934164557706203,1.11838332662357,"RS"
9.2,5,1.03593289134676,0.936528940712865,1.14588765890907,"RS"
9.2,6,1.0419693303789,0.937470192461332,1.15811691313592,"RS"
9.2,7,1.0390508598992,0.937776870081451,1.15126180214222,"RS"
9.2,8,1.02829423850585,0.935390176794045,1.1304256418091,"RS"
9.2,9,1.01147925465249,0.925465723805619,1.10548695243438,"RS"
9.2,10,0.990411770367694,0.901912019339853,1.08759552356431,"RS"
9.2,11,0.966838857849151,0.863665405315662,1.08233740901709,"RS"
9.2,12,0.94239320395683,0.816751344113784,1.08736270501967,"RS"
9.3,0,0.927544427474002,0.827673499770366,1.03946624505529,"RS"
9.3,1,0.954145030046226,0.874119144693202,1.04149731062285,"RS"
9.3,2,0.980012857163838,0.909761099644516,1.05568945581616,"RS"
9.3,3,1.0035166265607,0.929169311698827,1.08381282840967,"RS"
9.3,4,1.02289368755249,0.93660766222492,1.11712890918403,"RS"
9.3,5,1.03630420591768,0.938839498956054,1.14388711637808,"RS"
9.3,6,1.04191566646716,0.939493770220181,1.15550341092234,"RS"
9.3,7,1.03854398215302,0.939330657822579,1.14823634668376,"RS"
9.3,8,1.02732004961716,0.936360112551693,1.12711602106731,"RS"
9.3,9,1.01003743596173,0.925878090266988,1.10184659597028,"RS"
9.3,10,0.988512816551432,0.901966887464804,1.08336303922751,"RS"
9.3,11,0.964500720452274,0.863634301855351,1.07714762805793,"RS"
9.3,12,0.939637882020719,0.81682247053886,1.08091951577424,"RS"
9.4,0,0.92951892946634,0.831197478544354,1.03947071849803,"RS"
9.4,1,0.955850203219101,0.877107909808802,1.04166157980853,"RS"
9.4,2,0.981425556660212,0.912376615364522,1.05570014295136,"RS"
9.4,3,1.00460826033423,0.931632735851554,1.08330001500998,"RS"
9.4,4,1.02363213233221,0.939004136324271,1.11588724885141,"RS"
9.4,5,1.03665628933365,0.94110400211634,1.14191020312138,"RS"
9.4,6,1.04185025604883,0.941475772637514,1.15292606307665,"RS"
9.4,7,1.03803678318446,0.940852557864204,1.14525953534099,"RS"
9.4,8,1.02636024730863,0.937312012494067,1.12386840583898,"RS"
9.4,9,1.00862705578337,0.926287324351883,1.09828614827484,"RS"
9.4,10,0.986663785400464,0.902030389910439,1.07923794620426,"RS"
9.4,11,0.962231606811482,0.863618835635483,1.07210452915342,"RS"
9.4,12,0.936970626526968,0.816912919126587,1.07467262962737,"RS"
9.5,0,0.93147551071081,0.834673366380899,1.03950438818485,"RS"
9.5,1,0.957534314000947,0.880049247130263,1.04184165315643,"RS"
9.5,2,0.98281472930471,0.914945754430502,1.05571809854402,"RS"
9.5,3,1.00567528686817,0.934049709995649,1.08279331580981,"RS"
9.5,4,1.02434703858888,0.941353186597777,1.11465799490002,"RS"
9.5,5,1.03698882584145,0.943321722285803,1.13995660177771,"RS"
9.5,6,1.04177292176986,0.943415648749403,1.15038458602163,"RS"
9.5,7,1.03752925502098,0.942342291965037,1.14233115100848,"RS"
9.5,8,1.02541499856573,0.938245903574734,1.1206826646164,"RS"
9.5,9,1.00724843659799,0.926693733760793,1.09480551779686,"RS"
9.5,10,0.984865116338775,0.902103078260222,1.07522002834935,"RS"
9.5,11,0.96003202238152,0.863619781101013,1.067207472741,"RS"
9.5,12,0.934391952171623,0.817023668588715,1.06862059674627,"RS"
9.6,0,0.933413706695435,0.838100525105428,1.03956640253544,"RS"
9.6,1,0.959196876818891,0.882942602260981,1.04203675996955,"RS"
9.6,2,0.984179884113158,0.917467908601185,1.05574269706041,"RS"
9.6,3,1.00671723654187,0.93641951769653,1.08229225811475,"RS"
9.6,4,1.02503799364965,0.943654060455337,1.11344075382701,"RS"
9.6,5,1.03730150040271,0.945491973876006,1.13802595100486,"RS"
9.6,6,1.04168348673483,0.945312890328847,1.14787865228258,"RS"
9.6,7,1.03702138970723,0.943799621664196,1.13945093643293,"RS"
9.6,8,1.02448447022761,0.93916184819232,1.1175586314092,"RS"
9.6,9,1.00590190139555,0.927097660807444,1.09140458228525,"RS"
9.6,10,0.983117251248857,0.902185545991622,1.07130903836502,"RS"
9.6,11,0.957902478637259,0.863637968652821,1.06245578805518,"RS"
9.6,12,0.931902384965192,0.817155769530467,1.06276194513418,"RS"
9.7,0,0.93533305117628,0.841478415550042,1.03965580157024,"RS"
9.7,1,0.960837405000037,0.885787502475579,1.04224604238267,"RS"
9.7,2,0.985520529697874,0.91994253146195,1.05577324804462,"RS"
9.7,3,1.00773363997967,0.938741489818252,1.08179632003192,"RS"
9.7,4,1.02570458552674,0.945906049236341,1.11223508679318,"RS"
9.7,5,1.037593998752,0.947614116796675,1.13611784286784,"RS"
9.7,6,1.04158177452751,0.947167034950766,1.14540788793845,"RS"
9.7,7,1.03651317930506,0.94522435098876,1.13661859192397,"RS"
9.7,8,1.02356882901377,0.94005994652382,1.11449610378871,"RS"
9.7,9,1.00458777379846,0.927499484716734,1.08808318699342,"RS"
9.7,10,0.981420634769382,0.902278431336244,1.06750469577854,"RS"
9.7,11,0.955843493618642,0.863674288500504,1.05784877060464,"RS"
9.7,12,0.929502463079956,0.817310349393025,1.05709517750917,"RS"
9.8,0,0.937233076259176,0.844806602598907,1.03977151283142,"RS"
9.8,1,0.962455410869323,0.888583560580568,1.04246855220505,"RS"
9.8,2,0.986836174376456,0.92236914175131,1.05580899335911,"RS"
9.8,3,1.00872402815911,0.941015007662502,1.08130492787048,"RS"
9.8,4,1.02634640300881,0.948108491361896,1.11104050703733,"RS"
9.8,5,1.03786600745571,0.949687559686555,1.13423182018682,"RS"
9.8,6,1.0414676092317,0.948977669110995,1.1429718700282,"RS"
9.8,7,1.03600461589357,0.946616329213971,1.13383377301764,"RS"
9.8,8,1.02266824155108,0.940940338910181,1.11149484088279,"RS"
9.8,9,1.00330637818593,0.927899623977864,1.08484114283097,"RS"
9.8,10,0.979775714596175,0.902382420200273,1.0638066848636,"RS"
9.8,11,0.953855592481815,0.86372969458089,1.05338567959079,"RS"
9.8,12,0.927192737707267,0.817488617474726,1.05161876811536,"RS"
9.9,0,0.939113312483483,0.84808475987086,1.03991234769741,"RS"
9.9,1,0.964050405849522,0.891330478458438,1.04270324809942,"RS"
9.9,2,0.988126326282702,0.924747326513417,1.05584910461353,"RS"
9.9,3,1.009687932521,0.943239506073283,1.08081745358886,"RS"
9.9,4,1.02696303575377,0.950260775506748,1.10985647728349,"RS"
9.9,5,1.03811721397183,0.951711763178566,1.13236737386258,"RS"
9.9,6,1.0413408154523,0.950744431382472,1.14057012392915,"RS"
9.9,7,1.0354956915691,0.947975453661503,1.1310960881072,"RS"
9.9,8,1.02178287440103,0.941803208281897,1.10855456133329,"RS"
9.9,9,1.00205803981974,0.928298538740082,1.0816782244753,"RS"
9.9,10,0.978182941786605,0.902498249126872,1.06021465252481,"RS"
9.9,11,0.951939308056735,0.863805208514379,1.04906573529702,"RS"
9.9,12,0.924973773925511,0.817691869994695,1.04633115950578,"RS"
10,0,0.940973288907903,0.85131267396952,1.04007699816044,"RS"
10,1,0.96562190056339,0.894028050238926,1.04294899315348,"RS"
10,2,0.989390493479612,0.927076744033753,1.05589268082448,"RS"
10,3,1.01062488508134,0.945414476478567,1.08033321231763,"RS"
10,4,1.02755407438296,0.952362343768876,1.10868240716294,"RS"
10,5,1.03834730671049,0.953686243178777,1.13052394019992,"RS"
10,6,1.04120121833668,0.952467015589272,1.13820212072654,"RS"
10,7,1.03498639844531,0.949301672518982,1.12840509605798,"RS"
10,8,1.02091289408737,0.942648782610323,1.1056749412307,"RS"
10,9,1.00084308497144,0.928696733236354,1.07859416845846,"RS"
10,10,0.976642771067525,0.90262670827939,1.05672820616695,"RS"
10,11,0.950095181411612,0.863901923567414,1.04488811648204,"RS"
10,12,0.922846151579438,0.81792149515795,1.04123075934142,"RS"
10.1,0,0.942812533198327,0.854490248232638,1.0402640341354,"RS"
10.1,1,0.967169404937939,0.896676165042806,1.04320455289826,"RS"
10.1,2,0.990628184074495,0.929357126514566,1.05593874634946,"RS"
10.1,3,1.01153441854507,0.94753946983787,1.07985145998868,"RS"
10.1,4,1.02811911057673,0.954412694812154,1.10751765067534,"RS"
10.1,5,1.03855597509533,0.955610574136026,1.12870089825177,"RS"
10.1,6,1.04104864359635,0.954145173976577,1.13586727459611,"RS"
10.1,7,1.03447672865314,0.950594987661565,1.12576030382553,"RS"
10.1,8,1.02005846712399,0.943477337368341,1.10285561204225,"RS"
10.1,9,0.999661841050959,0.92909475821809,1.07558867124597,"RS"
10.1,10,0.975155661146858,0.902768644421386,1.05334691157362,"RS"
10.1,11,0.948323762424509,0.86402100858568,1.04085195781417,"RS"
10.1,12,0.920810466171598,0.818178978176603,1.03631593725467,"RS"
10.2,0,0.944630571717732,0.85761750591547,1.04047190136499,"RS"
10.2,1,0.968692428310837,0.899274809246484,1.04346859382508,"RS"
10.2,2,0.991838906336131,0.931588282446959,1.05598624913797,"RS"
10.2,3,1.01241606642168,0.949614099462778,1.07937139110362,"RS"
10.2,4,1.0286577371714,0.956411386954977,1.10636150371597,"RS"
10.2,5,1.03874290962571,0.957484392276393,1.12689756720986,"RS"
10.2,6,1.04088291752881,0.955778720352053,1.13356494022405,"RS"
10.2,7,1.03396667434092,0.95185545745408,1.12316116409849,"RS"
10.2,8,1.01921976004313,0.944289197981917,1.10009615855235,"RS"
10.2,9,0.998514636736741,0.929493213381899,1.07266138732727,"RS"
10.2,10,0.973722075028989,0.902924963866789,1.0500702908228,"RS"
10.2,11,0.946625610362466,0.864163711859233,1.0369563473872,"RS"
10.2,12,0.918867329766631,0.818465906197831,1.03158502183032,"RS"
10.3,0,0.946426929618109,0.860694592747753,1.04069891998134,"RS"
10.3,1,0.970190479538922,0.901824068220032,1.04373968244803,"RS"
10.3,2,0.993022168813995,0.933770098637773,1.05603405934138,"RS"
10.3,3,1.01326936314256,0.951638043675872,1.07889213667569,"RS"
10.3,4,1.02916954825757,0.958358041175389,1.10521320169822,"RS"
10.3,5,1.03890780193962,0.959307398774209,1.12511320386996,"RS"
10.3,6,1.04070386703974,0.957367533171643,1.13129441029131,"RS"
10.3,7,1.03345622767434,0.953083199509914,1.12060707299013,"RS"
10.3,8,1.01839693942391,0.945084742252008,1.09739611683567,"RS"
10.3,9,0.997401802107365,0.929892749767284,1.06981192733891,"RS"
10.3,10,0.972342480334081,0.90309663537097,1.04689782026911,"RS"
10.3,11,0.945001294468524,0.864331364877778,1.03320032436109,"RS"
10.3,12,0.917017371909226,0.818783973085979,1.02703629775982,"RS"
10.4,0,0.948201130934431,0.863721778810359,1.04094328377789,"RS"
10.4,1,0.971663067108813,0.904324127497072,1.0440162849535,"RS"
10.4,2,0.994177480459508,0.935902541851743,1.05608096832094,"RS"
10.4,3,1.01409384418019,0.953611048272463,1.0784127623806,"RS"
10.4,4,1.02965413927972,0.960252344001179,1.10407191730278,"RS"
10.4,5,1.03905034487747,0.961079362828867,1.12334700020214,"RS"
10.4,6,1.04051131966538,0.958911558540385,1.12905491305139,"RS"
10.4,7,1.03294538083649,0.954278393380694,1.11809736780427,"RS"
10.4,8,1.01759017192117,0.945864402724342,1.09475497228574,"RS"
10.4,9,0.996323668774702,0.930294072102145,1.06703985624418,"RS"
10.4,10,0.971017349621458,0.903284692931286,1.04382892862506,"RS"
10.4,11,0.943451394557034,0.864525385931929,1.02958287677361,"RS"
10.4,12,0.915261240556556,0.819134984003731,1.02266800322779,"RS"
10.5,0,0.949952698680646,0.866699459685884,1.04120306023694,"RS"
10.5,1,0.973109699249616,0.906775273342011,1.04429676747098,"RS"
10.5,2,0.995304350749305,0.937985660032755,1.05612568808984,"RS"
10.5,3,1.01488904616902,0.955532928749088,1.07793226695207,"RS"
10.5,4,1.03011110713719,0.962094050251617,1.10293675838646,"RS"
10.5,5,1.03917023254657,0.962800124614647,1.12159808105872,"RS"
10.5,6,1.04030510359524,0.960410813096769,1.12684561003299,"RS"
10.5,7,1.03243412602791,0.955441283148793,1.11563132490374,"RS"
10.5,8,1.01679962429461,0.94662866898276,1.09217215772332,"RS"
10.5,9,0.99528057001866,0.930697941071251,1.06434469159402,"RS"
10.5,10,0.969747160717215,0.90349023846378,1.04086299517535,"RS"
10.5,11,0.941976501617658,0.86474728351463,1.02610293957036,"RS"
10.5,12,0.913599603026067,0.819520859735847,1.01847832759061,"RS"
10.6,0,0.951681154947701,0.869628156847113,1.04147619134855,"RS"
10.6,1,0.974529884047696,0.90917789268847,1.04457939699094,"RS"
10.6,2,0.996402289810488,0.940019583072479,1.05616685122084,"RS"
10.6,3,1.01565450702807,0.957403572262972,1.07744958085773,"RS"
10.6,4,1.03054005028636,0.963882985596174,1.10180676608514,"RS"
10.6,5,1.03926716038635,0.964469598068945,1.11986550205422,"RS"
10.6,6,1.040085047695,0.961865386747282,1.12466559390075,"RS"
10.6,7,1.03192245546661,0.956572179892997,1.11320815771096,"RS"
10.6,8,1.01602546343829,0.94737808984023,1.08964705161071,"RS"
10.6,9,0.994272840923528,0.931105175481252,1.0617259018963,"RS"
10.6,10,0.968532397046194,0.903714444321427,1.03799934815959,"RS"
10.6,11,0.940577218428493,0.864998659476158,1.02275939290177,"RS"
10.6,12,0.912033146959497,0.819943640698831,1.01446540940778,"RS"
10.7,0,0.953386021003577,0.872508517258357,1.04176049524556,"RS"
10.7,1,0.975923129563518,0.911532472432084,1.04486234294633,"RS"
10.7,2,0.99747080854785,0.942004523100053,1.05620301124544,"RS"
10.7,3,1.01638976608531,0.959222939287636,1.07696356528978,"RS"
10.7,4,1.03094056884414,0.965619048894712,1.10068091314608,"RS"
10.7,5,1.03934082523439,0.966087773482985,1.11814824765291,"RS"
10.7,6,1.03985098152965,0.963275445216383,1.12251388650864,"RS"
10.7,7,1.03141036138811,0.957671463996262,1.11082701487167,"RS"
10.7,8,1.0152678564104,0.948113275400338,1.08717897639912,"RS"
10.7,9,0.993300818515987,0.931516654294695,1.05918290512109,"RS"
10.7,10,0.967373547968498,0.903958555618572,1.0352372633597,"RS"
10.7,11,0.939254160178738,0.865281211886417,1.01955106073523,"RS"
10.7,12,0.910562581304072,0.820405490581126,1.01062733488513,"RS"
10.8,0,0.955066817395337,0.875341312176748,1.04205366866711,"RS"
10.8,1,0.977288943950521,0.913839598071009,1.0451436794641,"RS"
10.8,2,0.99850941877304,0.94394077427291,1.05623264356437,"RS"
10.8,3,1.01709436420362,0.960991064931623,1.07647301150335,"RS"
10.8,4,1.0313122646927,0.967302214283412,1.09955810252488,"RS"
10.8,5,1.03939092539308,0.967654719858287,1.11644522950055,"RS"
10.8,6,1.03960273538694,0.96464123237621,1.12038943718146,"RS"
10.8,7,1.03089783604545,0.958739587263537,1.1084869786138,"RS"
10.8,8,1.01452697046337,0.948834898961148,1.08476719703765,"RS"
10.8,9,0.992364841904788,0.931933318504696,1.05671506737073,"RS"
10.8,10,0.966271109120704,0.904223892326199,1.03257596292814,"RS"
10.8,11,0.938007955101381,0.865596737559679,1.01647670982911,"RS"
10.8,12,0.90918863731183,0.820908699561201,1.0069621367867,"RS"
10.9,0,0.956723064053171,0.878127435153431,1.04235329025036,"RS"
10.9,1,0.97862683557602,0.916099951698136,1.04542138828221,"RS"
10.9,2,0.999517633335643,0.945828712055911,1.05625414688175,"RS"
10.9,3,1.01776784390837,0.962708059889987,1.0759766405324,"RS"
10.9,4,1.03165474158537,0.968932532971137,1.09843716628234,"RS"
10.9,5,1.03941716069704,0.969170586991943,1.1147552850368,"RS"
10.9,6,1.039340140301,0.965963072319923,1.11829112126052,"RS"
10.9,7,1.03038487170925,0.959777074817165,1.106187063334,"RS"
10.9,8,1.01380297307436,0.949543698732808,1.0824109196723,"RS"
10.9,9,0.99146525242218,0.932356172821721,1.05432170174363,"RS"
10.9,10,0.965225582761954,0.90451185110349,1.03001461449238,"RS"
10.9,11,0.936839245116372,0.865947134199621,1.01353504911293,"RS"
10.9,12,0.907912069558094,0.821455687055332,1.00346779386742,"RS"
11,0,0.958354280396433,0.88086789924779,1.04265682463677,"RS"
11,1,0.979936313144111,0.918314309359871,1.04569336231715,"RS"
11,2,1.00049496625615,0.947668791983774,1.0562658451678,"RS"
11,3,1.01840974951673,0.964374111001622,1.07547310331,"RS"
11,4,1.03196760525378,0.970510134712092,1.09731686481477,"RS"
11,5,1.03941923258122,0.970635607254275,1.11307717642456,"RS"
11,6,1.03906302807621,0.967241371142891,1.11621773894886,"RS"
11,7,1.02987146066773,0.960784526737485,1.10392621444422,"RS"
11,8,1.01309603197599,0.950240479340295,1.08010929056406,"RS"
11,9,0.990602393767091,0.932786287144214,1.05200206742038,"RS"
11,10,0.964237478125099,0.904823906832801,1.02755233056951,"RS"
11,11,0.935748686484772,0.866334402126516,1.01072472951398,"RS"
11,12,0.906733656980123,0.822049003952903,1.0001422308732,"RS"
11.1,0,0.959959985441653,0.883563833481056,1.04296162736599,"RS"
11.1,1,0.981216885820558,0.920483537807081,1.04595740985558,"RS"
11.1,2,1.00144093286076,0.949461547909914,1.05626599014644,"RS"
11.1,3,1.01901962726842,0.965989481389855,1.07496098121506,"RS"
11.1,4,1.03225046351608,0.972035228922631,1.09619588644969,"RS"
11.1,5,1.03939684414967,0.972050097023706,1.111409589831,"RS"
11.1,6,1.03877123131136,0.968476618396938,1.11416801449085,"RS"
11.1,7,1.02935759522675,0.961762619416992,1.10170330750981,"RS"
11.1,8,1.01240631518747,0.950926113083302,1.07786139525404,"RS"
11.1,9,0.98977661215014,0.933224797785754,1.04975536899986,"RS"
11.1,10,0.963307311773092,0.90516161382779,1.025188168322,"RS"
11.1,11,0.934736950474393,0.866760645553738,1.00804434426528,"RS"
11.1,12,0.90565420393704,0.822691334304778,0.996983319147221,"RS"
11.2,0,0.961539697912518,0.886216478568399,1.04326495051777,"RS"
11.2,1,0.982468063359642,0.92260859067406,1.04621125933418,"RS"
11.2,2,1.00235504991809,0.951207589753167,1.0562527642962,"RS"
11.2,3,1.01959702545806,0.967554510168738,1.07443878706288,"RS"
11.2,4,1.03250292638634,0.973508105412829,1.09507284743591,"RS"
11.2,5,1.03934970024497,0.973414457745716,1.10975113509306,"RS"
11.2,6,1.03846458342394,0.969669388184604,1.11214059571875,"RS"
11.2,7,1.02884326770983,0.962712106597867,1.09951714770945,"RS"
11.2,8,1.01173399104605,0.951601540926404,1.07566625800276,"RS"
11.2,9,0.9889882564405,0.933672908433052,1.04758075611161,"RS"
11.2,10,0.962435607960816,0.90552660668799,1.02292112968257,"RS"
11.2,11,0.93380472403747,0.867228073387346,1.00549242972353,"RS"
11.2,12,0.904674541292156,0.823385496439464,0.99398887787228,"RS"
11.3,0,0.963092936351799,0.888827181980499,1.0435639490502,"RS"
11.3,1,0.983689356232944,0.924690504130823,1.04645256466166,"RS"
11.3,2,1.00323683577756,0.952907600762142,1.05622428434402,"RS"
11.3,3,1.02014149456901,0.969069611703203,1.07390496655077,"RS"
11.3,4,1.03272460618504,0.974929134707023,1.09394629235338,"RS"
11.3,5,1.03927750751826,0.974729176585674,1.10810034579737,"RS"
11.3,6,1.03814291867474,0.970820339862986,1.11013405399665,"RS"
11.3,7,1.02832847045822,0.963633820064821,1.09736646964488,"RS"
11.3,8,1.01107922823881,0.952267773194525,1.07352284152869,"RS"
11.3,9,0.988237678314677,0.934131890811375,1.04547732332798,"RS"
11.3,10,0.961622899002558,0.905920600777542,1.02075016187115,"RS"
11.3,11,0.932952710500902,0.867738999530199,1.00306746671778,"RS"
11.3,12,0.903795527518869,0.824134443492337,0.991156675968616,"RS"
11.4,0,0.964619219235216,0.891397392396365,1.04385568777187,"RS"
11.4,1,0.984880275760039,0.926730392062413,1.04667891102879,"RS"
11.4,2,1.00408581050961,0.954562334324869,1.05617860522414,"RS"
11.4,3,1.02065258740871,0.970535274417513,1.07335790016424,"RS"
11.4,4,1.03291511765058,0.976298767931915,1.09281469496387,"RS"
11.4,5,1.03917997449999,0.975994826649051,1.10645567980054,"RS"
11.4,6,1.03780607219258,0.971930218330108,1.10814688458836,"RS"
11.4,7,1.02781319583089,0.964528669968126,1.09524993752546,"RS"
11.4,8,1.01044219583479,0.952925889951204,1.07143004706874,"RS"
11.4,9,0.987525232407248,0.934603085036988,1.0434441103973,"RS"
11.4,10,0.960869725645332,0.906345392311187,1.01867415832213,"RS"
11.4,11,0.93218163026965,0.868295842680833,1.00076788244119,"RS"
11.4,12,0.903018049831355,0.82494126334483,0.988484434655276,"RS"
11.5,0,0.966118065087222,0.893928653618283,1.04413714887636,"RS"
11.5,1,0.986040334241079,0.928729440835937,1.04688782114533,"RS"
11.5,2,1.00490149604767,0.956172610358793,1.05611372446647,"RS"
11.5,3,1.02112985924539,0.97195205915304,1.072795905542,"RS"
11.5,4,1.03307407805191,0.977617536255904,1.09167645951826,"RS"
11.5,5,1.03905681167114,0.977212066747052,1.10481552021159,"RS"
11.5,6,1.03745387999939,0.972999853870935,1.10617750747223,"RS"
11.5,7,1.0272974362046,0.965397644755272,1.09316614574928,"RS"
11.5,8,1.0098230633175,0.9535770410403,1.06938671478024,"RS"
11.5,9,0.986851276463604,0.935087899639876,1.04148010281483,"RS"
11.5,10,0.960176637448278,0.906802858036652,1.01669196003374,"RS"
11.5,11,0.931492221543879,0.86890112562679,0.99859205288846,"RS"
11.5,12,0.902343025341319,0.825809177982848,0.98596983067078,"RS"
11.6,0,0.967588992598684,0.896422598027229,1.04440523995994,"RS"
11.6,1,0.98716904509122,0.930688903721489,1.04707676183699,"RS"
11.6,2,1.00568341633174,0.957739311322701,1.05602758697236,"RS"
11.6,3,1.02157286794616,0.973320597083281,1.07221724029174,"RS"
11.6,4,1.03320110730205,0.978886049869066,1.0905299225308,"RS"
11.6,5,1.03890773153516,0.978381640690952,1.10317817685264,"RS"
11.6,6,1.03708617903535,0.974030161545093,1.10422426862019,"RS"
11.6,7,1.02678118397394,0.966241810694032,1.09111361989776,"RS"
11.6,8,1.00922200061772,0.954222445775552,1.06739162450012,"RS"
11.6,9,0.986216171494763,0.93558781124427,1.03958423274483,"RS"
11.6,10,0.959544193168351,0.907294954509297,1.01480235734483,"RS"
11.6,11,0.930885241050466,0.869557474042125,0.996538305832105,"RS"
11.6,12,0.901771402242126,0.826741542296482,0.983610500136338,"RS"
11.7,0,0.969031520746453,0.898880939662468,1.04465680243792,"RS"
11.7,1,0.988265922976886,0.932610095036969,1.04724315093184,"RS"
11.7,2,1.00643109745366,0.959263377897734,1.05591809013037,"RS"
11.7,3,1.02198117411657,0.974641587200846,1.07162010524127,"RS"
11.7,4,1.03329582807266,0.980104996499381,1.08937335502405,"RS"
11.7,5,1.03873244869039,0.979504376104364,1.10154188820835,"RS"
11.7,6,1.03670280718429,0.975022140103918,1.1022854417534,"RS"
11.7,7,1.02626443155134,0.96706231097461,1.08909081815622,"RS"
11.7,8,1.00863917814674,0.954863392266736,1.06544349687284,"RS"
11.7,9,0.985620281934302,0.936104363899313,1.03775538030153,"RS"
11.7,10,0.958972961152547,0.907823716962077,1.01300409213709,"RS"
11.7,11,0.930361464789516,0.870267614809024,0.994604924320021,"RS"
11.7,12,0.901304161021672,0.827741842355861,0.98140404303222,"RS"
11.8,0,0.970445168914783,0.901305467012365,1.04488862027187,"RS"
11.8,1,0.98933048395382,0.934494384088806,1.0473843643637,"RS"
11.8,2,1.007144067804,0.960745804389021,1.05578308921979,"RS"
11.8,3,1.0223543412413,0.97591579339786,1.07100264810328,"RS"
11.8,4,1.03335786590948,0.981275139467444,1.08820496524199,"RS"
11.8,5,1.03853067990305,0.980581182749043,1.09990482386802,"RS"
11.8,6,1.03630360329938,0.97597687043061,1.10035923058038,"RS"
11.8,7,1.02574717136711,0.967860364383973,1.08709613316722,"RS"
11.8,8,1.00807476682989,0.955501236375965,1.06354099485359,"RS"
11.8,9,0.985063975797459,0.936639168057474,1.03599237519219,"RS"
11.8,10,0.958463519736898,0.908391257781234,1.01129586045365,"RS"
11.8,11,0.929921688796552,0.87103437389356,0.992790150667354,"RS"
11.8,12,0.900942315705441,0.828813693210315,0.979348028245849,"RS"
11.9,0,0.971829457018602,0.903698035604664,1.04509742891843,"RS"
11.9,1,0.990362245606896,0.936343188980953,1.04749774341925,"RS"
11.9,2,1.00782185822049,0.962187633902586,1.05562040304691,"RS"
11.9,3,1.02269193582621,0.977144041167462,1.07036296752559,"RS"
11.9,4,1.03338684934872,0.982397315288593,1.08702290182172,"RS"
11.9,5,1.03830214418073,0.981613050366659,1.09826508745745,"RS"
11.9,6,1.03588840722884,0.976895513503784,1.09844377151698,"RS"
11.9,7,1.02522939586953,0.96863726355134,1.08512789431758,"RS"
11.9,8,1.00752893814048,0.956137400302853,1.06168272558833,"RS"
11.9,9,0.984547624842483,0.937193899203803,1.03429399871945,"RS"
11.9,10,0.958016457652502,0.908999764605646,1.00967631551722,"RS"
11.9,11,0.929566729921067,0.871860673815236,0.991092190905796,"RS"
11.9,12,0.900686915131197,0.829960836269509,0.977439999138855,"RS"
12,0,0.973183905628592,0.906060560483587,1.04527992441149,"RS"
12,1,0.991360727191662,0.938157970363137,1.04758060205742,"RS"
12,2,1.00846400213796,0.963589953353947,1.05542781975701,"RS"
12,3,1.02299352754161,0.9783272139598,1.06969911749283,"RS"
12,4,1.03338241003424,0.9834724308382,1.08582525740761,"RS"
12,5,1.03804656284649,0.982601046045915,1.09662072005067,"RS"
12,6,1.03545705984202,0.977779307891496,1.09653713688086,"RS"
12,7,1.02471109752482,0.969394372769841,1.08318437045418,"RS"
12,8,1.00700186413412,0.95677337080268,1.05986724266672,"RS"
12,9,0.984071604734271,0.937770296144862,1.0326589861348,"RS"
12,10,0.957632374438824,0.90965149807491,1.00814407112406,"RS"
12,11,0.929297426622157,0.872749530758786,0.989509219644882,"RS"
12,12,0.900539044256888,0.831187136335429,0.975677479570423,"RS"
12.1,0,0.974508036098054,0.908395008658308,1.04543277249215,"RS"
12.1,1,0.992325449777563,0.939940225186403,1.04763023423214,"RS"
12.1,2,1.00907003573982,0.964953888365258,1.05520310276478,"RS"
12.1,3,1.02325868936664,0.979466249230858,1.06900911204092,"RS"
12.1,4,1.03334418283562,0.984501460102338,1.08461007268513,"RS"
12.1,5,1.03776365961327,0.983546311131374,1.09496970404486,"RS"
12.1,6,1.03500940305553,0.978629566789654,1.09463733854631,"RS"
12.1,7,1.02419226881723,0.970133125405581,1.08126377301718,"RS"
12.1,8,1.00649371748337,0.957410697047203,1.05809304873847,"RS"
12.1,9,0.983636295210368,0.938370158971763,1.03108602932917,"RS"
12.1,10,0.957311880864573,0.910348789258069,1.00669770538319,"RS"
12.1,11,0.929114639781991,0.873704051384456,0.988039385292218,"RS"
12.1,12,0.900499825503331,0.832496578362701,0.974057980305881,"RS"
12.2,0,0.975801370691552,0.910703391602764,1.04555261770546,"RS"
12.2,1,0.993255936392828,0.941691480529738,1.04764392115411,"RS"
12.2,2,1.00963949811088,0.966280598106905,1.05494399674659,"RS"
12.2,3,1.0234869977348,0.980562134226451,1.06829093024133,"RS"
12.2,4,1.03327180596692,0.985485440542237,1.08337534080534,"RS"
12.2,5,1.03745316065895,0.984450057697055,1.09330996747472,"RS"
12.2,6,1.0345452798596,0.979447674625386,1.09274233203845,"RS"
12.2,7,1.02367290224905,0.970855020911377,1.07936425957326,"RS"
12.2,8,1.00600467151285,0.958050988143183,1.0563585984783,"RS"
12.2,9,0.9832420802494,0.938995346717252,1.0295737798414,"RS"
12.2,10,0.957055599356396,0.911094036800918,1.00533576476428,"RS"
12.2,11,0.929019253537858,0.874727429399283,0.986680815573321,"RS"
12.2,12,0.900570420133368,0.833893264031431,0.972579005733068,"RS"
12.3,0,0.977063432715279,0.912987757880633,1.04563609238907,"RS"
12.3,1,0.99415171217096,0.94341328755601,1.0476189384324,"RS"
12.3,2,1.01017193139162,0.967571270137361,1.0546482336403,"RS"
12.3,3,1.02367803268056,0.98161590154675,1.06754252140936,"RS"
12.3,4,1.03316492110628,0.986425469106392,1.08211901216575,"RS"
12.3,5,1.0371147947017,0.985313564614217,1.0916393887364,"RS"
12.3,6,1.03406453434467,0.98023508325227,1.09085002103957,"RS"
12.3,7,1.02315299034067,0.971561621468276,1.07748393772595,"RS"
12.3,8,1.00553490023465,0.958695910328874,1.05466230187948,"RS"
12.3,9,0.982889348241995,0.939647774731785,1.02812085216009,"RS"
12.3,10,0.956864164435712,0.911889703835042,1.00405676841251,"RS"
12.3,11,0.92901217613364,0.875822941956717,0.985431623287181,"RS"
12.3,12,0.900752029669217,0.835381408221338,0.971238060804728,"RS"
12.4,0,0.978293746649145,0.91525018596189,1.04567982548618,"RS"
12.4,1,0.995012304498801,0.945107215649029,1.04755256304347,"RS"
12.4,2,1.01066688093375,0.96882711529179,1.05431353860149,"RS"
12.4,3,1.02383137798692,0.982628624538523,1.06676181048856,"RS"
12.4,4,1.0330231735161,0.987322697928945,1.08083899950823,"RS"
12.4,5,1.03674829307583,0.986138173248373,1.08995580168555,"RS"
12.4,6,1.03356701172804,0.980993307770081,1.08895826227471,"RS"
12.4,7,1.0226325256306,0.972254548283236,1.07562086937439,"RS"
12.4,8,1.00508457838417,0.959347183873528,1.05300252785113,"RS"
12.4,9,0.982578492164269,0.940329411808106,1.02672582729001,"RS"
12.4,10,0.956738223163965,0.912738314695795,1.00285921268465,"RS"
12.4,11,0.929094340791494,0.876993945954853,0.984289912230726,"RS"
12.4,12,0.901045897349821,0.836965335478258,0.970032658123192,"RS"
12.5,0,0.979491838280531,0.917492777288956,1.04568045112361,"RS"
12.5,1,0.99583724316613,0.946774846776336,1.047442080082,"RS"
12.5,2,1.0111238954571,0.970049362665627,1.05393763586931,"RS"
12.5,3,1.02394662133402,0.983601412563032,1.06594670356287,"RS"
12.5,4,1.03284621216399,0.988178329756742,1.07953318329102,"RS"
12.5,5,1.03635338980803,0.986925282825444,1.08825700106879,"RS"
12.5,6,1.03305255838076,0.981723922006681,1.08706487073845,"RS"
12.5,7,1.02211150067556,0.972935477576046,1.07377307528759,"RS"
12.5,8,1.00465388145644,0.960006579709073,1.05137760809031,"RS"
12.5,9,0.982309909753957,0.941042277087554,1.02538725655048,"RS"
12.5,10,0.956678435596613,0.913642451499312,1.00174157585788,"RS"
12.5,11,0.929266706604641,0.878243874304786,0.9832537832244,"RS"
12.5,12,0.901453309630077,0.838649476564152,0.968960325083873,"RS"
12.6,0,0.9806572348397,0.919717649641221,1.04563461690509,"RS"
12.6,1,0.996626060516738,0.948417770114605,1.04728478925599,"RS"
12.6,2,1.01154252720764,0.971239254734232,1.05351825450012,"RS"
12.6,3,1.02402335444858,0.984535406186991,1.06509509344853,"RS"
12.6,4,1.0326336898442,0.988993613150105,1.07819941728927,"RS"
12.6,5,1.03592982169392,0.987676345510745,1.08654074824466,"RS"
12.6,6,1.03252102185468,0.982428553703748,1.08516762522084,"RS"
12.6,7,1.02158990805045,0.973606136292338,1.07193853995714,"RS"
12.6,8,1.00424298574269,0.960675915826614,1.04978584119665,"RS"
12.6,9,0.982084003689247,0.94178843678426,1.02410366557011,"RS"
12.6,10,0.956685475246169,0.914604750630111,1.0007023229613,"RS"
12.6,11,0.929530259452144,0.879576232239841,0.982321340171877,"RS"
12.6,12,0.901975597723906,0.840438365179456,0.968018610996752,"RS"
12.7,0,0.981789465136813,0.921926930837076,1.04553899187914,"RS"
12.7,1,0.997378291600948,0.950037576966505,1.04707801109629,"RS"
12.7,2,1.01192233211676,0.972398042643925,1.05305313393312,"RS"
12.7,3,1.02406117325425,0.985431772342356,1.06420486531922,"RS"
12.7,4,1.03238526329976,0.989769837503898,1.07683553437677,"RS"
12.7,5,1.03547732837505,0.988392861247176,1.0848047771468,"RS"
12.7,6,1.03197225090959,0.983108879450903,1.08326427408756,"RS"
12.7,7,1.02106774034845,0.974268297582368,1.07011521668871,"RS"
12.7,8,1.00385206836751,0.961357053472878,1.04822549699444,"RS"
12.7,9,0.981901181770411,0.942570000765265,1.0228735584406,"RS"
12.7,10,0.956760029554643,0.915627899190985,0.9997399106801,"RS"
12.7,11,0.929886012936605,0.880994593733911,0.981490696089674,"RS"
12.7,12,0.902614139193183,0.842336634942277,0.967205094109769,"RS"
12.8,0,0.982888059700528,0.92412275280257,1.04539027415145,"RS"
12.8,1,0.998093474329525,0.951635855989699,1.04681909285894,"RS"
12.8,2,1.01226286996164,0.973526981703356,1.05254002935812,"RS"
12.8,3,1.02405967802271,0.986291699497935,1.063273902321,"RS"
12.8,4,1.03210059334501,0.990508327935615,1.07543935244162,"RS"
12.8,5,1.03499565241611,0.989076372400296,1.08304680044132,"RS"
12.8,6,1.03140609554059,0.983766619414449,1.08135254126783,"RS"
12.8,7,1.02054499018107,0.974923776086876,1.06830103289107,"RS"
12.8,8,1.00348130732624,0.962051893183186,1.04669482102608,"RS"
12.8,9,0.981761857104297,0.943389119025341,1.0216954219916,"RS"
12.8,10,0.956902800375702,0.916714631465466,0.998852792283981,"RS"
12.8,11,0.930335009345744,0.882502598092871,0.980759979046839,"RS"
12.8,12,0.903370359584662,0.844349016702429,0.96651738846488,"RS"
12.9,0,0.98395255091814,0.926307246025679,1.04518519812105,"RS"
12.9,1,0.998771149628929,0.953214188750413,1.04650541410718,"RS"
12.9,2,1.01256370452663,0.974627327097399,1.0519767168628,"RS"
12.9,3,1.02401847352552,0.987116392881887,1.06230009113729,"RS"
12.9,4,1.03177934498864,0.991210440086077,1.07400868038954,"RS"
12.9,5,1.0344845393825,0.989728458257888,1.08126451583003,"RS"
12.9,6,1.03082240700551,0.984403531907167,1.0794301324031,"RS"
12.9,7,1.02002165017812,0.975574423071693,1.0664938955207,"RS"
12.9,8,1.00313088152297,0.962762370687854,1.04519203918004,"RS"
12.9,9,0.981666448291789,0.94424797809485,1.02056773014876,"RS"
12.9,10,0.957114504466924,0.917867725440396,0.998039422533822,"RS"
12.9,11,0.930878320638871,0.884103946777066,0.980127337961028,"RS"
12.9,12,0.904245734117097,0.846480336260187,0.965953150526156,"RS"
13,0,0.984982473177226,0.928482534404977,1.04492054133046,"RS"
13,1,0.99941086159786,0.954774145605859,1.04613439196761,"RS"
13,2,1.01282440376568,0.975700329838721,1.05136099834348,"RS"
13,3,1.02393716918664,0.987907069789321,1.06128132746892,"RS"
13,4,1.03142118755721,0.991877554875804,1.07254132419111,"RS"
13,5,1.03394373791817,0.990350729430004,1.07945561245306,"RS"
13,6,1.03022103785256,0.985021407844276,1.07749474111104,"RS"
13,7,1.01949771298784,0.976222121451655,1.06469169664162,"RS"
13,8,1.00280097080886,0.963490452727903,1.04371536241802,"RS"
13,9,0.981615379618282,0.945148797417217,1.01948894833942,"RS"
13,10,0.957395873992511,0.919089999431848,0.997298262525434,"RS"
13,11,0.931517049459279,0.885802400505475,0.979590948204885,"RS"
13,12,0.905241789420864,0.848735512549684,0.965510085529639,"RS"
13.1,0,0.985977363008757,0.930650730491266,1.0445931309295,"RS"
13.1,1,1.00001215766504,0.956317281911629,1.04570348606364,"RS"
13.1,2,1.01304453996566,0.976747232964782,1.05069070617089,"RS"
13.1,3,1.02381537923556,0.988664955003247,1.06021552140058,"RS"
13.1,4,1.03102579481898,0.992511073256087,1.07103509293325,"RS"
13.1,5,1.03337299982369,0.99094482219223,1.0776177773473,"RS"
13.1,6,1.02960184194803,0.985622065127702,1.0755440553225,"RS"
13.1,7,1.01897317127691,0.976868780741789,1.06289231906222,"RS"
13.1,8,1.00249175602094,0.964238132813502,1.0422629915678,"RS"
13.1,9,0.981609081247303,0.946093825729429,1.01845753791309,"RS"
13.1,10,0.95774765703683,0.92038430885201,0.996627784434586,"RS"
13.1,11,0.932252330173651,0.88760177668331,0.979149016985676,"RS"
13.1,12,0.906360105332469,0.851119556335675,0.965185953516378,"RS"
13.2,0,0.98693675923163,0.93281393111034,1.04419984976341,"RS"
13.2,1,1.00057458874819,0.957845134542002,1.04521020313719,"RS"
13.2,2,1.01322368991057,0.977769267980438,1.04996370761014,"RS"
13.2,3,1.02365272286101,0.989391276350276,1.05910060263132,"RS"
13.2,4,1.03059284510806,0.993112410988305,1.06948780484069,"RS"
13.2,5,1.03277208013449,0.991512392809904,1.0757487019225,"RS"
13.2,6,1.02896467450417,0.986207342996015,1.07357576365333,"RS"
13.2,7,1.01844801773048,0.977516331969308,1.06109364201571,"RS"
13.2,8,1.00220341902133,0.96500742695461,1.04083312215304,"RS"
13.2,9,0.981647989417336,0.947085337474362,1.01747196054884,"RS"
13.2,10,0.958170618129193,0.921753543147568,0.996026476134846,"RS"
13.2,11,0.933085329939583,0.889505947184667,0.978799788471462,"RS"
13.2,12,0.907602316746456,0.853637569459667,0.964978575023292,"RS"
13.3,0,0.987860203098594,0.934974213344354,1.04373764210605,"RS"
13.3,1,1.00109770941412,0.9593592187027,1.04465210137808,"RS"
13.3,2,1.01336143504657,0.978767651538244,1.04917790900195,"RS"
13.3,3,1.02344882436509,0.990087260404477,1.05793452555522,"RS"
13.3,4,1.03012202144888,0.993682993477896,1.06789729324027,"RS"
13.3,5,1.03214073719942,0.992055111874137,1.07384608842348,"RS"
13.3,6,1.02830939210711,0.986779096370599,1.07158756178046,"RS"
13.3,7,1.01792224505224,0.978166722573705,1.0592935468566,"RS"
13.3,8,1.00193614273695,0.965800369387437,1.03942394923633,"RS"
13.3,9,0.981732546641953,0.948125629267442,1.01653068262775,"RS"
13.3,10,0.958665538780272,0.923200622931525,0.995492845668318,"RS"
13.3,11,0.934017249802409,0.89151883651037,0.978541548648825,"RS"
13.3,12,0.908970115527302,0.856294744657486,0.964885836420967,"RS"
13.4,0,0.988747238443501,0.937133630837765,1.0432035190709,"RS"
13.4,1,1.00158107803992,0.960861025006685,1.04402679448949,"RS"
13.4,2,1.01345736164768,0.979743582339922,1.04833125972089,"RS"
13.4,3,1.02320331331789,0.990754128343663,1.05671527418712,"RS"
13.4,4,1.02961301168085,0.99422425068038,1.06626141245,"RS"
13.4,5,1.03147873275929,0.992574658671329,1.07190765635598,"RS"
13.4,6,1.02763585274499,0.987339190219501,1.06957715880005,"RS"
13.4,7,1.01739584596446,0.978821911313669,1.05748992275475,"RS"
13.4,8,1.00169011119971,0.966619008312553,1.0380336722603,"RS"
13.4,9,0.981863201913365,0.949217016432009,1.01563217955714,"RS"
13.4,10,0.959233218030568,0.924728497320223,0.995025425559746,"RS"
13.4,11,0.935049325822525,0.893644420328211,0.978372629910278,"RS"
13.4,12,0.910465252484027,0.859096365954765,0.964905694903672,"RS"
13.5,0,0.989597411829866,0.939294210381007,1.04259456374498,"RS"
13.5,1,1.00202425697513,0.962352016773562,1.04333195552788,"RS"
13.5,2,1.01351106098221,0.980698238232839,1.04742175593611,"RS"
13.5,3,1.02291582471239,0.9913930919517,1.05544086693919,"RS"
13.5,4,1.02906550858317,0.99473761208571,1.06457804358593,"RS"
13.5,5,1.03078583202572,0.993072715596219,1.06993114886561,"RS"
13.5,6,1.02694391583609,0.987889493948568,1.06754228355796,"RS"
13.5,7,1.01686881320804,0.979483863188303,1.05568067237912,"RS"
13.5,8,1.00146550958709,0.967465401650076,1.03666049988141,"RS"
13.5,9,0.982040410909458,0.950361829607375,1.01477494004325,"RS"
13.5,10,0.959874473011387,0.926340141475112,0.994622776976616,"RS"
13.5,11,0.936182830234462,0.895886724388059,0.978291415384533,"RS"
13.5,12,0.912089539410337,0.862047809629366,0.965036183154894,"RS"
13.6,0,0.990410272700667,0.941457948709916,1.04190793610608,"RS"
13.6,1,1.00242681270489,0.96383362750144,1.0425653205674,"RS"
13.6,2,1.01352212947981,0.981632773464072,1.04644744421107,"RS"
13.6,3,1.0225859991197,0.992005349747726,1.05410936126661,"RS"
13.6,4,1.02847920999986,0.995224501773303,1.06284510029363,"RS"
13.6,5,1.03006180375995,0.993550962603506,1.06791433907413,"RS"
13.6,6,1.02623344225716,0.988431875814085,1.06548069095768,"RS"
13.6,7,1.01634113954254,0.980154544365466,1.05386371757867,"RS"
13.6,8,1.00126252426331,0.968341612803892,1.03530265480512,"RS"
13.6,9,0.98226463620445,0.951562411420349,1.01395747032261,"RS"
13.6,10,0.960590139518751,0.928038554334198,0.994283493752746,"RS"
13.6,11,0.93741907263903,0.898249823787103,0.978296343040191,"RS"
13.6,12,0.913844851193267,0.865154545709521,0.965275413732654,"RS"
13.7,0,0.991185373529346,0.943626809440069,1.04114087780261,"RS"
13.7,1,1.00278831601397,0.965307258445341,1.0417246922536,"RS"
13.7,2,1.01349016889895,0.982548316040978,1.04540642499253,"RS"
13.7,3,1.0222134828445,0.992592083207642,1.05271885821649,"RS"
13.7,4,1.02785381896465,0.995686333512488,1.06106053442879,"RS"
13.7,5,1.02930642035181,0.994011071673803,1.06585503639655,"RS"
13.7,6,1.02550429437173,0.988968197331208,1.06339016827117,"RS"
13.7,7,1.01581281774624,0.980835917090841,1.05203700508655,"RS"
13.7,8,1.0010813428209,0.969249706409109,1.03395837864828,"RS"
13.7,9,0.982536347483257,0.952821113193968,1.0131782983793,"RS"
13.7,10,0.961381072600736,0.929826756499915,0.994006206310999,"RS"
13.7,11,0.938759401229874,0.900737842539868,0.978385909614389,"RS"
13.7,12,0.915733127993385,0.868422139952126,0.96562158324381,"RS"
13.8,0,0.991922269971963,0.94580272003051,1.04029071689981,"RS"
13.8,1,1.00310834215168,0.966774276217028,1.04080794333051,"RS"
13.8,2,1.01341478649494,0.983445965129467,1.04429685605694,"RS"
13.8,3,1.02179792808056,0.993154453023426,1.05126750693339,"RS"
13.8,4,1.0271890438261,0.996124505860399,1.0592223417343,"RS"
13.8,5,1.02851945789873,0.994454701244415,1.06375109288793,"RS"
13.8,6,1.02475633605857,0.989500307626094,1.06126854150409,"RS"
13.8,7,1.01528384061623,0.981529934525822,1.05019851229949,"RS"
13.8,8,1.00092215412279,0.97019174401338,1.0326259368787,"RS"
13.8,9,0.982856021759673,0.954140291644964,1.01243597819753,"RS"
13.8,10,0.962248147158693,0.931707788227172,0.993789585543936,"RS"
13.8,11,0.940205204055852,0.903354953381709,0.978558674444088,"RS"
13.8,12,0.91775637749979,0.871856256215104,0.966072976407858,"RS"
13.9,0,0.992620521020449,0.947987568637478,1.03935487273008,"RS"
13.9,1,1.00338647099741,0.968236010294599,1.03981302025144,"RS"
13.9,2,1.0132955951883,0.984326788397537,1.0431169560056,"RS"
13.9,3,1.02133899306645,0.993693595319821,1.04975350920145,"RS"
13.9,4,1.02648459837251,0.996540397179047,1.05732856759109,"RS"
13.9,5,1.0277006962847,0.994883490521518,1.06160040970266,"RS"
13.9,6,1.02398943274023,0.990030037644102,1.05911368190285,"RS"
13.9,7,1.01475420096836,0.982238535427731,1.04834625321896,"RS"
13.9,8,1.00078514834496,0.971169779610744,1.03130362391351,"RS"
13.9,9,0.983224143598491,0.955522305491525,1.01172909412899,"RS"
13.9,10,0.963192258562884,0.933684707424961,0.993632346741666,"RS"
13.9,11,0.94175791032071,0.906105377700655,0.978813263311889,"RS"
13.9,12,0.919916677263239,0.875462659097592,0.966627970151612,"RS"
14,0,0.993279689156903,0.950183200670725,1.03833086103311,"RS"
14,1,1.00362228722703,0.969693750292629,1.03873794702178,"RS"
14,2,1.01313221373342,0.98519181917841,1.04186500793354,"RS"
14,3,1.0208363422411,0.994210617712205,1.04817512413838,"RS"
14,4,1.0257402019568,0.996935360451909,1.05537731296183,"RS"
14,5,1.0268499192593,0.995299053543654,1.05940094379541,"RS"
14,6,1.02320345141159,0.990559194077273,1.05692351273953,"RS"
14,7,1.0142238916374,0.982963638537938,1.04647828468827,"RS"
14,8,1.00067051701956,0.972185854902226,1.02998976850255,"RS"
14,9,0.98364120534167,0.956969511851714,1.01105626549568,"RS"
14,10,0.964214323283015,0.935760587543485,0.993533253697671,"RS"
14,11,0.943418991721556,0.908993385446259,0.979148372464738,"RS"
14,12,0.92221617711092,0.879247216666604,0.967285037932135,"RS"
14.1,0,0.993899490132169,0.952391226489097,1.0372168170076,"RS"
14.1,1,1.00381551856432,0.971148623669865,1.03758124220243,"RS"
14.1,2,1.01292438981258,0.986041984063961,1.04053968903888,"RS"
14.1,3,1.02028974711385,0.99470653494536,1.04653094304123,"RS"
14.1,4,1.02495564768194,0.997310622002804,1.05336698169866,"RS"
14.1,5,1.02596693627907,0.995702816932404,1.05715092539436,"RS"
14.1,6,1.02239821968542,0.991089330074393,1.05469616905013,"RS"
14.1,7,1.01369278420438,0.983706846558806,1.04459277105031,"RS"
14.1,8,1.0005782376653,0.973241631438993,1.02868267997242,"RS"
14.1,9,0.984107388658158,0.958483805515389,1.01041597869337,"RS"
14.1,10,0.965314852837859,0.937937927149271,0.99349086771824,"RS"
14.1,11,0.945189428215908,0.912022546195443,0.979562466890667,"RS"
14.1,12,0.924656459439646,0.883214986197493,0.968042414751645,"RS"
14.2,0,0.994480715455348,0.954611824726338,1.03601471068735,"RS"
14.2,1,1.0039668864839,0.972600834164586,1.03634448352284,"RS"
14.2,2,1.01267275681811,0.986877650919772,1.03914209775225,"RS"
14.2,3,1.0196997059543,0.995181869003311,1.04482157755209,"RS"
14.2,4,1.02413122102272,0.997666656343582,1.05129779691892,"RS"
14.2,5,1.02505171637991,0.996095019792002,1.0548501903692,"RS"
14.2,6,1.02157327382199,0.991620331337987,1.05243097666145,"RS"
14.2,7,1.01315988292794,0.984467618982181,1.04268838160043,"RS"
14.2,8,1.00050674751755,0.974336116824634,1.02738032034619,"RS"
14.2,9,0.984620600530322,0.960063764853848,1.00980555925499,"RS"
14.2,10,0.966491321110209,0.940214980606741,0.993502010762006,"RS"
14.2,11,0.947066399338225,0.915191055723238,0.980051934671346,"RS"
14.2,12,0.927234567184478,0.887364482106251,0.968896051080441,"RS"
14.3,0,0.995024630466474,0.956844425620857,1.0347283097694,"RS"
14.3,1,1.00407754904978,0.974050085374806,1.03503068234718,"RS"
14.3,2,1.01237833651019,0.98769885578543,1.03767447965719,"RS"
14.3,3,1.01906703541113,0.995636830828109,1.04304862024627,"RS"
14.3,4,1.02326742345381,0.998003499909573,1.04917088967791,"RS"
14.3,5,1.02410429980008,0.996475261057444,1.05249940250003,"RS"
14.3,6,1.02072802521978,0.992151228827758,1.05012791517687,"RS"
14.3,7,1.0126238162851,0.985244355995977,1.04076413842657,"RS"
14.3,8,1.00045381376485,0.97546704308419,1.02608062524798,"RS"
14.3,9,0.985177755243658,0.961706404753883,1.00922194614615,"RS"
14.3,10,0.967739872413611,0.942588020653644,0.993562871730192,"RS"
14.3,11,0.949045416699932,0.918494605067859,0.98061240424227,"RS"
14.3,12,0.929945546360315,0.891691161564481,0.969841080041757,"RS"
14.4,0,0.995532509656224,0.959088292548173,1.0333615637714,"RS"
14.4,1,1.00414867167546,0.975495949454635,1.0336429950235,"RS"
14.4,2,1.01204215659168,0.988505516231169,1.03613921207418,"RS"
14.4,3,1.0183925569993,0.996071503241826,1.04121380520991,"RS"
14.4,4,1.022364760532,0.99832104267029,1.04698755100053,"RS"
14.4,5,1.02312473026283,0.996842976741219,1.05009940191126,"RS"
14.4,6,1.0198618880453,0.99268088282313,1.047787147597,"RS"
14.4,7,1.01208321412375,0.986035290263435,1.03881924148719,"RS"
14.4,8,1.00041720240767,0.976631982845887,1.02478169510359,"RS"
14.4,9,0.985775761992233,0.963408582198361,1.00866223416234,"RS"
14.4,10,0.96905664097317,0.945053146027231,0.993669802975445,"RS"
14.4,11,0.951121976412286,0.921928676319154,0.981239695923339,"RS"
14.4,12,0.93278442260148,0.896190226670744,0.97087287180118,"RS"
14.5,0,0.99600563425508,0.961342539717194,1.03191857478781,"RS"
14.5,1,1.00418142487375,0.976937881364908,1.03218470006776,"RS"
14.5,2,1.01166524869983,0.989297443447565,1.03453878528206,"RS"
14.5,3,1.01767709547551,0.99648585273924,1.03931899063948,"RS"
14.5,4,1.02142374084284,0.998619041184198,1.04474921399474,"RS"
14.5,5,1.02211305469559,0.997197454750282,1.04765118643505,"RS"
14.5,6,1.01897427988582,0.993207998783723,1.04540900228385,"RS"
14.5,7,1.01153670928094,0.986838502577165,1.03685305300794,"RS"
14.5,8,1.00039468064981,0.977828364018523,1.02348178258968,"RS"
14.5,9,0.986411527643768,0.965167010282858,1.0081236630574,"RS"
14.5,10,0.970437753523861,0.947606295825255,0.993819308307026,"RS"
14.5,11,0.95329156091677,0.92548855752699,0.981929806397016,"RS"
14.5,12,0.935746201643499,0.900856639104208,0.971987013117795,"RS"
14.6,0,0.996445291768067,0.963606146193966,1.0304035766153,"RS"
14.6,1,1.00417698380107,0.97837523054711,1.03065918199087,"RS"
14.6,2,1.01124864799435,0.990074352572433,1.03287578898837,"RS"
14.6,3,1.01692147851977,0.996879739775589,1.03736614579772,"RS"
14.6,4,1.02044487582789,0.998897129741171,1.04245743990998,"RS"
14.6,5,1.02106932322969,0.9975378469941,1.04515589657311,"RS"
14.6,6,1.01806462187582,0.993731139634298,1.04299395779887,"RS"
14.6,7,1.01098293765354,0.987651933127449,1.03486508348147,"RS"
14.6,8,1.00038401655908,0.979053479227536,1.0221792801109,"RS"
14.6,9,0.987081955491692,0.966978265790707,1.00760360529984,"RS"
14.6,10,0.971879326567081,0.950243255597275,0.994008028833402,"RS"
14.6,11,0.955549634141567,0.929169347040019,0.982678890792936,"RS"
14.6,12,0.938825861828524,0.905685121770682,0.973179284556292,"RS"
14.7,0,0.996852775525395,0.965877968798637,1.02882091545029,"RS"
14.7,1,1.00413652781461,0.979807251649572,1.02906991634739,"RS"
14.7,2,1.01079339275496,0.990835872206147,1.03115289978573,"RS"
14.7,3,1.01612653642263,0.997252928342963,1.03535733882263,"RS"
14.7,4,1.01942867961374,0.999154830823419,1.04011390503168,"RS"
14.7,5,1.01999358919957,0.997863180786619,1.0426148013479,"RS"
14.7,6,1.01713233882663,0.994248737342038,1.0405426286511,"RS"
14.7,7,1.01042053828732,0.988473392120944,1.03285497852624,"RS"
14.7,8,1.00038297877794,0.980304494685069,1.02087270807641,"RS"
14.7,9,0.987783944105159,0.968838796223189,1.00709955467883,"RS"
14.7,10,0.97337746378598,0.952959662780347,0.994232729895528,"RS"
14.7,11,0.95789163688302,0.932965956991198,0.983483246237128,"RS"
14.7,12,0.942018346898656,0.910670159350663,0.974445639600643,"RS"
14.8,0,0.997229384249225,0.968156754020111,1.02717503201907,"RS"
14.8,1,1.00406124004252,0.981233114419095,1.02742045589499,"RS"
14.8,2,1.01030052398866,0.991581553196878,1.02937286951434,"RS"
14.8,3,1.0152931017781,0.997605094886715,1.03329472533945,"RS"
14.8,4,1.01837566884253,0.999391564922551,1.03772038837534,"RS"
14.8,5,1.01888590914145,0.998172369581116,1.0400292850048,"RS"
14.8,6,1.0161768593591,0.994759103829195,1.03805575191221,"RS"
14.8,7,1.00984815348448,0.989300569793338,1.03082250656042,"RS"
14.8,8,1.00038933628391,0.981578458536616,1.01956070393249,"RS"
14.8,9,0.988514386277023,0.97074492633563,1.0066091157079,"RS"
14.8,10,0.97492825361957,0.955751011559563,0.994490289008153,"RS"
14.8,11,0.960312982411763,0.936873116055828,0.984339296735269,"RS"
14.8,12,0.945318559075982,0.915805997923622,0.975782185484245,"RS"
14.9,0,0.997576421636777,0.970441149082479,1.02547044501001,"RS"
14.9,1,1.0039523069673,0.982651912862834,1.02571441776215,"RS"
14.9,2,1.00977108504677,0.992310876772932,1.02753851445474,"RS"
14.9,3,1.01442200918248,0.997935836614161,1.03118053782418,"RS"
14.9,4,1.01728636250436,0.999606659754423,1.03527876013911,"RS"
14.9,5,1.01774634279143,0.998464223081638,1.03740083452207,"RS"
14.9,6,1.01519761603939,0.995260441268869,1.03553417465091,"RS"
14.9,7,1.00926442892933,0.990131045863862,1.02876754724254,"RS"
14.9,8,1.00040085819976,0.982872308730699,1.01824201190415,"RS"
14.9,9,0.989270168069899,0.972692864232912,1.00612999377233,"RS"
14.9,10,0.976527766995887,0.958612657233876,0.994777684727899,"RS"
14.9,11,0.962809052303862,0.94088537160421,0.985243579265904,"RS"
14.9,12,0.948721352429326,0.921086643836453,0.977185165563149,"RS"
15,0,0.997895195959959,0.972729712287627,1.02371173568667,"RS"
15,1,1.00381091802254,0.984062673777452,1.02395547152836,"RS"
15,2,1.00920612125198,0.993023262094871,1.02565270527889,"RS"
15,3,1.01351409493901,0.998244679247692,1.02901707566745,"RS"
15,4,1.01616128177139,0.999799358915774,1.03279097087146,"RS"
15,5,1.01657495308307,0.998737456777812,1.03473102788188,"RS"
15,6,1.01419404551758,0.995750851814585,1.03297884213595,"RS"
15,7,1.0086680138322,0.990962298482245,1.02669008062815,"RS"
15,8,1.00041531365349,0.984182880460423,1.01691547339678,"RS"
15,9,0.990048167960489,0.974678707079392,1.00565998596508,"RS"
15,10,0.978172055224782,0.961539820166644,0.995091986369164,"RS"
15,11,0.965375192497943,0.944997091366815,0.986192730966502,"RS"
15,12,0.95222152652887,0.926505861977612,0.978650943070754,"RS"
15.1,0,0.998187019681704,0.975020922749658,1.02190353356845,"RS"
15.1,1,1.00363826520317,0.985464364735355,1.02214732812843,"RS"
15.1,2,1.00860667953535,0.993718073295554,1.02371835769234,"RS"
15.1,3,1.01257019676865,0.998531084273493,1.02680669588777,"RS"
15.1,4,1.01500094983381,0.999968830027954,1.03025904130906,"RS"
15.1,5,1.01537180614443,0.998990700951577,1.03202152305418,"RS"
15.1,6,1.01316558866933,0.996228346816068,1.03039078675522,"RS"
15.1,7,1.00805756109143,0.991791712720264,1.02459017699034,"RS"
15.1,8,1.000430471688,0.985506913227083,1.0155800180077,"RS"
15.1,9,0.990845256082473,0.976698446478661,1.00519697255666,"RS"
15.1,10,0.979857148051144,0.964527589398481,0.995430344491953,"RS"
15.1,11,0.968006709579816,0.949202464725329,0.987183477302382,"RS"
15.1,12,0.955813820390907,0.932057173612189,0.9801759861036,"RS"
15.2,0,0.998453209089162,0.977313189629016,1.02005050307248,"RS"
15.2,1,1.00343554268928,0.986855901611332,1.02029372949799,"RS"
15.2,2,1.00797380808352,0.994394626071959,1.02173842370391,"RS"
15.2,3,1.01159115352681,0.99879445573567,1.02455180444505,"RS"
15.2,4,1.01380589173767,1.00011417241338,1.02768505283934,"RS"
15.2,5,1.01413697129456,0.999222509205208,1.02927404764386,"RS"
15.2,6,1.01211169074026,0.996690855574322,1.02777111759777,"RS"
15.2,7,1.00743172747339,0.992616588660607,1.02246798725126,"RS"
15.2,8,1.00044410122056,0.986841057576452,1.0142346550974,"RS"
15.2,9,0.991658293568298,0.978747973578336,1.00473890904468,"RS"
15.2,10,0.981579051869621,0.967570925997803,0.995789982089078,"RS"
15.2,11,0.970698867296719,0.953495503738356,0.988212621115508,"RS"
15.2,12,0.959492906716033,0.937733853927304,0.981756853698653,"RS"
15.3,0,0.99869508394391,0.979604860967368,1.01815733101692,"RS"
15.3,1,1.0032039464837,0.988236155727161,1.01839843888319,"RS"
15.3,2,1.00730855599618,0.995052193888513,1.01971588346329,"RS"
15.3,3,1.01057780492635,0.999034146623863,1.02225484810609,"RS"
15.3,4,1.01257663422463,1.00023442435015,1.02507113854217,"RS"
15.3,5,1.01287052103938,0.999431366560071,1.02649038915163,"RS"
15.3,6,1.01103180149319,0.997136233689088,1.02512101064546,"RS"
15.3,7,1.00678917381033,0.993434149135748,1.0203237339722,"RS"
15.3,8,1.00045397105202,0.988181881558233,1.01287846587054,"RS"
15.3,9,0.992484131990292,0.980823083954272,1.0042838187304,"RS"
15.3,10,0.983333748102098,0.97066466622193,0.996168186403768,"RS"
15.3,11,0.973446883303774,0.957870044006227,0.98927703245689,"RS"
15.3,12,0.963253386425106,0.943528929431966,0.98339018287233,"RS"
15.4,0,0.998913967149299,0.98189423221862,1.01622871489053,"RS"
15.4,1,1.00294467406336,0.989603960686756,1.0164652317418,"RS"
15.4,2,1.00661197295374,0.99569001384795,1.0176537376105,"RS"
15.4,3,1.00953099126677,0.999249464900527,1.01991830681593,"RS"
15.4,4,1.0113137055737,1.00032856994956,1.02241947476596,"RS"
15.4,5,1.01157253106716,0.999615697175129,1.02367238579923,"RS"
15.4,6,1.00992537535805,0.997562271051293,1.0224416995214,"RS"
15.4,7,1.00612856521604,0.994241547168949,1.01815770285012,"RS"
15.4,8,1.00045784992581,0.989525876958573,1.01151059591752,"RS"
15.4,9,0.993319612901561,0.982919482327462,1.00382978577099,"RS"
15.4,10,0.985117191739409,0.973803524559032,0.99656230131226,"RS"
15.4,11,0.97624592614576,0.962319745475221,0.990373639112585,"RS"
15.4,12,0.967089783498257,0.949435175350937,0.985072676500538,"RS"
15.5,0,0.999111184435076,0.984179554566712,1.01426935179804,"RS"
15.5,1,1.00265892404464,0.99095811897018,1.01449788716713,"RS"
15.5,2,1.0058851088955,0.996307292282357,1.01555500008422,"RS"
15.5,3,1.00845155316959,0.999439679212153,1.01754468653058,"RS"
15.5,4,1.01001763544499,1.0003955457003,1.01973227319376,"RS"
15.5,5,1.01024308024328,0.999773871733479,1.02082191787015,"RS"
15.5,6,1.00879187158444,0.997966699532263,1.01973446674304,"RS"
15.5,7,1.00544857131921,0.995035873168714,1.01597023466955,"RS"
15.5,8,1.0004535066366,0.990869465354681,1.01013024816865,"RS"
15.5,9,0.994161567477196,0.985032787165574,1.00337494865801,"RS"
15.5,10,0.98692531004894,0.976982096718635,0.996969720209426,"RS"
15.5,11,0.979091112477761,0.96683809327785,0.991499417739068,"RS"
15.5,12,0.970996540123141,0.955445113148342,0.986801091927011,"RS"
15.6,0,0.999288064059367,0.986459043117152,1.01228392799368,"RS"
15.6,1,1.00234789586259,0.992297408351378,1.01250017976907,"RS"
15.6,2,1.00512901370823,0.996903210114108,1.01342269133875,"RS"
15.6,3,1.00734033132019,0.99960402432684,1.01513651246815,"RS"
15.6,4,1.00868895472543,1.00043424672205,1.01701177335622,"RS"
15.6,5,1.00888225060457,0.999904214544257,1.01794089951792,"RS"
15.6,6,1.00763075439673,0.998347200420499,1.01700063542872,"RS"
15.6,7,1.00474786651426,0.995814161927008,1.01376171765968,"RS"
15.6,8,1.00043871018885,0.992209004039562,1.00873667621385,"RS"
15.6,9,0.995006816256332,0.987158535219624,1.00291749407434,"RS"
15.6,10,0.988754001449918,0.980194862635993,0.997387879338723,"RS"
15.6,11,0.981977504528663,0.971418398702574,0.992651385528864,"RS"
15.6,12,0.974968012159504,0.961551008313749,0.988572230194252,"RS"
15.7,0,0.999445936528151,0.988730885046608,1.01027710891781,"RS"
15.7,1,1.00201278946428,0.993620588201709,1.0104758719494,"RS"
15.7,2,1.00434473692519,0.997476928033873,1.01125983192173,"RS"
15.7,3,1.00619816621598,0.999741706338841,1.01269632273724,"RS"
15.7,4,1.0073281953767,1.00044353277002,1.01426023554909,"RS"
15.7,5,1.00749012735302,1.00000501040626,1.01503127099476,"RS"
15.7,6,1.00644149315171,0.99870141165577,1.01424156140733,"RS"
15.7,7,1.00402513022963,0.996573399470505,1.01153258020758,"RS"
15.7,8,1.000411230005,0.993540791863836,1.00732917794208,"RS"
15.7,9,0.995852168985633,0.989292186044884,1.00245565108345,"RS"
15.7,10,0.990599134558362,0.983436189553363,0.997814251510752,"RS"
15.7,11,0.98490010781186,0.976053800383588,0.993826592331891,"RS"
15.7,12,0.978998464927922,0.967744868541211,0.990382925797362,"RS"
15.8,0,0.999586134332276,0.990993247793213,1.00825352965254,"RS"
15.8,1,1.00165480501629,0.994926405739342,1.00842870650986,"RS"
15.8,2,1.0035333274358,0.998027591540837,1.00906943636655,"RS"
15.8,3,1.00502589792094,0.999851907679182,1.01022666230277,"RS"
15.8,4,1.00593589028514,1.00042223403092,1.01147993411399,"RS"
15.8,5,1.00606679884899,1.00007451127866,1.01209499125433,"RS"
15.8,6,1.0052235624986,0.999026934909283,1.01145862568173,"RS"
15.8,7,1.00327904721332,0.997310529813136,1.00928328387936,"RS"
15.8,8,1.00036883618347,0.994861075040516,1.005907089456,"RS"
15.8,9,0.996694424564819,0.991429126553751,1.00198768560663,"RS"
15.8,10,0.992456547403758,0.986700335239254,0.998246340157321,"RS"
15.8,11,0.987853869087892,0.980737265799063,0.995022113161809,"RS"
15.8,12,0.983082069331362,0.974018442430379,0.992230036865973,"RS"
15.9,0,0.999709991702123,0.993244287369569,1.00621778571296,"RS"
15.9,1,1.00127514262624,0.996213602283281,1.00636239953299,"RS"
15.9,2,1.00269583320578,0.998554335888587,1.00685450735492,"RS"
15.9,3,1.00382436582671,0.999933791970036,1.00773007725055,"RS"
15.9,4,1.00451257311393,1.00036915674991,1.00867315104181,"RS"
15.9,5,1.00461235660388,1.00011094280335,1.00913403088286,"RS"
15.9,6,1.00397644254142,0.999321342557807,1.00865322719735,"RS"
15.9,7,1.00250830783549,0.998022461657309,1.0070143167021,"RS"
15.9,8,1.00030929980625,0.996166052957729,1.00446977921796,"RS"
15.9,9,0.997530371094816,0.993564675647068,1.00151189514514,"RS"
15.9,10,0.994322046819647,0.989981451404975,0.998681673670239,"RS"
15.9,11,0.990833674584053,0.985461593164519,0.996235041019846,"RS"
15.9,12,0.9872128983189,0.980363218838212,0.994110435683367,"RS"
16,0,0.99981884437997,0.995482156880798,1.00417442408965,"RS"
16,1,1.00087500207862,0.997480919570135,1.00428063347575,"RS"
16,2,1.00183330100794,0.99905629097898,1.00461803010615,"RS"
16,3,1.0025944084201,0.999986508759457,1.00520910931314,"RS"
16,4,1.00305877815736,1.00028308872713,1.00584216985897,"RS"
16,5,1.00312689527216,1.00011251072266,1.00615036531365,"RS"
16,6,1.00269961900361,0.999582184598955,1.00582677586772,"RS"
16,7,1.00171160840806,0.998706075090448,1.00472618665967,"RS"
16,8,1.00023039329622,0.997451884043487,1.00301664238462,"RS"
16,9,0.998356786029159,0.995694088969322,1.00102660370537,"RS"
16,10,0.996191408010391,0.993273587376428,0.999117799975919,"RS"
16,11,0.993834348476279,0.990219413806848,0.997462479971061,"RS"
16,12,0.991384923701604,0.986770427009979,0.996020999454715,"RS"
16.1,0,0.999914029410121,0.99770501533134,1.0021279344568,"RS"
16.1,1,1.00045558258476,0.998727106191889,1.00218705041605,"RS"
16.1,2,1.00094677616363,0.999532586245558,1.00236296695006,"RS"
16.1,3,1.00133686305716,1.00000919817221,1.00266629061994,"RS"
16.1,4,1.00157504019737,1.00016280472194,1.0029892697572,"RS"
16.1,5,1.00161051264297,1.00007740723597,1.00314596828024,"RS"
16.1,6,1.00139258339483,0.999806995554354,1.00298068580944,"RS"
16.1,7,1.00088765152106,0.999358228323015,1.00241941535658,"RS"
16.1,8,1.00012989082393,0.998714691726059,1.00154709528781,"RS"
16.1,9,0.999170436429228,0.997812563832269,1.00053015688625,"RS"
16.1,10,0.998060374296431,0.996570694077985,0.999552281298353,"RS"
16.1,11,0.996850651638882,0.995003195103849,0.998701538409782,"RS"
16.1,12,0.995592013331159,0.993231037619286,0.997958601238081,"RS"
16.2,0,0.999996884946845,0.999911036806524,1.00008274045773,"RS"
16.2,1,1.00001808254708,0.999950924213662,1.00008524539097,"RS"
16.2,2,1.00003730229477,0.999982355567774,1.00009225204096,"RS"
16.2,3,1.00005256574376,1.00000099551186,1.00010413863514,"RS"
16.2,4,1.00006189436234,1.00000707180253,1.00011671992765,"RS"
16.2,5,1.0000633096311,1.0000038173381,1.00012280546342,"RS"
16.2,6,1.00005483317986,0.999993301407286,1.00011636873861,"RS"
16.2,7,1.00003514639549,0.999975764513915,1.00009453180335,"RS"
16.2,8,1.00000556876394,0.999950570533026,1.00006057001982,"RS"
16.2,9,0.999968079323909,0.999915244350888,1.0000209170887,"RS"
16.2,10,0.99992465704042,0.999866628384564,0.99998268906405,"RS"
16.2,11,0.999877280667905,0.999805244074095,0.999949322451997,"RS"
16.2,12,0.999827928652376,0.999735764848614,0.999920100952549,"RS"
16.3,0,1.00006875008018,0.99804319097597,1.00209842011838,"RS"
16.3,1,0.999563699337605,0.997978759764399,1.00115115603197,"RS"
16.3,2,0.999105921086539,0.997808786169521,1.00040474225749,"RS"
16.3,3,0.99874235092277,0.99752515124719,0.999961035849172,"RS"
16.3,4,0.998519875988082,0.997226774060247,0.999814654678555,"RS"
16.3,5,0.998485390267428,0.997082828287366,0.99988992518299,"RS"
16.3,6,0.998685871949385,0.997235227480863,1.00013862662151,"RS"
16.3,7,0.999152809252634,0.997752066277448,1.00055551872927,"RS"
16.3,8,0.999855206200385,0.99855650908109,1.00115559237202,"RS"
16.3,9,1.00074646217422,0.999497258807236,1.00199722683519,"RS"
16.3,10,1.0017799357566,1.00040659890311,1.00315515789765,"RS"
16.3,11,1.00290886718402,1.0012029293928,1.0046177117024,"RS"
16.3,12,1.00408632264118,1.00190233637736,1.00627506964446,"RS"
16.4,0,1.00013096467959,0.996013551295751,1.00426539900954,"RS"
16.4,1,0.999093629090615,0.995871074558885,1.00232661153613,"RS"
16.4,2,0.998153672060709,0.995515431628776,1.00079890415983,"RS"
16.4,3,0.997407051267761,0.994931801973294,0.999888458631612,"RS"
16.4,4,0.99694952048117,0.994321664968772,0.999584321054546,"RS"
16.4,5,0.996876861688825,0.99402796781918,0.999733920516141,"RS"
16.4,6,0.99728520959286,0.994338649546225,1.00024050128853,"RS"
16.4,7,0.998239363699499,0.995392544212699,1.00109432508091,"RS"
16.4,8,0.999676585481779,0.997034360048351,1.00232581303622,"RS"
16.4,9,1.00150232344345,0.998957563964075,1.00405356548129,"RS"
16.4,10,1.00362185840583,1.00082158570069,1.00642996620099,"RS"
16.4,11,1.00593997742106,1.00245944116658,1.00943259808725,"RS"
16.4,12,1.00836073814005,1.00390211405441,1.01283916428454,"RS"
16.5,0,1.00018486925565,0.993997994050036,1.00641025301463,"RS"
16.5,1,0.99860906650969,0.993765603684113,1.00347613563846,"RS"
16.5,2,0.997181592359618,0.993215007089433,1.00116401891149,"RS"
16.5,3,0.99604749748331,0.992326535241906,0.999782412349692,"RS"
16.5,4,0.995351363184606,0.991403599301566,0.999314847042525,"RS"
16.5,5,0.995237834127512,0.990960128725651,0.999534005220347,"RS"
16.5,6,0.995852362473028,0.991428000719142,1.00029646845132,"RS"
16.5,7,0.997293541130139,0.993016480069612,1.00158902409169,"RS"
16.5,8,0.999467492824793,0.995493570220287,1.00345727897813,"RS"
16.5,9,1.00223239327319,0.998400217245601,1.00607927840526,"RS"
16.5,10,1.00544604187857,1.00122521865277,1.00968465865208,"RS"
16.5,11,1.00896511210624,1.00371591774633,1.01424175849808,"RS"
16.5,12,1.01264460660338,1.00591620000366,1.01941801839873,"RS"
16.6,0,1.0002318048395,0.992000589847888,1.00853131908509,"RS"
16.6,1,0.998111204688883,0.991665686990398,1.00459861624227,"RS"
16.6,2,0.996190716540743,0.990910282437808,1.00149928940135,"RS"
16.6,3,0.994664518111891,0.989711761715376,0.999642059296131,"RS"
16.6,4,0.993725939245774,0.988474752296757,0.999005022672986,"RS"
16.6,5,0.993568420899858,0.987881183239295,0.999288400020383,"RS"
16.6,6,0.99438685360222,0.988504618612385,1.00030409165408,"RS"
16.6,7,0.99631408114271,0.990624371137501,1.0020364703358,"RS"
16.6,8,0.99922571896677,0.993933581197269,1.00454603439593,"RS"
16.6,9,1.0029333942658,0.997823601400521,1.00806935406389,"RS"
16.6,10,1.00724807266825,1.00161505627921,1.01291276876641,"RS"
16.6,11,1.01197870663841,1.00496939041653,1.01903691043277,"RS"
16.6,12,1.0169312472651,1.00794131015704,1.0260013665905,"RS"
16.7,0,1.00027311288045,0.990025297465232,1.01062700409095,"RS"
16.7,1,0.997601234948154,0.989574583071432,1.00569299272134,"RS"
16.7,2,0.995182076381888,0.988603973527787,1.00180394948001,"RS"
16.7,3,0.993258939347332,0.987089853613653,0.999466580455326,"RS"
16.7,4,0.992073783486783,0.985537262539522,0.998653657544798,"RS"
16.7,5,0.991868738394647,0.984792965084283,0.998995351393874,"RS"
16.7,6,0.992888212820255,0.985569806131812,1.00026096276893,"RS"
16.7,7,0.995299731971928,0.98821669121771,1.00243354040369,"RS"
16.7,8,0.99894905986675,0.992353823350103,1.00558812867757,"RS"
16.7,9,1.00360204237356,0.997226092457947,1.01001875810711,"RS"
16.7,10,1.00902350773709,1.00198864134562,1.01610776525247,"RS"
16.7,11,1.01497513157039,1.00621685485111,1.02380964176828,"RS"
16.7,12,1.02121386674172,1.00997410041122,1.03257871781163,"RS"
16.8,0,1.00031013516144,0.988075953474539,1.01269579832203,"RS"
16.8,1,0.997080346682981,0.987495461735433,1.00675826498918,"RS"
16.8,2,0.994156700696928,0.986298736795592,1.00207726996758,"RS"
16.8,3,0.991831584854859,0.984463139998368,0.999255180561998,"RS"
16.8,4,0.990395430277172,0.982593226677188,0.998259586656153,"RS"
16.8,5,0.990138906060788,0.981697263310586,0.998653138737625,"RS"
16.8,6,0.991355976973832,0.982624824796499,1.00016471015301,"RS"
16.8,7,0.994249250936669,0.985793884135097,1.00277714124331,"RS"
16.8,8,0.998635317454673,0.990753710131275,1.00657962424956,"RS"
16.8,9,1.00423504789476,0.99660605482229,1.01192244070804,"RS"
16.8,10,1.01076787557672,1.00234349564377,1.01926305975748,"RS"
16.8,11,1.01794869340147,1.00745526392423,1.02855142010127,"RS"
16.8,12,1.02548555908341,1.01201115619271,1.03913936664978,"RS"
16.9,0,1.00034421373257,0.986156261179375,1.01473629012046,"RS"
16.9,1,0.996549727228145,0.985431396058197,1.00779350324235,"RS"
16.9,2,0.993115615162108,0.983997163683112,1.00231856501208,"RS"
16.9,3,0.990383275597702,0.981833901974633,0.999007093369828,"RS"
16.9,4,0.988691413409011,0.979644694045803,0.997821676460798,"RS"
16.9,5,0.988379046394491,0.978595815982042,0.998260081841193,"RS"
16.9,6,0.989789690097343,0.979670887856028,1.00001300719162,"RS"
16.9,7,0.993161404902438,0.983356357022444,1.00306421893124,"RS"
16.9,8,0.998282300428429,0.989132632180053,1.0075166048786,"RS"
16.9,9,1.00482911657702,0.995961836199971,1.01377534441815,"RS"
16.9,10,1.01247667746545,1.00267711457739,1.02237201538557,"RS"
16.9,11,1.02089363568635,1.00868152017678,1.03325360337942,"RS"
16.9,12,1.02973930628617,1.01404898142098,1.04567240669661,"RS"
17,0,1.00037669086253,0.984269778709302,1.01674718178728,"RS"
17,1,0.996010561735649,0.983385353925248,1.00879785846838,"RS"
17,2,0.992059842152831,0.981701774812036,1.00252719885399,"RS"
17,3,0.988914829670261,0.979204367765487,0.998721587173286,"RS"
17,4,0.986962265974407,0.976693661159232,0.997338831196252,"RS"
17,5,0.986589284925898,0.975490303661002,0.997814548722415,"RS"
17,6,0.988188903594967,0.976709153143441,0.999803581286608,"RS"
17,7,0.992034970758374,0.980904473319501,1.00329176793041,"RS"
17,8,0.997887825098328,0.987489951170482,1.00839518447673,"RS"
17,9,1.00538095082783,0.995291762310822,1.01557241259655,"RS"
17,10,1.01414538892419,1.00298696149748,1.02542795605303,"RS"
17,11,1.02380414046607,1.00989246785604,1.03790745192972,"RS"
17,12,1.03396797927801,1.01608398674523,1.05216674617304,"RS"
17.1,0,1.0004089090082,0.982419906119376,1.01872730691733,"RS"
17.1,1,0.995464033066723,0.981360188963445,1.00977057381566,"RS"
17.1,2,0.990990400590923,0.979415013847133,1.00270259305688,"RS"
17.1,3,0.987427062137801,0.976576707611139,0.998397970628567,"RS"
17.1,4,0.985208520245431,0.973742066008828,0.996809999533687,"RS"
17.1,5,0.984769750205172,0.972382342628642,0.997314963883006,"RS"
17.1,6,0.986553176423955,0.973740715598657,0.999534223352071,"RS"
17.1,7,0.990868735908494,0.978438545425088,1.00345684089371,"RS"
17.1,8,0.997449716278572,0.985824993348551,1.00921151646278,"RS"
17.1,9,1.00588725103231,0.994594131334383,1.01730859846505,"RS"
17.1,10,1.01576946137275,1.00327046172712,1.02842417674818,"RS"
17.1,11,1.02667433002693,1.01108488443892,1.04250414199513,"RS"
17.1,12,1.03816433939184,1.01811247691942,1.05861112599861,"RS"
17.2,0,1.00044221080206,0.980609871326809,1.02067564932859,"RS"
17.2,1,0.994911321697899,0.979358630755134,1.01071099693014,"RS"
17.2,2,0.989908305802303,0.977139240982572,1.002844234268,"RS"
17.2,3,0.98592078488268,0.973953028441908,0.998035598922785,"RS"
17.2,4,0.983430707556473,0.97079178211827,0.996234181602499,"RS"
17.2,5,0.982920573788052,0.969273477776051,0.996759817046244,"RS"
17.2,6,0.984882075278986,0.970766599393093,0.999202797883925,"RS"
17.2,7,0.989661498776817,0.975958826936999,1.00355655907644,"RS"
17.2,8,0.996965808225196,0.984137042701752,1.00996180373564,"RS"
17.2,9,1.00634471697811,0.99386720803832,1.01897887484251,"RS"
17.2,10,1.01734432398798,1.00352499621166,1.03135395476713,"RS"
17.2,11,1.02949826899256,1.01225547154143,1.04703478089848,"RS"
17.2,12,1.04232104033757,1.0201306371671,1.06499414050285,"RS"
17.3,0,1.00047793905782,0.97884271470546,1.02259136376428,"RS"
17.3,1,0.994353605641084,0.977383274220401,1.01161859337124,"RS"
17.3,2,0.988814569385035,0.974876725980492,1.00295168257784,"RS"
17.3,3,0.984396806457061,0.971335368270129,0.997633880344168,"RS"
17.3,4,0.981629358189049,0.96784461229426,0.995610436446462,"RS"
17.3,5,0.981041890220865,0.966165175096779,0.996147672442987,"RS"
17.3,6,0.983175174777484,0.967787749581711,0.998807253673675,"RS"
17.3,7,0.988412069326014,0.973465504410546,1.00358812342396,"RS"
17.3,8,0.996433945619945,0.982425333700972,1.01064230931767,"RS"
17.3,9,1.00675004938712,0.993109217532818,1.02057824461535,"RS"
17.3,10,1.01886538576512,1.00374789472481,1.03421056200064,"RS"
17.3,11,1.03226996675452,1.01340084510809,1.05149042395926,"RS"
17.3,12,1.04643063068562,1.02213451837243,1.07130426098976,"RS"
17.4,0,1.00051743679392,0.977121272147315,1.02447379855809,"RS"
17.4,1,0.99379206037761,0.975436568045456,1.01249296122713,"RS"
17.4,2,0.987710199087678,0.972629640685896,1.00302458055242,"RS"
17.4,3,0.982855931942099,0.968725690242229,0.99719228331007,"RS"
17.4,4,0.979805001259045,0.96490228200945,0.994937889972608,"RS"
17.4,5,0.979133837025011,0.96305881370673,0.995477178717005,"RS"
17.4,6,0.981432057645765,0.964805023204044,0.998345635241468,"RS"
17.4,7,0.987119269589211,0.970958688562442,1.00354882640475,"RS"
17.4,8,0.995851984599445,0.980689043551118,1.01124936772984,"RS"
17.4,9,1.00709995155368,0.992318338591084,1.02210175200377,"RS"
17.4,10,1.02032803778343,1.00393642855589,1.0369872783524,"RS"
17.4,11,1.03498338024604,1.0145175247647,1.05586209329795,"RS"
17.4,12,1.05048555687359,1.02412002091784,1.07752986237982,"RS"
17.5,0,1.00056204727511,0.975448156389661,1.02632252046354,"RS"
17.5,1,0.993227858806189,0.973520802027991,1.01333384705668,"RS"
17.5,2,0.986596198697906,0.970400050936755,1.00306266301772,"RS"
17.5,3,0.981298962813568,0.966125876287774,0.996710343913982,"RS"
17.5,4,0.977958164606431,0.961966432349278,0.994215743458626,"RS"
17.5,5,0.977196554680908,0.959955677312219,0.994747079525482,"RS"
17.5,6,0.979652314905918,0.961819179750858,0.997816095068016,"RS"
17.5,7,0.985781934214543,0.968438404842594,1.003436064663,"RS"
17.5,8,0.995217793829005,0.978927283883303,1.01177939716301,"RS"
17.5,9,1.00739113108868,0.991492696472084,1.02354449468675,"RS"
17.5,10,1.02172765567695,1.00408780259672,1.03967740637358,"RS"
17.5,11,1.03763241706333,1.01560192220687,1.0601407986715,"RS"
17.5,12,1.05447816674734,1.02608287696979,1.08365925316926,"RS"
17.6,0,1.0006131140721,0.973825736398281,1.02813734185761,"RS"
17.6,1,0.992662171204738,0.971638093204067,1.01414116329211,"RS"
17.6,2,0.985473567941322,0.968189907782887,1.00306576768075,"RS"
17.6,3,0.979726696813894,0.963537720297506,0.996187674057526,"RS"
17.6,4,0.976089374687439,0.959038612449348,0.993443282689554,"RS"
17.6,5,0.97523018661141,0.95685694504178,0.99395622491573,"RS"
17.6,6,0.977835546063268,0.958830870908334,0.997216906709568,"RS"
17.6,7,0.984398911022052,0.965904583292381,1.00324735256802,"RS"
17.6,8,0.9945292556203,0.97713909181791,1.01222891251288,"RS"
17.6,9,1.00762030176895,0.990630355177503,1.02490163685224,"RS"
17.6,10,1.02305960231077,1.00419914674023,1.04227428720474,"RS"
17.6,11,1.04021093893842,1.01665032848396,1.0643175604937,"RS"
17.6,12,1.05840071364697,1.02801863099447,1.0896807089622,"RS"
17.7,0,1.00067198113919,0.972256114592029,1.0299183505338,"RS"
17.7,1,0.992096165206015,0.969790370616288,1.01491500724121,"RS"
17.7,2,0.984343302390404,0.966001037922136,1.00303384667683,"RS"
17.7,3,0.978139927830558,0.960962920757439,0.995623970238358,"RS"
17.7,4,0.974199156469202,0.956120271344756,0.992619887799757,"RS"
17.7,5,0.973234879164699,0.953763681552092,0.993103583564157,"RS"
17.7,6,0.975981359294325,0.95584062948719,0.996546478884286,"RS"
17.7,7,0.982969061572492,0.963357047604493,1.00298033674156,"RS"
17.7,8,0.99378426709212,0.975323420324659,1.01259453934888,"RS"
17.7,9,1.00778418549098,0.989729309070666,1.02616842324228,"RS"
17.7,10,1.0243192306633,1.00426750649511,1.04477131792153,"RS"
17.7,11,1.04271276556681,1.01765890002528,1.06838343520503,"RS"
17.7,12,1.06224536104762,1.02992261826404,1.09558250984823,"RS"
17.8,0,1.00073999290998,0.970741101694288,1.03166594230072,"RS"
17.8,1,0.991531005787009,0.967979358580681,1.01565568183038,"RS"
17.8,2,0.983206393383521,0.963835133257846,1.00296697913752,"RS"
17.8,3,0.976539445780842,0.95840307276097,0.995019023070049,"RS"
17.8,4,0.972288033326878,0.953212749147466,0.99174504390142,"RS"
17.8,5,0.971210781596646,0.950676826313538,0.992188255968364,"RS"
17.8,6,0.974089371635071,0.952848857440426,0.995803370621905,"RS"
17.8,7,0.981491261747588,0.960795503296715,1.00263281164564,"RS"
17.8,8,0.992980741373317,0.97347912780316,1.0128730288891,"RS"
17.8,9,1.00787951432809,0.988787473781101,1.02734019426616,"RS"
17.8,10,1.02550188691405,1.0042898327136,1.04716197038726,"RS"
17.8,11,1.04513167879283,1.01862364324105,1.07232954316753,"RS"
17.8,12,1.06600418776413,1.03178994109158,1.10135298191456,"RS"
17.9,0,1.00081849441117,0.969282189004507,1.03338085659467,"RS"
17.9,1,0.990967855272038,0.966206558311008,1.01636371822925,"RS"
17.9,2,0.982063827953947,0.961693739478105,1.00286538487705,"RS"
17.9,3,0.974926036502854,0.955859659315965,0.994372727615003,"RS"
17.9,4,0.970356526943238,0.95031726746269,0.990818352585929,"RS"
17.9,5,0.969158046052654,0.947597181976687,0.991209488687257,"RS"
17.9,6,0.97215920916946,0.949855812870831,0.994986307570781,"RS"
17.9,7,0.979964402341277,0.95821952491069,1.00220273631515,"RS"
17.9,8,0.992116608846991,0.971604966805855,1.01306127405454,"RS"
17.9,9,1.0079030326897,0.987802676314784,1.02841240225731,"RS"
17.9,10,1.02660291373667,1.00426297032159,1.04943981172097,"RS"
17.9,11,1.04746142715492,1.0195403975165,1.07614709927143,"RS"
17.9,12,1.06966919372745,1.033615442511,1.10698054319884,"RS"
18,0,1.00090883139435,0.967880517900985,1.03506421529779,"RS"
18,1,0.99040787334949,0.964473227765638,1.01703990049065,"RS"
18,2,0.980916588768806,0.959578243555267,1.00272943929706,"RS"
18,3,0.973300481652818,0.953334041859139,0.993685094616164,"RS"
18,4,0.968405157210743,0.947434918950571,0.989839544389108,"RS"
18,5,0.967076827548974,0.944525401718019,0.990166689726992,"RS"
18,6,0.970190507218015,0.94686159592881,0.994094199556826,"RS"
18,7,0.978387389661443,0.955628542147437,1.00168825231765,"RS"
18,8,0.991189818434892,0.969699571825132,1.01315632667533,"RS"
18,9,1.00785149958144,0.986772644287231,1.02938062895154,"RS"
18,10,1.02761765379637,1.00418364593282,1.05159852649561,"RS"
18,11,1.04969573079215,1.02040481640381,1.07982744645064,"RS"
18,12,1.07323230633992,1.03539367709696,1.11245375440306,"RS"
18.1,0,1.00101210155786,0.966536029257741,1.0367179258023,"RS"
18.1,1,0.989852015428548,0.962779727419221,1.01768554586663,"RS"
18.1,2,0.979765503115679,0.957489374517649,1.00255988906311,"RS"
18.1,3,0.971663466332827,0.950827055838698,0.99295648562833,"RS"
18.1,4,0.96643442118789,0.944566315407611,0.988808805926689,"RS"
18.1,5,0.964967352002117,0.941461693405241,0.98905988098357,"RS"
18.1,6,0.968183090941122,0.943865949422082,0.993126723300327,"RS"
18.1,7,0.976759467445282,0.953021793714845,1.00108839434312,"RS"
18.1,8,0.990198829250856,0.967761607144863,1.01315625068292,"RS"
18.1,9,1.00772237653994,0.985695346393001,1.03024163794156,"RS"
18.1,10,1.0285423581951,1.00404894941552,1.05363327476948,"RS"
18.1,11,1.05182943153056,1.02121292788577,1.08336383414611,"RS"
18.1,12,1.07668678915373,1.03711951145926,1.11776360306544,"RS"
18.2,0,1.00112841068021,0.965245103286737,1.03834569194738,"RS"
18.2,1,0.989300430975219,0.961123690816601,1.01830321329007,"RS"
18.2,2,0.978610793203995,0.955425793248481,1.00235841584223,"RS"
18.2,3,0.970015304528969,0.948337864666834,0.992188254922197,"RS"
18.2,4,0.964444730757158,0.941710602815505,0.98772769033745,"RS"
18.2,5,0.962830118335529,0.938405013574923,0.987890967507062,"RS"
18.2,6,0.966137511564144,0.940867746419458,0.992085970428428,"RS"
18.2,7,0.975081173128664,0.950398267351856,1.00040512156992,"RS"
18.2,8,0.989144072897962,0.96579027391848,1.01306259067976,"RS"
18.2,9,1.00751587746599,0.984570065888067,1.03099645064922,"RS"
18.2,10,1.02937689960913,1.00385783796265,1.05554468110686,"RS"
18.2,11,1.05386193688564,1.02196290631388,1.08675664757958,"RS"
18.2,12,1.08003147255255,1.03879006633292,1.12291021979238,"RS"
18.3,0,1.00125761759437,0.964003195591501,1.03995175677361,"RS"
18.3,1,0.988753068916668,0.959502052542627,1.01889582070352,"RS"
18.3,2,0.977452530606338,0.953385636697373,1.00212695976666,"RS"
18.3,3,0.968356217510559,0.945865209191185,0.991382022384777,"RS"
18.3,4,0.962436475865856,0.938866554132824,0.986598112372469,"RS"
18.3,5,0.960665692566381,0.935353995984516,0.98666235119107,"RS"
18.3,6,0.964054500890385,0.937865629251484,0.990974668118257,"RS"
18.3,7,0.973353368329505,0.947756872564591,0.999641160158218,"RS"
18.3,8,0.988026478642494,0.963784892091873,1.01287780137316,"RS"
18.3,9,1.00723291510419,0.983396399864949,1.03164720290679,"RS"
18.3,10,1.03012207553968,1.00360971538754,1.05733481277073,"RS"
18.3,11,1.05579382612099,1.02265342362139,1.09000818608504,"RS"
18.3,12,1.0832666215913,1.04040295493539,1.12789623278866,"RS"
18.4,0,1.00139958156033,0.962805686252657,1.04154050632191,"RS"
18.4,1,0.988209878332355,0.95791170264408,1.01946636724251,"RS"
18.4,2,0.976290786667195,0.951367017576042,1.00186750488758,"RS"
18.4,3,0.966686425839822,0.943407812505359,0.990539439589028,"RS"
18.4,4,0.960410045368791,0.93603292182206,0.985422022817088,"RS"
18.4,5,0.958474639734684,0.932307248500434,0.985376480223842,"RS"
18.4,6,0.961934790989713,0.934858210307503,0.989795598855635,"RS"
18.4,7,0.971576918043134,0.945096488277207,0.998799296561686,"RS"
18.4,8,0.986846984543574,0.961744754133334,1.01260440123776,"RS"
18.4,9,1.00687441876772,0.982173920618204,1.03219610487185,"RS"
18.4,10,1.030778709885,1.00330395222036,1.05900584404238,"RS"
18.4,11,1.05762571616981,1.0232830886755,1.09312092409496,"RS"
18.4,12,1.08639255093772,1.0419556777843,1.13272454855541,"RS"
18.5,0,1.00155416224682,0.96164789019057,1.04311645680951,"RS"
18.5,1,0.987670808452028,0.956349493455017,1.02001792497856,"RS"
18.5,2,0.975125632500593,0.949368028228302,1.00158207448189,"RS"
18.5,3,0.965006149350291,0.940964382720245,0.989662186353699,"RS"
18.5,4,0.958365826964846,0.9332084410009,0.984201404467501,"RS"
18.5,5,0.956257523770272,0.929263357223051,0.984035843724506,"RS"
18.5,6,0.959779113963212,0.93184407697894,0.98855159393885,"RS"
18.5,7,0.969752690272212,0.942415967869624,0.997882370792228,"RS"
18.5,8,0.985606536928075,0.959669129367563,1.01224496642456,"RS"
18.5,9,1.00644133366144,0.980902179022531,1.03264543576771,"RS"
18.5,10,1.03134765214533,1.00293988872771,1.06056005104656,"RS"
18.5,11,1.05935826078635,1.02385045067633,1.09609750521178,"RS"
18.5,12,1.08940962405966,1.0434456268749,1.13739834489344,"RS"
18.6,0,1.00172121971314,0.960525068484646,1.0446842408878,"RS"
18.6,1,0.987135808653729,0.954812246709691,1.02055363039633,"RS"
18.6,2,0.973957138987798,0.947386744353413,1.00127272651752,"RS"
18.6,3,0.963315607125651,0.938533615431226,0.98875196761651,"RS"
18.6,4,0.95630420713486,0.930391832261611,0.982938268450625,"RS"
18.6,5,0.95401490736239,0.926220890310192,0.982642966695409,"RS"
18.6,6,0.957588201711933,0.92882179633572,0.987245527264151,"RS"
18.6,7,0.96788155566178,0.939714143943444,0.996893269967264,"RS"
18.6,8,0.984306089870393,0.957557268003312,1.01180212498015,"RS"
18.6,9,1.00593462020729,0.979580707593226,1.03299753893456,"RS"
18.6,10,1.03182977662448,1.00251683767149,1.06199980680803,"RS"
18.6,11,1.06099214968498,1.02435400246157,1.09894073629628,"RS"
18.6,12,1.09231825238734,1.04487009005411,1.1419210635427,"RS"
18.7,0,1.00190061439129,0.959432440968061,1.04624859266258,"RS"
18.7,1,0.986604828461843,0.953296761174542,1.02107667537329,"RS"
18.7,2,0.972785376775054,0.945421228759272,1.00094154910111,"RS"
18.7,3,0.961615017479021,0.936114196041153,0.987810510460977,"RS"
18.7,4,0.954225571080812,0.927581804336729,0.981634650709423,"RS"
18.7,5,0.951747351831903,0.923178401704366,0.981200405086076,"RS"
18.7,6,0.955362785709778,0.925789919754925,0.985880309175067,"RS"
18.7,7,0.965964387139587,0.93698983302868,0.995834921928546,"RS"
18.7,8,0.98294660467736,0.955408405048078,1.01127855118475,"RS"
18.7,9,1.00535525337244,0.978209023406402,1.0332548170164,"RS"
18.7,10,1.03222598162881,1.00203408699619,1.06332757635382,"RS"
18.7,11,1.06252810766788,1.02479218396698,1.10165358132813,"RS"
18.7,12,1.0951188944523,1.0462262559509,1.14629640210703,"RS"
18.8,0,1.00209220706829,0.958365200285484,1.04781433128819,"RS"
18.8,1,0.986077817545155,0.951799820944321,1.02159029751645,"RS"
18.8,2,0.97161041627138,0.943469535264038,1.00059065578927,"RS"
18.8,3,0.959904597932673,0.933704802048831,0.986839561187239,"RS"
18.8,4,0.952130302666303,0.924777056733663,0.980292608531392,"RS"
18.8,5,0.949455417006118,0.920134434904086,0.979710740829116,"RS"
18.8,6,0.953103596780559,0.922746987649783,0.984458880228621,"RS"
18.8,7,0.964002059561794,0.934241840373957,0.994710288791392,"RS"
18.8,8,0.981529049378555,0.953221764240272,1.01067695988017,"RS"
18.8,9,1.00470422200081,0.976786631000814,1.03341972716395,"RS"
18.8,10,1.03253718866457,1.00149090257845,1.06454591173066,"RS"
18.8,11,1.06396689374249,1.0251633860294,1.10423915485758,"RS"
18.8,12,1.09781205500404,1.04751121974341,1.15052830499268,"RS"
18.9,0,1.00229585886873,0.957318527494794,1.04938634305379,"RS"
18.9,1,0.985554725714953,0.950318204481892,1.02209776977663,"RS"
18.9,2,0.970432327646408,0.941529712824526,1.00022218068517,"RS"
18.9,3,0.958184565198189,0.93130410537943,0.985840882350653,"RS"
18.9,4,0.95001878435834,0.921976282423679,0.978914217035089,"RS"
18.9,5,0.947139661096259,0.917087526875511,0.978176576752536,"RS"
18.9,6,0.950811364879296,0.919691534398128,0.982984204780422,"RS"
18.9,7,0.961995449364207,0.931468964914603,0.993522360331444,"RS"
18.9,8,0.980054398222301,0.950996562086515,1.01000010070225,"RS"
18.9,9,1.00398252814824,0.975313025345916,1.0334947761714,"RS"
18.9,10,1.03276434163402,1.00088653113643,1.06565744684336,"RS"
18.9,11,1.06530930022976,1.02546595467602,1.10670071491019,"RS"
18.9,12,1.10039828410608,1.048721989988,1.15462095314456,"RS"
19,0,1.00251143123752,0.956287609201079,1.05096956197262,"RS"
19,1,0.985035502923137,0.948848694427801,1.02260238931368,"RS"
19,2,0.969251180828269,0.939599809940132,0.999838273271738,"RS"
19,3,0.956455135157062,0.928910774809975,0.984816249715107,"RS"
19,4,0.947891397170423,0.919178170644869,0.977501565555388,"RS"
19,5,0.944800640577573,0.914036212169088,0.976600531304399,"RS"
19,6,0.948486818877762,0.916622093533819,0.981459264326215,"RS"
19,7,0.959945434219121,0.928670004478008,0.992274147151006,"RS"
19,8,0.978523631177562,0.948732012061097,1.0092507521621,"RS"
19,9,1.00319118642197,0.973787694934742,1.03348251549036,"RS"
19,10,1.03290840603141,1.00022020337068,1.06666489204575,"RS"
19,11,1.06655615186428,1.02569819601234,1.1090416552374,"RS"
19,12,1.10287817621261,1.04985549669283,1.15857875240704,"RS"
19.1,0,1.00273878592292,0.955267656126889,1.05256894896963,"RS"
19.1,1,0.984520099260374,0.947388088159706,1.02310746563267,"RS"
19.1,2,0.968067045501533,0.937677879357887,0.999441092955953,"RS"
19.1,3,0.954716522841722,0.926523478526308,0.983767449084785,"RS"
19.1,4,0.945748520606931,0.916381409859834,0.976056753887019,"RS"
19.1,5,0.942438910072093,0.910979027282089,0.974985233049544,"RS"
19.1,6,0.946130686354337,0.913537203237089,0.979887050564932,"RS"
19.1,7,0.957852892697895,0.925843761258671,0.990968673593935,"RS"
19.1,8,0.976937733442005,0.946427329001817,1.00843171554376,"RS"
19.1,9,1.00233122332477,0.972210125041137,1.0333855360838,"RS"
19.1,10,1.03297036813934,0.999491137389198,1.06757102843467,"RS"
19.1,11,1.06770830488735,1.02585838179676,1.11126549683079,"RS"
19.1,12,1.10525236922711,1.05090860078164,1.16240632037225,"RS"
19.2,0,1.00297778495969,0.954253922944826,1.05418946984074,"RS"
19.2,1,0.98400846495426,0.945933209040635,1.02361630805167,"RS"
19.2,2,0.966879991105192,0.935761983085248,0.999032803317475,"RS"
19.2,3,0.952968942417002,0.924140886835084,0.982696272990939,"RS"
19.2,4,0.943590532608807,0.913584690894322,0.974581888360434,"RS"
19.2,5,0.940055022234058,0.907914515288899,0.973333314917077,"RS"
19.2,6,0.943743693388184,0.910435412137388,0.978270558170653,"RS"
19.2,7,0.955718703939357,0.922989047573513,0.98960897039981,"RS"
19.2,8,0.975297694956443,0.944081733718237,1.00754580860394,"RS"
19.2,9,1.00140367660414,0.970579801166168,1.03320646309701,"RS"
19.2,10,1.0329512342262,0.99869854245445,1.0683787018124,"RS"
19.2,11,1.0687666461339,1.02594475576808,1.11337587863894,"RS"
19.2,12,1.10752154354446,1.0518781050588,1.1661084716147,"RS"
19.3,0,1.00322829065256,0.953241729127172,1.05583607222821,"RS"
19.3,1,0.983500550367526,0.944480918257758,1.0241322125994,"RS"
19.3,2,0.965690086830689,0.933850197700747,0.998615566071662,"RS"
19.3,3,0.951212607162039,0.92176167504408,0.981604517220499,"RS"
19.3,4,0.941417809500538,0.910786710271319,0.973079077735748,"RS"
19.3,5,0.937649527637989,0.90484123074488,0.97164740819335,"RS"
19.3,6,0.941326564357789,0.907315285422988,0.97661277728011,"RS"
19.3,7,0.953543747324128,0.920104691889481,0.988198067106645,"RS"
19.3,8,0.973604509925875,0.941694457813462,1.00659585907404,"RS"
19.3,9,1.00040959460703,0.968896212686555,1.03294795033488,"RS"
19.3,10,1.03285202974553,0.997841623077049,1.06909081629589,"RS"
19.3,11,1.06973209211447,1.02595554077201,1.11537654744622,"RS"
19.3,12,1.10968642107766,1.05276076674988,1.16969020124656,"RS"
19.4,0,1.00349016555981,0.952226480503959,1.05751366192034,"RS"
19.4,1,0.982996305996253,0.943028127119942,1.02465844847423,"RS"
19.4,2,0.964497401620005,0.931940619938053,0.998191534771363,"RS"
19.4,3,0.949447729452602,0.91938452651545,0.980493977181975,"RS"
19.4,4,0.939230725938433,0.907986173745066,0.971550428910515,"RS"
19.4,5,0.93522297466943,0.901757744855491,0.96993013626925,"RS"
19.4,6,0.938880021743877,0.904175411234575,0.974916685719394,"RS"
19.4,7,0.951328902154944,0.917189545099148,0.986738984227626,"RS"
19.4,8,0.971859176347342,0.939264748707559,1.00558469797806,"RS"
19.4,9,0.999350035640482,0.967158856707725,1.03261267454478,"RS"
19.4,10,1.03267379853779,0.996919583469643,1.06971032756218,"RS"
19.4,11,1.07060558809309,1.02588894671251,1.11727134689301,"RS"
19.4,12,1.11174776427075,1.05355331165338,1.17315666676738,"RS"
19.5,0,1.00376327247715,0.951203691167834,1.05922707883632,"RS"
19.5,1,0.982495682468122,0.941571809653136,1.02519824422537,"RS"
19.5,2,0.963302004163775,0.93003137250582,0.99776284828514,"RS"
19.5,3,0.947674520743852,0.917008135888939,0.979366444111744,"RS"
19.5,4,0.93702965486019,0.905181800030608,0.969998042445967,"RS"
19.5,5,0.93277590941835,0.898662650889526,0.968184108163396,"RS"
19.5,6,0.93640478593673,0.901014407304542,0.973185241008958,"RS"
19.5,7,0.949075047343078,0.914242487005422,0.985234725241907,"RS"
19.5,8,0.970062695544774,0.936791874839362,1.00451515279096,"RS"
19.5,9,0.998226067338586,0.965367242115001,1.03220332951339,"RS"
19.5,10,1.03241760203532,0.995931632363377,1.07024023573083,"RS"
19.5,11,1.07138810716202,1.02574317933241,1.11906420563801,"RS"
19.5,12,1.11370637509902,1.05425244989661,1.1765131682244,"RS"
19.6,0,1.00404747442172,0.950169005323934,1.06098107309756,"RS"
19.6,1,0.981998630540689,0.940109015308592,1.02575477384104,"RS"
19.6,2,0.962103962899469,0.928120610093844,0.997331624101386,"RS"
19.6,3,0.94589319155353,0.914631212465215,0.978223701130636,"RS"
19.6,4,0.934814967435747,0.902372324716342,0.968424007924443,"RS"
19.6,5,0.930308875575203,0.895554569803554,0.966411911854625,"RS"
19.6,6,0.933901575047939,0.897830927789661,0.971421372199988,"RS"
19.6,7,0.946783061100897,0.911262432963437,0.983688268452468,"RS"
19.6,8,0.968216071711036,0.934275131013134,1.00339004047232,"RS"
19.6,9,0.997038766036088,0.963520893808084,1.03172261999413,"RS"
19.6,10,1.03208451847108,0.994876988178715,1.07068357789408,"RS"
19.6,11,1.07208064931451,1.02551644980558,1.12075912468545,"RS"
19.6,12,1.115563094058,1.0548548932422,1.17976512674575,"RS"
19.7,0,1.00434263461641,0.949118218658036,1.06278028161174,"RS"
19.7,1,0.981505101099683,0.938636881580835,1.02633114294661,"RS"
19.7,2,0.96090334600961,0.926206525505645,0.99689995151825,"RS"
19.7,3,0.944103951445573,0.912252483733144,0.977067519167075,"RS"
19.7,4,0.932587033019425,0.899556504339513,0.966830399158253,"RS"
19.7,5,0.92782241432966,0.892432156033806,0.964616107467904,"RS"
19.7,6,0.931371104726574,0.894623670232225,0.969627971607801,"RS"
19.7,7,0.94445382064067,0.908248340616176,0.982102558775512,"RS"
19.7,8,0.966320311457335,0.931713843847509,1.00221216041932,"RS"
19.7,9,0.995789216149036,0.961619357096333,1.03117325548946,"RS"
19.7,10,1.0316756420917,0.99375488453181,1.07104342031664,"RS"
19.7,11,1.07268424051622,1.02520698509941,1.12236016392367,"RS"
19.7,12,1.11731879914246,1.05535737384297,1.1829180615579,"RS"
19.8,0,1.00464861647426,0.948047298788461,1.06462920560344,"RS"
19.8,1,0.981015045157329,0.93715264632122,1.02693037532667,"RS"
19.8,2,0.959700221420038,0.924287355848676,0.996469884788146,"RS"
19.8,3,0.94230700901415,0.909870699018997,0.975899652768853,"RS"
19.8,4,0.930346219103342,0.896733120597596,0.965219269277209,"RS"
19.8,5,0.925317064271978,0.889294103401942,0.96279922036762,"RS"
19.8,6,0.928814087979818,0.891391382573794,0.967807886518762,"RS"
19.8,7,0.942088201879638,0.905199216650554,0.980480499535644,"RS"
19.8,8,0.964376423370158,0.929107377276142,1.00098428739072,"RS"
19.8,9,0.994478509562804,0.959662202225157,1.03055794391933,"RS"
19.8,10,1.03119208237566,0.992564576047013,1.07132285033702,"RS"
19.8,11,1.07319993177648,1.02481303904175,1.12387142794553,"RS"
19.8,12,1.11897440481671,1.05575666429121,1.18597756565006,"RS"
19.9,0,1.00496528358318,0.946952404377474,1.06653218951523,"RS"
19.9,1,0.980528413850692,0.935653659529375,1.02755539998865,"RS"
19.9,2,0.958494656798227,0.922361388706312,0.996043436292711,"RS"
19.9,3,0.940502571868124,0.907484633230234,0.974721835830956,"RS"
19.9,4,0.928092891272108,0.893900984662082,0.96359264572847,"RS"
19.9,5,0.92279336129704,0.88613915107257,0.960963734220736,"RS"
19.9,6,0.92623123499805,0.888132870136668,0.965963910956248,"RS"
19.9,7,0.939687079151438,0.902114123492772,0.978824944348892,"RS"
19.9,8,0.962385417575895,0.926455138042814,0.999709164460296,"RS"
19.9,9,0.993107745027809,0.957649028997327,1.02987938521365,"RS"
19.9,10,1.03063496325692,0.991305344435737,1.07152496801298,"RS"
19.9,11,1.07362879822015,1.02433290400201,1.12529705124593,"RS"
19.9,12,1.12053086097739,1.05604959875714,1.18894928029936,"RS"
20,0,1.00529249969078,0.945829902506375,1.06849340167454,"RS"
20,1,0.980045158440059,0.934137394409353,1.02820903898094,"RS"
20,2,0.95728671955164,0.920426968210695,0.995622569829101,"RS"
20,3,0.938690846615937,0.905093090661716,0.97353577727164,"RS"
20,4,0.925827413158784,0.891058941555381,0.96195252522811,"RS"
20,5,0.920251838511027,0.88296608949316,0.959112084099449,"RS"
20,6,0.923623252984393,0.884847002481372,0.964098777597917,"RS"
20,7,0.937251324923917,0.898992185856033,0.977138689181346,"RS"
20,8,0.960348305313299,0.92375658112847,0.998389496063423,"RS"
20,9,0.991678027563249,0.95557947144718,1.02914026487236,"RS"
20,10,1.03000542235473,0.989976504791768,1.0716528775633,"RS"
20,11,1.07397193816096,1.02376492307155,1.12664118291596,"RS"
20,12,1.12198915191015,1.05623309496139,1.19183886872061,"RS"
20.1,0,1.00563012868946,0.944676383963714,1.07051681707629,"RS"
20.1,1,0.97956523030733,0.932601457489854,1.02889399616609,"RS"
20.1,2,0.956076476826136,0.918482500932741,0.995209194091346,"RS"
20.1,3,0.936872038850907,0.902694908828012,0.97234315669314,"RS"
20.1,4,0.923550146402112,0.88820587454657,0.960300868708835,"RS"
20.1,5,0.917693026140733,0.879773766241556,0.957246649698471,"RS"
20.1,6,0.920990845988729,0.881532720044167,0.962215149940817,"RS"
20.1,7,0.934781809523368,0.895832597050402,0.975424464674418,"RS"
20.1,8,0.958266098513902,0.921011215043911,0.997027941204033,"RS"
20.1,9,0.990190467869149,0.953453202520614,1.02834324754153,"RS"
20.1,10,1.02930461021008,0.988577412043665,1.07170967866797,"RS"
20.1,11,1.07423047217722,1.0231075026054,1.12790797097612,"RS"
20.1,12,1.12335029524126,1.05630417668051,1.19465198914981,"RS"
20.2,0,1.00597803460169,0.94348867615607,1.07260620257161,"RS"
20.2,1,0.979088580954442,0.931043597627944,1.02961284712948,"RS"
20.2,2,0.954863995504418,0.916526461505172,0.994805156430844,"RS"
20.2,3,0.935046353136946,0.900288962282049,0.971145620066806,"RS"
20.2,4,0.921261450604993,0.885340709517595,0.958639596312326,"RS"
20.2,5,0.915117451445509,0.876561091702664,0.955369748745578,"RS"
20.2,6,0.918334714746178,0.878189040457025,0.960315614812337,"RS"
20.2,7,0.932279400865251,0.892634624963824,0.973684928828405,"RS"
20.2,8,0.956139809390538,0.918218606919907,0.995627106891242,"RS"
20.2,9,0.988646181746997,0.951269938709783,1.02749097065824,"RS"
20.2,10,1.02853368952935,0.98710746749621,1.07169845769698,"RS"
20.2,11,1.07440554219076,1.02235912496632,1.12910154651209,"RS"
20.2,12,1.12461534088549,1.05625999644534,1.19739426770996,"RS"
20.3,0,1.00633608156547,0.942263853422022,1.07476510468133,"RS"
20.3,1,0.978615162001816,0.929461713742527,1.03036803037713,"RS"
20.3,2,0.953649342204529,0.914557397896587,0.994412236978008,"RS"
20.3,3,0.933213992994691,0.897874166377766,0.969944775485036,"RS"
20.3,4,0.918961683294227,0.882462419248527,0.956970582477717,"RS"
20.3,5,0.912525638631832,0.873327044494402,0.953483630685583,"RS"
20.3,6,0.915655556520043,0.874815064453897,0.958402675323631,"RS"
20.3,7,0.929744964191408,0.889397617625375,0.971922660133984,"RS"
20.3,8,0.953970450034063,0.915378387326323,0.994189541874955,"RS"
20.3,9,0.987046289529252,0.949029444588365,1.02658603821933,"RS"
20.3,10,1.02769383443562,0.985566125385476,1.07162227894541,"RS"
20.3,11,1.07449831054976,1.02151836129489,1.1302260077937,"RS"
20.3,12,1.12578536999134,1.05609785806158,1.20007127143766,"RS"
20.4,0,1.00670413382002,0.940999244608667,1.07699684017471,"RS"
20.4,1,0.978144925186828,0.927853861156103,1.03116183994386,"RS"
20.4,2,0.952432583278396,0.912573936259091,0.994032143202493,"RS"
20.4,3,0.931375160888044,0.89544948093278,0.968742189024005,"RS"
20.4,4,0.916651199881488,0.879570027568638,0.955295651179522,"RS"
20.4,5,0.909918108770471,0.870070676563791,0.951590470717039,"RS"
20.4,6,0.912954064949211,0.871409981271435,0.956478744357722,"RS"
20.4,7,0.927179361813808,0.886121008266462,0.970140151236494,"RS"
20.4,8,0.951759032018399,0.91249025475356,0.992717730747979,"RS"
20.4,9,0.985391915517964,0.946731537191631,1.0256310147315,"RS"
20.4,10,1.02678622972817,0.983952899366147,1.07148417595858,"RS"
20.4,11,1.07450995911646,1.02058388411531,1.1312854045714,"RS"
20.4,12,1.12686149388479,1.0558152385627,1.20268848186818,"RS"
20.5,0,1.00708205569162,0.939692437851678,1.07930448947185,"RS"
20.5,1,0.977677822362304,0.926218256459489,1.03199641949716,"RS"
20.5,2,0.951213784810409,0.910574785278949,0.993666504982521,"RS"
20.5,3,0.929530058211126,0.893013913746494,0.967539380761828,"RS"
20.5,4,0.914330353625544,0.876662613319527,0.953616571368838,"RS"
20.5,5,0.907295379716265,0.866791117877104,0.94969236425793,"RS"
20.5,6,0.910230929900006,0.86797307345955,0.95454613867724,"RS"
20.5,7,0.924583452864846,0.882804319803075,0.968339803210492,"RS"
20.5,8,0.949506566013987,0.90955397969326,0.991214088478529,"RS"
20.5,9,0.983684187432754,0.944376090185104,1.02462841939971,"RS"
20.5,10,1.02581207015059,0.982267368845623,1.07128714303449,"RS"
20.5,11,1.07444168836032,1.01955447957914,1.13228372275223,"RS"
20.5,12,1.12784485301272,1.05540980919905,1.2052512695828,"RS"
20.6,0,1.00746971157971,0.93834128258028,1.0816908928481,"RS"
20.6,1,0.977213805495041,0.924553280852525,1.03287375798348,"RS"
20.6,2,0.949993012616054,0.908558739968753,0.993316870244807,"RS"
20.6,3,0.927678885275632,0.890566523929501,0.96633782099625,"RS"
20.6,4,0.911999495595703,0.873739314077388,0.951935052670811,"RS"
20.6,5,0.904657966030475,0.863487580633334,0.947791321911228,"RS"
20.6,6,0.907486837322478,0.864503721027117,0.952607073726779,"RS"
20.6,7,0.92195809305421,0.879447168671887,0.966523920512255,"RS"
20.6,8,0.947214061409746,0.906569408260636,0.989680955431488,"RS"
20.6,9,0.98192423586837,0.941963037766677,1.02358072061051,"RS"
20.6,10,1.02477255966794,0.980509185077441,1.07103412699334,"RS"
20.6,11,1.07429471645754,1.01842905914593,1.13322486965999,"RS"
20.6,12,1.12873661588709,1.0548794550744,1.20776487011436,"RS"
20.7,0,1.00786696594312,0.936943888843539,1.08415864934364,"RS"
20.7,1,0.976752826664345,0.922857481952461,1.03379568682517,"RS"
20.7,2,0.948770332240589,0.906524684850414,0.992984701225709,"RS"
20.7,3,0.925821841298594,0.888106425001748,0.965138926704456,"RS"
20.7,4,0.909658974636481,0.870799329583732,0.950252741389056,"RS"
20.7,5,0.902006378905713,0.860159362937721,0.945889264993684,"RS"
20.7,6,0.904722469111121,0.861001404860416,0.950663659192542,"RS"
20.7,7,0.919304134432319,0.876049267964805,0.964694706666096,"RS"
20.7,8,0.944882525943608,0.903536465307862,0.988120592929659,"RS"
20.7,9,0.980113193762048,0.939492378249458,1.02249033076389,"RS"
20.7,10,1.0236689107534,0.978678076926727,1.07072801930302,"RS"
20.7,11,1.07407027839743,1.01720667050444,1.13411266007983,"RS"
20.7,12,1.12953797803089,1.05422229306332,1.21023436158494,"RS"
20.8,0,1.00827368328657,0.935498624120601,1.08671011821521,"RS"
20.8,1,0.976294838060605,0.921129574098908,1.03476387863912,"RS"
20.8,2,0.947545808957759,0.90447159649053,0.992671371392052,"RS"
20.8,3,0.923959124390546,0.885632787719588,0.96394405828485,"RS"
20.8,4,0.907309137333484,0.867841924837504,0.948571216864143,"RS"
20.8,5,0.89934112609342,0.856805851881438,0.943988021681839,"RS"
20.8,6,0.901938502970003,0.857465709366086,0.948717895367706,"RS"
20.8,7,0.916622425160358,0.872610429820003,0.962854260726824,"RS"
20.8,8,0.942512965341711,0.90045515698649,0.986535179397673,"RS"
20.8,9,0.978252195870856,0.936964177276483,1.02135960150349,"RS"
20.8,10,1.02250234368483,0.97677385622307,1.07037164864721,"RS"
20.8,11,1.07376962509655,1.01588650754783,1.13495080327729,"RS"
20.8,12,1.13025016092699,1.05343668767824,1.21266464441352,"RS"
20.9,0,1.00868972814728,0.934004107832527,1.08934742271205,"RS"
20.9,1,0.975839791983878,0.919368437218548,1.03577984741363,"RS"
20.9,2,0.946319507768557,0.902398545362812,0.992378163046881,"RS"
20.9,3,0.922090931544083,0.883144842595503,0.962754516617005,"RS"
20.9,4,0.904950327980499,0.864866432806419,0.94689198822833,"RS"
20.9,5,0.896662711833891,0.853426525984535,0.942089323818225,"RS"
20.9,6,0.899135612282288,0.853896324305908,0.946771670356341,"RS"
20.9,7,0.913913809286884,0.869130567042042,0.961004574546117,"RS"
20.9,8,0.940106382966302,0.897325572726509,0.98492680712149,"RS"
20.9,9,0.976342378259219,0.934378570623565,1.02019081938995,"RS"
20.9,10,1.02127408585157,0.974796422621099,1.06996777401734,"RS"
20.9,11,1.07339402252113,1.01446791923339,1.13574289116482,"RS"
20.9,12,1.13087441097087,1.05252126460327,1.21506042338324,"RS"
21,0,1.00911496508183,0.932459203815399,1.09207245591594,"RS"
21,1,0.975387640842507,0.917573114342696,1.03684495005047,"RS"
21,2,0.945091493400035,0.900304697025827,0.99210626563185,"RS"
21,3,0.92021745862282,0.880641882078956,0.961571540471339,"RS"
21,4,0.902582888547777,0.861872256721384,0.945216491592677,"RS"
21,5,0.893971636788816,0.850020956971382,0.940194804408546,"RS"
21,6,0.896314465984127,0.850293045807092,0.944826758132367,"RS"
21,7,0.91117912653103,0.865609693938829,0.959147530855313,"RS"
21,8,0.937663779472403,0.894147886610147,0.983297479645906,"RS"
21,9,0.97438487779678,0.93173576655282,1.01898620205563,"RS"
21,10,1.01998537107186,0.972745767896405,1.0695190784026,"RS"
21,11,1.07294475081846,1.01295041717928,1.13649238776624,"RS"
21,12,1.13141199842813,1.05147492167046,1.21742619229898,"RS"
21.1,0,1.00954925865322,0.930863011042915,1.09488688835685,"RS"
21.1,1,0.974938337151754,0.915742807895531,1.03796038915401,"RS"
21.1,2,0.943861830304144,0.89818931261784,0.991856774724436,"RS"
21.1,3,0.918338900350743,0.878123262372199,0.960396304294639,"RS"
21.1,4,0.900207158651505,0.858858871924858,0.94354608769567,"RS"
21.1,5,0.891268397976328,0.846588810860771,0.938305995827682,"RS"
21.1,6,0.893475728442906,0.846655776548208,0.942884817453469,"RS"
21.1,7,0.90841921207227,0.862047926378345,0.957284902161948,"RS"
21.1,8,0.935186152473298,0.890922358129443,0.981649109821468,"RS"
21.1,9,0.972380831666778,0.929036047686713,1.01774789487159,"RS"
21.1,10,1.01863743892124,0.970621979613692,1.06902816314236,"RS"
21.1,11,1.07242310345782,1.01133368187855,1.13720262010242,"RS"
21.1,12,1.1318642163979,1.05029683711993,1.2197662213999,"RS"
21.2,0,1.00999247341805,0.929214852901924,1.09779217710026,"RS"
21.2,1,0.974491833532469,0.913876874889712,1.0391272169307,"RS"
21.2,2,0.942630582656635,0.896051748683418,0.991630691715239,"RS"
21.2,3,0.91645545030195,0.875588404860937,0.959229916391531,"RS"
21.2,4,0.897823475524457,0.85582582725176,0.94188206003473,"RS"
21.2,5,0.88855348870854,0.843129848366057,0.936424328739139,"RS"
21.2,6,0.890620059339817,0.842984525136922,0.940947391613889,"RS"
21.2,7,0.905634896346756,0.858445481082737,0.955418350442632,"RS"
21.2,8,0.932674496214865,0.887649332327622,0.979983518501186,"RS"
21.2,9,0.970331376885056,0.926279772380431,1.01647796814994,"RS"
21.2,10,1.01723153407229,0.968425244115274,1.06849754299454,"RS"
21.2,11,1.07183038638161,1.00961756744129,1.13787677058992,"RS"
21.2,12,1.13223237978291,1.04898647505583,1.22208454762074,"RS"
21.3,0,1.01044447391398,0.927514265327306,1.10078957599968,"RS"
21.3,1,0.974048082709766,0.911974821178878,1.04034634004931,"RS"
21.3,2,0.941397814355987,0.893891456358488,0.991428924138653,"RS"
21.3,3,0.914567300890782,0.87303679714623,0.958073417515472,"RS"
21.3,4,0.895432173987812,0.852772745929726,0.940225613493766,"RS"
21.3,5,0.885827398531544,0.8396439246137,0.934551131719533,"RS"
21.3,6,0.887748113556728,0.839279404710689,0.939015909004936,"RS"
21.3,7,0.902827004850196,0.854802674190977,0.953549427601193,"RS"
21.3,8,0.930129801258778,0.88432923933501,0.978302433876612,"RS"
21.3,9,0.968237649829856,0.923467375578897,1.01517841489566,"RS"
21.3,10,1.01576890564588,0.966155848790502,1.06792964196064,"RS"
21.3,11,1.07116791716712,1.00780210480969,1.13851787101082,"RS"
21.3,12,1.13251782426723,1.04754358808143,1.2243849677244,"RS"
21.4,0,1.01090512464735,0.925760984094799,1.10388014681512,"RS"
21.4,1,0.973607037511735,0.910036294923537,1.04161852530511,"RS"
21.4,2,0.940163589022384,0.891707979951073,0.991252286619605,"RS"
21.4,3,0.912674643362331,0.870467993670716,0.956927779876142,"RS"
21.4,4,0.893033586424133,0.849699325993934,0.938577873471496,"RS"
21.4,5,0.883090613167858,0.836130988200946,0.93268763156732,"RS"
21.4,6,0.884860541067323,0.835540630805042,0.937091684438563,"RS"
21.4,7,0.899996357947255,0.851119919133494,0.951679576648799,"RS"
21.4,8,0.92755305417462,0.880962593320335,0.976607491432755,"RS"
21.4,9,0.966100785782501,0.92059936915343,1.01385114911372,"RS"
21.4,10,1.01425080657439,0.963814183600278,1.06732678989443,"RS"
21.4,11,1.07043702419965,1.005887503425,1.1391287980772,"RS"
21.4,12,1.13272190530247,1.04596821716561,1.22667103425851,"RS"
21.5,0,1.01137429008094,0.923954931553777,1.10706477091539,"RS"
21.5,1,0.973168650868173,0.908061079428217,1.04294440593018,"RS"
21.5,2,0.938927969996739,0.889500954963976,0.991101502390068,"RS"
21.5,3,0.910777667783337,0.867881615938988,0.955793906563369,"RS"
21.5,4,0.89062804275149,0.846605340220103,0.936939885506896,"RS"
21.5,5,0.880343614461295,0.832591079624715,0.930834954263629,"RS"
21.5,6,0.88195798683249,0.831768518545664,0.93517592117778,"RS"
21.5,7,0.897143770687463,0.847397723872561,0.949810133552309,"RS"
21.5,8,0.924945237240904,0.877549990887366,0.974900234492099,"RS"
21.5,9,0.96392191847908,0.917676341721673,1.01249800466818,"RS"
21.5,10,1.01267849297705,0.961400741844782,1.06669121990739,"RS"
21.5,11,1.06963904585727,1.00387415135991,1.13971227057948,"RS"
21.5,12,1.13284599710333,1.04426068885667,1.22894605422534,"RS"
21.6,0,1.011851834622,0.922096203058638,1.11034416130526,"RS"
21.6,1,0.972732875809337,0.906049085504424,1.04432448839515,"RS"
21.6,2,0.937691020339748,0.88727010561279,0.990977205321864,"RS"
21.6,3,0.90887656303346,0.865277352338505,0.954672631381149,"RS"
21.6,4,0.888215870398725,0.843490635587246,0.935312615390099,"RS"
21.6,5,0.877586880324243,0.829024329123701,0.928994126543081,"RS"
21.6,6,0.879041090699907,0.827963479229815,0.933269713608228,"RS"
21.6,7,0.894270052627587,0.843636687570587,0.947942329688732,"RS"
21.6,8,0.922307328155007,0.874092108954867,0.973182115309944,"RS"
21.6,9,0.96170217967322,0.914698957962742,1.01112073468208,"RS"
21.6,10,1.01105322354765,0.958916120176573,1.06602506656982,"RS"
21.6,11,1.06877532970792,1.00176261396183,1.14027084807519,"RS"
21.6,12,1.13289149165323,1.04242161001559,1.23121309029759,"RS"
21.7,0,1.01233762261041,0.920185053329448,1.11371887474637,"RS"
21.7,1,0.97229966546472,0.904000343506402,1.04575915955513,"RS"
21.7,2,0.936452802830998,0.885015241897955,0.990879942417022,"RS"
21.7,3,0.906971516796926,0.862654957573608,0.953564719079153,"RS"
21.7,4,0.885797394281842,0.840355132289249,0.933696949739612,"RS"
21.7,5,0.874820884687314,0.825430953984033,0.927166078024133,"RS"
21.7,6,0.876110487307809,0.824126016369711,0.931374050478206,"RS"
21.7,7,0.891376007660442,0.839837496754699,0.946077294837364,"RS"
21.7,8,0.919640299752028,0.870589702164427,0.971454496676628,"RS"
21.7,9,0.959442698710042,0.911667957447229,1.0097210114586,"RS"
21.7,10,1.00937625895493,0.956361017874731,1.06533036489293,"RS"
21.7,11,1.06784723171917,0.999553631082348,1.14080693104536,"RS"
21.7,12,1.13285979772087,1.04045186028651,1.23347496436671,"RS"
21.8,0,1.01283151830707,0.918221882941765,1.11718932377183,"RS"
21.8,1,0.971868973061849,0.901914995176113,1.04724869400343,"RS"
21.8,2,0.935213379968108,0.882736256292901,0.990810176693552,"RS"
21.8,3,0.905062715554548,0.860014251730822,0.952470865963461,"RS"
21.8,4,0.883372936781513,0.837198822321014,0.932093697020013,"RS"
21.8,5,0.872046097451359,0.82181125536536,0.925351643841941,"RS"
21.8,6,0.873166805992893,0.820256721275101,0.929489818629755,"RS"
21.8,7,0.888462433850109,0.836000921050016,0.944216060637132,"RS"
21.8,8,0.916945119732557,0.867043599865925,0.969718653976996,"RS"
21.8,9,0.957144602111342,0.908584153008707,1.00830042689739,"RS"
21.8,10,1.00764886125581,0.953736235408357,1.06460905006444,"RS"
21.8,11,1.06685611548109,0.99724811299319,1.14132276241988,"RS"
21.8,12,1.13275233988843,1.0383525825582,1.23573426317433,"RS"
21.9,0,1.01333338588244,0.916207225113826,1.12075578842593,"RS"
21.9,1,0.97144075192511,0.899793285420776,1.04879326150952,"RS"
21.9,2,0.933972813965916,0.880433120111916,0.990768290402943,"RS"
21.9,3,0.903150344576113,0.857355118998628,0.951391700863288,"RS"
21.9,4,0.880942817721691,0.834021767670647,0.930503588968551,"RS"
21.9,5,0.869262984441811,0.818165614708924,0.92355156772203,"RS"
21.9,6,0.870210670702324,0.816356268254583,0.927617807141078,"RS"
21.9,7,0.885530123273508,0.832127808555988,0.942359564434667,"RS"
21.9,8,0.914222750399337,0.863454702734001,0.967975777653746,"RS"
21.9,9,0.954809013172088,0.905448428689331,1.00686049337378,"RS"
21.9,10,1.0058722933216,0.95104267232904,1.0638629578989,"RS"
21.9,11,1.06580335144269,0.994847135110222,1.14182043035246,"RS"
21.9,12,1.13257055759205,1.03612517169381,1.23799334575324,"RS"
22,0,1.01384308940531,0.914141732927947,1.12441842759181,"RS"
22,1,0.971014955474591,0.897635554131891,1.05039293443226,"RS"
22,2,0.932731166755701,0.87810587962123,0.990754588515817,"RS"
22,3,0.90123458791313,0.854677506069038,0.950327786426312,"RS"
22,4,0.878507354349315,0.830824098153881,0.928927282394364,"RS"
22,5,0.86647200736534,0.814494489791961,0.921766505430239,"RS"
22,6,0.8672426999098,0.812425409515371,0.925758711800372,"RS"
22,7,0.882579861868296,0.82821908094014,0.940508653448616,"RS"
22,8,0.911474148402795,0.859823979071114,0.966226976019109,"RS"
22,9,0.952437051568252,0.902261737297152,1.00540264504342,"RS"
22,10,1.00404781827754,0.948281324541678,1.06309382595415,"RS"
22,11,1.06469031616233,0.992351931662326,1.14230187210999,"RS"
22,12,1.13231590417537,1.03377126181954,1.24025435239107,"RS"
22.1,0,1.0143604928317,0.912026167093166,1.1281772897999,"RS"
22.1,1,0.970591537224951,0.895442228139405,1.05204769501448,"RS"
22.1,2,0.931488499984454,0.875754651955229,0.990769302413761,"RS"
22.1,3,0.899315628391954,0.851981420251641,0.949279620711843,"RS"
22.1,4,0.876066861315098,0.827606008930463,0.927365361310437,"RS"
22.1,5,0.863673623768785,0.810798410493862,0.919997028533336,"RS"
22.1,6,0.864263506535642,0.808464969839421,0.923913139832942,"RS"
22.1,7,0.879612429287034,0.824275728321794,0.938664089177427,"RS"
22.1,8,0.908700264495431,0.856152460853491,0.964473278358503,"RS"
22.1,9,0.950029832976034,0.899025097616516,1.00392823953115,"RS"
22.1,10,1.00217669895561,0.945453281010966,1.06230329525707,"RS"
22.1,11,1.06351839157236,0.98976388845278,1.14276887893007,"RS"
22.1,12,1.13198984595674,1.03129271246535,1.24251921482691,"RS"
22.2,0,1.01488545999403,0.90986138432864,1.13203232343715,"RS"
22.2,1,0.970170450784305,0.893213813379401,1.0537574424806,"RS"
22.2,2,0.93024487501418,0.873379620896822,0.990812593728218,"RS"
22.2,3,0.89739364760725,0.849266927333244,0.948247639048645,"RS"
22.2,4,0.873621650655386,0.824367757744717,0.925818339355997,"RS"
22.2,5,0.860868287000352,0.807077974338884,0.91824362840528,"RS"
22.2,6,0.861273697870866,0.804475841110359,0.922081614806872,"RS"
22.2,7,0.876628598757575,0.820298804015125,0.936826551981051,"RS"
22.2,8,0.905902043295009,0.852441239575716,0.962715638270314,"RS"
22.2,9,0.947588468702482,0.895739591315646,1.00243855996034,"RS"
22.2,10,1.00026019736092,0.942559719966904,1.06149291257602,"RS"
22.2,11,1.06228896425843,0.987084534866082,1.14322310169548,"RS"
22.2,12,1.13159386131066,1.02869159384449,1.2447896673972,"RS"
22.3,0,1.01541785459041,0.90764832642267,1.13598338630203,"RS"
22.3,1,0.969751649853141,0.890950887338804,1.05552199987346,"RS"
22.3,2,0.929000352921249,0.87098103257717,0.99088455827118,"RS"
22.3,3,0.89546882591583,0.846534149217813,0.947232216122631,"RS"
22.3,4,0.871172031775072,0.821109661933788,0.924286662465685,"RS"
22.3,5,0.858056446173033,0.803333841878253,0.91650672041609,"RS"
22.3,6,0.858273875505187,0.80045897676088,0.920264581647319,"RS"
22.3,7,0.873629136949626,0.816289419196396,0.934996645771442,"RS"
22.3,8,0.903080423056532,0.848691461948065,0.960954937187611,"RS"
22.3,9,0.945114065327546,0.892406359597008,1.00093481727688,"RS"
22.3,10,0.998299574151749,0.939601904676751,1.06066413317289,"RS"
22.3,11,1.06100342475374,0.984315535273922,1.14366605727288,"RS"
22.3,12,1.13112943976414,1.02597017154447,1.24706725886102,"RS"
22.4,0,1.01595754017415,0.905388010000662,1.14003025447173,"RS"
22.4,1,0.969335088223251,0.888654091826615,1.05734112058092,"RS"
22.4,2,0.927754994495777,0.86855919114529,0.990985230007058,"RS"
22.4,3,0.893541342430826,0.843783261382111,0.946233668258934,"RS"
22.4,4,0.868718311431565,0.817832095247363,0.922770711741572,"RS"
22.4,5,0.855238546130241,0.799566731971218,0.914786648243512,"RS"
22.4,6,0.855264635258916,0.796415386204432,0.9184624116953,"RS"
22.4,7,0.870614803847422,0.812248737554887,0.933174902752085,"RS"
22.4,8,0.900236335452932,0.844904325497992,0.959191988030188,"RS"
22.4,9,0.942607724357546,0.889026599636565,0.999418152822125,"RS"
22.4,10,0.996296088133329,0.936581178853042,1.05981832396562,"RS"
22.4,11,1.05966316684855,0.981458679990533,1.14409913536689,"RS"
22.4,12,1.13059808110836,1.02313089088207,1.24935336465493,"RS"
22.5,0,1.01650438014342,0.903081517016993,1.14417263046622,"RS"
22.5,1,0.968920719776688,0.886324126108292,1.05921449451537,"RS"
22.5,2,0.926508860241056,0.866114454452953,0.991114585020253,"RS"
22.5,3,0.891611375016223,0.841014490182433,0.945252255862886,"RS"
22.5,4,0.866260793719785,0.814535484522012,0.92127080648474,"RS"
22.5,5,0.85241502741361,0.795777417020468,0.913083688251808,"RS"
22.5,6,0.85224656711871,0.792346129308452,0.916675407753364,"RS"
22.5,7,0.867586352628454,0.808177969980965,0.931361788152765,"RS"
22.5,8,0.897370705364453,0.841081074123789,0.957427538938746,"RS"
22.5,9,0.940070541890072,0.885601560857486,0.997889641108828,"RS"
22.5,10,0.994250995765511,0.933498961767667,1.05895676703146,"RS"
22.5,11,1.05826958691516,0.978515875920702,1.14452360574714,"RS"
22.5,12,1.13000129452643,1.02017636115076,1.25164919935124,"RS"
22.6,0,1.01705823773117,0.900729985970581,1.14841015070928,"RS"
22.6,1,0.968508498484746,0.88396174042837,1.06114175392095,"RS"
22.6,2,0.925262010373016,0.863647229794816,0.991272545438383,"RS"
22.6,3,0.889679100281733,0.838228110047024,0.944288185985209,"RS"
22.6,4,0.863799780058183,0.811220306251763,0.919787207344631,"RS"
22.6,5,0.849586326232952,0.791966718212397,0.911398053886939,"RS"
22.6,6,0.849220255177111,0.788252310959453,0.914903809067518,"RS"
22.6,7,0.864544529548194,0.804078369338363,0.929557704912195,"RS"
22.6,8,0.894484450676643,0.837222993644386,0.955662277046994,"RS"
22.6,9,0.937503608290286,0.882132541082519,0.996350292756163,"RS"
22.6,10,0.992165550684365,0.930356743140837,1.05808066338247,"RS"
22.6,11,1.05682408324869,0.975489137033842,1.14494062571574,"RS"
22.6,12,1.12934059773738,1.01710933996139,1.25395582912082,"RS"
22.7,0,1.01761897599518,0.898334603831637,1.15274239229857,"RS"
22.7,1,0.968098378406959,0.881567729936322,1.06312247879341,"RS"
22.7,2,0.924014504819728,0.861157969738171,0.991458983276714,"RS"
22.7,3,0.88774469357801,0.835424440587438,0.943341614978081,"RS"
22.7,4,0.861335569175773,0.807887083094336,0.91832011954661,"RS"
22.7,5,0.846752874438332,0.788135500807315,0.909729900042745,"RS"
22.7,6,0.846186277575844,0.78413507576312,0.91314779620185,"RS"
22.7,7,0.861490073830754,0.799951225361155,0.927762998267616,"RS"
22.7,8,0.891578482086911,0.833331407384898,0.953896832251813,"RS"
22.7,9,0.934908007878602,0.87862088260715,0.994801057541382,"RS"
22.7,10,0.990041003237785,0.927156077871115,1.05719113694721,"RS"
22.7,11,1.05532805542382,0.972380574785694,1.14535124769444,"RS"
22.7,12,1.1286175161572,1.01393271784913,1.2562741840296,"RS"
22.8,0,1.01818645780828,0.895896598657591,1.15716887910676,"RS"
22.8,1,0.967690313690121,0.879142929021971,1.06515620190614,"RS"
22.8,2,0.922766403220948,0.858647168071219,0.991673724174793,"RS"
22.8,3,0.885808328992198,0.8326038436602,0.942412651210607,"RS"
22.8,4,0.858868457100158,0.804536380349717,0.916869696160863,"RS"
22.8,5,0.843915099494235,0.784284669519041,0.90807932735841,"RS"
22.8,6,0.843145206452819,0.779995602915503,0.911407495769407,"RS"
22.8,7,0.858423717565402,0.795797859709458,0.925977960216984,"RS"
22.8,8,0.88865370291958,0.829407671832829,0.952131780946259,"RS"
22.8,9,0.932284818629727,0.875067968232942,0.99324282752868,"RS"
22.8,10,0.987878600035167,0.92389858066901,1.05628923869628,"RS"
22.8,11,1.05378290366775,0.969192388595847,1.14575642682382,"RS"
22.8,12,1.12783358207709,1.01064950329058,1.25860507002607,"RS"
22.9,0,1.01876054584884,0.893417232868951,1.16168908724247,"RS"
22.9,1,0.967284258567334,0.876688206059551,1.06724241344317,"RS"
22.9,2,0.921517764927696,0.856115355893461,0.991916551001584,"RS"
22.9,3,0.883870179343826,0.829766720407882,0.941501357814477,"RS"
22.9,4,0.856398737146541,0.801168802444543,0.915436041379003,"RS"
22.9,5,0.841073424455798,0.780415164017578,0.906446386413207,"RS"
22.9,6,0.840097607892775,0.775835101274552,0.909682984989626,"RS"
22.9,7,0.855346185608884,0.791619621211568,0.924202833825584,"RS"
22.9,8,0.885711008949363,0.825453172395144,0.950367649684877,"RS"
22.9,9,0.929635111883007,0.871475217297313,0.991676440238797,"RS"
22.9,10,0.985679583511179,0.920585920651917,1.05537595085394,"RS"
22.9,11,1.05219002824945,0.965926856475253,1.1461570284809,"RS"
22.9,12,1.12699033385951,1.00726280824771,1.26094918050467,"RS"
23,0,1.01934110259138,0.890897797150799,1.1663024499053,"RS"
23,1,0.966880167357073,0.87420445855357,1.06938056524583,"RS"
23,2,0.920268649001872,0.853563097866854,0.992187207310403,"RS"
23,3,0.881930416181019,0.826913508306138,0.940607755433195,"RS"
23,4,0.853926699907709,0.797784989452353,0.914019213768148,"RS"
23,5,0.838228267947079,0.77652795458293,0.904831081790143,"RS"
23,6,0.83704404188154,0.771654804654842,0.907974296049098,"RS"
23,7,0.852258195493467,0.787417881314357,0.92243781735483,"RS"
23,8,0.882751288233182,0.821469319281755,0.948604918755423,"RS"
23,9,0.926959952064026,0.867844081732565,0.990102681826354,"RS"
23,10,0.983445191503658,0.917219815952924,1.05445219114336,"RS"
23,11,1.05055082888557,0.962586325883648,1.14655383563548,"RS"
23,12,1.12608931515226,1.00377583432938,1.26330710735558,"RS"
23.1,0,1.01992799029738,0.88833960494229,1.17100836167226,"RS"
23.1,1,0.966477994462271,0.871692608674972,1.07157007468455,"RS"
23.1,2,0.919019114215915,0.85099098864173,0.992485400629527,"RS"
23.1,3,0.879989209777046,0.824044678240462,0.939731824950952,"RS"
23.1,4,0.851452633244974,0.794385613676095,0.912619229475877,"RS"
23.1,5,0.835380044141318,0.772624037932707,0.903233375985556,"RS"
23.1,6,0.833985062263828,0.767455967362363,0.906281420248306,"RS"
23.1,7,0.849160457340641,0.783194029758248,0.920683068196452,"RS"
23.1,8,0.879775420950264,0.817457543536415,0.946844025635608,"RS"
23.1,9,0.924260396417419,0.864176042183281,0.988522290235521,"RS"
23.1,10,0.98117665684565,0.913802028390284,1.05351881701847,"RS"
23.1,11,1.04886670416294,0.959173204882824,1.14694755597976,"RS"
23.1,12,1.12513207412103,1.00019185963713,1.26567935143479,"RS"
23.2,0,1.0205210710063,0.885743987474625,1.17580618225497,"RS"
23.2,1,0.966077694369431,0.869153599172462,1.07381032817073,"RS"
23.2,2,0.917769219052494,0.848399649467353,0.992810805578529,"RS"
23.2,3,0.878046729127188,0.82116073163363,0.938873510180134,"RS"
23.2,4,0.84897682228006,0.790971376315681,0.911236065363114,"RS"
23.2,5,0.832529162743193,0.768704433241064,0.901653193146769,"RS"
23.2,6,0.830921216704543,0.7632398599809,0.904604311922383,"RS"
23.2,7,0.8460536737804,0.778949470488143,0.918938706600234,"RS"
23.2,8,0.876784279250418,0.813419293231781,0.945085368317692,"RS"
23.2,9,0.921537494750816,0.860472604207517,0.986935958308331,"RS"
23.2,10,0.978875206971575,0.910334358238393,1.05257662984167,"RS"
23.2,11,1.04713905097786,0.955689953638385,1.14733882877848,"RS"
23.2,12,1.12412016270075,0.996514226341164,1.26806633240953,"RS"
23.3,0,1.02112020652675,0.88311228931732,1.1806952397676,"RS"
23.3,1,0.965679221647754,0.86658838964128,1.0761006843263,"RS"
23.3,2,0.916519021704238,0.845789724993273,0.993163066804074,"RS"
23.3,3,0.876103141945925,0.818262197641852,0.938032720489277,"RS"
23.3,4,0.846499549387921,0.787543004239702,0.909869662045599,"RS"
23.3,5,0.829676028973001,0.764770178361853,0.900090422624596,"RS"
23.3,6,0.827853046653523,0.759007765416778,0.902942892128638,"RS"
23.3,7,0.842938539876022,0.774685617807238,0.917204819187855,"RS"
23.3,8,0.873778727110411,0.809356029841418,0.943329308487743,"RS"
23.3,9,0.918792289189854,0.856735294583463,0.985344336823621,"RS"
23.3,10,0.976542063537522,0.906818639135203,1.05162637897206,"RS"
23.3,11,1.04536926399238,0.95213907631027,1.14772823139953,"RS"
23.3,12,1.12305513586596,0.992746329013651,1.27046839795221,"RS"
23.4,0,1.02172525842791,0.880445864392791,1.18567483354531,"RS"
23.4,1,0.965282530948295,0.863997953129866,1.0784404768305,"RS"
23.4,2,0.915268580073505,0.843161880264387,0.993541801732177,"RS"
23.4,3,0.87415861466444,0.815349630434886,0.937209333356139,"RS"
23.4,4,0.844021094190483,0.78410124687701,0.90851992682807,"RS"
23.4,5,0.826821043552763,0.760822326264619,0.89854492233172,"RS"
23.4,6,0.824781087313673,0.754760975204582,0.901297052097766,"RS"
23.4,7,0.839815743054284,0.770403892776821,0.915481462249226,"RS"
23.4,8,0.870759620198352,0.8052692247979,0.941576174549911,"RS"
23.4,9,0.916025813944176,0.852965657739697,0.983748037448141,"RS"
23.4,10,0.97417844205564,0.90325673315515,1.050668765735,"RS"
23.4,11,1.04355873510746,0.948523113361045,1.14811628549588,"RS"
23.4,12,1.12193855092051,0.988891603730901,1.27288583227181,"RS"
23.5,0,1.02233608803109,0.877746072420265,1.19074423655215,"RS"
23.5,1,0.964887577003133,0.861383273063796,1.08082901696423,"RS"
23.5,2,0.91401795177218,0.840516797909874,0.993946603136647,"RS"
23.5,3,0.872213312428438,0.812423606572603,0.936403196833254,"RS"
23.5,4,0.841541733551285,0.780646873240517,0.907186736518585,"RS"
23.5,5,0.823964602694217,0.756861941688345,0.897016521901689,"RS"
23.5,6,0.821705867612435,0.750500786072939,0.899666656449157,"RS"
23.5,7,0.836685963041022,0.766105719861806,0.913768664821037,"RS"
23.5,8,0.867727805745991,0.801160356242932,0.93982626448935,"RS"
23.5,9,0.913239095084331,0.849165252323665,0.982147635584788,"RS"
23.5,10,0.971785551542586,0.899650526071159,1.04970444724915,"RS"
23.5,11,1.04170885295328,0.944844634300998,1.14850346281963,"RS"
23.5,12,1.12077196680682,0.984953517942755,1.27531886398423,"RS"
23.6,0,1.0229525564015,0.875014275751501,1.19590269741557,"RS"
23.6,1,0.964494314624566,0.85874534046584,1.08326559587326,"RS"
23.6,2,0.912767194121521,0.837855175523824,0.994377041525818,"RS"
23.6,3,0.870267399096265,0.809484722487972,0.935614131915913,"RS"
23.6,4,0.839061741571018,0.777180669092563,0.905869940113421,"RS"
23.6,5,0.821107098088648,0.752890098014557,0.895505025646552,"RS"
23.6,6,0.818627910176543,0.746228496766498,0.89805154617368,"RS"
23.6,7,0.833549871801951,0.761792523819012,0.912066431549967,"RS"
23.6,8,0.864684122428826,0.797030905972544,0.938079848570219,"RS"
23.6,9,0.910433150329481,0.845335647919855,0.980543673106104,"RS"
23.6,10,0.969364594181986,0.896001922824064,1.04873404009214,"RS"
23.6,11,1.03982100239665,0.941106230880313,1.14889019065764,"RS"
23.6,12,1.11955694343494,0.980935561096912,1.27776767333401,"RS"
23.7,0,1.02357452434016,0.872251836562681,1.20114944212319,"RS"
23.7,1,0.964102698704328,0.856085151450936,1.08574948657107,"RS"
23.7,2,0.91151636415203,0.835177723233483,0.994832667351521,"RS"
23.7,3,0.868321037237345,0.806533592083996,0.934841934804888,"RS"
23.7,4,0.836581389583941,0.773703434258408,0.904569361345822,"RS"
23.7,5,0.81824891689856,0.748907874358645,0.894010215313925,"RS"
23.7,6,0.815547731309994,0.741945405117832,0.89645154138969,"RS"
23.7,7,0.830408133488683,0.757465726822879,0.910374745345283,"RS"
23.7,8,0.861629400253934,0.792882356577938,0.936337171867664,"RS"
23.7,9,0.907608988845823,0.841478421926169,0.978936660964091,"RS"
23.7,10,0.966916765000848,0.892312843213032,1.04775812379123,"RS"
23.7,11,1.03789656406547,0.93731051073118,1.14927685688554,"RS"
23.7,12,1.11829504103159,0.976841235997525,1.2802323987877,"RS"
23.8,0,1.02420185237613,0.86946011436892,1.20648367541516,"RS"
23.8,1,0.963712684212826,0.853403704975204,1.08827994570246,"RS"
23.8,2,0.910265518603365,0.832485161449493,0.995313013045846,"RS"
23.8,3,0.866374388130907,0.803570844450016,0.934086379058385,"RS"
23.8,4,0.834100946155165,0.77021598009189,0.903284801094283,"RS"
23.8,5,0.81539044175112,0.744916352875895,0.892531852646621,"RS"
23.8,6,0.812465840975198,0.737652805361073,0.894866443879954,"RS"
23.8,7,0.827261404389832,0.753126745821497,0.90869356982741,"RS"
23.8,8,0.85856446045541,0.788716188780459,0.934598456634789,"RS"
23.8,9,0.90476761105561,0.837595156594304,0.977327081670045,"RS"
23.8,10,0.964443251559859,0.888585217816276,1.04677724412885,"RS"
23.8,11,1.03593691389048,0.933460091456465,1.14966381464309,"RS"
23.8,12,1.11698781950928,0.972674050871013,1.28271314302549,"RS"
23.9,0,1.02483440075878,0.866640463830123,1.21190458190339,"RS"
23.9,1,0.963324226198401,0.850702000818738,1.0908562150878,"RS"
23.9,2,0.909014713924285,0.829778218791322,0.99581759489237,"RS"
23.9,3,0.864427611765016,0.800597121700794,0.933347217629684,"RS"
23.9,4,0.831620677078786,0.766719127095144,0.902016039648319,"RS"
23.9,5,0.812532050733378,0.740916616276855,0.891069681749845,"RS"
23.9,6,0.809382742777232,0.733351985677638,0.893296039418593,"RS"
23.9,7,0.824110332887146,0.748776990114411,0.907022851580401,"RS"
23.9,8,0.855490115397304,0.784533878957394,0.932863904507353,"RS"
23.9,9,0.90191000845668,0.833687436237613,0.975715391640477,"RS"
23.9,10,0.961945233657491,0.88482098414753,1.04579191625736,"RS"
23.9,11,1.03394342266406,0.929557595156492,1.15005138663872,"RS"
23.9,12,1.11563683785577,0.96843751210742,1.28520997836232,"RS"
24,0,1.02547202945033,0.863794232819201,1.2174113269463,"RS"
24,1,0.9629372797866,0.847981037782703,1.09347752306748,"RS"
24,2,0.907764006272634,0.827057630180203,0.996345914739459,"RS"
24,3,0.862480866835894,0.797613076940088,0.932624184788623,"RS"
24,4,0.829140845376859,0.763213702692322,0.90076283883152,"RS"
24,5,0.8096741173892,0.736909745545106,0.889623431272497,"RS"
24,6,0.80629893395116,0.729044225963337,0.891740099898235,"RS"
24,7,0.820955559416572,0.744417859142605,0.905362522217335,"RS"
24,8,0.852407168483966,0.780336896853871,0.931133698550355,"RS"
24,9,0.899037163452354,0.829756844607792,0.974102023407236,"RS"
24,10,0.959423883047816,0.881022083050433,1.04480262762024,"RS"
24,11,1.03191745561627,0.925605643381469,1.15043986909521,"RS"
24,12,1.11424365354395,0.964135117642519,1.28772295163229,"RS"
24.1,0,1.02611459811861,0.860922760725985,1.22300305730589,"RS"
24.1,1,0.962551800179484,0.845241812082273,1.0961430856648,"RS"
24.1,2,0.906513451515355,0.824324135091265,0.996897461563831,"RS"
24.1,3,0.860534310747534,0.794619372348929,0.931916997926599,"RS"
24.1,4,0.8266617112992,0.759700539155678,0.899524943983337,"RS"
24.1,5,0.806817010717912,0.732896817849394,0.888192816410282,"RS"
24.1,6,0.803214905352343,0.724730795805411,0.890198385268281,"RS"
24.1,7,0.817797716434157,0.740050740480321,0.903712500268359,"RS"
24.1,8,0.849316414077665,0.776126703474978,0.929408005151828,"RS"
24.1,9,0.89615004919161,0.825804962439953,0.972487387691763,"RS"
24.1,10,0.956880363171951,0.877190455330142,1.0438098406799,"RS"
24.1,11,1.02986037200795,0.921606852494024,1.15082953535138,"RS"
24.1,12,1.11280982196212,0.959770350943982,1.29025208857244,"RS"
24.2,0,1.0267619661299,0.858027376972432,1.22867890161133,"RS"
24.2,1,0.962167742654946,0.842485315917955,1.09885210758483,"RS"
24.2,2,0.905263105228539,0.821578475956162,0.997471712893004,"RS"
24.2,3,0.858588099611598,0.791616677397492,0.931225359246064,"RS"
24.2,4,0.824183532323995,0.756180471680988,0.898302085802379,"RS"
24.2,5,0.803961095174598,0.728878904641182,0.886777540739131,"RS"
24.2,6,0.800131141449693,0.720412952657642,0.888670645295617,"RS"
24.2,7,0.814637428386716,0.735677008017942,0.902072692901578,"RS"
24.2,8,0.846218637423387,0.771904749151344,0.927686975769978,"RS"
24.2,9,0.893249629419386,0.821833365164127,0.970871875344857,"RS"
24.2,10,0.954315828903009,0.873328038619105,1.04281399545451,"RS"
24.2,11,1.02777352474087,0.917563829424015,1.15122063913674,"RS"
24.2,12,1.11133689586499,0.955346675564101,1.29279739774209,"RS"
24.3,0,1.02741399254212,0.855109399716886,1.23443797065128,"RS"
24.3,1,0.96178506256605,0.839712536209015,1.10160378306527,"RS"
24.3,2,0.904013022697511,0.818821396707297,0.998068136095407,"RS"
24.3,3,0.856642388247602,0.78860566717842,0.930548957336527,"RS"
24.3,4,0.821706563159211,0.752654336608231,0.897093982055106,"RS"
24.3,5,0.801106730672042,0.724857069928134,0.885377297888087,"RS"
24.3,6,0.797048120321817,0.716091940201491,0.887156621159272,"RS"
24.3,7,0.811475311687169,0.731298020324884,0.900442997487193,"RS"
24.3,8,0.843114614580687,0.767672471770787,0.925970748540513,"RS"
24.3,9,0.8903368583369,0.817843620779934,0.96925585915467,"RS"
24.3,10,0.951731426304453,0.869436764471961,1.04181551186834,"RS"
24.3,11,1.02565825998501,0.913479167796287,1.15161341753782,"RS"
24.3,12,1.10982642484518,0.950867530221523,1.29535887401443,"RS"
24.4,0,1.02807053609809,0.852170134727209,1.24027935751509,"RS"
24.4,1,0.961403715340399,0.836924453473821,1.10439729659451,"RS"
24.4,2,0.902763258916948,0.816053641454701,0.998686189546999,"RS"
24.4,3,0.854697330183371,0.785587020858524,0.929887468640014,"RS"
24.4,4,0.81923105574479,0.749122969782524,0.895900339154679,"RS"
24.4,5,0.798254272584263,0.720832368713681,0.883991773061088,"RS"
24.4,6,0.793966313655984,0.711768986881189,0.885656046890531,"RS"
24.4,7,0.808311974694462,0.72691511918145,0.89882330301534,"RS"
24.4,8,0.840005112362481,0.763431295168169,0.924259449751365,"RS"
24.4,9,0.887412680471841,0.81383728789017,0.967639695526576,"RS"
24.4,10,0.949128292401735,0.865518555682974,1.04081479192157,"RS"
24.4,11,1.0235159168227,0.909355444411048,1.15200809367549,"RS"
24.4,12,1.10827995482552,0.946336324375063,1.29793650167575,"RS"
24.5,0,1.028731455219,0.849210874404576,1.24620213760101,"RS"
24.5,1,0.961023656479517,0.834122040843089,1.10723182351082,"RS"
24.5,2,0.901513868591031,0.813275953286706,0.999325323683157,"RS"
24.5,3,0.852753077655781,0.782561420245106,0.929240558809614,"RS"
24.5,4,0.816757259255617,0.745587205049674,0.894720853615377,"RS"
24.5,5,0.795404071751628,0.716805845592671,0.88262064441727,"RS"
24.5,6,0.790886186749856,0.70744530460097,0.884168650669804,"RS"
24.5,7,0.805148017697975,0.722529628268683,0.89721349137798,"RS"
24.5,8,0.836890888280656,0.759182627665344,0.922553195192349,"RS"
24.5,9,0.884478030558309,0.809815913888186,0.966023726039445,"RS"
24.5,10,0.94650755496708,0.861575323818198,1.03981222168661,"RS"
24.5,11,1.0213478269096,0.905195216056117,1.15240487911317,"RS"
24.5,12,1.10669902757196,0.941756434253814,1.30053025716692,"RS"
24.6,0,1.02939660799817,0.846232896941475,1.25220536850793,"RS"
24.6,1,0.960644841558249,0.83130626319309,1.11010653049552,"RS"
24.6,2,0.900264906133627,0.810489073185764,0.999984981944386,"RS"
24.6,3,0.850809781611762,0.779529548462566,0.928607883965305,"RS"
24.6,4,0.814285420105245,0.742047872880221,0.89355521338851,"RS"
24.6,5,0.792556474487505,0.712778533493114,0.881263584319394,"RS"
24.6,6,0.787808198515946,0.703122087572852,0.882694155991271,"RS"
24.6,7,0.801984032906344,0.718142852005488,0.895613438524914,"RS"
24.6,8,0.833772690498391,0.754927860752952,0.920852091387339,"RS"
24.6,9,0.88153383342635,0.805781033293359,0.964408278883425,"RS"
24.6,10,0.943870332317285,0.85760896695364,1.03880817313901,"RS"
24.6,11,1.01915531415262,0.90100101663025,1.15280397601568,"RS"
24.6,12,1.10508518022719,0.937131199309188,1.30314011149986,"RS"
24.7,0,1.03006585219485,0.843237465599183,1.25828808982528,"RS"
24.7,1,0.960267226224192,0.828478076386998,1.11302057597185,"RS"
24.7,2,0.899016425668512,0.807693739051005,1.00066460162414,"RS"
24.7,3,0.848867591709571,0.776492088734575,0.927989091851672,"RS"
24.7,4,0.811815781950362,0.738505799115488,0.892403099086045,"RS"
24.7,5,0.789711822586417,0.708751452554165,0.879920260459853,"RS"
24.7,6,0.784732801488708,0.698800511303835,0.881232282705882,"RS"
24.7,7,0.798820604440589,0.713756074522662,0.894023015503692,"RS"
24.7,8,0.830651257789043,0.750668367905815,0.919156236716624,"RS"
24.7,9,0.878581003900957,0.801734166228441,0.962793670184778,"RS"
24.7,10,0.941217733124396,0.853621367610066,1.03780300583162,"RS"
24.7,11,1.0169396944043,0.896775354557014,1.15320557907834,"RS"
24.7,12,1.103439944865,0.932463919056269,1.30576603238008,"RS"
24.8,0,1.0307390452284,0.840225828091477,1.26444932283453,"RS"
24.8,1,0.959890766197135,0.82563842661354,1.11597311042041,"RS"
24.8,2,0.897768481029616,0.804890684819495,1.00136361462672,"RS"
24.8,3,0.846926656320336,0.77344972326677,0.927383822902406,"RS"
24.8,4,0.809348585695993,0.734961803829008,0.89126418509839,"RS"
24.8,5,0.786870453333682,0.704725609130749,0.878590336873482,"RS"
24.8,6,0.781660441834248,0.694481731711849,0.879782747952861,"RS"
24.8,7,0.795658308331473,0.70937055876382,0.892442089392772,"RS"
24.8,8,0.827527319501505,0.746405503523782,0.917465722436928,"RS"
24.8,9,0.875620446710377,0.79767681703232,0.961180205223659,"RS"
24.8,10,0.93855085623911,0.849614390874706,1.03679706842097,"RS"
24.8,11,1.01470227517392,0.892520710469242,1.1536098772451,"RS"
24.8,12,1.10176484806519,0.927757850273718,1.30840798606444,"RS"
24.9,0,1.03141604417249,0.837199216062759,1.27068807013393,"RS"
24.9,1,0.959515417268527,0.822788249813096,1.11896327662085,"RS"
24.9,2,0.89652112576131,0.80208063967849,1.0020814481428,"RS"
24.9,3,0.844987122529853,0.770403132224779,0.926791711216663,"RS"
24.9,4,0.806884069501417,0.731416700296571,0.890138140612838,"RS"
24.9,5,0.784032699516494,0.700701994915538,0.877273474846061,"RS"
24.9,6,0.778591559362553,0.690166884360286,0.878345266989305,"RS"
24.9,7,0.792497712520994,0.704987545703712,0.890870524136836,"RS"
24.9,8,0.824401595531888,0.742140601990057,0.915780633606444,"RS"
24.9,9,0.872653056403588,0.793610473001477,0.95956817955086,"RS"
24.9,10,0.935870790526748,0.845589882699856,1.03579070005506,"RS"
24.9,11,1.01244435535496,0.888239535144772,1.15401705523393,"RS"
24.9,12,1.10006141050912,0.9230162045334,1.31106593898107,"RS"
25,0,1.03209670574962,0.834158844650053,1.27700331519725,"RS"
25,1,0.959141135300963,0.819928471182309,1.12199020982877,"RS"
25,2,0.895274413118715,0.799264327361425,1.00281752524984,"RS"
25,3,0.843049136140636,0.767352992802275,0.926212385452451,"RS"
25,4,0.804422468786791,0.72787129406819,0.889024630539163,"RS"
25,5,0.781198889436419,0.696681586169396,0.875969333727027,"RS"
25,6,0.775526587542214,0.685857083801555,0.87691955392691,"RS"
25,7,0.789339376867916,0.70060825367488,0.889308181292655,"RS"
25,8,0.821274796301418,0.737874976839269,0.914101049921984,"RS"
25,9,0.869679717276788,0.789536603253401,0.957957880009631,"RS"
25,10,0.933178614715641,0.841549668368391,1.03478423163183,"RS"
25,11,1.01016722496889,0.883934247675082,1.15442729488681,"RS"
25,12,1.09833114659585,0.918242146032919,1.31373985913657,"RS"
25.1,0,1.0327808863258,0.831105912119466,1.28339402187599,"RS"
25.1,1,0.958767876227688,0.817060004749099,1.12505303789583,"RS"
25.1,2,0.894028396068058,0.796442465520769,1.00357126544401,"RS"
25.1,3,0.841112841674233,0.764299978373749,0.925645469642215,"RS"
25.1,4,0.801964016240461,0.724326382135361,0.887923316348763,"RS"
25.1,5,0.778369346923275,0.692665343051799,0.874677571654481,"RS"
25.1,6,0.772465953517568,0.681553423020615,0.875505322384327,"RS"
25.1,7,0.786183853157268,0.696233877794129,0.887754920693434,"RS"
25.1,8,0.818147622740418,0.733609920027839,0.912427046475046,"RS"
25.1,9,0.866701303308741,0.785456657705191,0.956349585668687,"RS"
25.1,10,0.93047539725777,0.837495551116238,1.03377798693744,"RS"
25.1,11,1.00787216492509,0.879607233849322,1.15484077636041,"RS"
25.1,12,1.0965755640786,0.913438789706146,1.31642971733349,"RS"
25.2,0,1.03346844190541,0.828041599568769,1.28985913385345,"RS"
25.2,1,0.958395596052129,0.814183753010751,1.1281508813404,"RS"
25.2,2,0.892783127287038,0.793615765171313,1.00434208511012,"RS"
25.2,3,0.839178382373777,0.761244757726748,0.925090583935753,"RS"
25.2,4,0.799508941826957,0.720782752187157,0.886833856833582,"RS"
25.2,5,0.775544391350366,0.68865420904323,0.873397846200129,"RS"
25.2,6,0.769410078128209,0.677256972970069,0.874102286063019,"RS"
25.2,7,0.783031685113689,0.69186558948079,0.886210601039016,"RS"
25.2,8,0.815020766278245,0.72934670129952,0.91075869443329,"RS"
25.2,9,0.86371867810484,0.781372066160689,0.954743568672387,"RS"
25.2,10,0.927762196201484,0.833429310902081,1.03277228367329,"RS"
25.2,11,1.0055604467968,0.875260844737299,1.15525767917296,"RS"
25.2,12,1.09479616372171,0.908609199588776,1.31913548821896,"RS"
25.3,0,1.03415922812629,0.824967070688658,1.2963975740583,"RS"
25.3,1,0.958024250847435,0.811300606628494,1.13128285337529,"RS"
25.3,2,0.891538659165247,0.790784930197894,1.00512939793536,"RS"
25.3,3,0.837245900206789,0.758187994368424,0.924547345275493,"RS"
25.3,4,0.797057472795643,0.717241181948905,0.885755908790853,"RS"
25.3,5,0.772724337651038,0.684649110451986,0.872129814941329,"RS"
25.3,6,0.766359375930811,0.672968782188945,0.872710159253967,"RS"
25.3,7,0.779883408418566,0.687504536059291,0.884675080418824,"RS"
25.3,8,0.81189490883907,0.725086567639304,0.909096061653578,"RS"
25.3,9,0.860732694849703,0.777284237499606,0.953140095013966,"RS"
25.3,10,0.925040059076133,0.829352703314846,1.03176743438036,"RS"
25.3,11,1.00323333261291,0.87089739545594,1.15567818312132,"RS"
25.3,12,1.09299443897773,0.903756387417752,1.32185715118386,"RS"
25.4,0,1.03485310025501,0.821883471576121,1.30300824404427,"RS"
25.4,1,0.95765379675605,0.808411444172602,1.13444805989841,"RS"
25.4,2,0.8902950438046,0.787950656921961,1.0059326152723,"RS"
25.4,3,0.835315535868226,0.755130345901378,0.924015368008995,"RS"
25.4,4,0.794609833690031,0.713702438597435,0.88468912763943,"RS"
25.4,5,0.769909496336523,0.680650955998321,0.870873135966946,"RS"
25.4,6,0.763314255223198,0.668689876497856,0.871328657282004,"RS"
25.4,7,0.776739550730839,0.683151840439011,0.883148216773938,"RS"
25.4,8,0.808770722843355,0.720830742809288,0.907439213232368,"RS"
25.4,9,0.857744196268174,0.773194558962308,0.951539425237474,"RS"
25.4,10,0.922310022788429,0.825267458609818,1.03076374726921,"RS"
25.4,11,1.00089207466545,0.866519164104817,1.15610246908162,"RS"
25.4,12,1.09117187568474,0.89888331144512,1.32459469112977,"RS"
25.5,0,1.03554991318238,0.81879193059408,1.30969002334203,"RS"
25.5,1,0.957284189989295,0.805517131912706,1.13764559945172,"RS"
25.5,2,0.889052333019813,0.78511363372181,1.00675114645639,"RS"
25.5,3,0.833387428783757,0.75207246346398,0.923494264443397,"RS"
25.5,4,0.79216624635772,0.710167278247166,0.883633167973244,"RS"
25.5,5,0.767100173515048,0.676660636469317,0.869627468323259,"RS"
25.5,6,0.76027511807062,0.664421258763771,0.869957496894006,"RS"
25.5,7,0.77360063171142,0.678808600864947,0.88162986830418,"RS"
25.5,8,0.805648871214922,0.716580426960406,0.905788211998906,"RS"
25.5,9,0.854754014594547,0.769104395524133,0.949941815073881,"RS"
25.5,10,0.919573113530372,0.821175280864699,1.02976152696354,"RS"
25.5,11,0.998537915332541,0.862128390857324,1.15653071970537,"RS"
25.5,12,1.0893299517836,0.893992875448541,1.32734809911936,"RS"
25.6,0,1.03624952141909,0.815693558272121,1.3164417687887,"RS"
25.6,1,0.956915386826979,0.802618523648499,1.1408745631533,"RS"
25.6,2,0.887810578338898,0.782274540701698,1.00758439908249,"RS"
25.6,3,0.831461717113284,0.749014991230509,0.922983645346311,"RS"
25.6,4,0.789726929960973,0.706636445501585,0.882587684057098,"RS"
25.6,5,0.764296670912178,0.67267902443832,0.868392472405686,"RS"
25.6,6,0.757242360334167,0.660163908728147,0.868596396596697,"RS"
25.6,7,0.7704671630511,0.67447589073313,0.88011989382566,"RS"
25.6,8,0.802530007393471,0.712336796314323,0.904143118956292,"RS"
25.6,9,0.851762971549865,0.765015089353386,0.948347516016541,"RS"
25.6,10,0.916830346698541,0.817077847247233,1.02876107516476,"RS"
25.6,11,0.99617208691669,0.857727277195057,1.15696312002245,"RS"
25.6,12,1.08747013705514,0.889087927922157,1.33011737292453,"RS"
25.7,0,1.03695177909166,0.812589447243755,1.32326231383954,"RS"
25.7,1,0.956547343617024,0.799716460576552,1.14413403460663,"RS"
25.7,2,0.886569831003698,0.779434049405431,1.00843177924483,"RS"
25.7,3,0.829538537754685,0.745958565966713,0.922483120397449,"RS"
25.7,4,0.787292100987894,0.703110673064953,0.881552330269737,"RS"
25.7,5,0.761499285892347,0.668706974043251,0.867167810301689,"RS"
25.7,6,0.754216371701266,0.655918782892652,0.867245076949288,"RS"
25.7,7,0.767339648501887,0.670154758465233,0.878618153083734,"RS"
25.7,8,0.799414775352428,0.708101002910134,0.902503993675147,"RS"
25.7,9,0.848771878327127,0.760927959347379,0.946756775840951,"RS"
25.7,10,0.914082726824577,0.812976807386558,1.0277626912446,"RS"
25.7,11,0.993795811498271,0.853317985273903,1.15739985796091,"RS"
25.7,12,1.08559389287698,0.88417126143297,1.33290251748488,"RS"
25.8,0,1.03765653993848,0.80948067221617,1.33015046786634,"RS"
25.8,1,0.956180016775115,0.796811771189395,1.14742308979111,"RS"
25.8,2,0.885330141970445,0.776592822570368,1.00929269174438,"RS"
25.8,3,0.827618026347789,0.742903816636586,0.921992298595062,"RS"
25.8,4,0.784861973264218,0.699590681409425,0.880526761498833,"RS"
25.8,5,0.758708311481577,0.664745320818507,0.865953146089749,"RS"
25.8,6,0.751197535718216,0.651686814457193,0.865903260815764,"RS"
25.8,7,0.764218583911667,0.665846227437195,0.877124507025973,"RS"
25.8,8,0.796303809622007,0.703874174410864,0.900870894644285,"RS"
25.8,9,0.845781535584247,0.75684430074122,0.945169839073464,"RS"
25.8,10,0.911331247516668,0.808873782840807,1.02676667277241,"RS"
25.8,11,0.991410300803901,0.848902637411232,1.15784112479314,"RS"
25.8,12,1.08370267199995,0.879245612129162,1.335703545288,"RS"
25.9,0,1.03836365730612,0.806368289968874,1.33710501544619,"RS"
25.9,1,0.955813362784362,0.79390527120342,1.15074079693705,"RS"
25.9,2,0.884091561910352,0.773751513918106,1.0101665402671,"RS"
25.9,3,0.825700317278577,0.739851364056401,0.921510788621008,"RS"
25.9,4,0.782436757965674,0.696077178493,0.87951063349219,"RS"
25.9,5,0.755924036391329,0.660794881575585,0.864748146098947,"RS"
25.9,6,0.748186229824697,0.64746891330537,0.864570673581174,"RS"
25.9,7,0.761104457262111,0.661551295957124,0.875638818039284,"RS"
25.9,8,0.793197735317336,0.699657413965071,0.899243879582416,"RS"
25.9,9,0.842792733444597,0.752765384784271,0.943586947413337,"RS"
25.9,10,0.908576891411847,0.804770366653967,1.02577331598315,"RS"
25.9,11,0.9890167560896,0.84448331568443,1.15828711551658,"RS"
25.9,12,1.08179791834395,0.874313659387972,1.3385204766817,"RS"
26,0,1.03907298414589,0.803253339378105,1.34412471564418,"RS"
26,1,0.955447338194991,0.790997763512528,1.15408621638844,"RS"
26,2,0.88285414121023,0.770910767978468,1.01105272753672,"RS"
26,3,0.823785543683592,0.736801820592282,0.921038199168071,"RS"
26,4,0.780016663630931,0.692570859524095,0.878503603169231,"RS"
26,5,0.753146745043466,0.656856454327932,0.863552479133259,"RS"
26,6,0.745182825390193,0.643265966032905,0.863247043335891,"RS"
26,7,0.757997748709732,0.657270937288097,0.874160950154987,"RS"
26,8,0.790097168171548,0.695451800119233,0.897623005714663,"RS"
26,9,0.839806251504972,0.748692458479521,0.942008340112222,"RS"
26,10,0.905820630138915,0.800668122995441,1.02478291619202,"RS"
26,11,0.986616368038508,0.84006206163179,1.15873802917689,"RS"
26,12,1.07988106681289,0.869378025591875,1.34135334012731,"RS"
26.1,0,1.03978437301046,0.800136841464179,1.351208301293,"RS"
26.1,1,0.955081899624048,0.788090038164785,1.15745840045595,"RS"
26.1,2,0.881617929973138,0.76807121994364,1.01195065544463,"RS"
26.1,3,0.82187383745458,0.733755789897806,0.920574139232884,"RS"
26.1,4,0.777601896175104,0.689072406768758,0.877505328896494,"RS"
26.1,5,0.750376717596302,0.652930818255923,0.862365816664363,"RS"
26.1,6,0.742187687752299,0.639078836014964,0.861932101031439,"RS"
26.1,7,0.754898930630015,0.653006099711831,0.872690769225314,"RS"
26.1,8,0.7870027145737,0.691258386776842,0.896008330017304,"RS"
26.1,9,0.836822858850822,0.744626744381388,0.940434254314928,"RS"
26.1,10,0.903063424291789,0.796568586876145,1.02379576816078,"RS"
26.1,11,0.984210316672956,0.835640876047522,1.15919406914029,"RS"
26.1,12,1.07795354312876,0.864441276022752,1.34420217240213,"RS"
26.2,0,1.0404976760509,0.797019799459344,1.35835447827234,"RS"
26.2,1,0.954717003755127,0.785182872359623,1.16085639326286,"RS"
26.2,2,0.880382978019056,0.765233495549652,1.01285972516007,"RS"
26.2,3,0.81996532924333,0.730713866688377,0.920118218377608,"RS"
26.2,4,0.775192658903809,0.685582489396874,0.8765154707306,"RS"
26.2,5,0.747614229971706,0.64901873370817,0.86118783299637,"RS"
26.2,6,0.739201176256829,0.634908363508627,0.860625580611138,"RS"
26.2,7,0.751808467664531,0.648757706629536,0.87122814307445,"RS"
26.2,8,0.783914971611397,0.687078203200447,0.894399909433916,"RS"
26.2,9,0.833843314078582,0.740569440447713,0.938864925365014,"RS"
26.2,10,0.900306223413091,0.792473263935438,1.02281216642077,"RS"
26.2,11,0.981799771280687,0.831221718863327,1.15965544332138,"RS"
26.2,12,1.07601676368453,0.859505918864689,1.34706701875826,"RS"
26.3,0,1.04121274501371,0.793903198893931,1.36556192479057,"RS"
26.3,1,0.954352607338117,0.782277030463413,1.16427923058602,"RS"
26.3,2,0.879149334885595,0.762398210982573,1.01377933722283,"RS"
26.3,3,0.818060148466733,0.727676636549324,0.919670046963299,"RS"
26.3,4,0.772789152527751,0.682101763363929,0.875533690631917,"RS"
26.3,5,0.744859553883236,0.645120942235697,0.86001820540563,"RS"
26.3,6,0.736223644299696,0.63075536578711,0.859327219118524,"RS"
26.3,7,0.748726816770944,0.644526656696546,0.86977294162697,"RS"
26.3,8,0.780834527117999,0.682912254053185,0.892797801065825,"RS"
26.3,9,0.830868365324941,0.736521719942014,0.937300587078533,"RS"
26.3,10,0.897549965987784,0.788383630293538,1.02183240555708,"RS"
26.3,11,0.97938589035502,0.826806509109599,1.16012236437213,"RS"
26.3,12,1.07407213541565,0.854574405306828,1.34994793304409,"RS"
26.4,0,1.04192943123822,0.790788007698892,1.37282929067101,"RS"
26.4,1,0.953988667188964,0.779373264041445,1.16772593969374,"RS"
26.4,2,0.877917049828724,0.759565972807088,1.01470889162082,"RS"
26.4,3,0.816158423312041,0.724644675774889,0.919229236357661,"RS"
26.4,4,0.77039157517784,0.678630871325215,0.874559652651836,"RS"
26.4,5,0.742112956865257,0.641238166655817,0.858856614258425,"RS"
26.4,6,0.733255439370495,0.626620637302615,0.858036756786169,"RS"
26.4,7,0.745654427275842,0.640313823987628,0.868325037016234,"RS"
26.4,8,0.777761959724294,0.678761519476541,0.891202062339484,"RS"
26.4,9,0.82789875030289,0.732484731382274,0.93574147198896,"RS"
26.4,10,0.894795579446655,0.78430113246446,1.02085678045805,"RS"
26.4,11,0.976969821548744,0.822397124949894,1.16059504983695,"RS"
26.4,12,1.07212105569003,0.849649129738455,1.35284497779421,"RS"
26.5,0,1.04264758565415,0.787675176323017,1.38015519664495,"RS"
26.5,1,0.953625140189458,0.776472311904584,1.17119553918249,"RS"
26.5,2,0.876686171823534,0.756737377915297,1.01564778785466,"RS"
26.5,3,0.814260280742332,0.721618551235475,0.918795399119705,"RS"
26.5,4,0.76800012242082,0.675170442579544,0.873593023096394,"RS"
26.5,5,0.739374702303048,0.63737111114282,0.857702743109144,"RS"
26.5,6,0.730296903097757,0.622504949874964,0.856753937107326,"RS"
26.5,7,0.742591740930287,0.636120058190108,0.866884303675066,"RS"
26.5,8,0.774697838914512,0.674626955201362,0.889612751153235,"RS"
26.5,9,0.824935196344384,0.728459598532825,0.934187811566167,"RS"
26.5,10,0.892043980179455,0.78022718732488,1.01988558653374,"RS"
26.5,11,0.974552701641536,0.817995403782872,1.16107372227842,"RS"
26.5,12,1.07016491221622,0.844732430029173,1.35575822429262,"RS"
26.6,0,1.04336705877935,0.784565637863316,1.38753823365321,"RS"
26.6,1,0.953261983287038,0.773574900169049,1.1746870388139,"RS"
26.6,2,0.875456749565028,0.753913013493782,1.01659542499101,"RS"
26.6,3,0.812365846502172,0.718598820270724,0.918368149163626,"RS"
26.6,4,0.765614987275396,0.671721093039803,0.872633470668712,"RS"
26.6,5,0.736645049463838,0.633520461342808,0.856556278781255,"RS"
26.6,6,0.727348371295794,0.618409052903435,0.855478506892513,"RS"
26.6,7,0.739539191968028,0.631946184822194,0.865450618410816,"RS"
26.6,8,0.771642725086556,0.670509492689363,0.888029926005627,"RS"
26.6,9,0.821978420449473,0.72444742043609,0.932639836412001,"RS"
26.6,10,0.889296073557508,0.776163182134648,1.01891911990693,"RS"
26.6,11,0.972135656520677,0.813603142406335,1.16155860937777,"RS"
26.6,12,1.0682050829697,0.839826587887612,1.35868775261376,"RS"
26.7,0,1.0440877007178,0.781460308207235,1.39497696215825,"RS"
26.7,1,0.952899153494617,0.770681742327932,1.17819943935351,"RS"
26.7,2,0.874228831468928,0.751093457007181,1.01755120170647,"RS"
26.7,3,0.81047524512347,0.715586030606169,0.917947101904039,"RS"
26.7,4,0.763236360228849,0.668283425227888,0.871680666592525,"RS"
26.7,5,0.733924253528763,0.629686884510278,0.855416911433162,"RS"
26.7,6,0.724410174013118,0.614333673599424,0.854210216312988,"RS"
26.7,7,0.736497207166275,0.627793005474109,0.864023860466686,"RS"
26.7,8,0.768597169616345,0.666410039302551,0.886453646107302,"RS"
26.7,9,0.819029129341719,0.720449271481167,0.931097776434895,"RS"
26.7,10,0.886552753965576,0.772110474604992,1.01795767757982,"RS"
26.7,11,0.969719801174866,0.809222097238508,1.16204994401366,"RS"
26.7,12,1.0662429361369,0.834933829292666,1.36163365164515,"RS"
26.8,0,1.0448093611578,0.778360086185515,1.4024699114682,"RS"
26.8,1,0.952536607890423,0.767793539333221,1.18173173241253,"RS"
26.8,2,0.873002465672526,0.748279276196649,1.01851451632347,"RS"
26.8,3,0.80858859993153,0.712580720291388,0.917531874384525,"RS"
26.8,4,0.760864429254129,0.66485802829174,0.870734284718877,"RS"
26.8,5,0.731212565625712,0.625871029664245,0.854284334610865,"RS"
26.8,6,0.721482635582363,0.610279517237789,0.852948818932836,"RS"
26.8,7,0.73346620590896,0.623661298069822,0.862603911571015,"RS"
26.8,8,0.76556171492614,0.66232947849822,0.884883971478295,"RS"
26.8,9,0.816088019529773,0.716466201506469,0.929561861005685,"RS"
26.8,10,0.883814904842821,0.768070393010749,1.0170015575791,"RS"
26.8,11,0.967306239700911,0.804853984592057,1.16254796432246,"RS"
26.8,12,1.06427983007689,0.830056324991771,1.36459601909512,"RS"
26.9,0,1.04553188937042,0.775265853734657,1.41001557907465,"RS"
26.9,1,0.952174303617863,0.764910979687221,1.1852829002937,"RS"
26.9,2,0.871777700035546,0.74547102909176,1.01948476683957,"RS"
26.9,3,0.806706033051288,0.709583417657735,0.917122085391298,"RS"
26.9,4,0.758499379827413,0.661445478042422,0.869794001617879,"RS"
26.9,5,0.728510232863032,0.622073527761901,0.853158245289108,"RS"
26.9,6,0.718566074671659,0.606247267424895,0.851694071731222,"RS"
26.9,7,0.730446600252413,0.619551817147374,0.861190655976061,"RS"
26.9,8,0.762536894556738,0.658268670047322,0.883320963032364,"RS"
26.9,9,0.813155777374928,0.71249923593379,0.928032319096644,"RS"
26.9,10,0.881083398732633,0.764044236343233,1.01605105908227,"RS"
26.9,11,0.964896065323071,0.800500480996723,1.16305291374304,"RS"
26.9,12,1.06231711330042,0.825196191061119,1.36757496148858,"RS"
27,0,1.04625513420806,0.772178476068036,1.41761243000547,"RS"
27,1,0.951812197885406,0.762034739542402,1.1888519158424,"RS"
27,2,0.870554582141043,0.742669264034517,1.02046135095143,"RS"
27,3,0.804827665413735,0.706594641293908,0.916717355553638,"RS"
27,4,0.756141394946112,0.65804633700931,0.868859496657244,"RS"
27,5,0.72581749836407,0.618294991887976,0.852038343902559,"RS"
27,6,0.715660804337428,0.602237586381594,0.85044573511619,"RS"
27,7,0.727438794993364,0.615465294155945,0.859783980487646,"RS"
27,8,0.759523233243427,0.654228450274194,0.881764682649884,"RS"
27,9,0.810233079164513,0.708549375931388,0.926509379405588,"RS"
27,10,0.87835909734117,0.760033274500593,1.01510648252729,"RS"
27,11,0.962490360424859,0.796163223566798,1.16356504104846,"RS"
27,12,1.06035612446617,0.820355489523183,1.37057059415356,"RS"
