"exposure","lag","RR","RR_low","RR_high","state"
20.8,0,0.797151268845992,0.718129095557349,0.884868959291498,"GO"
20.8,1,0.875886497343416,0.80931405859368,0.947935042128908,"GO"
20.8,2,0.957733271423203,0.901767763439878,1.01717211057983,"GO"
20.8,3,1.03709998198644,0.984421269926068,1.09259765660799,"GO"
20.8,4,1.10679105517481,1.04836688363207,1.16847113252089,"GO"
20.8,5,1.15842859892412,1.09122041127982,1.22977613407305,"GO"
20.8,6,1.18337167824978,1.11144178787889,1.25995670142673,"GO"
20.8,7,1.17601928701695,1.10683437728963,1.24952873872832,"GO"
20.8,8,1.14065941073217,1.07885200358949,1.20600776284692,"GO"
20.8,9,1.08506598077444,1.02857973877883,1.14465426281079,"GO"
20.8,10,1.01724431044041,0.957679281822652,1.08051412071271,"GO"
20.8,11,0.944438536280988,0.873910410916479,1.0206585682818,"GO"
20.8,12,0.872593118036968,0.788311466792331,0.96588567047454,"GO"
20.9,0,0.801013757531899,0.723021767329695,0.887418704038538,"GO"
20.9,1,0.878619179670676,0.813040765268971,0.949487031723172,"GO"
20.9,2,0.959150697202135,0.904117020729638,1.01753427803064,"GO"
20.9,3,1.03710789597429,0.985382326474696,1.09154869028376,"GO"
20.9,4,1.10544572486323,1.04814653720531,1.16587729600927,"GO"
20.9,5,1.15598649711439,1.09012880298249,1.22582283658114,"GO"
20.9,6,1.18030817249016,1.10985587338006,1.25523269774146,"GO"
20.9,7,1.17295772274896,1.10519496763574,1.24487521174626,"GO"
20.9,8,1.13814244548869,1.07758207990142,1.20210631782357,"GO"
20.9,9,1.08345963035658,1.02807364782892,1.14182945267727,"GO"
20.9,10,1.01672906318626,0.958267996274285,1.07875666509447,"GO"
20.9,11,0.945036686903647,0.87573177044309,1.01982635521142,"GO"
20.9,12,0.874213607233626,0.791278261286493,0.96584156100773,"GO"
21,0,0.804892760873246,0.727943560920946,0.88997607958306,"GO"
21,1,0.881358673794584,0.816781201328288,0.951041858712823,"GO"
21,2,0.960569078966742,0.906469822331283,1.01789704713391,"GO"
21,3,1.03711529219648,0.986342452040714,1.09050170869397,"GO"
21,4,1.10410212932597,1.04792477921782,1.16329104546231,"GO"
21,5,1.15355017368117,1.08903705586846,1.22188496344478,"GO"
21,6,1.17725358151675,1.10827117533728,1.25052967724458,"GO"
21,7,1.16990522452249,1.10355712726892,1.24024230422236,"GO"
21,8,1.13563202314209,1.07631292202924,1.19822039259208,"GO"
21,9,1.08185638484921,1.02756699887746,1.1390140387124,"GO"
21,10,1.01621445583479,0.958855838109376,1.07700425778688,"GO"
21,11,0.945635223242926,0.877555006073206,1.01899706485533,"GO"
21,12,0.875836762828418,0.794253581241391,0.965799907282544,"GO"
21.1,0,0.808786944289832,0.732892840576587,0.892540198290184,"GO"
21.1,1,0.884103906949894,0.820533960773471,0.952598863241759,"GO"
21.1,2,0.961987694238593,0.90882512447703,1.01826005789508,"GO"
21.1,3,1.03712184434751,0.987300998709568,1.08945673247435,"GO"
21.1,4,1.10276032882946,1.04770130201419,1.16071282960339,"GO"
21.1,5,1.15112001001607,1.08794512270809,1.21796334190188,"GO"
21.1,6,1.17420849559295,1.10668782365849,1.24584870425766,"GO"
21.1,7,1.16686245171316,1.10192107083958,1.23563113298181,"GO"
21.1,8,1.1331287467026,1.07504473310081,1.1943510042604,"GO"
21.1,9,1.08025669482521,1.02705987416717,1.13620885798987,"GO"
21.1,10,1.01570072632485,0.959442653807423,1.07525755850324,"GO"
21.1,11,0.946234149892299,0.879379666223614,1.0181712186585,"GO"
21.1,12,0.877462371963601,0.797236700957978,0.965761126258751,"GO"
21.2,0,0.812694946405784,0.73786792111656,0.895110164044068,"GO"
21.2,1,0.886853792878203,0.82429760988726,0.954157382610907,"GO"
21.2,2,0.963405816281082,0.911181871556791,1.01862295093562,"GO"
21.2,3,1.03712722611526,0.988257315185502,1.08841378315285,"GO"
21.2,4,1.10142038333906,1.04747579721533,1.15814309415054,"GO"
21.2,5,1.14869638421365,1.0868529552857,1.2140587893591,"GO"
21.2,6,1.17117349868147,1.10510594622641,1.24119082762838,"GO"
21.2,7,1.16383005663692,1.10028701050222,1.23104279865418,"GO"
21.2,8,1.13063321375911,1.07377771423542,1.19049915742149,"GO"
21.2,9,1.07866100817046,1.02655235484166,1.13341474018319,"GO"
21.2,10,1.01518811211425,0.96002828844072,1.07351722380182,"GO"
21.2,11,0.946833471456404,0.881205294251314,1.01734933791093,"GO"
21.2,12,0.879090220177943,0.800226881976109,0.965725636839549,"GO"
21.3,0,0.816615378798794,0.742867067178602,0.897685072274673,"GO"
21.3,1,0.889607231764153,0.828070686957145,0.95571675132613,"GO"
21.3,2,0.964822714100457,0.913538996050764,1.01898536753043,"GO"
21.3,3,1.03713111118415,0.989210746773268,1.08737288317452,"GO"
21.3,4,1.10008235252018,1.04724795569654,1.15558228186889,"GO"
21.3,5,1.14627967109302,1.08576050437219,1.21017211352782,"GO"
21.3,6,1.1681491684953,1.10352566887358,1.23655708095049,"GO"
21.3,7,1.1608086846087,1.09865515589475,1.22647838590045,"GO"
21.3,8,1.12814601651969,1.07251206452373,1.18666584431796,"GO"
21.3,9,1.07706977009967,1.02604452092186,1.13063250766181,"GO"
21.3,10,1.01467685018209,0.960612585642345,1.07178390714815,"GO"
21.3,11,0.947433192551062,0.883031428392431,1.01653194380821,"GO"
21.3,12,0.880720091400938,0.80322337292162,0.965693859948181,"GO"
21.4,0,0.82054682577272,0.747888492495547,0.900264009998383,"GO"
21.4,1,0.892363110185141,0.831851702020948,0.957276301154031,"GO"
21.4,2,0.966237652452366,0.915895418472042,1.01934694964866,"GO"
21.4,3,1.03713317323937,0.990160635362509,1.08633405592797,"GO"
21.4,4,1.09874629573925,1.0470174675651,1.15303083262615,"GO"
21.4,5,1.14387024222076,1.08466771969627,1.2063041125669,"GO"
21.4,6,1.16513607655158,1.10194711535599,1.23194848279398,"GO"
21.4,7,1.15779897400465,1.0970257141168,1.22193896365086,"GO"
21.4,8,1.12566774185521,1.07124798100693,1.18285204501609,"GO"
21.4,9,1.0754834231742,1.02553645128108,1.12786297559448,"GO"
21.4,10,1.01416717703167,0.961195387572632,1.07005825898293,"GO"
21.4,11,0.948033317803297,0.884857601700661,1.0157195575172,"GO"
21.4,12,0.882351767947522,0.806225409356009,0.965666218610003,"GO"
21.5,0,0.824487844154382,0.752930359208767,0.902846055872553,"GO"
21.5,1,0.895120301074846,0.835639136635061,0.958835361185626,"GO"
21.5,2,0.967649891853984,0.9182500473195,1.0197073399978,"GO"
21.5,3,1.03713308597208,0.991106319414887,1.08529732577327,"GO"
21.5,4,1.09741227206484,1.04678402213736,1.15048918345115,"GO"
21.5,5,1.14146846593495,1.0835745499142,1.20245557523205,"GO"
21.5,6,1.16213478822831,1.10037040732549,1.22736603694485,"GO"
21.5,7,1.1548015563279,1.09539888970729,1.21742558535338,"GO"
21.5,8,1.12319897134593,1.06998565865516,1.17905872758913,"GO"
21.5,9,1.07390240732158,1.02502822361906,1.12510695205958,"GO"
21.5,10,1.01365932869394,0.961776534884184,1.06834092679542,"GO"
21.5,11,0.948633851851352,0.886683341985384,1.0149127002469,"GO"
21.5,12,0.883985030513348,0.809232213628969,0.96564313803994,"GO"
21.6,0,0.828436963115391,0.757990777220007,0.905430280264018,"GO"
21.6,1,0.89787766370085,0.839431443666251,0.960393257907822,"GO"
21.6,2,0.969058688601774,0.920601779041284,1.02006618207119,"GO"
21.6,3,1.03713052308565,0.992047133954087,1.08426271807131,"GO"
21.6,4,1.09608034026883,1.0465473079154,1.14795776859516,"GO"
21.6,5,1.13907470737052,1.08248094257843,1.19862728103153,"GO"
21.6,6,1.15914586282376,1.09879566430116,1.22281073265426,"GO"
21.6,7,1.15181705627783,1.09377488462123,1.21293928923221,"GO"
21.6,8,1.12074028133126,1.06872529034532,1.17528684830937,"GO"
21.6,9,1.07232715985693,1.02451991443505,1.12236523816222,"GO"
21.6,10,1.01315354073147,0.962355866685547,1.06663255520229,"GO"
21.6,11,0.94923479934471,0.888508171749561,1.01411189332422,"GO"
21.6,12,0.885619658170585,0.812242994734072,0.965625045735199,"GO"
21.7,0,0.83239268401985,0.763067803583979,0.90801574533149,"GO"
21.7,1,0.900634043656662,0.843227047108069,0.961949315282571,"GO"
21.7,2,0.970463294794935,0.922949498009214,1.02042312019854,"GO"
21.7,3,1.03712515830296,0.992982410558813,1.08323025921437,"GO"
21.7,4,1.09475055882751,1.0463070125636,1.1454370195959,"GO"
21.7,5,1.13668932848563,1.08138684410517,1.1948200003878,"GO"
21.7,6,1.15616985361856,1.09722300363992,1.21828354489646,"GO"
21.7,7,1.14884609182266,1.0921538982061,1.20848109855589,"GO"
21.7,8,1.11829224296234,1.06746706683853,1.17153735184873,"GO"
21.7,9,1.07075811550612,1.024011599,1.11963862815798,"GO"
21.7,10,1.01265004824299,0.96293322050367,1.06493378603155,"GO"
21.7,11,0.949836164944111,0.890331608127609,1.01331765827461,"GO"
21.7,12,0.887255428364277,0.815256948167969,0.965612371573046,"GO"
21.8,0,0.836353480298791,0.768159441944276,0.910601505121697,"GO"
21.8,1,0.90338827286844,0.847024341922929,0.963502854833516,"GO"
21.8,2,0.971862958364591,0.925292076504497,1.02077779959957,"GO"
21.8,3,1.03711666537469,0.993911477358974,1.08219997665791,"GO"
21.8,4,1.09342298592278,1.04606282288509,1.14292736534392,"GO"
21.8,5,1.13431268808931,1.08029219974127,1.19103449480478,"GO"
21.8,6,1.15320730794058,1.09565254050654,1.2137854346349,"GO"
21.8,7,1.14588927427544,1.09053612717801,1.2040520219145,"GO"
21.8,8,1.11585542225768,1.06621117675733,1.16781117148733,"GO"
21.8,9,1.06919570643068,1.02350335132812,1.11692790958269,"GO"
21.8,10,1.01214908586848,0.963508432245345,1.06324525841155,"GO"
21.8,11,0.950437953321574,0.892153162823514,1.01253051690722,"GO"
21.8,12,0.888892116909256,0.818273255793583,0.965605547913369,"GO"
21.9,0,0.840317797352193,0.773263642015222,0.913186605678973,"GO"
21.9,1,0.906139169616694,0.850821693911037,0.965053195739842,"GO"
21.9,2,0.973256923108784,0.92762837471519,1.02112986644032,"GO"
21.9,3,1.03710471808864,0.994833659035272,1.08117189895319,"GO"
21.9,4,1.0920976794434,1.04581442479852,1.14042923215124,"GO"
21.9,5,1.13194514187018,1.07919695353063,1.18727151704022,"GO"
21.9,6,1.15025876723219,1.09408438784355,1.20931734909622,"GO"
21.9,7,1.14294720837321,1.08892176559814,1.19965305350524,"GO"
21.9,8,1.11343038016155,1.06495780656307,1.16410922932961,"GO"
21.9,9,1.06764036225452,1.02299524414806,1.11423386338831,"GO"
21.9,10,1.01165088779485,0.96408133615787,1.0615676088646,"GO"
21.9,11,0.951040169160412,0.893972342049512,1.01175099140435,"GO"
21.9,12,0.890529497987616,0.821291085707836,0.965605009705646,"GO"
22,0,0.844284052479466,0.778378299112566,0.915770085167889,"GO"
22,1,0.908885538573293,0.854617439607447,0.966599654936958,"GO"
22,2,0.974644428733313,0.929957240745904,1.02147896789207,"GO"
22,3,1.0370889902801,0.995748276822468,1.08014605578068,"GO"
22,4,1.09077469698621,1.04556150331528,1.13794304382168,"GO"
22,5,1.12958704242631,1.07810104828063,1.18353181128275,"GO"
22,6,1.14732476712025,1.09251865634141,1.20488022205103,"GO"
22,7,1.14002049235946,1.08731100484958,1.19528517342588,"GO"
22,8,1.1110176726053,1.06370714053379,1.16043243652747,"GO"
22,9,1.06609251009235,1.02248734887395,1.11155726408417,"GO"
22,10,1.01115568776201,0.964651764789235,1.05990147140493,"GO"
22,11,0.951642817155259,0.895788646465745,1.01097960441479,"GO"
22,12,0.892167344146757,0.824309592114618,0.965611194599809,"GO"
22.1,0,0.848250634839253,0.783501253736021,0.918350974008295,"GO"
22.1,1,0.911626170854036,0.85840988620865,0.968141547223502,"GO"
22.1,2,0.976024710898479,0.932277510640347,1.02182475219223,"GO"
22.1,3,1.03706915584321,0.996654648516687,1.07912247798376,"GO"
22.1,4,1.08945409585742,1.04530374251781,1.13546922172268,"GO"
22.1,5,1.12723873929617,1.07700442552905,1.17981611333291,"GO"
22.1,6,1.14440583748846,1.0909554544095,1.20047497410107,"GO"
22.1,7,1.1371097180696,1.08570403361549,1.19094934797513,"GO"
22.1,8,1.10861785057139,1.06245936074293,1.15678169350978,"GO"
22.1,9,1.0645525745798,1.02197973557679,1.10889887988324,"GO"
22.1,10,1.01066371906971,0.965219548948238,1.05824747764055,"GO"
22.1,11,0.95224590201208,0.897601571121434,1.01021687915041,"GO"
22.1,12,0.89380542629801,0.827327915203826,0.965624543060351,"GO"
22.2,0,0.852215905439428,0.788630291206995,0.920928295021978,"GO"
22.2,1,0.914359844087115,0.862197311530254,0.969678185374017,"GO"
22.2,2,0.977397001271789,0.93458800841738,1.02216686870698,"GO"
22.2,3,1.03704488874339,0.997552088487158,1.07810119760241,"GO"
22.2,4,1.08813593307391,1.04504082553919,1.13300818485798,"GO"
22.2,5,1.12490057899067,1.075907025512,1.17612515078742,"GO"
22.2,6,1.14150250255225,1.08939488814865,1.19610251297163,"GO"
22.2,7,1.13421547101963,1.08410103785881,1.18664652995916,"GO"
22.2,8,1.1062314601602,1.06121464703965,1.15315789021752,"GO"
22.2,9,1.06302097790526,1.02147247295651,1.10625947285295,"GO"
22.2,10,1.01017521458469,0.965784517665017,1.05660625687848,"GO"
22.2,11,0.952849428448202,0.899410605398248,1.00946333948558,"GO"
22.2,12,0.895443513715845,0.830345181037523,0.965645498482812,"GO"
22.3,0,0.856178197158171,0.793763141365045,0.923501063589821,"GO"
22.3,1,0.91708532249773,0.865977963997489,0.971208880256453,"GO"
22.3,2,0.97876052758666,0.936887546121398,1.02250496799494,"GO"
22.3,3,1.03701586303072,0.998439907692943,1.07708224790638,"GO"
22.3,4,1.0868202653646,1.04477243454481,1.13056034994051,"GO"
22.3,5,1.12257290502624,1.07480878713381,1.17245964322598,"GO"
22.3,6,1.13861528093601,1.08783706132603,1.19176373380833,"GO"
22.3,7,1.1313383304977,1.0825022008047,1.18237765900324,"GO"
22.3,8,1.10385904265952,1.0599731770312,1.14956190634372,"GO"
22.3,9,1.06149813984341,1.0209656283154,1.10363979906964,"GO"
22.3,10,1.00969040674853,0.966346498152597,1.05497843623273,"GO"
22.3,11,0.953453401192326,0.901215232956675,1.00871951005839,"GO"
22.3,12,0.897081374037672,0.833360501444454,0.965674507311595,"GO"
22.4,0,0.860135814796978,0.798897478327003,0.92606828781807,"GO"
22.4,1,0.91980135700917,0.8697500626705,0.972732940953436,"GO"
22.4,2,0.980114513707185,0.939174923887973,1.02283870187111,"GO"
22.4,3,1.03698175285445,0.999317413705262,1.07606566342719,"GO"
22.4,4,1.08550714917178,1.04449825071683,1.12812613146491,"GO"
22.4,5,1.12025605795898,1.07370964793953,1.16882030239936,"GO"
22.4,6,1.13574468575266,1.08628207535323,1.18745951947698,"GO"
22.4,7,1.12847886965869,1.08090770292627,1.17814366186732,"GO"
22.4,8,1.10150113461668,1.05873512606827,1.14599461157728,"GO"
22.4,9,1.05998447779035,1.02045926753356,1.10104060877622,"GO"
22.4,10,1.00920952758596,0.966905315770229,1.05336464073417,"GO"
22.4,11,0.954057824984551,0.903014931686461,1.00798591637275,"GO"
22.4,12,0.898718773264234,0.836372973924475,0.965712019157742,"GO"
22.5,0,0.864087035166478,0.804030920313041,0.92862896871192,"GO"
22.5,1,0.922506685360625,0.873511797306637,0.974249674885967,"GO"
22.5,2,0.981458179699008,0.941448930025884,1.02316772347025,"GO"
22.5,3,1.03694223247844,1.00018391073622,1.07505147998822,"GO"
22.5,4,1.08419664065253,1.0442179542422,1.1257059417785,"GO"
22.5,5,1.11795037541987,1.07260954409139,1.16520783241784,"GO"
22.5,6,1.13289122468557,1.08473002926908,1.18319074086515,"GO"
22.5,7,1.12563765562167,1.07931772193508,1.17394545276414,"GO"
22.5,8,1.09915826791331,1.05750066723429,1.14245686584944,"GO"
22.5,9,1.05848040680049,1.01995345504719,1.09846264654174,"GO"
22.5,10,1.00873280871373,0.967460793989428,1.05176549344139,"GO"
22.5,11,0.954662704576396,0.904809173662349,1.00726308490018,"GO"
22.5,12,0.90035547576062,0.83938168156474,0.965758486915001,"GO"
22.6,0,0.868030107205939,0.809161029544467,0.931182100354163,"GO"
22.6,1,0.925200032242021,0.877261328462279,0.975758387937927,"GO"
22.6,2,0.982790741906335,0.943708341116857,1.02349168730851,"GO"
22.6,3,1.03689697629766,1.00103869967483,1.074039734732,"GO"
22.6,4,1.08288879568016,1.04393122430539,1.12330019114993,"GO"
22.6,5,1.1156561921509,1.07150841035029,1.16162292993832,"GO"
22.6,6,1.13005540007266,1.08318101972824,1.1789582571838,"GO"
22.6,7,1.12281524957019,1.07773243277758,1.16978393367841,"GO"
22.6,8,1.09683096984266,1.05626997133982,1.13894951958163,"GO"
22.6,9,1.05698633962493,1.0194482538308,1.09590665142199,"GO"
22.6,10,1.00826048135,0.968012754363848,1.05018161555135,"GO"
22.6,11,0.95526804473082,0.90659742510671,1.00655154317964,"GO"
22.6,12,0.901991244257877,0.842385692969911,0.965814366872129,"GO"
22.7,0,0.87196325213729,0.814285312218532,0.933726670086111,"GO"
22.7,1,0.92788010944615,0.880996787637089,0.977258384579329,"GO"
22.7,2,0.984111413035161,0.945951922134589,1.0238102493419,"GO"
22.7,3,1.0368456588557,1.00188107813159,1.07303046614351,"GO"
22.7,4,1.08158366984564,1.04363773908718,1.12090928783387,"GO"
22.7,5,1.11337384004234,1.07040618006411,1.1580662843486,"GO"
22.7,6,1.12723770899281,1.08163514099764,1.17476291626709,"GO"
22.7,7,1.12001220685536,1.0761520076392,1.16565999468504,"GO"
22.7,8,1.09451976318945,1.05504320692343,1.13547341393311,"GO"
22.7,9,1.0555026867516,1.01894372538455,1.09337335711977,"GO"
22.7,10,1.00779277632427,0.968561016504369,1.04861362650848,"GO"
22.7,11,0.955873850222241,0.90837914636092,1.0058518199136,"GO"
22.7,12,0.903625839855254,0.845384062209117,0.965880118818861,"GO"
22.8,0,0.875884663654545,0.819401218566233,0.936261658687324,"GO"
22.8,1,0.930545616038362,0.88471627746404,0.978748967985852,"GO"
22.8,2,0.985419402242722,0.948178426584927,1.02412306702005,"GO"
22.8,3,1.03678795486332,1.00271034049282,1.07202371406816,"GO"
22.8,4,1.08028131845911,1.04333717577095,1.11853363813037,"GO"
22.8,5,1.11110364817083,1.06930278516469,1.15453857794674,"GO"
22.8,6,1.12443864335435,1.08009248496273,1.17060555486801,"GO"
22.8,7,1.11722907710164,1.07457661595812,1.16157451426435,"GO"
22.8,8,1.0922251663122,1.0538205402609,1.13202938104658,"GO"
22.8,9,1.05402985644686,1.01843992972819,1.09086349214322,"GO"
22.8,10,1.00732992408784,0.969105398061059,1.04706214411044,"GO"
22.8,11,0.956480125836561,0.910153791867832,1.00516444505807,"GO"
22.8,12,0.905259022023061,0.848375828782966,0.965956206142448,"GO"
22.9,0,0.879792508149442,0.824506142999818,0.938786040549921,"GO"
22.9,1,0.933195238544092,0.888417871949104,0.980229440151621,"GO"
22.9,2,0.986713915233238,0.950386596669442,1.02442979933306,"GO"
22.9,3,1.03672353921801,1.0035257779866,1.07101951972285,"GO"
22.9,4,1.07898179655136,1.04302921055839,1.11617364643694,"GO"
22.9,5,1.10884594283858,1.06819815617569,1.15104048611311,"GO"
22.9,6,1.12165868998571,1.07855314114592,1.16648699894728,"GO"
22.9,7,1.11446640431533,1.07300642445098,1.15752835961169,"GO"
22.9,8,1.08994769322807,1.05260213538461,1.12861824428953,"GO"
22.9,9,1.05256825479884,1.01793692540345,1.08837777996037,"GO"
22.9,10,1.00687215472477,0.969645714714026,1.04552778460853,"GO"
22.9,11,0.957086876371188,0.911920810168089,1.00448994990378,"GO"
22.9,12,0.906890548606179,0.85136001761458,0.966043095910981,"GO"
23,0,0.883684924974143,0.829597424357648,0.941298783842298,"GO"
23,1,0.935827651154473,0.892099616765099,0.981699101991543,"GO"
23,2,0.987994154359974,0.952575163475026,1.02473010684901,"GO"
23,3,1.03665208702452,1.00432667876219,1.07001792569801,"GO"
23,4,1.07768515887541,1.04271351869699,1.11382971529099,"GO"
23,5,1.10660104761346,1.06709222223417,1.14757267747237,"GO"
23,6,1.1188983307282,1.07701719674042,1.16240806395228,"GO"
23,7,1.11172472699569,1.07144159715349,1.15352238693845,"GO"
23,8,1.0876878537,1.05138815411558,1.12524081848885,"GO"
23,9,1.05111828576219,1.01743476948691,1.08591693914768,"GO"
23,10,1.00641969796344,0.970181780175584,1.04401116280035,"GO"
23,11,0.957694106635055,0.913679643913675,1.00382886714522,"GO"
23,12,0.908520175828195,0.854335639069431,0.966141258938882,"GO"
23.1,0,0.887560026741804,0.834672346255117,0.943798850655983,"GO"
23.1,1,0.938441515950284,0.89575952960497,0.983157253428768,"GO"
23.1,2,0.989259318733657,0.954742847192695,1.02502365173924,"GO"
23.1,3,1.0365732736165,1.00511232798541,1.06901897594834,"GO"
23.1,4,1.07639145990807,1.04238977452177,1.11150224540007,"GO"
23.1,5,1.10436928337002,1.06598491112908,1.14413581404204,"GO"
23.1,6,1.11615804253073,1.07548473666282,1.15836955508241,"GO"
23.1,7,1.10900457824861,1.06988229547916,1.14955744176097,"GO"
23.1,8,1.08544615332636,1.05017875611114,1.1218979101557,"GO"
23.1,9,1.0496803512045,1.01693351761608,1.08348168353005,"GO"
23.1,10,1.00597278318855,0.970713406206632,1.04251289211174,"GO"
23.1,11,0.958301821448645,0.915429729902755,1.00318173093345,"GO"
23.1,12,0.910147658296198,0.857301689009718,0.966251169829042,"GO"
23.2,0,0.891415899665817,0.839728137551631,0.946285197128052,"GO"
23.2,1,0.941035483144485,0.899395600600641,0.9846031934619,"GO"
23.2,2,0.990508604337293,0.956888357369343,1.02531009778764,"GO"
23.2,3,1.03648677457904,1.00588200795284,1.06802271576929,"GO"
23.2,4,1.0751007538515,1.04205765151473,1.10919163565657,"GO"
23.2,5,1.10215096833143,1.06487614936048,1.14073055136359,"GO"
23.2,6,1.11343829754668,1.07395584362867,1.15437226753644,"GO"
23.2,7,1.10630648590287,1.06832867830024,1.1456343591731,"GO"
23.2,8,1.08322309363292,1.04897409893149,1.11859031769698,"GO"
23.2,9,1.04825485095424,1.01643322403149,1.08107272230906,"GO"
23.2,10,1.00553163945369,0.971240402650742,1.04103358466443,"GO"
23.2,11,0.958910025644011,0.917170499140657,1.00254907690787,"GO"
23.2,12,0.911772749006226,0.860257148890164,0.966373306984878,"GO"
23.3,0,0.895250603938498,0.844761972945136,0.948756773529978,"GO"
23.3,1,0.943608191343558,0.903005792814669,0.986036220205515,"GO"
23.3,2,0.991741204147406,0.959010393196905,1.02558911037975,"GO"
23.3,3,1.03639226577233,1.00663499822822,1.06702919175593,"GO"
23.3,4,1.07381309463489,1.04171682238555,1.10689828313301,"GO"
23.3,5,1.09994641811242,1.06376586222418,1.1373575386116,"GO"
23.3,6,1.11073956323261,1.07243059825609,1.15041698673684,"GO"
23.3,7,1.10363097262882,1.06678090205548,1.14175396409776,"GO"
23.3,8,1.08101917216704,1.04777433812931,1.1153188316094,"GO"
23.3,9,1.0468421828502,1.01593394163859,1.07869076017583,"GO"
23.3,10,1.00509649549445,0.971762577490106,1.03957385132534,"GO"
23.3,11,0.959518724064801,0.918901376932842,1.00193144220115,"GO"
23.3,12,0.913395199349374,0.863200985903429,0.966508152584314,"GO"
23.4,0,0.899062174149998,0.849770973707445,0.951212524311996,"GO"
23.4,1,0.946158267827893,0.906588042813131,0.987455630896297,"GO"
23.4,2,0.992956308261735,0.961107643844253,1.02586035646653,"GO"
23.4,3,1.03628942335623,1.00737057580529,1.06603845174009,"GO"
23.4,4,1.07252853591605,1.04136695917832,1.10462258305359,"GO"
23.4,5,1.09775594576297,1.06265397392717,1.13401741867531,"GO"
23.4,6,1.10806230244901,1.07090907920313,1.14650448852504,"GO"
23.4,7,1.10097855605958,1.06523912089032,1.13791707151153,"GO"
23.4,8,1.07883488259429,1.04657962736723,1.11208423465121,"GO"
23.4,9,1.04544274279249,1.0154357220937,1.07633649740425,"GO"
23.4,10,1.00466757974201,0.972279736928309,1.03813430173245,"GO"
23.4,11,0.960127921566283,0.920621783016825,1.00132936541036,"GO"
23.4,12,0.915014759118575,0.866132153184962,0.966656192506028,"GO"
23.5,0,0.902848619748153,0.854752208575724,0.953651388089898,"GO"
23.5,1,0.948684328851423,0.91014026132968,0.988860721855559,"GO"
23.5,2,0.994153104033413,0.963178788838111,1.02612350449651,"GO"
23.5,3,1.03617792381592,1.00808801530173,1.06505054470082,"GO"
23.5,4,1.07124713108315,1.0410077334095,1.10236492873628,"GO"
23.5,5,1.09557986181301,1.06154040774015,1.13071082820621,"GO"
23.5,6,1.10540697356293,1.06939136334599,1.14263553932052,"GO"
23.5,7,1.0983497489146,1.06370348683612,1.13412448663584,"GO"
23.5,8,1.07667071479725,1.04539011856857,1.1088873019857,"GO"
23.5,9,1.04405692479505,1.01493861591898,1.07401062991922,"GO"
23.5,10,1.00424512033729,0.972791685505799,1.03671554429136,"GO"
23.5,11,0.960737623015361,0.922331131741326,1.00074338652604,"GO"
23.5,12,0.916631176516057,0.869049590088929,0.966817916196512,"GO"
23.6,0,0.906607925540011,0.859702694817879,0.95607229755873,"GO"
23.6,1,0.951184979960711,0.913660334032399,0.990250788397229,"GO"
23.6,2,0.995330776211662,0.965222498500441,1.02637822430914,"GO"
23.6,3,1.03605744398853,1.00878658919027,1.06406552064262,"GO"
23.6,4,1.06996893325638,1.04063881624352,1.10012571149941,"GO"
23.6,5,1.09341847431795,1.06042508619482,1.12743839762401,"GO"
23.6,6,1.10277403055239,1.06787752600605,1.13881089623556,"GO"
23.6,7,1.0957450591256,1.06217415003595,1.13037700508672,"GO"
23.6,8,1.07452715497653,1.04420596210835,1.10572880129002,"GO"
23.6,9,1.04268512103959,1.01444267265251,1.07171384933425,"GO"
23.6,10,1.00382934514557,0.973298226255066,1.03531818613559,"GO"
23.6,11,0.961347833290608,0.924028832302517,1.00017404680937,"GO"
23.6,12,0.918244198161486,0.871952222549071,0.966993816464271,"GO"
23.7,0,0.910338052235695,0.864619399492437,0.958474179314927,"GO"
23.7,1,0.953658816333692,0.917146122407095,0.991625124668294,"GO"
23.7,2,0.996488507089007,0.96723743445112,1.02662418698049,"GO"
23.7,3,1.03592766109071,1.00946556807353,1.06308343043424,"GO"
23.7,4,1.06869399528969,1.04025987871345,1.09790532052506,"GO"
23.7,5,1.09127208890503,1.05930793133476,1.12420075107207,"GO"
23.7,6,1.10016392311281,1.06636764123536,1.13503130713606,"GO"
23.7,7,1.09316498996486,1.0606512590262,1.12667541297412,"GO"
23.7,8,1.07240468575406,1.04302730705199,1.10260949282121,"GO"
23.7,9,1.04132772193114,1.01394794104046,1.06944684295092,"GO"
23.7,10,1.00342048177172,0.973799160903755,1.03394283304224,"GO"
23.7,11,0.961958557282281,0.925714289049033,0.99962188860584,"GO"
23.7,12,0.919853569100788,0.874838963540863,0.967184389184943,"GO"
23.8,0,0.91403693703529,0.8694992409268,0.960855953565104,"GO"
23.8,1,0.956104423138227,0.920595464773008,0.992983023406356,"GO"
23.8,2,0.997625476655046,0.969222250186303,1.02686106461124,"GO"
23.8,3,1.03578825274732,1.01012422101091,1.06210432560032,"GO"
23.8,4,1.06742236977255,1.03987059199559,1.09570414267056,"GO"
23.8,5,1.08914100882057,1.05818886503012,1.12099850631194,"GO"
23.8,6,1.09757709676508,1.06486178217169,1.13129751063695,"GO"
23.8,7,1.09061004017575,1.05913496108434,1.12302048694005,"GO"
23.8,8,1.07030378627846,1.04185430145102,1.09953012943034,"GO"
23.8,9,1.03998511615495,1.01345446927955,1.06721029371226,"GO"
23.8,10,1.00301875757585,0.97429429013546,1.03259008929337,"GO"
23.8,11,0.962569799892352,0.92738690186952,0.999087455081572,"GO"
23.8,12,0.921459032815686,0.877708713664306,0.967390132898197,"GO"
23.9,0,0.917702494259347,0.874339090441476,0.963216533695856,"GO"
23.9,1,0.95852037591066,0.924006177449589,0.994323775596226,"GO"
23.9,2,0.998740862756784,0.971175591744708,1.0270885300445,"GO"
23.9,3,1.03563889702099,1.01076181590688,1.06112825805607,"GO"
23.9,4,1.06615410903173,1.03947062774816,1.09352256221773,"GO"
23.9,5,1.08702553497807,1.05706780936837,1.11783227454483,"GO"
23.9,6,1.09501399296552,1.06336002147606,1.12761023601948,"GO"
23.9,7,1.08808070410563,1.05762540265516,1.11941299412323,"GO"
23.9,8,1.06822493233267,1.04068709270639,1.09649145651417,"GO"
23.9,9,1.03865769073495,1.0129623053196,1.06500488010014,"GO"
23.9,10,1.00262439968955,0.974783413919626,1.03126055747161,"GO"
23.9,11,0.963181566034527,0.929046066678928,0.998571289866229,"GO"
23.9,12,0.923060331233922,0.880560361870094,0.967611548273822,"GO"
24,0,0.921332616023615,0.879135774352266,0.9655548256745,"GO"
24,1,0.960905240954507,0.927376056096094,0.995646670004345,"GO"
24,2,0.999833841265534,0.973096098476157,1.02730625649948,"GO"
24,3,1.03547927244277,1.011377619972,1.06015527977402,"GO"
24,4,1.0648892651331,1.03905965852616,1.09136096054792,"GO"
24,5,1.08492596600707,1.05594468713504,1.11470266014592,"GO"
24,6,1.09247504921757,1.06186243186794,1.12397020305486,"GO"
24,7,1.08557747184084,1.05612272986983,1.11585369203597,"GO"
24,8,1.06616859644364,1.03952582801152,1.09349421189176,"GO"
24,9,1.03734583109363,1.01247149723723,1.0628312759655,"GO"
24,10,1.00223763503263,0.975266331923929,1.02995483817659,"GO"
24,11,0.963793860634274,0.930691176022575,0.998073936583435,"GO"
24,12,0.924657204740207,0.883392786355782,0.967849137420541,"GO"
24.1,0,0.924925172958551,0.883886076287216,0.967869727245728,"GO"
24.1,1,0.963257575759432,0.93070287724927,0.996950992566264,"GO"
24.1,2,1.00090358625041,0.974982403929151,1.02751391710423,"GO"
24.1,3,1.03530905804365,1.01197090026962,1.0591854423696,"GO"
24.1,4,1.06362788988347,1.03863735828636,1.08921971572878,"GO"
24.1,5,1.08284259830288,1.05481942240076,1.11161026029518,"GO"
24.1,6,1.08996069918517,1.06036908677529,1.12037812171714,"GO"
24.1,7,1.08310082934405,1.05462708917403,1.11234332833659,"GO"
24.1,8,1.06413524799416,1.03837065488966,1.09053912559183,"GO"
24.1,9,1.03604992111339,1.01198209369394,1.06069015027819,"GO"
24.1,10,1.00185869033033,0.975742844024763,1.02867352964665,"GO"
24.1,11,0.964406688628847,0.932321619820153,0.997595938246582,"GO"
24.1,12,0.926249392187869,0.886204855663052,0.968103403006626,"GO"
24.2,0,0.928478014974104,0.88858673986068,0.970160126883522,"GO"
24.2,1,0.965575929440614,0.933984400088343,0.998236025598413,"GO"
24.2,2,1.00194927015842,0.97683313687698,1.02771118430785,"GO"
24.2,3,1.0351279333872,1.01254092436347,1.05821879659041,"GO"
24.2,4,1.06237003483244,1.03820340299856,1.08709920199659,"GO"
24.2,5,1.08077572607708,1.05369194123333,1.10855566448598,"GO"
24.2,6,1.08747137280792,1.05888006111969,1.11683469176504,"GO"
24.2,7,1.08065125859364,1.05313862808418,1.10888264047862,"GO"
24.2,8,1.0621253533368,1.03722172184167,1.08762691953441,"GO"
24.2,9,1.03477034319932,1.01149414449369,1.05858216678141,"GO"
24.2,10,1.00148779213117,0.976212750933922,1.02741722726756,"GO"
24.2,11,0.96502005496731,0.933936786275457,0.997137836494258,"GO"
24.2,12,0.927836630911241,0.888995430012144,0.968374847156372,"GO"
24.3,0,0.931988972070276,0.893234471752895,0.972424902451481,"GO"
24.3,1,0.96785884319863,0.937218368460976,0.999501046800915,"GO"
24.3,2,1.00297006400109,0.978646922504967,1.02789772914986,"GO"
24.3,3,1.03493557860306,1.01308696108389,1.05725539169165,"GO"
24.3,4,1.06111575127431,1.03775747138178,1.08499978911566,"GO"
24.3,5,1.07872564140886,1.05256217255619,1.10553945388991,"GO"
24.3,6,1.08500749641789,1.05739543225908,1.1133406021699,"GO"
24.3,7,1.07822923772532,1.05165749609325,1.10547235521501,"GO"
24.3,8,1.06013937590988,1.03607917912319,1.08475830708781,"GO"
24.3,9,1.03350747834344,1.01100770125725,1.05650798353317,"GO"
24.3,10,1.00112516682516,0.976675854962425,1.02618652294755,"GO"
24.3,11,0.965633964610562,0.935536062981642,0.996700170635548,"GO"
24.3,12,0.929418656738769,0.891763362915127,0.968663970080941,"GO"
24.4,0,0.935455855193851,0.897825945250127,0.974662919517958,"GO"
24.4,1,0.970104850799922,0.940402513208685,1.00074532801328,"GO"
24.4,2,1.00396513754776,0.980422383784871,1.02807322036057,"GO"
24.4,3,1.03473167442149,1.01360828143289,1.05629527467707,"GO"
24.4,4,1.05986509024992,1.03729924578661,1.0829218415932,"GO"
24.4,5,1.07669263429711,1.0514300491779,1.1025622005535,"GO"
24.4,6,1.08256949285808,1.05591528111434,1.10989653036388,"GO"
24.4,7,1.07583524117589,1.05018384575076,1.10211318793288,"GO"
24.4,8,1.05817777635554,1.03494317967265,1.08193399247958,"GO"
24.4,9,1.03226170619036,1.01052281823343,1.054468252315,"GO"
24.4,10,1.00077104066268,0.977131960945499,1.02498200433434,"GO"
24.4,11,0.966248422531364,0.937118838256187,0.996283476471012,"GO"
24.4,12,0.930995204006855,0.894507503115773,0.968971268395929,"GO"
24.5,0,0.938876457141699,0.902357804307525,0.976873029265157,"GO"
24.5,1,0.972312479077928,0.943534554835478,1.00196813367955,"GO"
24.5,2,1.00493365952539,0.982158143066208,1.02823732326274,"GO"
24.5,3,1.03451590220884,1.01410415965128,1.05533848938259,"GO"
24.5,4,1.05861810254866,1.0368284132481,1.08086571772563,"GO"
24.5,5,1.07467699271331,1.05029550901998,1.09962446639895,"GO"
24.5,6,1.08015778160256,1.05443969350869,1.10650314127892,"GO"
24.5,7,1.073469739829,1.04871783394443,1.098805841791,"GO"
24.5,8,1.05624101263983,1.03381388021416,1.07915467003722,"GO"
24.5,9,1.03103340510439,1.01003955326962,1.05246361788506,"GO"
24.5,10,1.00042563977375,0.977580877356123,1.02380425384704,"GO"
24.5,11,0.966863433714366,0.938684502744561,0.995888284850402,"GO"
24.5,12,0.932566005574447,0.897226696910421,0.969297233071419,"GO"
24.6,0,0.942248553510965,0.906826668204233,0.97905406592382,"GO"
24.6,1,0.974480248454938,0.946612206568978,1.00316871897384,"GO"
24.6,2,1.00587479782494,0.983852823918267,1.02838969844074,"GO"
24.6,3,1.03428794400399,1.01457387447451,1.05438507537567,"GO"
24.6,4,1.05737483871037,1.03634466673638,1.07883176844889,"GO"
24.6,5,1.07267900265513,1.04915849657428,1.09672680199824,"GO"
24.6,6,1.0777727788782,1.0529687617525,1.10316108614423,"GO"
24.6,7,1.07113320116316,1.04725962341441,1.09555100662945,"GO"
24.6,8,1.05432954017488,1.03269144256248,1.07642102323137,"GO"
24.6,9,1.02982295223803,1.00955796896731,1.05049471705036,"GO"
24.6,10,1.00008919018794,0.978022417638118,1.02265384749171,"GO"
24.6,11,0.967479003156128,0.940232451336641,0.995515119923087,"GO"
24.6,12,0.934130792838375,0.899919790911152,0.969642346953342,"GO"
24.7,0,0.945569903696436,0.911229136867705,0.981204843657557,"GO"
24.7,1,0.976606673484683,0.949633177868954,1.00434632753157,"GO"
24.7,2,1.00678771971434,0.985505053260794,1.02853000013929,"GO"
24.7,3,1.03404748255574,1.01501671060678,1.05343506664109,"GO"
24.7,4,1.05613534902734,1.03584770663576,1.07682033596212,"GO"
24.7,5,1.07069894820091,1.04801896462382,1.09386974508617,"GO"
24.7,6,1.07541489778808,1.05150258650953,1.09987100100591,"GO"
24.7,7,1.06882608940165,1.04580938453387,1.0923493576172,"GO"
24.7,8,1.05244381194304,1.03157603516007,1.07373372349168,"GO"
24.7,9,1.02863072360195,1.00907813405107,1.04856217752939,"GO"
24.7,10,0.999761917854672,0.978456401793505,1.021531353426,"GO"
24.7,11,0.968095135865151,0.94176208544512,0.995164497031963,"GO"
24.7,12,0.935689295749434,0.902585635319675,0.970007081787852,"GO"
24.8,0,0.948838251935293,0.915561796951208,0.983324152813687,"GO"
24.8,1,0.978690263415691,0.95259517844365,1.00550018872611,"GO"
24.8,2,1.00767159205792,0.987113463825521,1.0286578743495,"GO"
24.8,3,1.03379420136119,1.01543196044667,1.05248849001948,"GO"
24.8,4,1.05489968354631,1.0353372424858,1.07483175209102,"GO"
24.8,5,1.06873711156478,1.04687687626471,1.09105381877497,"GO"
24.8,6,1.07308454843643,1.05004127898355,1.09663350493009,"GO"
24.8,7,1.06654886566463,1.04436729739319,1.08920155360077,"GO"
24.8,8,1.05058427862304,1.03046783487917,1.0710934287622,"GO"
24.8,9,1.02745709413634,1.00860012498225,1.04666661657381,"GO"
24.8,10,0.99944404866418,0.97888265826258,1.02043733023443,"GO"
24.8,11,0.968711836861902,0.9432728157003,0.994836920196493,"GO"
24.8,12,0.937241242829241,0.905223087787262,0.970391894673525,"GO"
24.9,0,0.952051328399419,0.919821228754615,0.985410755451159,"GO"
24.9,1,0.980729522775391,0.955495922839328,1.00662951442545,"GO"
24.9,2,1.0085255815424,0.988676696994771,1.02877295653588,"GO"
24.9,3,1.033527784705,1.01581892610095,1.05154536336241,"GO"
24.9,4,1.05366789207047,1.03481299502124,1.07286633635427,"GO"
24.9,5,1.06679377315258,1.04573220726926,1.08827952943033,"GO"
24.9,6,1.07078213805517,1.04858496346718,1.09344919784737,"GO"
24.9,7,1.06430198812321,1.04293355422704,1.08610823511431,"GO"
24.9,8,1.0487513887182,1.02936702912427,1.06850078176106,"GO"
24.9,9,1.02630243778366,1.00812402785189,1.04480863931499,"GO"
24.9,10,0.999135808468869,0.979301026138673,1.01937232487223,"GO"
24.9,11,0.969329111178842,0.944764065120422,0.994532879125753,"GO"
24.9,12,0.938786361187838,0.907831017942275,0.970797223859938,"GO"
25,0,0.955206850335364,0.924004014083025,0.987463380051532,"GO"
25,1,0.98272295197494,0.95833313567236,1.00773349515957,"GO"
25,2,1.00934885490935,0.990193406066891,1.02887486895463,"GO"
25,3,1.03324791769963,1.01617692172587,1.05060569336431,"GO"
25,4,1.05244002416157,1.03427469854995,1.07092439369356,"GO"
25,5,1.06486921161855,1.04458494883272,1.08554736416627,"GO"
25,6,1.06850807113208,1.04713378029666,1.09031865799511,"GO"
25,7,1.06208591215561,1.04150836222609,1.08307002200962,"GO"
25,8,1.04694558868659,1.0282738182725,1.06595640790674,"GO"
25,9,1.0251671275629,1.00764994058932,1.04298883679873,"GO"
25,10,0.99883742310527,0.979711357762636,1.01833687023285,"GO"
25,11,0.969946963860449,0.946235272820603,0.994252845698418,"GO"
25,12,0.940324376542083,0.910408312671876,0.971223483806149,"GO"
25.1,0,0.958302523252018,0.928106745139488,0.989480715317033,"GO"
25.1,1,0.984669047934707,0.961104557575503,1.00881129562688,"GO"
25.1,2,1.01014057919401,0.991662260000915,1.02896321751063,"GO"
25.1,3,1.03295428632647,1.01650527623798,1.0496694730293,"GO"
25.1,4,1.05121612914192,1.03372210370987,1.06900621182641,"GO"
25.1,5,1.06296370392265,1.04343511074706,1.08285778791553,"GO"
25.1,6,1.06626274954046,1.04568788925698,1.08724243891304,"GO"
25.1,7,1.05990109050528,1.04009194677543,1.08008751066394,"GO"
25.1,8,1.04516732307322,1.02718841849056,1.06346091287252,"GO"
25.1,9,1.02405153564514,1.00717797552471,1.04120778366986,"GO"
25.1,10,0.998549118416492,0.980113521744289,1.0173314822918,"GO"
25.1,11,0.970565399963251,0.947685898326067,0.99399726984406,"GO"
25.1,12,0.941855013234805,0.912953882247352,0.971671059409758,"GO"
25.2,0,0.961336042155941,0.932126034546001,0.991461402961641,"GO"
25.2,1,0.986566304730358,0.96380795192972,1.00986204946801,"GO"
25.2,2,1.01089992197061,0.993081947693973,1.02903758809952,"GO"
25.2,3,1.03264657747797,1.01680333643778,1.04873667872963,"GO"
25.2,4,1.04999625609653,1.03315498064646,1.06711205818018,"GO"
25.2,5,1.06107752538875,1.04228272504486,1.08021124003246,"GO"
25.2,6,1.06404657267041,1.0442474734808,1.08422106594875,"GO"
25.2,7,1.05774797344113,1.03868455516115,1.07716127072404,"GO"
25.2,8,1.04341703464424,1.0261110649667,1.0610148797305,"GO"
25.2,9,1.02295603343064,1.00670826234467,1.03946603546785,"GO"
25.2,10,0.998271120275201,0.980507406458959,1.01635665677883,"GO"
25.2,11,0.971184424555849,0.949115426555753,0.993766574759671,"GO"
25.2,12,0.943377994254748,0.915466667382249,0.972140299317432,"GO"
25.3,0,0.964305092834295,0.936058526579393,0.993404029408506,"GO"
25.3,1,0.988413214259425,0.966441112448996,1.01088485323953,"GO"
25.3,2,1.01162605160396,0.994451182844011,1.02909754238217,"GO"
25.3,3,1.03232447900058,1.01707047058919,1.04780726681255,"GO"
25.3,4,1.04878045387523,1.032573122651,1.06524217636692,"GO"
25.3,5,1.05921094976345,1.04112785015359,1.0776081303879,"GO"
25.3,6,1.0618599375616,1.04281274388119,1.08125503223308,"GO"
25.3,7,1.0556270089197,1.03728646078353,1.07429184134825,"GO"
25.3,8,1.04169516452306,1.02504201559432,1.05861886564871,"GO"
25.3,9,1.02188099162722,1.00624095147872,1.03776412549546,"GO"
25.3,10,0.998003654607125,0.980892924066146,1.01541286533128,"GO"
25.3,11,0.971804042718947,0.950523373539869,0.993561151397899,"GO"
25.3,12,0.944893041257293,0.917945647307758,0.972631508232558,"GO"
25.4,0,0.967207353185176,0.939900909694076,0.995307116321402,"GO"
25.4,1,0.990208266928241,0.969001871676871,1.01187875952834,"GO"
25.4,2,1.01231813750739,0.995768709446312,1.02914261294297,"GO"
25.4,3,1.03198767973865,1.01730607249584,1.04688116971476,"GO"
25.4,4,1.04756877109478,1.03197635029652,1.0633967821624,"GO"
25.4,5,1.05736424927562,1.03997057559513,1.07504883492151,"GO"
25.4,6,1.05970323903766,1.04138394415173,1.0783447940919,"GO"
25.4,7,1.0535386427494,1.03589796790914,1.07147972691419,"GO"
25.4,8,1.04000215232855,1.02398155513931,1.05627339810908,"GO"
25.4,9,1.0208267803302,1.0057762179516,1.03610256122549,"GO"
25.4,10,0.99774694741509,0.981270015093662,1.01450055108543,"GO"
25.4,11,0.972424259545379,0.951909292928232,0.993381352170151,"GO"
25.4,12,0.946399874585981,0.92038984893912,0.97314493814632,"GO"
25.5,0,0.970040494595141,0.943649930379943,0.997169109921427,"GO"
25.5,1,0.991949952359092,0.971488110438412,1.01284276916283,"GO"
25.5,2,1.01297535040688,0.997033307964316,1.02917229779114,"GO"
25.5,3,1.03163586957927,1.01750956610953,1.04595829154889,"GO"
25.5,4,1.04636125614103,1.03136451610126,1.06157605895909,"GO"
25.5,5,1.05553769469674,1.03881102725617,1.07253369062569,"GO"
25.5,6,1.05757686984208,1.03996135635701,1.07549076587132,"GO"
25.5,7,1.05148331875677,1.03451941698482,1.06872539216921,"GO"
25.5,8,1.03833843631522,1.02292999991607,1.05397897062164,"GO"
25.5,9,1.01979376910368,1.0053142657305,1.03448182021669,"GO"
25.5,10,0.997501224803574,0.981638653623298,1.01362012366972,"GO"
25.5,11,0.973045080140141,0.953272783334268,0.993227483819738,"GO"
25.5,12,0.947898213294824,0.922798357188442,0.973680778436884,"GO"
25.6,0,0.972802183363599,0.947302408369046,0.998988369074548,"GO"
25.6,1,0.993636760117407,0.973897768268553,1.01377582249923,"GO"
25.6,2,1.01359686261141,0.998243802202105,1.02918605417767,"GO"
25.6,3,1.03126873949788,1.01768041069752,1.0450385031354,"GO"
25.6,4,1.04515795717114,1.0307375097392,1.05978015267394,"GO"
25.6,5,1.05373155540186,1.03764937324111,1.07006298994952,"GO"
25.6,6,1.05548122077564,1.03854530712126,1.07269331416848,"GO"
25.6,7,1.04946147895473,1.03315119052209,1.06602925681505,"GO"
25.6,8,1.03670445351537,1.0218877029854,1.05173603792153,"GO"
25.6,9,1.01878232706324,1.00485533258675,1.03290234551927,"GO"
25.6,10,0.997266713003802,0.981998853102395,1.01277195357549,"GO"
25.6,11,0.973666509620413,0.954613496540879,0.993099799438884,"GO"
25.6,12,0.94938777517142,0.925170326451494,0.974239144809186,"GO"
25.7,0,0.975490082173689,0.950855253157296,1.00076315218276,"GO"
25.7,1,0.995267180458786,0.976228854805815,1.01467678979374,"GO"
25.7,2,1.01418184828942,0.999399066886547,1.02918329171956,"GO"
25.7,3,1.0308859816049,1.01781810658126,1.04412163646712,"GO"
25.7,4,1.04395892211578,1.03009526380152,1.05800916610674,"GO"
25.7,5,1.05194609943131,1.03648583030044,1.06763697462993,"GO"
25.7,6,1.05341668083539,1.03713617440211,1.06995275148123,"GO"
25.7,7,1.04747356371289,1.03179371954152,1.06339168953744,"GO"
25.7,8,1.0351006398833,1.02085505987218,1.04954501065114,"GO"
25.7,9,1.01779282296015,1.00439969547792,1.03136454056399,"GO"
25.7,10,0.997043638399367,0.982350672788558,1.01195636589809,"GO"
25.7,11,0.974288553115594,0.955931146567789,0.992998489629988,"GO"
25.7,12,0.950868276760872,0.927504993257146,0.974820067086712,"GO"
25.8,0,0.978101851609171,0.954305481746008,1.0024916029728,"GO"
25.8,1,0.996839705095636,0.97847946209814,1.01554446071295,"GO"
25.8,2,1.01472948375127,1.0004980359405,1.02916336484977,"GO"
25.8,3,1.03048728919309,1.01792220144023,1.04320747861287,"GO"
25.8,4,1.04276419868131,1.02943776009205,1.05626315276627,"GO"
25.8,5,1.05018159355315,1.03532067080184,1.06525582898259,"GO"
25.8,6,1.05138363735524,1.03573439480941,1.06726932931655,"GO"
25.8,7,1.04552001192988,1.03044749054123,1.06081300151619,"GO"
25.8,8,1.03352743044153,1.01983251477926,1.04740624955096,"GO"
25.8,9,1.01682562526693,1.00394767643759,1.02986876354782,"GO"
25.8,10,0.996832227552388,0.982694224811437,1.01117363346439,"GO"
25.8,11,0.974911215767327,0.957225519564416,0.992923672847156,"GO"
25.8,12,0.952339433390519,0.929801690016711,0.975423475918046,"GO"
25.9,0,0.980635151716775,0.957650237432227,1.00417173535201,"GO"
25.9,1,0.998352827983155,0.980647777714317,1.01637753308846,"GO"
25.9,2,1.01523894773767,1.00153971139375,1.02912556464601,"GO"
25.9,3,1.03007235678589,1.01799229714853,1.04229576509225,"GO"
25.9,4,1.04157383435208,1.0287650364127,1.05454211020804,"GO"
25.9,5,1.04843830332624,1.03415423018038,1.06291967271639,"GO"
25.9,6,1.04938247614798,1.03434047139547,1.06464323083172,"GO"
25.9,7,1.04360126120781,1.02911305292268,1.05829343948313,"GO"
25.9,8,1.03198525942902,1.01882056724782,1.04532005920893,"GO"
25.9,9,1.01588110226443,1.00349964893589,1.02841532135298,"GO"
25.9,10,0.996632707230199,0.983029681805172,1.01042396939328,"GO"
25.9,11,0.975534502729532,0.958496484447008,0.992875384999255,"GO"
25.9,12,0.953800959195472,0.932059859746003,0.97604918852542,"GO"
26,0,0.983087643613392,0.960886809387364,1.00580141758999,"GO"
26,1,0.999805046124376,0.982732098490527,1.01717460108524,"GO"
26,2,1.01570942171405,1.00252317283543,1.02906911013421,"GO"
26,3,1.02964088018654,1.01802805708014,1.04138617278587,"GO"
26,4,1.04038787639268,1.0280771937616,1.05284597296094,"GO"
26,5,1.04671649316415,1.03298691476589,1.06062855337345,"GO"
26,6,1.04741358164902,1.03295498180354,1.06207456312117,"GO"
26,7,1.04171774802863,1.02779102676969,1.05583317843171,"GO"
26,8,1.03047456045151,1.0178197791823,1.04328668145044,"GO"
26,9,1.01495962213032,1.00305604464396,1.02700446306625,"GO"
26,10,0.996445304432584,0.983357285027773,1.00970751917265,"GO"
26,11,0.976158419168432,0.959744004143893,0.992853568450684,"GO"
26,12,0.955252567144981,0.934279071555825,0.976696893699552,"GO"
26.1,0,0.985456991137364,0.964012652663475,1.00737835618483,"GO"
26.1,1,1.00119486039397,0.984730844668438,1.01793414302647,"GO"
26.1,2,1.01614009017056,1.00344758726071,1.02899313921373,"GO"
26.1,3,1.02919255652805,1.01802921377923,1.04047831248432,"GO"
26.1,4,1.03920637185024,1.02737440382751,1.05117460515929,"GO"
26.1,5,1.04501642639961,1.0318192098426,1.05838243853941,"GO"
26.1,6,1.04547733706153,1.03157858661647,1.05956334930753,"GO"
26.1,7,1.03986990793279,1.02648211083455,1.0534323141248,"GO"
26.1,8,1.02899576663387,1.01683078212081,1.04130628848785,"GO"
26.1,9,1.01406155302906,1.00261736050054,1.02563637320058,"GO"
26.1,10,0.996270246419548,0.983677352839653,1.00902435238098,"GO"
26.1,11,0.976782970262587,0.960968147249314,0.992858060619431,"GO"
26.1,12,0.956693969069608,0.936459036618959,0.97736613633275,"GO"
26.2,0,0.987740862543076,0.967025408160551,1.00890007987811,"GO"
26.2,1,1.00252077638043,0.986642574102107,1.01865450919657,"GO"
26.2,2,1.01653014092794,1.00431221910741,1.02889669940823,"GO"
26.2,3,1.02872708432399,1.01799557684771,1.03957172122375,"GO"
26.2,4,1.03802936755672,1.02665691662025,1.04952779304049,"GO"
26.2,5,1.04333836534984,1.03065168774923,1.05618120801616,"GO"
26.2,6,1.0435741245033,1.0302120376993,1.05710952064287,"GO"
26.2,7,1.03805817569981,1.02518709053975,1.05109085559193,"GO"
26.2,8,1.02754931077454,1.01585428459157,1.0393789759894,"GO"
26.2,9,1.01318726320336,1.00218416593887,1.02431116476064,"GO"
26.2,10,0.996107760739633,0.983990289364173,1.00837445423052,"GO"
26.2,11,0.977408161202919,0.96216909981687,0.992888582441381,"GO"
26.2,12,0.958124875689238,0.938599624227392,0.978056301876502,"GO"
26.3,0,0.989936932237961,0.969922921984077,1.01036392438696,"GO"
26.3,1,1.00378130524632,0.988465996130918,1.01933391002411,"GO"
26.3,2,1.01687876544877,1.00511644021783,1.02877873870665,"GO"
26.3,3,1.02824416352013,1.01792704085374,1.03866585460432,"GO"
26.3,4,1.03685691013127,1.02592506803049,1.04790523751488,"GO"
26.3,5,1.04168257138241,1.0294850157794,1.05402464619687,"GO"
26.3,6,1.04170432515508,1.02885618628148,1.05471290887482,"GO"
26.3,7,1.03628298553111,1.02390684575828,1.04880871785359,"GO"
26.3,8,1.02613562550212,1.0148910793534,1.03750475626948,"GO"
26.3,9,1.01233712106707,1.00175711009011,1.02302887233631,"GO"
26.3,10,0.995958075258785,0.984296593100894,1.00775771716148,"GO"
26.3,11,0.97803399719275,0.963347176952371,0.992944727041144,"GO"
26.3,12,0.959544996641902,0.940700877458945,0.978766601204421,"GO"
26.4,0,0.992042882560904,0.972703263529746,1.0117670185134,"GO"
26.4,1,1.00497496460611,0.990199984641746,1.01997040512019,"GO"
26.4,2,1.01718515915436,1.00585973940112,1.02863809681846,"GO"
26.4,3,1.02774349554682,1.01782359301516,1.03776007933731,"GO"
26.4,4,1.03568904598256,1.02517928706656,1.04630654706023,"GO"
26.4,5,1.04004930498196,1.02831996359749,1.05191243492855,"GO"
26.4,6,1.03986831941062,1.02751199047984,1.05237323917641,"GO"
26.4,7,1.03454477123489,1.0226423580927,1.04658571515226,"GO"
26.4,8,1.02475514343398,1.01394205027809,1.03568355184242,"GO"
26.4,9,1.01151149529965,1.00133692873764,1.0217894454499,"GO"
26.4,10,0.995821418189762,0.98459686521084,1.00717393276802,"GO"
26.4,11,0.978660483447824,0.964502833798615,0.993025949016869,"GO"
26.4,12,0.960954040513448,0.942763027885983,0.979496056447815,"GO"
26.5,0,0.994056405600996,0.975364741563611,1.01310627235947,"GO"
26.5,1,1.00610027942119,0.991843589784352,1.02056189370692,"GO"
26.5,2,1.01744852174684,1.00654173121937,1.02847349721978,"GO"
26.5,3,1.02722478337224,1.01768532036652,1.03685366631221,"GO"
26.5,4,1.0345258213112,1.0244201024753,1.04473123123373,"GO"
26.5,5,1.03843882581756,1.0271574098475,1.04984414718427,"GO"
26.5,6,1.03806648702827,1.02618052192841,1.05009012397371,"GO"
26.5,7,1.03284396641328,1.02139471733912,1.04442155500411,"GO"
26.5,8,1.02340829733717,1.01300817859762,1.03391518961723,"GO"
26.5,9,1.01071075494209,1.00092445075846,1.0205927424208,"GO"
26.5,10,0.995698018122106,0.984891817147561,1.00662278438217,"GO"
26.5,11,0.979287625196346,0.965636675448826,0.993131554802384,"GO"
26.5,12,0.962351714868033,0.944786508691063,0.980243488439013,"GO"
26.6,0,0.995975205055433,0.977905917533729,1.01437836840884,"GO"
26.6,1,1.00715578291166,0.99339604776925,1.02110610700559,"GO"
26.6,2,1.01766805753661,1.0071621635815,1.02828354040578,"GO"
26.6,3,1.02668773155635,1.01751241608099,1.0359457845126,"GO"
26.6,4,1.03336728211205,1.02364814842371,1.04317869512488,"GO"
26.6,5,1.03685139281072,1.02599834760876,1.04781924189168,"GO"
26.6,6,1.03629920728421,1.02486297116065,1.04786305802586,"GO"
26.6,7,1.03118100465162,1.02016512680141,1.04231583340656,"GO"
26.6,8,1.02209552029138,1.01209054821499,1.03219939603447,"GO"
26.6,9,1.00993526949433,1.00052060375892,1.01943852504047,"GO"
26.6,10,0.995588104052666,0.985182277273933,1.00610384067595,"GO"
26.6,11,0.979915427679006,0.966749465289522,0.993260694605876,"GO"
26.6,12,0.963737726279453,0.946771965516547,0.981007506435357,"GO"
26.7,0,0.997796998125305,0.980325615365252,1.01557975621899,"GO"
26.7,1,1.0081400174843,0.994856788176488,1.02160060315429,"GO"
26.7,2,1.01784297577473,1.00772092371175,1.02806669878207,"GO"
26.7,3,1.02613204630567,1.0173051845962,1.03503549613129,"GO"
26.7,4,1.03221347417672,1.02286416890361,1.04164823508681,"GO"
26.7,5,1.03528726420425,1.02484388834726,1.04583706026878,"GO"
26.7,6,1.03456685912737,1.02356065138927,1.04569141511246,"GO"
26.7,7,1.02955631971003,1.01895490711863,1.04026803153857,"GO"
26.7,8,1.02081724585415,1.01119034976869,1.03053579345534,"GO"
26.7,9,1.00918540901434,1.00012641859653,1.01832645436627,"GO"
26.7,10,0.99549190541668,0.98546919608879,1.00561655065761,"GO"
26.7,11,0.980543896149018,0.967842131266103,0.993412356431865,"GO"
26.7,12,0.965111780363318,0.9487202643784,0.981786500793605,"GO"
26.8,0,0.999519517447904,0.982622927063821,1.01670665139528,"GO"
26.8,1,1.00905153567617,0.996225438244832,1.02204276518404,"GO"
26.8,2,1.01797249099043,1.00821804207094,1.02782131361655,"GO"
26.8,3,1.02555743552871,1.01706404519181,1.03412175323715,"GO"
26.8,4,1.03106444309597,1.02206902052841,1.04013903607722,"GO"
26.8,5,1.03374669763174,1.02369526403067,1.04389682399908,"GO"
26.8,6,1.03286982133605,1.02227500035406,1.04357444665798,"GO"
26.8,7,1.02797034571722,1.01776549829001,1.03827751426967,"GO"
26.8,8,1.01957390822836,1.0103088831521,1.02892389810211,"GO"
26.8,9,1.0084615442186,0.999743032482497,1.01725608793934,"GO"
26.8,10,0.995409652119427,0.985753649695641,1.00516024042969,"GO"
26.8,11,0.981173035872147,0.968915769592636,0.993585362665031,"GO"
26.8,12,0.966473581810059,0.950632496027353,0.982578639211475,"GO"
26.9,0,1.00114051306408,0.984797213585543,1.01775503938421,"GO"
26.9,1,1.00988890111346,0.997501823697923,1.02242980249528,"GO"
26.9,2,1.01805582333329,1.00865369385328,1.02754559442835,"GO"
26.9,3,1.02496360889229,1.01678953369121,1.03320339632111,"GO"
26.9,4,1.02992023426216,1.02126367342315,1.03865017090754,"GO"
26.9,5,1.03222995018774,1.02255382712132,1.04199763553197,"GO"
26.9,6,1.03120847267618,1.02100757996053,1.04151128257073,"GO"
26.9,7,1.02642351736665,1.01659845962905,1.03634353074641,"GO"
26.9,8,1.0183659424319,1.00944755822341,1.02736311981417,"GO"
26.9,9,1.00776404658425,0.999371690385494,1.01622687870627,"GO"
26.9,10,0.995341574568444,0.986036841182331,1.00473411204034,"GO"
26.9,11,0.981802852126742,0.969971645495856,0.993778369625882,"GO"
26.9,12,0.967822834418781,0.95250997624787,0.983381867045824,"GO"
27,0,1.0026577544191,0.986848100622533,1.01872068443215,"GO"
27,1,1.01065068948475,0.998685965796725,1.02275875614327,"GO"
27,2,1.01809219892015,1.00902819776225,1.02723762110987,"GO"
27,3,1.02435027787843,1.01648230201274,1.03227915499552,"GO"
27,4,1.02878089287171,1.0204492099687,1.03718060163952,"GO"
27,5,1.03073727849878,1.02142104823593,1.04013848071953,"GO"
27,6,1.02958319206132,1.01976007351309,1.03950093449268,"GO"
27,7,1.02491627011502,1.01545546745197,1.03446521725106,"GO"
27,8,1.01719378446973,1.00860789350064,1.0258527638255,"GO"
27,9,1.00709328845283,0.999013744507115,1.01523817587428,"GO"
27,10,0.995287903706317,0.986320099647563,1.00433724469174,"GO"
27,11,0.98243335020377,0.971011190692755,0.993989870398931,"GO"
27,12,0.969159241131964,0.954354241745412,0.984193912056869,"GO"
27.1,0,1.00406903239532,0.988775469189877,1.01959914381904,"GO"
27.1,1,1.01133548952821,0.999778074479321,1.02302650806973,"GO"
27.1,2,1.01808085018652,1.00934201188336,1.02689534896352,"GO"
27.1,3,1.02371715584201,1.01614311537878,1.0313476510389,"GO"
27.1,4,1.02764646392763,1.0196268212465,1.03572918328289,"GO"
27.1,5,1.02926893879499,1.02029851136015,1.03831823390185,"GO"
27.1,6,1.02799435871452,1.01853428045118,1.03754230155195,"GO"
27.1,7,1.02344904038315,1.01433831040309,1.0326416024304,"GO"
27.1,8,1.01605787150826,1.00779151271794,1.02439203468747,"GO"
27.1,9,1.0064496431356,0.998670651673573,1.01428922785534,"GO"
27.1,10,0.99524887104405,0.986604876706245,1.00396859847407,"GO"
27.1,11,0.983064535406845,0.972035997446647,0.994218201088504,"GO"
27.1,12,0.970482504070999,0.95616704147693,0.985012293723409,"GO"
27.2,0,1.00537216137491,0.990579441164529,1.02038578721096,"GO"
27.2,1,1.01194190403204,1.00077853764733,1.02322979421932,"GO"
27.2,2,1.01802101624228,1.00959572661287,1.0265166166936,"GO"
27.2,3,1.02306395806914,1.0157728470977,1.03040740387051,"GO"
27.2,4,1.02651699224203,1.01879780113784,1.03429466984005,"GO"
27.2,5,1.02782518698254,1.01918790662475,1.03653566543412,"GO"
27.2,6,1.0264423523318,1.01733210861982,1.03563417858677,"GO"
27.2,7,1.02202226575936,1.01324888243417,1.03087161487767,"GO"
27.2,8,1.0149586420521,1.00700013921949,1.02298004236095,"GO"
27.2,9,1.0058334850205,0.998343968582881,1.01337918736021,"GO"
27.2,10,0.995224708695014,0.986892740425284,1.00362702067324,"GO"
27.2,11,0.983696413052267,0.973047809218387,0.994461550485562,"GO"
27.2,12,0.971792324572583,0.957950323513073,0.985834337040439,"GO"
27.3,0,1.00656498133086,0.992260360195274,1.02107582070718,"GO"
27.3,1,1.01246855084743,1.00168790686566,1.02336522127204,"GO"
27.3,2,1.0179119432316,1.009790054758,1.02609915723705,"GO"
27.3,3,1.02239040183618,1.01537247095895,1.02945683841471,"GO"
27.3,4,1.02539252243861,1.0179635381526,1.0328757226228,"GO"
27.3,5,1.02640627871679,1.01809102077809,1.03478945152084,"GO"
27.3,6,1.02492755324758,1.01615556423592,1.03377526667973,"GO"
27.3,7,1.0206363852053,1.01218917357772,1.02915409292802,"GO"
27.3,8,1.01389653612325,1.00623558827779,1.02161581039104,"GO"
27.3,9,1.00524518968076,0.998035344954847,1.01250711859511,"GO"
27.3,10,0.995215649409488,0.98718536677548,1.00331125456686,"GO"
27.3,11,0.98432898846905,0.974048508112733,0.994717972945516,"GO"
27.3,12,0.97308840322595,0.959706217762479,0.986657190468657,"GO"
27.4,0,1.0076453599441,0.993818768649401,1.02166431490998,"GO"
27.4,1,1.01291406391333,1.00250687993883,1.02342928652622,"GO"
27.4,2,1.01775288469681,1.00992581908214,1.02564061115902,"GO"
27.4,3,1.02169620646936,1.01494305141249,1.02849429518351,"GO"
27.4,4,1.02427309895526,1.01712550518662,1.03147092064211,"GO"
27.4,5,1.02501246947621,1.01700972561579,1.03307818609655,"GO"
27.4,6,1.02345034260195,1.01500673983759,1.0319641857153,"GO"
27.4,7,1.01929183926433,1.01116125877408,1.02748779640794,"GO"
27.4,8,1.01287199544278,1.00549975753506,1.02029828596598,"GO"
27.4,9,1.00468513398522,0.997746514743955,1.01167200640128,"GO"
27.4,10,0.99522192660979,0.987484528821644,1.00301995048653,"GO"
27.4,11,0.984962266998958,0.975040099497555,0.994985404099432,"GO"
27.4,12,0.974370439910955,0.961437015115404,0.987477847478453,"GO"
27.5,0,1.00861119474496,0.995255381461857,1.02214623614557,"GO"
27.5,1,1.01327709429226,1.0032362809929,1.02341840030069,"GO"
27.5,2,1.01754310194607,1.01000393771115,1.02513854219661,"GO"
27.5,3,1.02098109340518,1.0144857318289,1.027518042281,"GO"
27.5,4,1.0231587660466,1.01628524752169,1.03007877275683,"GO"
27.5,5,1.02364401463699,1.01594596473982,1.03140039438071,"GO"
27.5,6,1.02201110250972,1.01388780061323,1.0301994885641,"GO"
27.5,7,1.01798907027254,1.01016728511736,1.02587141997373,"GO"
27.5,8,1.01188546361503,1.00479461586864,1.01902635155965,"GO"
27.5,9,1.00415369621032,0.997479285681656,1.01087276707084,"GO"
27.5,10,0.995243774426001,0.987792083998598,1.00275167879875,"GO"
27.5,11,0.985596253996538,0.976024694327582,0.995261678866886,"GO"
27.5,12,0.97563813383701,0.963145143753005,0.988293170941914,"GO"
27.6,0,1.00946041527655,0.996571057887136,1.0225164798291,"GO"
27.6,1,1.01355631121639,1.00387703881076,1.02332891010591,"GO"
27.6,2,1.01728186442466,1.01002540792996,1.02459045442061,"GO"
27.6,3,1.02024478625126,1.01400172124256,1.02652628892716,"GO"
27.6,4,1.02204956778659,1.0154443694766,1.02869773117279,"GO"
27.6,5,1.02230116954854,1.0149017391057,1.02975454764835,"GO"
27.6,6,1.02061021623158,1.0128009695886,1.02847967641597,"GO"
27.6,7,1.01672852257243,1.0092094579662,1.02430360759355,"GO"
27.6,8,1.01093738631436,1.00412219106368,1.01779883777442,"GO"
27.6,9,1.00365125615385,0.997235527504377,1.0101082604829,"GO"
27.6,10,0.995281427732306,0.988109959922567,1.00250494435506,"GO"
27.6,11,0.986230954829156,0.977004489819487,0.99554455112375,"GO"
27.6,12,0.976891183582855,0.964833143501375,0.989099919493543,"GO"
27.7,0,1.01019098527798,0.99776677221231,1.02276990490894,"GO"
27.7,1,1.01375040314299,1.00443016422947,1.02315712577284,"GO"
27.7,2,1.01696845008965,1.00999128897126,1.02399381041313,"GO"
27.7,3,1.01948701084794,1.01349228005599,1.02551720002272,"GO"
27.7,4,1.02094554807112,1.01460452018213,1.02732620581972,"GO"
27.7,5,1.02098418960962,1.01387909186901,1.02813907870535,"GO"
27.7,6,1.01924806834706,1.0117485121977,1.02680321473625,"GO"
27.7,7,1.0155106427293,1.00829002641346,1.02278296767918,"GO"
27.7,8,1.0100282114746,1.00348455673164,1.01661453694638,"GO"
27.7,9,1.00317819525038,0.99701715928759,1.0093773031398,"GO"
27.7,10,0.995335122183929,0.988440139255761,1.00227820189378,"GO"
27.7,11,0.986866374877029,0.977981749190357,0.995831714312865,"GO"
27.7,12,0.978129287137192,0.966503639174328,0.98989477491553,"GO"
27.8,0,1.01080090488493,0.998843584469658,1.02290136834456,"GO"
27.8,1,1.01385807881851,1.00489672740783,1.02289934472877,"GO"
27.8,2,1.0166021457878,1.009902684423,1.02334604983333,"GO"
27.8,3,1.01870749533036,1.0129587052223,1.02448891123801,"GO"
27.8,4,1.01984675062066,1.01376737898099,1.02596257910467,"GO"
27.8,5,1.01969333034539,1.01288009305663,1.02655239754301,"GO"
27.8,6,1.01792504492963,1.01073272077112,1.02516854931189,"GO"
27.8,7,1.01433587975046,1.0074112686206,1.0213080883619,"GO"
27.8,8,1.00915838948109,1.00288381893537,1.01547221705218,"GO"
27.8,9,1.00273489668862,0.996826136338813,1.00867868165065,"GO"
27.8,10,0.995405094254696,0.988784644170365,1.00206987184712,"GO"
27.8,11,0.987502519533259,0.978958781182475,0.99612082227471,"GO"
27.8,12,0.979352141940154,0.968159313842725,0.990674369609561,"GO"
27.9,0,1.01128821284535,0.999802612096609,1.02290575866302,"GO"
27.9,1,1.01387806835029,1.00527783571465,1.02255187666696,"GO"
27.9,2,1.0161822476364,1.00976072485957,1.02264460776584,"GO"
27.9,3,1.01790597019119,1.01240231542149,1.02343954410998,"GO"
27.9,4,1.01875321898288,1.01293464094479,1.02460522055001,"GO"
27.9,5,1.01842884748511,1.01190682456511,1.02499290666965,"GO"
27.9,6,1.01664153372379,1.00975589944638,1.02357412188325,"GO"
27.9,7,1.01320468530732,1.00657547749905,1.01987755243091,"GO"
27.9,8,1.00832837336557,1.00232210297067,1.01437063546807,"GO"
27.9,9,1.00232174553045,0.996664437100986,1.008011166211,"GO"
27.9,10,0.995491581275214,0.989145520945783,1.00187835602012,"GO"
27.9,11,0.988139394203873,0.979937920055704,0.996409509616785,"GO"
27.9,12,0.980559444925623,0.969802882895948,0.991435313289336,"GO"
28,0,1.01165098874742,1.00064500334311,1.02277802778644,"GO"
28,1,1.01380912428498,1.00557461288184,1.02211106696291,"GO"
28,2,1.01570806140694,1.00956655123664,1.02188693231103,"GO"
28,3,1.01708216834381,1.01182443670666,1.02236722067115,"GO"
28,4,1.01766499653533,1.01210800295563,1.02325250086838,"GO"
28,5,1.01719099704079,1.01096136593107,1.02345901567458,"GO"
28,6,1.01539792432429,1.00882034994206,1.02201838491987,"GO"
28,7,1.01211751396037,1.00578494716407,1.0184899515087,"GO"
28,8,1.00753861900381,1.00180154071195,1.01330855217359,"GO"
28,9,1.00193912883185,0.996534050483949,1.00737352366115,"GO"
28,10,0.995594821471682,0.989524825182787,1.00170205265758,"GO"
28,11,0.988777004307852,0.980921506641947,0.996695411027296,"GO"
28,12,0.981750892564399,0.971437069634483,0.992174218154605,"GO"
28.1,0,1.01188735525741,1.00137191303947,1.02251322050958,"GO"
28.1,1,1.01365002269281,1.00578817992618,1.02157331833085,"GO"
28.1,2,1.01517890291122,1.00932129949133,1.02107050097468,"GO"
28.1,3,1.01623582518612,1.01122638902471,1.02127007720572,"GO"
28.1,4,1.01658212648813,1.0112891507269,1.0219028051001,"GO"
28.1,5,1.01598003538657,1.01004578123413,1.02194915466394,"GO"
28.1,6,1.01419460835752,1.00792835854896,1.02049981518751,"GO"
28.1,7,1.01107482338724,1.00504196050558,1.01714389911969,"GO"
28.1,8,1.00678958531615,1.0013242588618,1.01228474206072,"GO"
28.1,9,1.00158743576579,0.996436963980088,1.00676452976702,"GO"
28.1,10,0.995715054005336,0.989924608037182,1.0015393704968,"GO"
28.1,11,0.989415355277173,0.981911870935124,0.996976179059692,"GO"
28.1,12,0.9829261809082,0.973064582966911,0.992887721973161,"GO"
28.2,0,1.01199548036465,1.00198448112856,1.02210650121544,"GO"
28.2,1,1.01339956425658,1.00591963818113,1.02093511037559,"GO"
28.2,2,1.01459409838986,1.00902608666747,1.02019283553645,"GO"
28.2,3,1.01536667866479,1.01060947391919,1.02014627682504,"GO"
28.2,4,1.01550465188664,1.0104797470419,1.02055454453423,"GO"
28.2,5,1.01479621933892,1.00916210738939,1.02046178631161,"GO"
28.2,6,1.0130319796651,1.00708218458491,1.01901692586011,"GO"
28.2,7,1.01007707461384,1.00434877812003,1.01583804240814,"GO"
28.2,8,1.00608173447098,1.0008923683561,1.01129800609691,"GO"
28.2,9,1.00126705774687,0.996375152836855,1.00618298045136,"GO"
28.2,10,0.995852519012538,0.990346903771807,1.00138874150722,"GO"
28.2,11,0.990054452556838,0.982911316546859,0.997249500057912,"GO"
28.2,12,0.984085005634514,0.974688097595642,0.9935725086862,"GO"
28.3,0,1.01197357963068,1.00248381414835,1.02155317763464,"GO"
28.3,1,1.01305657536451,1.00597005460838,1.02019301686749,"GO"
28.3,2,1.01395298490279,1.00868199874964,1.01925151521262,"GO"
28.3,3,1.01447446934,1.00997496360955,1.01899402066816,"GO"
28.3,4,1.01443261561424,1.00968142137896,1.01920616724481,"GO"
28.3,5,1.01363980623773,1.00831234397045,1.01899541638436,"GO"
28.3,6,1.01191043448976,1.00628405044162,1.01756827704848,"GO"
28.3,7,1.00912473224865,1.00370762873592,1.01457107237334,"GO"
28.3,8,1.00541553209123,1.00050795507517,1.01034718119193,"GO"
28.3,9,1.00097838855806,0.99635057045965,1.00562770180184,"GO"
28.3,10,0.996007457645519,0.990793718806997,1.00124863213705,"GO"
28.3,11,0.990694301604915,0.983922107202685,0.997513108047556,"GO"
28.3,12,0.985227062092281,0.976310236876131,0.994225326352017,"GO"
28.4,0,1.01181991843985,1.00287096962978,1.02084872167511,"GO"
28.4,1,1.01261990920572,1.00594044938144,1.01934372074443,"GO"
28.4,2,1.01325491072156,1.00829008024456,1.01824418807368,"GO"
28.4,3,1.01355894045065,1.00932409151442,1.01781155765939,"GO"
28.4,4,1.01336606039498,1.00889576096926,1.01785616719598,"GO"
28.4,5,1.01251105402822,1.00749844457832,1.01754860272605,"GO"
28.4,6,1.0108303716635,1.00553613322547,1.01615248474444,"GO"
28.4,7,1.00821826472033,1.00312070114382,1.01334173261163,"GO"
28.4,8,1.00479144746398,1.00017307189821,1.00943114873173,"GO"
28.4,9,1.00072182447937,0.996365140106702,1.00509755879464,"GO"
28.4,10,0.996180112113774,0.991267022320203,1.00111755301636,"GO"
28.4,11,0.991334907892575,0.984946455291065,0.997764796580709,"GO"
28.4,12,0.986352045348416,0.977933558329494,0.99484300244783,"GO"
28.5,0,1.01153281424825,1.00314694314155,1.01998878758145,"GO"
28.5,1,1.01208844686744,1.00583178554652,1.01838402703288,"GO"
28.5,2,1.01249923572329,1.00785132539155,1.01716858083406,"GO"
28.5,3,1.01261983798003,1.00865804414544,1.01659719289647,"GO"
28.5,4,1.01230502879642,1.00812430319688,1.01650309200649,"GO"
28.5,5,1.01141022134377,1.00672230963179,1.0161199628255,"GO"
28.5,6,1.00979219279823,1.00484055785287,1.01476822831982,"GO"
28.5,7,1.00735814451866,1.00259013750609,1.01214882669032,"GO"
28.5,8,1.00420995375318,0.999889732010149,1.00854884187042,"GO"
28.5,9,1.00049776441854,0.996420747810078,1.0045914627997,"GO"
28.5,10,0.996370725726129,0.991768738302369,1.00099406720899,"GO"
28.5,11,0.991976276904124,0.985986512303265,0.998002428696415,"GO"
28.5,12,0.987459650235166,0.979560541571354,0.995422456766578,"GO"
28.6,0,1.01111063882799,1.00331265743654,1.01896922796053,"GO"
28.6,1,1.01146109843268,1.00564496034241,1.01731087410243,"GO"
28.6,2,1.01168533178576,1.0073666706953,1.01602250732002,"GO"
28.6,3,1.0116569107219,1.0079779541257,1.01534929491497,"GO"
28.6,4,1.01124956323235,1.00736852908129,1.0151455496334,"GO"
28.6,5,1.01033756758955,1.00598578028178,1.01470818026557,"GO"
28.6,6,1.00879630247874,1.00419939128584,1.01341425689542,"GO"
28.6,7,1.00654484843898,1.00211802775144,1.0109912244492,"GO"
28.6,8,1.00367152821571,0.999659903208931,1.00769925183277,"GO"
28.6,9,1.00030661004378,0.996519236297968,1.00410837809266,"GO"
28.6,10,0.99657954293348,0.992300738804693,1.00087679728009,"GO"
28.6,11,0.992618414137045,0.987044360793656,0.998223945367254,"GO"
28.6,12,0.988549571398291,0.981193578160462,0.995960712404838,"GO"
28.7,0,1.01055182050369,1.00336895274857,1.01778610861525,"GO"
28.7,1,1.01073680407737,1.0053807974382,1.01612134399188,"GO"
28.7,2,1.01081258318365,1.00683698820471,1.01480387619079,"GO"
28.7,3,1.01066991034691,1.00728489383807,1.01406630232345,"GO"
28.7,4,1.0101997059656,1.00662985733442,1.0137822144828,"GO"
28.7,5,1.0092933530271,1.00529063289461,1.01331201060886,"GO"
28.7,6,1.0078431084583,1.00361463733092,1.01208939515692,"GO"
28.7,7,1.00577885783013,1.00170640450492,1.00986786777911,"GO"
28.7,8,1.0031766524207,0.999485502721259,1.00688143371967,"GO"
28.7,9,1.00014876591871,0.996662399459761,1.00364732783229,"GO"
28.7,10,0.99680680937222,0.992864837857751,1.00076443169718,"GO"
28.7,11,0.993261325102033,0.988122007188453,0.998427373104028,"GO"
28.7,12,0.989621503346075,0.982834962492771,0.996454905715819,"GO"
28.8,0,1.00985708724947,1.00331827642147,1.01643851271735,"GO"
28.8,1,1.00991605232358,1.00504116191273,1.01481458809087,"GO"
28.8,2,1.00988121490348,1.00626362497447,1.01351181032784,"GO"
28.8,3,1.00965879941877,1.00657984552393,1.01274717130179,"GO"
28.8,4,1.00915519130169,1.00590908625713,1.01241177164477,"GO"
28.8,5,1.00827715442245,1.00463761231378,1.01192988165041,"GO"
28.8,6,1.00693213459608,1.0030870516063,1.01079195674851,"GO"
28.8,7,1.00505976519201,1.00135606577743,1.00877716341946,"GO"
28.8,8,1.00272508480538,0.999367417723318,1.00609403295188,"GO"
28.8,9,1.00002421458016,0.9968513225889,1.00320720561363,"GO"
28.8,10,0.99705275044439,0.993462496378499,1.00065597925699,"GO"
28.8,11,0.993905463158147,0.989221456147346,0.998611649147722,"GO"
28.8,12,0.990676088559552,0.984487331502347,0.996903749838973,"GO"
28.9,0,1.00903725924213,1.00317051352346,1.01493831488605,"GO"
28.9,1,1.00900615438613,1.00463279916928,1.01339854763943,"GO"
28.9,2,1.00889517016123,1.00565024735652,1.01215056332979,"GO"
28.9,3,1.00862447403077,1.00586356916001,1.01139295706217,"GO"
28.9,4,1.00811437604834,1.00520442307429,1.01103275300672,"GO"
28.9,5,1.00728548663436,1.00402303551733,1.01055853869072,"GO"
28.9,6,1.00605893684452,1.00261198219288,1.00951774203913,"GO"
28.9,7,1.00438316652259,1.0010624417166,1.00771490683849,"GO"
28.9,8,1.00231332863823,0.999302061910147,1.00533366942674,"GO"
28.9,9,0.999931036341328,0.99708405251578,1.00278614918758,"GO"
28.9,10,0.99731749654579,0.99409375912715,1.00055168819256,"GO"
28.9,11,0.994553291987753,0.990344928748844,0.998779538209283,"GO"
28.9,12,0.991718228482761,0.98615515046115,0.997312688824954,"GO"
29,0,1.00810598122191,1.00293736872191,1.01330123003641,"GO"
29,1,1.00801632279687,1.00416360382257,1.01188382366869,"GO"
29,2,1.00785942446419,1.00500099272079,1.01072598618168,"GO"
29,3,1.00756808918167,1.00513660641971,1.01000545383908,"GO"
29,4,1.00707523798872,1.00451319835192,1.00964381218088,"GO"
29,5,1.00631402192358,1.00344182431144,1.00919444075884,"GO"
29,6,1.00521797830607,1.00218310433621,1.00826204267234,"GO"
29,7,1.00374355425185,1.00081930321185,1.00667634953567,"GO"
29,8,1.00193698465053,0.999284445229984,1.00459656507468,"GO"
29,9,0.999866781522027,0.997357632599018,1.00238224295332,"GO"
29,10,0.997601152282605,0.994758104090058,1.00045232599129,"GO"
29,11,0.995207844923671,0.991494503292326,0.998935093748677,"GO"
29,12,0.992754039260443,0.987843153746167,0.997689338363499,"GO"
29.1,0,1.00707688883667,1.0026302534626,1.01154324490646,"GO"
29.1,1,1.00695575544833,1.0036412285947,1.01028122853251,"GO"
29.1,2,1.00677894142553,1.00431980053535,1.00924410367854,"GO"
29.1,3,1.00649079684089,1.00439932681967,1.00858662194952,"GO"
29.1,4,1.00603576321227,1.00383257682522,1.00824378509716,"GO"
29.1,5,1.00535845035168,1.00288873036375,1.00783425228732,"GO"
29.1,6,1.00440374371046,1.0017939192549,1.00702036715288,"GO"
29.1,7,1.00313543909147,1.00062024937138,1.00565695106951,"GO"
29.1,8,1.00159166414525,0.99930941088848,1.0038791296815,"GO"
29.1,9,0.999829003700427,0.997668937322847,1.00199374686665,"GO"
29.1,10,0.997903823433884,0.995454821190924,1.00035885067352,"GO"
29.1,11,0.995872163393385,0.992672034543842,0.999082608665975,"GO"
29.1,12,0.993789663030571,0.9895558106534,0.998041630107044,"GO"
29.2,0,1.00596359450771,1.00226032815322,1.00968054411525,"GO"
29.2,1,1.00583362871206,1.00307311999259,1.00860173449324,"GO"
29.2,2,1.00565867042282,1.00361044275629,1.00771107823376,"GO"
29.2,3,1.00539374569736,1.00365195565676,1.00713855853141,"GO"
29.2,4,1.00499394612024,1.00315958550072,1.0068316610205,"GO"
29.2,5,1.00441447905524,1.0023583640709,1.00647481170163,"GO"
29.2,6,1.0036107378633,1.0014377827643,1.00578840791708,"GO"
29.2,7,1.00255334822892,1.00045873458533,1.0046523472671,"GO"
29.2,8,1.00127298759324,0.999371660539154,1.00317793196479,"GO"
29.2,9,0.999815259062246,0.99801469730403,1.00161906929231,"GO"
29.2,10,0.998225616971438,0.996183041086132,1.00027238095881,"GO"
29.2,11,0.996549297142877,0.993879190422543,0.999226577239983,"GO"
29.2,12,0.994831267664388,0.991297372324717,0.998377761056492,"GO"
29.3,0,1.00477967526008,1.00183853869427,1.0077294462355,"GO"
29.3,1,1.00465909148197,1.00246654910467,1.00685642927323,"GO"
29.3,2,1.00450354454995,1.00287655005037,1.00613317856793,"GO"
29.3,3,1.00427808093416,1.00289459814862,1.00566347221997,"GO"
29.3,4,1.00394778945237,1.00249113791619,1.0054065575496,"GO"
29.3,5,1.00347783166175,1.00184521941959,1.00511310441742,"GO"
29.3,6,1.00283348434156,1.00110792987432,1.00456201305177,"GO"
29.3,7,1.00199182376623,1.00032809175327,1.00365832287554,"GO"
29.3,8,1.00097658337694,0.999465775907767,1.00248967460536,"GO"
29.3,9,0.999823105783821,0.998391520780901,1.00125674352415,"GO"
29.3,10,0.998566641078626,0.996941759917107,1.00019417057819,"GO"
29.3,11,0.997242304581252,0.995117483610809,0.999371662567907,"GO"
29.3,12,0.995885046946421,0.993071912384729,0.998706150443659,"GO"
29.4,0,1.00353866237816,1.00137564832991,1.00570634862886,"GO"
29.4,1,1.00344126004755,1.00182863829499,1.00505647760224,"GO"
29.4,2,1.00331847881035,1.0021216344704,1.004516752554,"GO"
29.4,3,1.00314494401605,1.00212726034074,1.00416366117294,"GO"
29.4,4,1.00289530435342,1.00182405519378,1.00396769899839,"GO"
29.4,5,1.00254424788803,1.00134369558541,1.00374623958237,"GO"
29.4,6,1.00206652448892,1.0007974961572,1.00333716197026,"GO"
29.4,7,1.00144542145669,1.00022155242957,1.00267078800744,"GO"
29.4,8,1.00069808672549,0.999586237499807,1.00181117267158,"GO"
29.4,9,0.999850103475076,0.998795912153971,1.00090540745526,"GO"
29.4,10,0.998927005169356,0.997729860639954,1.00012558611465,"GO"
29.4,11,0.997954253219059,0.996388298879859,0.999522668660016,"GO"
29.4,12,0.996957221138914,0.994883362296765,0.999035402990834,"GO"
29.5,0,1.00225403288146,1.00088226578751,1.00362768006163,"GO"
29.5,1,1.00218921379368,1.00116638455941,1.00321308798877,"GO"
29.5,2,1.0021083685506,1.00134910918077,1.00286820361853,"GO"
29.5,3,1.00199547248993,1.00134986729946,1.00264149392459,"GO"
29.5,4,1.00183451047916,1.00115508443629,1.00251439760919,"GO"
29.5,5,1.00160948332012,1.00084811588654,1.00237142994284,"GO"
29.5,6,1.00130441670894,1.0004995365337,1.00210994439283,"GO"
29.5,7,1.0009087097382,1.00013226450059,1.00168575776329,"GO"
29.5,8,1.00043313884059,0.999727440928837,1.00113933489766,"GO"
29.5,9,0.999893812682241,0.999224288067864,1.00056378590782,"GO"
29.5,10,0.999306819907313,0.998546131485133,1.00006808781887,"GO"
29.5,11,0.998688220200811,0.997692916850446,0.999684516470683,"GO"
29.5,12,0.998054037933555,0.996735542368646,0.999374277622639,"GO"
29.6,0,1.00093920281201,1.00036887056568,1.00150986021727,"GO"
29.6,1,1.00091199172288,1.00048668022311,1.00133748402453,"GO"
29.6,2,1.00087808813295,1.00056230576854,1.00119397015983,"GO"
29.6,3,1.00083079979806,1.00056227906043,1.00109939259855,"GO"
29.6,4,1.00076343614164,1.00048091495906,1.00104603710408,"GO"
29.6,5,1.00066930937336,1.00035274463952,1.00098597428509,"GO"
29.6,6,1.00054173605454,1.00020704205103,1.00087654205494,"GO"
29.6,7,1.00037626906164,1.00005330793812,1.00069933448349,"GO"
29.6,8,1.00017738621249,0.999883711347515,1.00047114733242,"GO"
29.6,9,0.999951794450221,0.99967299147761,1.00023067517936,"GO"
29.6,10,0.999706197225412,0.999389282043912,1.00002321290352,"GO"
29.6,11,0.999447292932232,0.999032534828606,0.999862223226731,"GO"
29.6,12,0.999181773793519,0.99863218923377,0.999731660810159,"GO"
29.7,0,0.999607522321727,0.999369265313225,0.999845836132458,"GO"
29.7,1,0.99961858979448,0.999440879606955,0.999796331580583,"GO"
29.7,2,0.999632489845469,0.999500507502973,0.999764489616009,"GO"
29.7,3,0.99965205510399,0.99953981805933,0.999764304751603,"GO"
29.7,4,0.999680118493334,0.999562058135832,0.999798192795191,"GO"
29.7,5,0.999719513431465,0.999587241966273,0.999851802399623,"GO"
29.7,6,0.999773074112003,0.99963321263607,0.999912955156345,"GO"
29.7,7,0.999842691513341,0.999707692147847,0.999977709108993,"GO"
29.7,8,0.999926480125676,0.999803658930245,1.00004931640911,"GO"
29.7,9,1.00002160994455,0.99990492940955,1.00013830409519,"GO"
29.7,10,1.00012525034548,0.999992560874273,1.00025795742332,"GO"
29.7,11,1.00023456980287,1.00006088448837,1.00040828528212,"GO"
29.7,12,1.00034673568901,1.00011654382289,1.00057698053725,"GO"
29.8,0,0.998272272546194,0.997222199107323,0.999323451710779,"GO"
29.8,1,0.998317959074916,0.99753445753082,0.999102076010956,"GO"
29.8,2,0.998376403047853,0.997794271964505,0.998958873756922,"GO"
29.8,3,0.998460363131319,0.997965256628833,0.998955715264049,"GO"
29.8,4,0.998582603749907,0.9980619452501,0.999103533861387,"GO"
29.8,5,0.998755899163454,0.998172659107664,0.99933948001095,"GO"
29.8,6,0.998993039178041,0.99837627546291,0.999610183909317,"GO"
29.8,7,0.999302580730276,0.998707062497394,0.999898454064247,"GO"
29.8,8,0.999676076353806,0.999133968704416,1.00021847813863,"GO"
29.8,9,1.00010082013287,0.999585448415381,1.00061645756851,"GO"
29.8,10,1.00056409379818,0.99997778050601,1.00115075086126,"GO"
29.8,11,1.00105316100467,1.00028565844327,1.00182125245803,"GO"
29.8,12,1.00155526322981,1.00053800324623,1.00257355747483,"GO"
29.9,0,0.99694666424968,0.995084868642893,0.998811943260738,"GO"
29.9,1,0.997019004692334,0.995629350954051,0.998410598045505,"GO"
29.9,2,0.99711463355143,0.996081706644604,0.998148631593272,"GO"
29.9,3,0.997256844014927,0.99637820803391,0.998136254803322,"GO"
29.9,4,0.997468947451259,0.99654521501286,0.998393536129401,"GO"
29.9,5,0.997774287017216,0.996739696071001,0.99880995184303,"GO"
29.9,6,0.998196256728292,0.9971020985917,0.999291615526311,"GO"
29.9,7,0.998750552107027,0.997693722501605,0.999808501183074,"GO"
29.9,8,0.999421835043521,0.998459214105249,1.00038538405082,"GO"
29.9,9,1.00018698552592,0.99927116668095,1.00110364370677,"GO"
29.9,10,1.00102284344314,0.999980558115804,1.00206621515029,"GO"
29.9,11,1.00190618944732,1.00054175198892,1.00327248758727,"GO"
29.9,12,1.00281373119864,1.00100518418941,1.00462554576566,"GO"
30,0,0.995643838225352,0.992973364129719,0.998321494217452,"GO"
30,1,0.995730585588598,0.993736627285274,0.997728544820947,"GO"
30,2,0.995851963231202,0.994369228600415,0.997336908813337,"GO"
30,3,0.99604261316484,0.994781174283792,0.997305651621846,"GO"
30,4,0.996337214760494,0.995011404991974,0.997664791113329,"GO"
30,5,0.996770514888451,0.995285855877171,0.998257388552302,"GO"
30,6,0.99737737017562,0.99580708691476,0.998950129608372,"GO"
30,7,0.99818123329334,0.996663982832385,0.999700793508637,"GO"
30,8,0.999159420786818,0.997776560319561,1.00054419781851,"GO"
30,9,1.00027766597806,0.998961043219983,1.00159602403452,"GO"
30,10,1.00150161648937,1.00000260681959,1.00300287318329,"GO"
30,11,1.00279679177106,1.0008344082013,1.0047630230795,"GO"
30,12,1.00412855248957,1.00152728566002,1.0067365755895,"GO"
30.1,0,0.994376867434557,0.990903642391059,0.997862266509603,"GO"
30.1,1,0.994461515061531,0.991867274070531,0.997062541321583,"GO"
30.1,2,0.994593149868099,0.992663217081068,0.996526834824545,"GO"
30.1,3,0.994818781142537,0.993176649201321,0.996463628207307,"GO"
30.1,4,0.99518548080047,0.993460063307922,0.996913894956532,"GO"
30.1,5,0.995740438963659,0.993808663255752,0.997675969677458,"GO"
30.1,6,0.996531041916503,0.994487670966874,0.998578611374529,"GO"
30.1,7,0.997589264981131,0.995614177035352,0.999568271083645,"GO"
30.1,8,0.998884502881621,0.997083190214176,1.00068906976833,"GO"
30.1,9,1.00037042054729,0.998654052053948,1.00208973893184,"GO"
30.1,10,1.00200053151593,1.00004565648659,1.00395922790719,"GO"
30.1,11,1.00372811945792,1.00116889481953,1.00629388608017,"GO"
30.1,12,1.00550618145614,1.00211354761695,1.00891030098415,"GO"
30.2,0,0.993158760869439,0.988891513324511,0.997444422367127,"GO"
30.2,1,0.993220562090283,0.990032186474622,0.996419205795412,"GO"
30.2,2,0.993342927219387,0.990970002522629,0.995721533996936,"GO"
30.2,3,0.993586453549645,0.991567108349372,0.995609911184673,"GO"
30.2,4,0.99401183102757,0.991890738487074,0.996137459383747,"GO"
30.2,5,0.994679934735774,0.99230565403363,0.997059896357733,"GO"
30.2,6,0.995651954663653,0.993140296127674,0.998169965201082,"GO"
30.2,7,0.996969301979674,0.994540651108696,0.999403883573591,"GO"
30.2,8,0.998592755780214,0.996376294664577,1.00081414746265,"GO"
30.2,9,1.00046280741486,0.998349173066569,1.0025809166005,"GO"
30.2,10,1.00251970849277,1.00011144412457,1.00493377195196,"GO"
30.2,11,1.00470334004233,1.00155049339602,1.00786611174188,"GO"
30.2,12,1.00695311767454,1.00277323923386,1.01115041918066,"GO"
30.3,0,0.992002469124316,0.986952628826898,0.997078147426806,"GO"
30.3,1,0.992016453436945,0.988242155958615,0.995805165723801,"GO"
30.3,2,0.992106005315248,0.98929585600998,0.994924137004218,"GO"
30.3,3,0.992346730928929,0.989954999103834,0.994744241179435,"GO"
30.3,4,0.992814361642268,0.99030296936117,0.995332122773491,"GO"
30.3,5,0.9935848981909,0.990774364581742,0.996403404452007,"GO"
30.3,6,0.994734813062812,0.991761411927434,0.997717128755871,"GO"
30.3,7,0.99631601457758,0.993439753210872,0.999200603454257,"GO"
30.3,8,0.99827985972511,0.995653063020442,1.00091358661579,"GO"
30.3,9,1.00055238386442,0.998045383006391,1.00306568208468,"GO"
30.3,10,1.00305926880191,1.00020170443972,1.00592499719147,"GO"
30.3,11,1.00572563842212,1.00198448877061,1.00948075655405,"GO"
30.3,12,1.00847591012764,1.00351564790918,1.01346069035071,"GO"
30.4,0,0.990920891662941,0.985102473620081,0.996773675662063,"GO"
30.4,1,0.990857876517945,0.986507859749301,0.995227074731217,"GO"
30.4,2,0.990887070979536,0.987646978912638,0.99413779254951,"GO"
30.4,3,0.991100708677498,0.988342730626994,0.993866382887129,"GO"
30.4,4,0.991591180036113,0.988696274759162,0.994494561603283,"GO"
30.4,5,0.992451247164524,0.989212321041208,0.995700778334107,"GO"
30.4,6,0.993774345591483,0.990347461165747,0.99721308801386,"GO"
30.4,7,0.995624090189964,0.992307823220676,0.998951440037321,"GO"
30.4,8,0.997941501571913,0.994910673462851,1.00098156258929,"GO"
30.4,9,1.00063670632082,0.997741646413012,1.00354016657144,"GO"
30.4,10,1.00361933525888,1.00031816031766,1.00693140448995,"GO"
30.4,11,1.00679821827124,1.0024761585241,1.01113891207795,"GO"
30.4,12,1.01008116181661,1.00435006854772,1.01584495825453,"GO"
30.5,0,0.989926885771164,0.983356357385101,0.996541316698711,"GO"
30.5,1,0.989753483039399,0.984839850678473,0.994691630841045,"GO"
30.5,2,0.989690788572783,0.986029492392618,0.993365679771984,"GO"
30.5,3,0.989849476972125,0.98673266349045,0.992976135598933,"GO"
30.5,4,0.990340405274669,0.9870701427325,0.993621502525165,"GO"
30.5,5,0.991274922865381,0.987617028043703,0.994946365645575,"GO"
30.5,6,0.992765306737059,0.988894868545707,0.996650893446488,"GO"
30.5,7,0.994888235289011,0.991141181867082,0.998649454613441,"GO"
30.5,8,0.997573375798599,0.99414628300349,1.00101228271526,"GO"
30.5,9,1.0007133304486,0.997436906239567,1.00400051719863,"GO"
30.5,10,1.00420003213432,1.00046251296655,1.00795151389374,"GO"
30.5,11,1.0079243035553,1.00303076205229,1.01284171944915,"GO"
30.5,12,1.0117755348073,1.00528579261008,1.01830717230842,"GO"
30.6,0,0.989033277187476,0.981729407565333,0.996391486132701,"GO"
30.6,1,0.988711893391375,0.983248546939458,0.994205596516125,"GO"
30.6,2,0.988521800955616,0.984449426464691,0.99261102164864,"GO"
30.6,3,0.988594120706592,0.985127098684549,0.992073344445263,"GO"
30.6,4,0.989060168615959,0.985424019042214,0.992709735341576,"GO"
30.6,5,0.990051891565017,0.985985956626105,0.994134593301485,"GO"
30.6,6,0.99170247945152,0.987400028510478,0.996023677692102,"GO"
30.6,7,0.994103177615841,0.989936119131512,0.998287777006171,"GO"
30.6,8,0.997171185700558,0.993357016864156,1.0009999997085,"GO"
30.6,9,1.00077981131011,0.997130073933864,1.00444290760839,"GO"
30.6,10,1.00480148517601,1.00063643144894,1.00898387554205,"GO"
30.6,11,1.00910714015152,1.00365352887462,1.01459038503714,"GO"
30.6,12,1.01356575571983,1.0063320963801,1.02085141163965,"GO"
30.7,0,0.988252872407513,0.980236562134018,0.996334739540324,"GO"
30.7,1,0.987741701797024,0.981744221264845,0.993775820968836,"GO"
30.7,2,0.987384730670844,0.982912708262562,0.991877099732752,"GO"
30.7,3,0.987335719440957,0.983528265732016,0.991157912638584,"GO"
30.7,4,0.987748614063921,0.983757294615932,0.991756127171691,"GO"
30.7,5,0.988778146450893,0.984316531016241,0.993259985067478,"GO"
30.7,6,0.990580677879532,0.985859291944586,0.995324675038341,"GO"
30.7,7,0.993263668671297,0.98868888160206,0.99785962385228,"GO"
30.7,8,0.9967306447706,0.992539956955085,1.00093902644745,"GO"
30.7,9,1.00083370358342,0.996820018723056,1.0048635495018,"GO"
30.7,10,1.00542382163103,1.00084154130592,1.0100270815939,"GO"
30.7,11,1.01034999757461,1.00434964575091,1.01638619769293,"GO"
30.7,12,1.01545862167047,1.00749822783446,1.02348191176602,"GO"
30.8,0,0.987597222349022,0.978891023181408,0.996380853939809,"GO"
30.8,1,0.986850646477532,0.980335938051561,0.993408647640438,"GO"
30.8,2,0.986283739223077,0.981424548593258,0.991166988486452,"GO"
30.8,3,0.986075257882197,0.981938086077113,0.990229860715559,"GO"
30.8,4,0.986404101327452,0.982069350497616,0.990757985291569,"GO"
30.8,5,0.987450123288994,0.98260636375205,0.992317760145807,"GO"
30.8,6,0.989395274687921,0.984269301166127,0.994547943753825,"GO"
30.8,7,0.992365007082765,0.987396011284741,0.997359008976579,"GO"
30.8,8,0.996247893259793,0.991692393756617,1.00082431918719,"GO"
30.8,9,1.00087278839253,0.996505641059255,1.00525907457966,"GO"
30.8,10,1.00606714464465,1.00107922281351,1.01107991901855,"GO"
30.8,11,1.01165584872623,1.00512370081272,1.01823044808758,"GO"
30.8,12,1.01746036382734,1.00879245475429,1.02620275070536,"GO"
30.9,0,0.987068831125971,0.977694691702462,0.996532849824347,"GO"
30.9,1,0.986040400726627,0.979025015558928,0.993106055936734,"GO"
30.9,2,0.985219770850992,0.979985704895423,0.990481791751506,"GO"
30.9,3,0.984813067902456,0.980356783244673,0.989289608933521,"GO"
30.9,4,0.985026468056504,0.980359927650788,0.989715221323787,"GO"
30.9,5,0.986067281324744,0.980854816483062,0.991307446279908,"GO"
30.9,6,0.988145473874536,0.982629174831736,0.993692740403249,"GO"
30.9,7,0.991406289660036,0.986056550189933,0.996785053542979,"GO"
30.9,8,0.99572209113317,0.990813480304211,1.00065501981887,"GO"
30.9,9,1.00089648963043,0.996186405923801,1.00562884315362,"GO"
30.9,10,1.00673137294783,1.00134942937909,1.01214224279917,"GO"
30.9,11,1.01302535393882,1.00597630013448,1.02012380170952,"GO"
30.9,12,1.01957262152042,1.0102162087885,1.02901569140399,"GO"
31,0,0.986666254268591,0.976644547581077,0.996790797351576,"GO"
31,1,0.985309985044773,0.977809389558088,0.992868116216077,"GO"
31,2,0.984192359647663,0.978594985063754,0.98982175013469,"GO"
31,3,0.983549194567517,0.978783835462452,0.988337754553694,"GO"
31,4,0.983616201676981,0.978628923744522,0.988628895720258,"GO"
31,5,0.984630411022456,0.979062017822831,0.990230474333128,"GO"
31,6,0.986832168050741,0.9809391187858,0.992760620154628,"GO"
31,7,0.990388288188567,0.984670638481379,0.996139138355784,"GO"
31,8,0.995153730285585,0.98990318745756,1.00043212250367,"GO"
31,9,1.00090495572147,0.995862024270021,1.00597342400132,"GO"
31,10,1.00741634427862,1.00165148295721,1.01321438443181,"GO"
31,11,1.01445815581477,1.00690629389037,1.02206665718901,"GO"
31,12,1.02179501545755,1.01176791271035,1.03192149157709,"GO"
31.1,0,0.986388080348592,0.975737578812177,0.997154835666187,"GO"
31.1,1,0.984658430138982,0.976686983763356,0.992694937233524,"GO"
31.1,2,0.98320103910945,0.977251177690734,0.989187125453456,"GO"
31.1,3,0.982283681527313,0.977218701449923,0.987374913684351,"GO"
31.1,4,0.982173793713168,0.976876218383738,0.987500097661273,"GO"
31.1,5,0.983140314283374,0.977228080243068,0.989088317364761,"GO"
31.1,6,0.985456265999013,0.979199324597567,0.991753188346847,"GO"
31.1,7,0.989311789944996,0.983238402991214,0.995422691736459,"GO"
31.1,8,0.994543312914722,0.988961472558111,1.00015665797868,"GO"
31.1,9,1.00089833895457,0.995532191685927,1.00629341099004,"GO"
31.1,10,1.00812189675481,1.00198468585938,1.01429669840199,"GO"
31.1,11,1.01595390092697,1.00791250930404,1.02405944889149,"GO"
31.1,12,1.02412718405915,1.01344597045247,1.03492097231454,"GO"
31.2,0,0.986232946733237,0.974970803805152,0.997625181621858,"GO"
31.2,1,0.984084787877878,0.975655726565032,0.992586671060859,"GO"
31.2,2,0.982245348156845,0.975953063032415,0.988578201679067,"GO"
31.2,3,0.981016572264562,0.975660826284076,0.986401717821453,"GO"
31.2,4,0.980699736823081,0.975101675180659,0.986329936954186,"GO"
31.2,5,0.981597798297205,0.975353099636898,0.9878824786435,"GO"
31.2,6,0.984018684852733,0.977409967768228,0.990672086504557,"GO"
31.2,7,0.988177590017152,0.981759955219458,0.994637176043533,"GO"
31.2,8,0.993891345533371,0.987988278342658,0.999829682578011,"GO"
31.2,9,1.0008767923011,0.995196589503034,1.00658941553163,"GO"
31.2,10,1.00884786919345,1.00234832551331,1.01538955797122,"GO"
31.2,11,1.01751224400092,1.00899376004678,1.02610264571288,"GO"
31.2,12,1.02656879162852,1.01524878134106,1.03801501987878,"GO"
31.3,0,0.986199537941968,0.974341270969652,0.998202126518814,"GO"
31.3,1,0.983588130599027,0.974713552061217,0.9925435104595,"GO"
31.3,2,0.981324830986145,0.974699414713111,0.987995282826173,"GO"
31.3,3,0.979747910094089,0.974109643333396,0.985418811838208,"GO"
31.3,4,0.979194524661342,0.973305143837331,0.9851195415926,"GO"
31.3,5,0.980003675173142,0.9734371575308,0.986614488591142,"GO"
31.3,6,0.98252034960022,0.975571209963901,0.989518988997491,"GO"
31.3,7,0.986986490893013,0.980235393416499,0.993784084667706,"GO"
31.3,8,0.993198338772761,0.98698353474239,0.999452275967745,"GO"
31.3,9,1.00084046939194,0.99485488630738,1.00686206496973,"GO"
31.3,10,1.00959410107367,1.00274167574379,1.01649335375105,"GO"
31.3,11,1.01913284761548,1.01014884708656,1.02819674950323,"GO"
31.3,12,1.02911952759097,1.01717474003574,1.04120458401458,"GO"
31.4,0,0.986286584049868,0.973846057818157,0.99888603344164,"GO"
31.4,1,0.983167550432299,0.973858400647358,0.992565686736902,"GO"
31.4,2,0.980439036923842,0.973489001017471,0.987438691263548,"GO"
31.4,3,0.978477738162155,0.972564575794597,0.98442685237297,"GO"
31.4,4,0.97765865174382,0.971486461841874,0.983870055705541,"GO"
31.4,5,0.978358761574692,0.971480322912508,0.985285902117205,"GO"
31.4,6,0.980962192593005,0.973683200861093,0.988295600094427,"GO"
31.4,7,0.985739302052774,0.978664804274356,0.992864939423213,"GO"
31.4,8,0.992464807187341,0.985947160283937,0.999025539281178,"GO"
31.4,9,1.0007895244948,0.994506739041288,1.00711200137673,"GO"
31.4,10,1.01036043249992,1.00316399761691,1.01760849271552,"GO"
31.4,11,1.02081538190763,1.01137655904331,1.03034229399675,"GO"
31.4,12,1.03177910574712,1.01922223589458,1.04449067687574,"GO"
31.5,0,0.98649285913588,0.973482269987248,0.999677334789911,"GO"
31.5,1,0.982822158638704,0.973088219473245,0.992653467775129,"GO"
31.5,2,0.979587520283691,0.972320586013837,0.986908766201825,"GO"
31.5,3,0.97720609944581,0.9710250380498,0.983426506397789,"GO"
31.5,4,0.97609261331407,0.969645456002635,0.982582637672571,"GO"
31.5,5,0.976663878358467,0.969482653916491,0.983898296103364,"GO"
31.5,6,0.979345153058634,0.971746079854641,0.987003651162563,"GO"
31.5,7,0.984436839564245,0.977048264466633,0.991881288096117,"GO"
31.5,8,0.991691269061091,0.984879063309957,0.998550593437165,"GO"
31.5,9,1.00072411249164,0.994151793897023,1.00733988055943,"GO"
31.5,10,1.01114670416548,1.00361454006487,1.01873539743518,"GO"
31.5,11,1.02255952428101,1.01267567232616,1.03253984397191,"GO"
31.5,12,1.03454726353991,1.02138965212925,1.04787437220138,"GO"
31.6,0,0.986817179773776,0.973247040417853,1.00057652975608,"GO"
31.6,1,0.982551084964148,0.972400962950516,0.992807156046956,"GO"
31.6,2,0.97876984022638,0.97119293065111,0.986405862215775,"GO"
31.6,3,0.975933036752261,0.969490436970207,0.982418449841563,"GO"
31.6,4,0.974496905211599,0.967781943950435,0.981258458274791,"GO"
31.6,5,0.974919850217088,0.967444199507952,0.982453266897174,"GO"
31.6,6,0.977670176618215,0.96975997777438,0.985644897866751,"GO"
31.6,7,0.983079925681779,0.975385842177622,0.990834702009646,"GO"
31.6,8,0.990878246215419,0.983779143146481,0.998028577514529,"GO"
31.6,9,1.00064438885634,0.993789687119817,1.00754637115585,"GO"
31.6,10,1.0119527573164,1.00409254041851,1.01987450540508,"GO"
31.6,11,1.024364959118,1.01404495121766,1.03478999447589,"GO"
31.6,12,1.03742376133418,1.02367536497281,1.05135680451717,"GO"
31.7,0,0.98725840356395,0.973137528844869,1.00158418159517,"GO"
31.7,1,0.982353477007566,0.971794593423403,0.993027086505311,"GO"
31.7,2,0.977985560621749,0.970104793915047,0.985930347714986,"GO"
31.7,3,0.974658592718258,0.967960173241768,0.981403366192282,"GO"
31.7,4,0.972872023741978,0.965895735687041,0.97989869880374,"GO"
31.7,5,0.97312750532634,0.965365001250335,0.980952427730595,"GO"
31.7,6,0.975938214808983,0.967725018698982,0.98422111728085,"GO"
31.7,7,0.981669388448909,0.973677598705892,0.989726773521819,"GO"
31.7,8,0.990026263818735,0.982647291294637,0.997460647105162,"GO"
31.7,9,1.00055050963257,0.993420045792225,1.00773215375138,"GO"
31.7,10,1.01277843371573,1.00459722492701,1.02102626838753,"GO"
31.7,11,1.02623137749541,1.0154831480102,1.03709337000791,"GO"
31.7,12,1.04040838170841,1.02607774300512,1.05493916821437,"GO"
31.8,0,0.987815427704197,0.97315092169264,1.00270091458498,"GO"
31.8,1,0.98222849960294,0.971267082073432,0.993313624273845,"GO"
31.8,2,0.977234249913506,0.969054934096759,0.985482603309937,"GO"
31.8,3,0.973382809809503,0.966433642758685,0.980381945032541,"GO"
31.8,4,0.971218465548842,0.963986635227171,0.978504549080974,"GO"
31.8,5,0.971287674996728,0.963245095207807,0.97939740601225,"GO"
31.8,6,0.974150224612079,0.965641321920827,0.982734104858005,"GO"
31.8,7,0.980206061304902,0.971923590194942,0.988559113403304,"GO"
31.8,8,0.989135850197744,0.98148339269546,0.996847972597324,"GO"
31.8,9,1.00044263141178,0.993042488645671,1.00789791996831,"GO"
31.8,10,1.01362357560814,1.00512780931605,1.02219115171806,"GO"
31.8,11,1.02815847690335,1.01698900326508,1.03945062359016,"GO"
31.8,12,1.04350092875759,1.02859514673566,1.05862271640465,"GO"
31.9,0,0.988487187597687,0.973284432437465,1.00392741061084,"GO"
31.9,1,0.982175334214692,0.970816410101666,0.993667162093726,"GO"
31.9,2,0.976515480986381,0.968042110205113,0.98506302004157,"GO"
31.9,3,0.972105730320068,0.964910238111973,0.979354880481071,"GO"
31.9,4,0.969536727487784,0.962054442361768,0.97707720536074,"GO"
31.9,5,0.969401193329554,0.96108451401255,0.977789840464011,"GO"
31.9,6,0.972307167985805,0.963509004093287,0.981185671229124,"GO"
31.9,7,0.978690782695392,0.970123869522559,0.98733334806442,"GO"
31.9,8,0.988207536650546,0.980287327098546,0.996191737358622,"GO"
31.9,9,1.00032091131151,0.992656626929332,1.00804437149879,"GO"
31.9,10,1.01448802568481,1.00568349941943,1.02336963353977,"GO"
31.9,11,1.03014596096732,1.01856124624391,1.04186243567641,"GO"
31.9,12,1.04670122740675,1.03122592851623,1.06240875947637,"GO"
32,0,0.989272655496424,0.973535302472475,1.00526440533533,"GO"
32,1,0.982193178345979,0.970440570212596,0.994088117501144,"GO"
32,2,0.975828831035663,0.967065083540247,0.984671997456931,"GO"
32,3,0.970827396371839,0.963389350187724,0.978322869525669,"GO"
32,4,0.967827306502178,0.960098954556692,0.975617868101689,"GO"
32,5,0.967468896877641,0.958883289111296,0.976131378087871,"GO"
32,6,0.970410011404523,0.961328181575699,0.97957763881488,"GO"
32,7,0.977124395687278,0.968278488365746,0.986051116614897,"GO"
32,8,0.987241857261596,0.979058970553208,0.995493135800196,"GO"
32,9,1.0001855069538,0.992262065356405,1.00817221906101,"GO"
32,10,1.01537162704873,1.00626349190854,1.0245622039414,"GO"
32,11,1.03219353917331,1.02019859554795,1.04432951286203,"GO"
32,12,1.05000912273426,1.0339684328366,1.0662986632972,"GO"
32.1,0,0.990170839178556,0.97390080248935,1.00671268393404,"GO"
32.1,1,0.982281244959437,0.970137568408582,0.994576929725389,"GO"
32.1,2,0.975173881439081,0.966122619434509,0.98430994152438,"GO"
32.1,3,0.96954784991397,0.961870369880454,0.977286610242119,"GO"
32.1,4,0.966090699500948,0.958119968990744,0.974127739603815,"GO"
32.1,5,0.965491624310834,0.956641453193602,0.974423670960997,"GO"
32.1,6,0.968459725403443,0.959098972978778,0.977911838249112,"GO"
32.1,7,0.97550774758804,0.966387499446794,0.984714067751332,"GO"
32.1,8,0.986239348718576,0.97779819703199,0.994753371312486,"GO"
32.1,9,1.00003657644387,0.991858403140908,1.00828218126564,"GO"
32.1,10,1.01627422318028,1.00686697513671,1.02576936398221,"GO"
32.1,11,1.03430092659579,1.02189975999125,1.04685258636921,"GO"
32.1,12,1.05342447930433,1.03682099704192,1.07029384702239,"GO"
32.2,0,0.991180780657931,0.974378234372924,1.00827307639721,"GO"
32.2,1,0.982438761909919,0.969905426090723,0.995134056310365,"GO"
32.2,2,0.974550217630957,0.965213489158302,0.983977262390683,"GO"
32.2,3,0.968267132722364,0.960352689919625,0.976246799901037,"GO"
32.2,4,0.964327403238307,0.956117284728632,0.972608021515133,"GO"
32.2,5,0.963470216086376,0.954359042794288,0.972668372866894,"GO"
32.2,6,0.966457284129467,0.956821501902482,0.976190104622148,"GO"
32.2,7,0.973841689569642,0.964450958956595,0.983323856476705,"GO"
32.2,8,0.985200550131263,0.976504880189314,0.993973654069982,"GO"
32.2,9,0.99987427834898,0.991445235132946,1.00837498338457,"GO"
32.2,10,1.01719565790311,1.00749313011019,1.02699162459179,"GO"
32.2,11,1.03646784362842,1.02366343972504,1.04943241028935,"GO"
32.2,12,1.05694718050803,1.039781952498,1.07439578048073,"GO"
32.3,0,0.992301554924405,0.974964933587687,1.00994645241447,"GO"
32.3,1,0.982664971388809,0.969742182450344,0.995759969474169,"GO"
32.3,2,0.97395742897861,0.964336471980717,0.983674371989937,"GO"
32.3,3,0.966985286399158,0.958835706801278,0.975204132970671,"GO"
32.3,4,0.962537914195474,0.954090705017274,0.97105991221977,"GO"
32.3,5,0.961405514124277,0.952036101053617,0.970867135779454,"GO"
32.3,6,0.964403664898281,0.954495899848888,0.974414273562077,"GO"
32.3,7,0.972127076297176,0.962468929142897,0.981882140664707,"GO"
32.3,8,0.984126002852411,0.975178895252054,0.993155198708372,"GO"
32.3,9,0.999698771677537,0.991022153056252,1.00845135601812,"GO"
32.3,10,1.0181357753504,1.00814113159312,1.02822950533749,"GO"
32.3,11,1.03869401571734,1.02548832762395,1.05206975957179,"GO"
32.3,12,1.06057712791222,1.042849626219,1.07860598112187,"GO"
32.4,0,0.993532268713399,0.975658272018944,1.01173371587591,"GO"
32.4,1,0.982959129379493,0.969645897124478,0.996455152232191,"GO"
32.4,2,0.973395108660942,0.96349035736809,0.983401681520999,"GO"
32.4,3,0.96570235237224,0.957318822811425,0.974159299029034,"GO"
32.4,4,0.960722728464401,0.952040039687523,0.9694846041255,"GO"
32.4,5,0.959298361487778,0.949672680610739,0.969021606224701,"GO"
32.4,6,0.962299847757878,0.952122309283897,0.972586177180647,"GO"
32.4,7,0.97036476556238,0.96044148104358,0.980390577489237,"GO"
32.4,8,0.983016250300747,0.973820121033337,0.99229922188295,"GO"
32.4,9,0.999510215858363,0.990588746848126,1.00851203366072,"GO"
32.4,10,1.01909441993139,1.00881014934966,1.02948353305605,"GO"
32.4,11,1.04097917309702,1.02737311093762,1.05476542775465,"GO"
32.4,12,1.06431424061569,1.04602234296019,1.08292601052066,"GO"
32.5,0,0.994872059303327,0.97645566121612,1.01363579903847,"GO"
32.5,1,0.983320505123595,0.969614653078782,0.997220094319222,"GO"
32.5,2,0.972862853549172,0.962673947297575,0.983159598816143,"GO"
32.5,3,0.964418371894771,0.955801448123131,0.973112980603415,"GO"
32.5,4,0.958882341633517,0.949965107637685,0.967883280874413,"GO"
32.5,5,0.957149602069,0.947268846598675,0.967133421552266,"GO"
32.5,6,0.96014681505867,0.949700886813718,0.97070763991835,"GO"
32.5,7,0.968555617922182,0.958368697337978,0.978850819746453,"GO"
32.5,8,0.981871837786086,0.972428442055947,0.99140693972211,"GO"
32.5,9,0.999308770720233,0.990144606098622,1.00855775316814,"GO"
32.5,10,1.02007143629821,1.00949934952329,1.03075424034979,"GO"
32.5,11,1.04332305052838,1.02931647320455,1.05752022444075,"GO"
32.5,12,1.068158454612,1.04929842776655,1.08735747044589,"GO"
32.6,0,0.996320093339512,0.977354555971587,1.01565365642078,"GO"
32.6,1,0.983748380597588,0.969646559672309,0.998055287955058,"GO"
32.6,2,0.972360264089669,0.961886058657546,0.982948525629006,"GO"
32.6,3,0.963133386044733,0.954283002945177,0.972065850959398,"GO"
32.6,4,0.957017248675504,0.947865739370283,0.966257114505373,"GO"
32.6,5,0.954960080279866,0.944824679702707,0.965204206155025,"GO"
32.6,6,0.95794555103035,0.947231806435015,0.96878047433028,"GO"
32.6,7,0.966700496342394,0.956250675282948,0.977264512103079,"GO"
32.6,8,0.980693312336651,0.97100375076697,0.990479565194434,"GO"
32.6,9,0.999094596471611,0.989689321582684,1.00858925213267,"GO"
32.6,10,1.02106666931303,1.01020789614901,1.03204216395099,"GO"
32.6,11,1.04572538703921,1.0313170964183,1.06033497252794,"GO"
32.6,12,1.07210972215835,1.05267620895584,1.09190199851346,"GO"
32.7,0,0.997875565683299,0.978352458155899,1.01778825850212,"GO"
32.7,1,0.984242049999413,0.969739755850776,0.998961223505944,"GO"
32.7,2,0.971886944188848,0.961125525702059,0.982768854874368,"GO"
32.7,3,0.961847435724487,0.952762919696754,0.971018571864896,"GO"
32.7,4,0.95512794383712,0.945741779549318,0.964607262601061,"GO"
32.7,5,0.95273064074839,0.942340279238684,0.963235567680673,"GO"
32.7,6,0.955697041365656,0.944715262811657,0.966806476860276,"GO"
32.7,7,0.964800265846684,0.95408752969482,0.975633287310207,"GO"
32.7,8,0.979481222528627,0.969545949821175,0.989518305412059,"GO"
32.7,9,0.99886785368061,0.989222486875956,1.0086072671755,"GO"
32.7,10,1.02207996401553,1.01093495279145,1.03334784296205,"GO"
32.7,11,1.04818592566667,1.03337366342913,1.06321050521048,"GO"
32.7,12,1.07616801114999,1.05615402150217,1.09656126345598,"GO"
32.8,0,0.999537698285087,0.979446920720059,1.02004058531172,"GO"
32.8,1,0.984800819244753,0.96989241340871,0.999938385100505,"GO"
32.8,2,0.971442501100084,0.960391202523108,0.98262096785594,"GO"
32.8,3,0.96056056166035,0.951240645179983,0.969971791357452,"GO"
32.8,4,0.953214920531082,0.943593089542085,0.962934865455638,"GO"
32.8,5,0.950462128020407,0.939815766203612,0.961229093283121,"GO"
32.8,6,0.953402272811167,0.942151474526372,0.964787423655469,"GO"
32.8,7,0.962855793170948,0.951879395933858,0.973958762426323,"GO"
32.8,8,0.978236118317996,0.968054954406813,0.988524358896795,"GO"
32.8,9,0.998628703255185,0.988743700042186,1.00861253216843,"GO"
32.8,10,1.02311116559064,1.01167968429774,1.03467181698213,"GO"
32.8,11,1.05070441320182,1.03548486055759,1.06614766277443,"GO"
32.8,12,1.08033330449953,1.05973021077458,1.10133696005307,"GO"
32.9,0,1.00130573908008,0.980635551767864,1.02241162000218,"GO"
32.9,1,0.985424005472617,0.970102740256327,1.00098724626334,"GO"
32.9,2,0.971026545312596,0.95968196550184,0.982505231520792,"GO"
32.9,3,0.959272804402192,0.949715642720174,0.968926141544852,"GO"
32.9,4,0.951278671230022,0.941419549907424,0.961241043301198,"GO"
32.9,5,0.94815538626681,0.937251286248239,0.959186345964273,"GO"
32.9,6,0.951062232765284,0.939540687252513,0.962725066476431,"GO"
32.9,7,0.960867946423187,0.949626432844551,0.972242535096583,"GO"
32.9,8,0.9769585508747,0.96653069458442,0.98749891283854,"GO"
32.9,9,0.998377306423546,0.988252565377483,1.00860577639968,"GO"
32.9,10,1.02416011933658,1.01244125865108,1.03601462413437,"GO"
32.9,11,1.05328059993605,1.03764938038997,1.06914728921701,"GO"
32.9,12,1.08460559952065,1.06340313657323,1.10623080377808,"GO"
33,0,1.00317896090561,0.981916018596951,1.02490234250547,"GO"
33,1,0.986110936559898,0.970368983624627,1.00210826563187,"GO"
33,2,0.97063869044228,0.958996715698615,0.982421995780422,"GO"
33,3,0.957984204323049,0.948187394242798,0.967882236470089,"GO"
33,4,0.949319687362516,0.939221062791318,0.959526893632178,"GO"
33,5,0.945811258996372,0.934647012520257,0.957108861057761,"GO"
33,6,0.948677908883485,0.936883176789825,0.960621128759408,"GO"
33,7,0.958837594748993,0.947328825603123,0.970486179937269,"GO"
33,8,0.975649072419173,0.964973117606816,0.986443140377975,"GO"
33,9,0.998113824714807,0.987748695194356,1.00858772270086,"GO"
33,10,1.02522667063319,1.0132188489076,1.03737679901123,"GO"
33,11,1.05591423940929,1.03986592471955,1.0722102287254,"GO"
33,12,1.08898490731569,1.06717117739584,1.11124452522716,"GO"
33.1,0,1.0051566604388,0.983286051606232,1.02751372337079,"GO"
33.1,1,0.986860950644595,0.970689433141963,1.00330188282241,"GO"
33.1,2,0.97027855312444,0.958334381141763,0.982371590938458,"GO"
33.1,3,0.956694801618744,0.946655402256151,0.966840670071695,"GO"
33.1,4,0.947338459211209,0.936997554191059,0.957793488666537,"GO"
33.1,5,0.943430588774209,0.932003148327474,0.954998142905537,"GO"
33.1,6,0.946250288691005,0.934179251908664,0.958477301886547,"GO"
33.1,7,0.956765608002762,0.944986788423288,0.968691245074697,"GO"
33.1,8,0.974308236061275,0.963382190186928,0.985358197947008,"GO"
33.1,9,0.997838419939864,0.987231711626409,1.00855908555425,"GO"
33.1,10,1.02631066491052,1.01401163519621,1.03875887055798,"GO"
33.1,11,1.05860508815992,1.04213320759212,1.07533732205632,"GO"
33.1,12,1.09347125216659,1.07103273485839,1.11637986440522,"GO"
33.2,0,1.0072381571537,0.984743447970165,1.0302467178813,"GO"
33.2,1,0.987673395657389,0.971062423717476,1.00456851450902,"GO"
33.2,2,0.969945752908387,0.957693918976167,0.982354325263738,"GO"
33.2,3,0.955404636307536,0.945119191709683,0.965802014269459,"GO"
33.2,4,0.945335475813025,0.934748976050768,0.956041872980989,"GO"
33.2,5,0.941014216945944,0.929319929572708,0.952855661775741,"GO"
33.2,6,0.943780359203016,0.931429256949641,0.956295241717462,"GO"
33.2,7,0.954652856424697,0.942600567072558,0.966859248886575,"GO"
33.2,8,0.97293659564167,0.961757900679506,0.984245222701059,"GO"
33.2,9,0.99755125417251,0.986701248432922,1.00852056920124,"GO"
33.2,10,1.02741194761779,1.01481880675869,1.0401613599173,"GO"
33.2,11,1.06135290547629,1.04444995841029,1.0785294028615,"GO"
33.2,12,1.09806467092867,1.0749862381875,1.12163856495007,"GO"
33.3,0,1.00942279229657,0.98628607498656,1.03310226054007,"GO"
33.3,1,0.988547628861275,0.971486338171154,1.00590855077479,"GO"
33.3,2,0.969639912153863,0.957074317435365,0.982370482744928,"GO"
33.3,3,0.95411374822978,0.94357831169995,0.964766817203572,"GO"
33.3,4,0.943311224861491,0.932475308153964,0.95427306135463,"GO"
33.3,5,0.938562983367612,0.926597626916389,0.950682851066054,"GO"
33.3,6,0.941269106552425,0.92863357413009,0.954076565431055,"GO"
33.3,7,0.952500210323714,0.940170441154248,0.964991676990908,"GO"
33.3,8,0.971534705575681,0.960100261143204,0.983105330076815,"GO"
33.3,9,0.997252489730785,0.986156952781426,1.00847286577381,"GO"
33.3,10,1.02853036419253,1.01563956400514,1.04158477825965,"GO"
33.3,11,1.06415745314974,1.04681492504741,1.08178729400793,"GO"
33.3,12,1.10276521242678,1.07903014869775,1.12702236837992,"GO"
33.4,0,1.01170992787858,0.987911873014343,1.03608126000649,"GO"
33.4,1,0.989483016398975,0.971959609556768,1.00732235178835,"GO"
33.4,2,0.969360655929274,0.956474597604644,0.982420321059104,"GO"
33.4,3,0.952822177047603,0.942032336998991,0.963735601652393,"GO"
33.4,4,0.941266192611157,0.930176559782854,0.95248803685134,"GO"
33.4,5,0.936077726141379,0.923836547628563,0.948481104831019,"GO"
33.4,6,0.938717515625371,0.925792625514932,0.951822848720299,"GO"
33.4,7,0.950308539766311,0.937696726114834,0.963089979523063,"GO"
33.4,8,0.970103120699654,0.958409309250965,0.981939611507649,"GO"
33.4,9,0.996942289158562,0.985598486985743,1.00841665347148,"GO"
33.4,10,1.02966576003007,1.01647312055851,1.04302962462574,"GO"
33.4,11,1.06701849522902,1.04922687692053,1.08511180394308,"GO"
33.4,12,1.10757293685329,1.08316296416619,1.13253300845099,"GO"
33.5,0,1.01409894568472,0.989618857930209,1.03918459455164,"GO"
33.5,1,0.990478932847844,0.972480723132177,1.00881024485054,"GO"
33.5,2,0.969107611911674,0.955893814947392,0.982504069781888,"GO"
33.5,3,0.951529962244593,0.94048086938363,0.962708863650338,"GO"
33.5,4,0.939200863784133,0.927852771119084,0.950687749166241,"GO"
33.5,5,0.933559281357079,0.921037037099118,0.946251775664647,"GO"
33.5,6,0.936126569704493,0.922906874617169,0.949535623375015,"GO"
33.5,7,0.948078714271492,0.935179774942099,0.961155568735794,"GO"
33.5,8,0.968642396119858,0.956685110019109,0.980749132326392,"GO"
33.5,9,0.996620815207379,0.985025530176945,1.00835259480655,"GO"
33.5,10,1.03081798045323,1.01731870526112,1.0444963838082,"GO"
33.5,11,1.06993579777602,1.05168460797135,1.08850372315593,"GO"
33.5,12,1.11248791516758,1.08738322301735,1.1381722057102,"GO"
33.6,0,1.01658924629821,0.99140512304793,1.04241310808638,"GO"
33.6,1,0.99153476078203,0.973048217941258,1.01037252184601,"GO"
33.6,2,0.968880410288495,0.955331060572618,0.982621928861118,"GO"
33.6,3,0.950237143125516,0.938923538748483,0.961687071323091,"GO"
33.6,4,0.937115721478734,0.925504014366542,0.948873113255677,"GO"
33.6,5,0.931008482839641,0.918199479983126,0.943996172961564,"GO"
33.6,6,0.933497250120064,0.919976827602092,0.947216375278777,"GO"
33.6,7,0.945811602511793,0.932619979526513,0.959189816949975,"GO"
33.6,8,0.967153087063964,0.954927757328916,0.97953492988179,"GO"
33.6,9,0.996288230818503,0.984437779885265,1.00828133493937,"GO"
33.6,10,1.0319868706824,1.01817556411592,1.04598552429962,"GO"
33.6,11,1.07290912862279,1.05418693950534,1.09196382078332,"GO"
33.6,12,1.11751022849644,1.09168950823717,1.1439416623237,"GO"
33.7,0,1.01918024813929,0.993268840460448,1.04576760679993,"GO"
33.7,1,0.992649890341609,0.973660687982313,1.01200943712447,"GO"
33.7,2,0.968678683660976,0.954785462227815,0.982774067369775,"GO"
33.7,3,0.94894375881603,0.937360003990266,0.960670663952553,"GO"
33.7,4,0.935011247080241,0.923130394583138,0.947045008263793,"GO"
33.7,5,0.928426161902406,0.915324300967011,0.941715561571111,"GO"
33.7,6,0.930830535909038,0.917003034078879,0.944866542836516,"GO"
33.7,7,0.943508072020494,0.930017771666138,0.957194054875976,"GO"
33.7,8,0.9656357487351,0.953137375218702,0.978298011890723,"GO"
33.7,9,0.995944699105248,0.983834953512167,1.00820350012455,"GO"
33.7,10,1.03317227580576,1.01904296213593,1.0474974963335,"GO"
33.7,11,1.0759382571297,1.05673272284205,1.09549284140823,"GO"
33.7,12,1.12263996753497,1.09608045094088,1.14984305725466,"GO"
33.8,0,1.02187138651775,0.995208261781962,1.0492488564293,"GO"
33.8,1,0.993823718808478,0.974316782948997,1.01372120582471,"GO"
33.8,2,0.968502066949258,0.954256185007872,0.982960622547338,"GO"
33.8,3,0.947649848262435,0.935789953656034,0.959660051278885,"GO"
33.8,4,0.932887920173779,0.920732050215208,0.945204276752116,"GO"
33.8,5,0.92581314710639,0.912411965150253,0.939411160849791,"GO"
33.8,6,0.928127403482065,0.913986087473184,0.942487515839384,"GO"
33.8,7,0.941168988905056,0.927373623703667,0.955169570317232,"GO"
33.8,8,0.964090936168546,0.951314118929223,0.977039355043457,"GO"
33.8,9,0.995590383335532,0.983216789673555,1.00811969628721,"GO"
33.8,10,1.03437404074988,1.01992018507668,1.04903273004328,"GO"
33.8,11,1.07902295394462,1.05932084173386,1.09909150209271,"GO"
33.8,12,1.12787723194768,1.10055473352989,1.15587804185425,"GO"
33.9,0,1.02466211269816,0.99722171828423,1.05285758016333,"GO"
33.9,1,0.995055650188757,0.975015208540868,1.0155080026437,"GO"
33.9,2,0.968350197299141,0.953742431777366,0.983181699132134,"GO"
33.9,3,0.946355450231421,0.934213106353114,0.958655613041893,"GO"
33.9,4,0.930746218459308,0.918309153334781,0.9433517242319,"GO"
33.9,5,0.923170264025484,0.909462978046293,0.937084144108504,"GO"
33.9,6,0.925388826298546,0.910926624984138,0.940080634763653,"GO"
33.9,7,0.938795217566838,0.924688048792726,0.953117607259055,"GO"
33.9,8,0.96251920409105,0.94945817569054,0.975759903873877,"GO"
33.9,9,0.995225446914676,0.982583049397365,1.00803050774588,"GO"
33.9,10,1.03559201025051,1.02080654102861,1.0505916337625,"GO"
33.9,11,1.08216299076324,1.06195021451591,1.10276048968216,"GO"
33.9,12,1.13322212976913,1.10511109238412,1.1620482359181,"GO"
34,0,1.02755189297714,0.999307620437466,1.05659445716894,"GO"
34,1,0.996345094801484,0.975754726351272,1.01736996104245,"GO"
34,2,0.968222713990441,0.953243443309962,0.983437368980872,"GO"
34,3,0.945060603309844,0.932629210923451,0.957657698758992,"GO"
34,4,0.928586617668726,0.915861909586342,0.941488118992632,"GO"
34,5,0.920498335017637,0.906477885214656,0.934735638442625,"GO"
34,6,0.922615774549746,0.907825327138471,0.937647190491074,"GO"
34,7,0.936387620427143,0.921961600798805,0.951039365337464,"GO"
34,8,0.960921106782824,0.947569765243999,0.974460569901109,"GO"
34,9,0.994850053368461,0.981933517161523,1.00793649609623,"GO"
34,10,1.03682602882369,1.02170136184882,1.05217459248661,"GO"
34,11,1.08535814009019,1.06461979595657,1.10650045841163,"GO"
34,12,1.13867477680399,1.10974832004919,1.16835522424773,"GO"
34.1,0,1.03054020777191,1.0014644568809,1.06046012171242,"GO"
34.1,1,0.997691468873391,0.976534153349898,1.01930717287068,"GO"
34.1,2,0.968119258346958,0.952758498154545,0.983727670965611,"GO"
34.1,3,0.943765345904513,0.931038046389803,0.956666627732368,"GO"
34.1,4,0.926409591485085,0.913390557855553,0.939614192214242,"GO"
34.1,5,0.917798179002013,0.903457271543942,0.932366724925343,"GO"
34.1,6,0.919809214850013,0.904682916962869,0.93518842442973,"GO"
34.1,7,0.933947057659627,0.919194873847948,0.94893599967504,"GO"
34.1,8,0.959297197942206,0.945649140098535,0.973142231043406,"GO"
34.1,9,0.994464366326425,0.981268001761339,1.00783819926653,"GO"
34.1,10,1.03807594073706,1.02260400441532,1.05378196651329,"GO"
34.1,11,1.08860817500112,1.06732857878511,1.11031202783698,"GO"
34.1,12,1.14423529602582,1.11446526689194,1.17480055374239,"GO"
34.2,0,1.03362655071922,1.00369079286068,1.06445516283621,"GO"
34.2,1,0.999094194139558,0.97735236098578,1.02131968838401,"GO"
34.2,2,0.968039473647992,0.952286912242993,0.984052611133192,"GO"
34.2,3,0.942469716241988,0.929439421685337,0.95568268927372,"GO"
34.2,4,0.924215611463909,0.910895369677545,0.937730638345415,"GO"
34.2,5,0.915070611242139,0.900401760211799,0.929978439138206,"GO"
34.2,6,0.916970109936131,0.901500158802903,0.932705529007136,"GO"
34.2,7,0.931474386929105,0.916388501543213,0.946808621063909,"GO"
34.2,8,0.957648030553029,0.943696585525874,0.971805731299799,"GO"
34.2,9,0.994068549505416,0.980586336998681,1.00773613075248,"GO"
34.2,10,1.03934158998156,1.02351385169009,1.05541409027503,"GO"
34.2,11,1.09191286890554,1.07007559488124,1.11419578110634,"GO"
34.2,12,1.14990381697452,1.11926084221133,1.1813857310331,"GO"
34.3,0,1.03681042778414,1.00598526818317,1.06858012454135,"GO"
34.3,1,1.00055269744974,0.978208273943376,1.02340751662044,"GO"
34.3,2,0.967983005041418,0.951828038258944,0.984412163107667,"GO"
34.3,3,0.941173752368403,0.927833175181832,0.954706143131414,"GO"
34.3,4,0.922005146956623,0.908376648406615,0.935838115726175,"GO"
34.3,5,0.912316443135046,0.897312011353238,0.92757177200755,"GO"
34.3,6,0.914099418374818,0.898277856822699,0.930199648501528,"GO"
34.3,7,0.92897046313678,0.913543155874771,0.944658296470081,"GO"
34.3,8,0.9559741567547,0.941712419304145,0.970451880690024,"GO"
34.3,9,0.993662766693392,0.979888382188763,1.00763077903557,"GO"
34.3,10,1.04062282024319,1.02443031358157,1.05707127137317,"GO"
34.3,11,1.09527199531046,1.07285991611877,1.11815226357898,"GO"
34.3,12,1.15568047515169,1.12413401480589,1.18811222065678,"GO"
34.4,0,1.04009135637795,1.00834659473932,1.07283550641811,"GO"
34.4,1,1.00206641038021,0.979100868589648,1.02557062609768,"GO"
34.4,2,0.967949499458271,0.951381264790428,0.984806268712792,"GO"
34.4,3,0.939877492149294,0.926219174034547,0.953737220101965,"GO"
34.4,4,0.919778665036074,0.905834728172509,0.933937247429566,"GO"
34.4,5,0.909536482006409,0.894188720472539,0.925147670911602,"GO"
34.4,6,0.911198094278405,0.895016853223869,0.927671880172875,"GO"
34.4,7,0.926436138171927,0.910659545854207,0.942486049828683,"GO"
34.4,8,0.954276127715003,0.939696991223889,0.969081455438836,"GO"
34.4,9,0.993247181733474,0.979174022483763,1.00752260718584,"GO"
34.4,10,1.04191947487524,1.02535282760103,1.05875378981908,"GO"
34.4,11,1.09868532758463,1.07568065486401,1.12218198179119,"GO"
34.4,12,1.16156541141395,1.12908381301092,1.19498144375594,"GO"
34.5,0,1.0434688644844,1.01077355366083,1.07722176466217,"GO"
34.5,1,1.00363476885085,0.980029171153643,1.02780894578941,"GO"
34.5,2,0.96793860552883,0.950946015291818,0.985234838789021,"GO"
34.5,3,0.938580973269449,0.924597313364021,0.952776122805579,"GO"
34.5,4,0.917536630424139,0.903269972650743,0.932028622294965,"GO"
34.5,5,0.906731530911665,0.891032616636429,0.922707041020566,"GO"
34.5,6,0.908267087028675,0.891718026225025,0.925123275652363,"GO"
34.5,7,0.923872260670038,0.907738415906953,0.94029286309621,"GO"
34.5,8,0.952554493505642,0.937650682374175,0.967695198387007,"GO"
34.5,9,0.992821958508256,0.978443169015826,1.00741205264649,"GO"
34.5,10,1.04323139687066,1.02628085931164,1.0604618974836,"GO"
34.5,11,1.10215263872345,1.07853696413613,1.12628540276135,"GO"
34.5,12,1.16755877136347,1.13410932423065,1.20199477727824,"GO"
34.6,0,1.04694248979386,1.01326499217177,1.08173931341147,"GO"
34.6,1,1.00525721274751,0.980992255682038,1.03012236633644,"GO"
34.6,2,0.96794997350018,0.950521746882175,0.985697754177883,"GO"
34.6,3,0.93728423323277,0.922967515296489,0.95182302660407,"GO"
34.6,4,0.915279505421427,0.900682773675778,0.930112796124217,"GO"
34.6,5,0.903902388443122,0.88784446048746,0.920250746830807,"GO"
34.6,6,0.905307341008891,0.888382287844531,0.922554842547713,"GO"
34.6,7,0.921279675777443,0.904780544058916,0.938079677523793,"GO"
34.6,8,0.950809802980528,0.935573904229559,0.966293819608343,"GO"
34.6,9,0.992387260924367,0.977695758865102,1.00729952719458,"GO"
34.6,10,1.04455842883469,1.02721390257266,1.06219581775221,"GO"
34.6,11,1.10567370111453,1.08142803744414,1.13046295361974,"GO"
34.6,12,1.17366070473572,1.1392096939993,1.20915355364032,"GO"
34.7,0,1.05051177884464,1.01581982019921,1.08638852633817,"GO"
34.7,1,1.00693318554924,0.981989241814589,1.0325107414484,"GO"
34.7,2,0.967983255155224,0.950107949007753,0.986194866845869,"GO"
34.7,3,0.93598730936215,0.921329727885334,0.950878080638716,"GO"
34.7,4,0.913007749839052,0.898073549726233,0.928190293011388,"GO"
34.7,5,0.901049848543025,0.884625042116352,0.917779613854321,"GO"
34.7,6,0.902319795343986,0.885010581529133,0.919967546221718,"GO"
34.7,7,0.918659224922422,0.901786739954295,0.935847395114546,"GO"
34.7,8,0.949042603656831,0.933467097560844,0.964877997209784,"GO"
34.7,9,0.991943252897286,0.976931754861226,1.00718541706961,"GO"
34.7,10,1.0459004129578,1.02815147958513,1.06395574537977,"GO"
34.7,11,1.10924828630361,1.08435310832002,1.13471502154292,"GO"
34.7,12,1.17987136478379,1.14438412461331,1.21645906081331,"GO"
34.8,0,1.05417628617093,1.01843700680509,1.09116973843215,"GO"
34.8,1,1.00866213396037,0.98301929242255,1.03497388945257,"GO"
34.8,2,0.968038103733135,0.949704141996335,0.986726001120104,"GO"
34.8,3,0.934690238799363,0.919683923936077,0.949941408965559,"GO"
34.8,4,0.910721820932469,0.89544274431095,0.926261606777318,"GO"
34.8,5,0.898174700322581,0.881375178831008,0.915294430425792,"GO"
34.8,6,0.89930538364892,0.881603879669906,0.91736231170256,"GO"
34.8,7,0.916011745592807,0.898757842741336,0.933596880228247,"GO"
34.8,8,0.947253441598779,0.931330731193997,0.963448378290252,"GO"
34.8,9,0.991490098336419,0.976151145229075,1.00707008325895,"GO"
34.8,10,1.04725719098886,1.0290931407484,1.06574184653517,"GO"
34.8,11,1.11287616476113,1.08731144957306,1.13904195396797,"GO"
34.8,12,1.18619090765922,1.14963187338209,1.22391254278121,"GO"
34.9,0,1.05793557345688,1.0211155764982,1.09608324791577,"GO"
34.9,1,1.01044350754734,0.984081611151194,1.0375115949481,"GO"
34.9,2,0.968114173851221,0.949309875530236,0.987290955008906,"GO"
34.9,3,0.933393058504975,0.918030099756892,0.949013111766144,"GO"
34.9,4,0.908422173337376,0.892790824283557,0.924327202481308,"GO"
34.9,5,0.895277727886909,0.878095712857851,0.912795949591545,"GO"
34.9,6,0.896265033785182,0.87816318104473,0.914740025686679,"GO"
34.9,7,0.913338071120061,0.89569471886165,0.931328961297765,"GO"
34.9,8,0.94544286130424,0.929165300642283,0.962005580033249,"GO"
34.9,9,0.991027961130425,0.975353943091586,1.00695386192754,"GO"
34.9,10,1.04862860420854,1.03003846433995,1.06755425902371,"GO"
34.9,11,1.11655710564916,1.09030237229326,1.14344405905805,"GO"
34.9,12,1.19261949178883,1.15495225054846,1.23151520032038,"GO"
35,0,1.06178920869614,1.02385460548063,1.10112931823395,"GO"
35,1,1.01227675838002,0.985175439904676,1.04012361052719,"GO"
35,2,0.968211121428189,0.948924727063375,0.987889501581746,"GO"
35,3,0.932095805258261,0.916368273855644,0.948093266612708,"GO"
35,4,0.906109259007658,0.8901182781115,0.922387517983943,"GO"
35,5,0.892359710165906,0.874787509008419,0.910284891047428,"GO"
35,6,0.893199667625405,0.874689508223577,0.912101538597866,"GO"
35,7,0.910639030469854,0.892598259776725,0.929044432623594,"GO"
35,8,0.943611405594062,0.926971326636592,0.960550190908195,"GO"
35,9,0.990557005132808,0.974540185843937,1.00683706497744,"GO"
35,10,1.05001449340304,1.03098705603301,1.0693930926725,"GO"
35,11,1.12029087658868,1.09332522463477,1.14792160638852,"GO"
35,12,1.19915727724743,1.16034461693167,1.23926819204622,"GO"
35.1,0,1.06573676535654,1.02665321787755,1.10630818006951,"GO"
35.1,1,1.01416134067745,0.986300056308067,1.04280965852793,"GO"
35.1,2,0.968328603608786,0.948548300205954,0.988521390385025,"GO"
35.1,3,0.930798515657141,0.914698485603073,0.947181929768166,"GO"
35.1,4,0.903783527155373,0.887425614123374,0.920442965537219,"GO"
35.1,5,0.889421420750981,0.871451452340967,0.907761943095802,"GO"
35.1,6,0.890110200826089,0.871183904969335,0.909447666669816,"GO"
35.1,7,0.907915448039092,0.88946937966269,0.926744056215431,"GO"
35.1,8,0.941759615504193,0.924749353578324,0.959082771956202,"GO"
35.1,9,0.990077394147759,0.97370993441445,1.00671998072188,"GO"
35.1,10,1.051414698838,1.03193854826834,1.07125842986257,"GO"
35.1,11,1.12407724342733,1.0963793904113,1.1524748278214,"GO"
35.1,12,1.20580442512588,1.16580838134563,1.24717263567356,"GO"
35.2,0,1.06977782154927,1.0295105819935,1.11162003333922,"GO"
35.2,1,1.01609671045789,0.987454771177415,1.04556943278756,"GO"
35.2,2,0.968466278689812,0.948180223098071,0.989186348872289,"GO"
35.2,3,0.929501226118132,0.913020793880065,0.946279137502975,"GO"
35.2,4,0.901445424192751,0.884713358755932,0.918493933380543,"GO"
35.2,5,0.886463627737654,0.868088445843276,0.905227764595398,"GO"
35.2,6,0.886997542608365,0.867647433663049,0.9067791940232,"GO"
35.2,7,0.905168143459417,0.886309013101359,0.92442856365274,"GO"
35.2,8,0.939888030180571,0.922499947938021,0.95760385813709,"GO"
35.2,9,0.989589291916264,0.972863272428155,1.00660287465796,"GO"
35.2,10,1.0528290602327,1.03289259949772,1.07315032619025,"GO"
35.2,11,1.1279159700074,1.09946428753599,1.1571039185355,"GO"
35.2,12,1.21256109689448,1.1713429978438,1.25522960943846,"GO"
35.3,0,1.07391195920218,1.03242590663173,1.11706504913272,"GO"
35.3,1,1.018082325193,0.98863892602463,1.04840260036914,"GO"
35.3,2,0.968623806047471,0.947820146791138,0.989884083829923,"GO"
35.3,3,0.928203972876306,0.91133527572509,0.945384907412773,"GO"
35.3,4,0.899095393676219,0.881982054819545,0.916540787323831,"GO"
35.3,5,0.883487093573959,0.864699408159244,0.902682986881396,"GO"
35.3,6,0.883862595546798,0.864081172778401,0.904096874712336,"GO"
35.3,7,0.902397931407129,0.883118112792287,0.922098657939537,"GO"
35.3,8,0.937997186776786,0.920223696621342,0.95611395971604,"GO"
35.3,9,0.989092862102468,0.972000305289162,1.0064859903218,"GO"
35.3,10,1.05425741673452,1.03384889331722,1.07506881123942,"GO"
35.3,11,1.13180681793411,1.10257936633777,1.16180903818013,"GO"
35.3,12,1.2194274537612,1.17694796283926,1.26344015363202,"GO"
35.4,0,1.0781387632368,1.03539843750747,1.12264337156234,"GO"
35.4,1,1.02011764346618,0.989851890619779,1.05130880323865,"GO"
35.4,2,0.968800846066064,0.947467743653513,0.990614282781911,"GO"
35.4,3,0.926906791985275,0.909642024995883,0.944499239722705,"GO"
35.4,4,0.89673387625242,0.879232259798195,0.914583872301567,"GO"
35.4,5,0.88049257491464,0.861285271378126,0.900128215636757,"GO"
35.4,6,0.880706255366157,0.860486214426224,0.901401434720581,"GO"
35.4,7,0.899605621419532,0.879897647307143,0.919755015332057,"GO"
35.4,8,0.936087620354508,0.917921205322128,0.95461356367016,"GO"
35.4,9,0.988588268280296,0.971121159197748,1.00636955021019,"GO"
35.4,10,1.05569960689365,1.03480713750886,1.07701388944649,"GO"
35.4,11,1.13574954634423,1.10572410778491,1.16659031212155,"GO"
35.4,12,1.22640365602466,1.18262281214505,1.2718052722005,"GO"
35.5,0,1.08245782074853,1.03842745377963,1.12835511949813,"GO"
35.5,1,1.02220212463478,0.991093060629354,1.05428765987358,"GO"
35.5,2,0.968997060067993,0.947122705814157,0.991376615359757,"GO"
35.5,3,0.925609719317176,0.907941151057472,0.943622118566349,"GO"
35.5,4,0.894361309606209,0.876464544197436,0.912623513884377,"GO"
35.5,5,0.877480822481075,0.857846978901777,0.897564032699386,"GO"
35.5,6,0.87752941074612,0.856863661985943,0.898693573887447,"GO"
35.5,7,0.89679201771766,0.876648598904281,0.917398287121342,"GO"
35.5,8,0.934159863786687,0.915593096880195,0.953103135097301,"GO"
35.5,9,0.988075673920338,0.97022598011757,1.00625375675348,"GO"
35.5,10,1.05715546863807,1.03576706300847,1.07898554103978,"GO"
35.5,11,1.13974391167483,1.10889802164461,1.17144783275316,"GO"
35.5,12,1.23348986242143,1.18836711797535,1.28032593437005,"GO"
35.6,0,1.08686872018981,1.04151226472004,1.13420038816784,"GO"
35.6,1,1.02433522849621,0.992361855345178,1.05733876678826,"GO"
35.6,2,0.969212110245079,0.946784743655724,0.992170734626138,"GO"
35.6,3,0.924312790562681,0.90623277750662,0.942753513229143,"GO"
35.6,4,0.891978128410631,0.873679489951174,0.910660019737211,"GO"
35.6,5,0.874452580926914,0.854385483401893,0.89499099779303,"GO"
35.6,6,0.874332943133846,0.853214627837129,0.895973967754126,"GO"
35.6,7,0.89395791903536,0.873371961418082,0.915029101356134,"GO"
35.6,8,0.932214447663506,0.913240009659332,0.951583118611666,"GO"
35.6,9,0.987555242376996,0.969314932707602,1.00613879332496,"GO"
35.6,10,1.05862483924877,1.03672842281737,1.08098372303612,"GO"
35.6,11,1.14378966743235,1.11210064460531,1.17638166084267,"GO"
35.6,12,1.24068622946759,1.19418048594379,1.28900307625943,"GO"
35.7,0,1.09137105055569,1.04465220653431,1.1401792506068,"GO"
35.7,1,1.02651641495784,0.993657715515087,1.06046169996442,"GO"
35.7,2,0.969445659591164,0.946453584366131,0.992996278343197,"GO"
35.7,3,0.923016041231013,0.904517040940889,0.941893379348115,"GO"
35.7,4,0.889584764278852,0.870877688895768,0.908693681015607,"GO"
35.7,5,0.871408588709354,0.850901744876169,0.892409650172871,"GO"
35.7,6,0.871117726564375,0.849540231200973,0.893243269317481,"GO"
35.7,7,0.891104118454695,0.870068738234522,0.912648064494512,"GO"
35.7,8,0.93025190020109,0.910862595958714,0.950053939712947,"GO"
35.7,9,0.987027136875884,0.968388199232351,1.00602482527325,"GO"
35.7,10,1.06010755533521,1.0376909908743,1.08300837027786,"GO"
35.7,11,1.14788656396177,1.11533153838557,1.18139182689233,"GO"
35.7,12,1.24799291079421,1.20006255208987,1.29783760244855,"GO"
35.8,0,1.09596440057162,1.0478466393436,1.14629175894742,"GO"
35.8,1,1.02874514371057,0.994980101283269,1.06365601617874,"GO"
35.8,2,0.969697371835998,0.946128970555513,0.993852870178517,"GO"
35.8,3,0.921719506649981,0.902794089778734,0.941041660061493,"GO"
35.8,4,0.887181645718021,0.86805974131771,0.906724773693727,"GO"
35.8,5,0.868349577966033,0.847396728809547,0.889820510179543,"GO"
35.8,6,0.86788462748878,0.845841596098457,0.890502110685582,"GO"
35.8,7,0.888231403247628,0.866739940361545,0.91025576297563,"GO"
35.8,8,0.92827274715296,0.908461520468813,0.948516006117933,"GO"
35.8,9,0.986491520501497,0.967445978462782,1.00591200096533,"GO"
35.8,10,1.0616034528111,1.03865456090292,1.08505939649534,"GO"
35.8,11,1.15203434821603,1.11859028785076,1.18647833249077,"GO"
35.8,12,1.2554100564765,1.20601297996002,1.30683038747607,"GO"
35.9,0,1.10064835788304,1.05109494433279,1.15253794554174,"GO"
35.9,1,1.03102087390608,0.996328490245314,1.06692125422241,"GO"
35.9,2,0.969966911380394,0.945810658943506,0.994740120843805,"GO"
35.9,3,0.920423221966022,0.901064083135402,0.940198287103414,"GO"
35.9,4,0.884769198085068,0.865226254579211,0.904753559819801,"GO"
35.9,5,0.865276274397473,0.84387140444429,0.887224080697711,"GO"
35.9,6,0.864634504610003,0.842119849429311,0.887751104630554,"GO"
35.9,7,0.885340554723953,0.863386584600229,0.907852764705453,"GO"
35.9,8,0.926277511724223,0.90603745878077,0.946969709045576,"GO"
35.9,9,0.985948556185137,0.966488484579049,1.00580045282893,"GO"
35.9,10,1.0631123668704,1.03961894524879,1.08713669538056,"GO"
35.9,11,1.15623276352556,1.12187649915579,1.19164115163831,"GO"
35.9,12,1.26293781235654,1.21203145776478,1.31598227724339,"GO"
36,0,1.10542250824647,1.05439652106726,1.15891782391414,"GO"
36,1,1.03334306383754,0.997702375620556,1.0702569360096,"GO"
36,2,0.970253943232639,0.945498419120083,0.99565762916302,"GO"
36,3,0.919127222144266,0.899327189757955,0.939363181840418,"GO"
36,4,0.882347843544401,0.862377841824278,0.902780288696348,"GO"
36,5,0.862189397155031,0.840326743160517,0.884620848517443,"GO"
36,6,0.861368208726325,0.838376119173537,0.884990846036752,"GO"
36,7,0.882432348085417,0.860009691820479,0.905439620452659,"GO"
36,8,0.924266714488489,0.903591095956243,0.945415424448487,"GO"
36,9,0.9853984066931,0.965515946084838,1.00569029838475,"GO"
36,10,1.06463413196356,1.04058397371816,1.08924014165992,"GO"
36,11,1.16048154936799,1.12518979792936,1.19688023203005,"GO"
36,12,1.27057631935931,1.2181176956295,1.32529409030742,"GO"
36.1,0,1.11028643472191,1.05775078497728,1.16543138954416,"GO"
36.1,1,1.03571117062389,0.999101264542189,1.07366256757432,"GO"
36.1,2,0.970558132946154,0.945192032381651,0.996604983068212,"GO"
36.1,3,0.917831541968603,0.897583587021434,0.938536256247683,"GO"
36.1,4,0.879918001027495,0.859515120766364,0.900805197984042,"GO"
36.1,5,0.859089658734287,0.836763716967105,0.88201128559833,"GO"
36.1,6,0.858086582582362,0.834611532715378,0.88222191324425,"GO"
36.1,7,0.879507552285994,0.856610285342961,0.903016865152863,"GO"
36.1,8,0.922240873307495,0.901123125162964,0.943853514185598,"GO"
36.1,9,0.984841234615126,0.964528604741758,1.0055816412598,"GO"
36.1,10,1.06616858177407,1.0415494924297,1.09136959215489,"GO"
36.1,11,1.16478044113799,1.12852982751237,1.20219549628408,"GO"
36.1,12,1.27832571280184,1.22427142295156,1.33476661904815,"GO"
36.2,0,1.11523971686617,1.06115716500715,1.17207862048158,"GO"
36.2,1,1.03812464989752,1.00052467646392,1.07713763995677,"GO"
36.2,2,0.970879146558393,0.944891290642825,0.997581760522613,"GO"
36.2,3,0.916536216041774,0.895833459987062,0.937717413824113,"GO"
36.2,4,0.87748008619435,0.856638712557442,0.898828514729321,"GO"
36.2,5,0.855977764873835,0.833183297101383,0.879395850237804,"GO"
36.2,6,0.854790460727548,0.830827215287971,0.87944486928917,"GO"
36.2,7,0.876566929898254,0.853189389427395,0.900585019120937,"GO"
36.2,8,0.920200503253448,0.898634246379646,0.942284327132314,"GO"
36.2,9,0.984277202353111,0.963526714530908,1.00547457217491,"GO"
36.2,10,1.06771554919524,1.04251536268828,1.09352488682141,"GO"
36.2,11,1.16912916991726,1.13189624726062,1.20758684310462,"GO"
36.2,12,1.28618612169527,1.23049238587376,1.34440063070104,"GO"
36.3,0,1.12028192992689,1.06461510142415,1.17885947779798,"GO"
36.3,1,1.0405829554953,1.00197214168049,1.08068162998151,"GO"
36.3,2,0.971216650530972,0.944595995423229,0.998587530371615,"GO"
36.3,3,0.915241278785466,0.894077000522449,0.936906550446293,"GO"
36.3,4,0.875034511396807,0.853749240737303,0.896850456316891,"GO"
36.3,5,0.8528544144594,0.829586452734907,0.876774988146187,"GO"
36.3,6,0.851480669381994,0.8270242885357,0.876660263043668,"GO"
36.3,7,0.873611236985784,0.849748027865882,0.898144589172601,"GO"
36.3,8,0.918146116534031,0.896125165172435,0.940708200225926,"GO"
36.3,9,0.983706472110072,0.962510540647485,1.0053691699005,"GO"
36.3,10,1.06927486630726,1.04348145988889,1.09570584976004,"GO"
36.3,11,1.17352746224462,1.13528873091947,1.2130541483724,"GO"
36.3,12,1.29415766803979,1.23678034487987,1.35419686824734,"GO"
36.4,0,1.12541264403721,1.06812404378097,1.1857739058803,"GO"
36.4,1,1.04308553915303,1.00344319995843,1.08429400093123,"GO"
36.4,2,0.971570311691012,0.944305956907797,0.999621853123116,"GO"
36.4,3,0.913946764440425,0.892314406482974,0.936103555162157,"GO"
36.4,4,0.872581685643697,0.85084733026104,0.894871231349106,"GO"
36.4,5,0.849720299433219,0.8259741497817,0.874149133431968,"GO"
36.4,6,0.848158026309652,0.823203869190245,0.873868630259359,"GO"
36.4,7,0.870641222981586,0.846287222678883,0.89569606965754,"GO"
36.4,8,0.916078222420105,0.893596591543904,0.93912545944525,"GO"
36.4,9,0.983129205879389,0.961480358533094,1.0052655021759,"GO"
36.4,10,1.07084636435451,1.04444767245684,1.09791229019055,"GO"
36.4,11,1.17797503988629,1.13870696507609,1.21859726615651,"GO"
36.4,12,1.30224046611214,1.24313507251601,1.3641560511584,"GO"
36.5,0,1.1306314234106,1.07168344902444,1.192821832573,"GO"
36.5,1,1.04563185020306,1.00493739927228,1.08797420312033,"GO"
36.5,2,0.971939797173705,0.944020993078342,1.00068428165947,"GO"
36.5,3,0.91265270706658,0.890545880952857,0.935308310925812,"GO"
36.5,4,0.870122014567803,0.847933606602058,0.892891040454835,"GO"
36.5,5,0.846576104708639,0.822347349804655,0.871518709501404,"GO"
36.5,6,0.844823340698695,0.819367067855596,0.87107049451869,"GO"
36.5,7,0.867657630572417,0.842807992910558,0.893239943407174,"GO"
36.5,8,0.913997327176053,0.891049238854549,0.937536420724482,"GO"
36.5,9,0.982545565434289,0.960436452949344,1.00516362658874,"GO"
36.5,10,1.07242987372319,1.04541390082968,1.1001440033858,"GO"
36.5,11,1.18247161960624,1.14215064769296,1.22421602964418,"GO"
36.5,12,1.31043462174562,1.24955635123879,1.37427887599238,"GO"
36.6,0,1.13593782553597,1.07529277974261,1.20000316917616,"GO"
36.6,1,1.04822133527533,1.00645429464136,1.09172167437363,"GO"
36.6,2,0.972324774366081,0.943740928913635,1.00177436188377,"GO"
36.6,3,0.91135914054318,0.88877163154397,0.934520695275492,"GO"
36.6,4,0.86765590039462,0.84500869492743,0.890910077030926,"GO"
36.6,5,0.843422508089848,0.818707009015366,0.868884129877065,"GO"
36.6,6,0.841477413049028,0.815514987896808,0.868266368099273,"GO"
36.6,7,0.86466119558899,0.839311353519563,0.890776682600845,"GO"
36.6,8,0.911903933992774,0.888483822815863,0.935941390802157,"GO"
36.6,9,0.981955712317604,0.959379117095313,1.00506359141167,"GO"
36.6,10,1.07402522391911,1.04638005648432,1.10240077156112,"GO"
36.6,11,1.18701691293677,1.14561948672455,1.22991025198642,"GO"
36.6,12,1.31874023160249,1.25604397138926,1.38456601684372,"GO"
36.7,0,1.14133140037262,1.0789515025417,1.2073178103074,"GO"
36.7,1,1.05085343800153,1.00799344706138,1.09553584041544,"GO"
36.7,2,0.972724910851971,0.943465595654836,1.00289163330354,"GO"
36.7,3,0.910066098568946,0.886991869750028,0.933740580956973,"GO"
36.7,4,0.865183741912893,0.842073219342099,0.888928527919725,"GO"
36.7,5,0.840260180196683,0.815054077362301,0.866245798940186,"GO"
36.7,6,0.838121035066819,0.811648724426902,0.865456752756517,"GO"
36.7,7,0.861652646901977,0.835798314360888,0.888306749554657,"GO"
36.7,8,0.909798542923291,0.885901060553385,0.934340668006757,"GO"
36.7,9,0.981359807831788,0.958308651770562,1.00496543639493,"GO"
36.7,10,1.07563224354587,1.04734606101236,1.10468236471638,"GO"
36.7,11,1.19161062594914,1.14911319881782,1.23567972705882,"GO"
36.7,12,1.3271573824386,1.26259772929025,1.3950181256475,"GO"
36.8,0,1.14681168954518,1.0826590865445,1.21476563363552,"GO"
36.8,1,1.0535275987225,1.00955442252512,1.0994161151747,"GO"
36.8,2,0.97313987435817,0.943194830132849,1.0040356295554,"GO"
36.8,3,0.90877361466223,0.885206810353531,0.932967836495092,"GO"
36.8,4,0.862705934446906,0.839127802198196,0.886946574026301,"GO"
36.8,5,0.837089784394446,0.811389497702119,0.863604112601899,"GO"
36.8,6,0.834754989565979,0.807769363386204,0.862642140430055,"GO"
36.8,7,0.858632706323755,0.832269879254053,0.885830597437501,"GO"
36.8,8,0.907681650820974,0.883301669737562,0.932734542981078,"GO"
36.8,9,0.980758013029186,0.957225364584646,1.00486919351362,"GO"
36.8,10,1.07725076028327,1.04831184524525,1.1069885414291,"GO"
36.8,11,1.19625245902445,1.15263150809605,1.24152423013824,"GO"
36.8,12,1.33568615036015,1.2692174254632,1.40563583234199,"GO"
36.9,0,1.15237822553818,1.08641500200158,1.22234649949412,"GO"
36.9,1,1.05624325419889,1.01113679112643,1.10336190101222,"GO"
36.9,2,0.973569332701782,0.942928474154003,1.00520587887411,"GO"
36.9,3,0.907481722161191,0.883416670882656,0.932202326716142,"GO"
36.9,4,0.860222869830513,0.83617306346562,0.884964390879195,"GO"
36.9,5,0.833911976728651,0.807714205048848,0.860959458908402,"GO"
36.9,6,0.831380050376473,0.803877980708293,0.85982301387952,"GO"
36.9,7,0.855602088515822,0.828727045132781,0.883348670918957,"GO"
36.9,8,0.905553751280332,0.880686367779838,0.9311232993479,"GO"
36.9,9,0.980150488702572,0.956129569213337,1.00477488766958,"GO"
36.9,10,1.07888060086595,1.04927734843016,1.10931904959763,"GO"
36.9,11,1.20094210662466,1.15617414502425,1.24744351849679,"GO"
36.9,12,1.34432660007255,1.27590286295976,1.41641974489372,"GO"
37,0,1.15803053089026,1.0902187190069,1.23006025038311,"GO"
37,1,1.05899983732491,1.01274012624157,1.10737258887546,"GO"
37,2,0.974012953738757,0.942666373940402,1.00640190450973,"GO"
37,3,0.906190454223982,0.881621671115151,0.931443913224099,"GO"
37,4,0.857734936382875,0.833209620159977,0.882982149138505,"GO"
37,5,0.830727405864646,0.804029125895708,0.858312218585124,"GO"
37,6,0.827996982259374,0.799975641566861,0.856999847255137,"GO"
37,7,0.852561500901809,0.825170801271204,0.880861406753839,"GO"
37,8,0.903415334580387,0.878055871091079,0.929507214319775,"GO"
37,9,0.979537395375942,0.955021584701286,1.00468253734809,"GO"
37,10,1.08052159106236,1.0502425174568,1.11167362713436,"GO"
37,11,1.20567925706384,1.15974084535395,1.2534373319156,"GO"
37,12,1.35307878412123,1.28265384580272,1.42737044919023,"GO"
37.1,0,1.16376811738798,1.09406970630971,1.23790671036583,"GO"
37.1,1,1.06179677684541,1.01436400378228,1.11144755838682,"GO"
37.1,2,0.974470405313591,0.942408379621225,1.00762322509664,"GO"
37.1,3,0.904899843828948,0.879822032626292,0.930692454833603,"GO"
37.1,4,0.855242518885897,0.830238085824025,0.881000015055112,"GO"
37.1,5,0.827536713032013,0.800335177604489,0.855662765524788,"GO"
37.1,6,0.824606540828547,0.796063399697847,0.854173106608485,"GO"
37.1,7,0.84951164358602,0.821602128581694,0.878369234308116,"GO"
37.1,8,0.901266887630576,0.87541089439924,0.927886559255974,"GO"
37.1,9,0.978918893295565,0.953901734810301,1.00459215523031,"GO"
37.1,10,1.082173555654,1.05120730613466,1.11405200260928,"GO"
37.1,11,1.21046359227958,1.16333134914445,1.25950539312118,"GO"
37.1,12,1.36194274212437,1.28947017753032,1.43848850880589,"GO"
37.2,0,1.16959048525911,1.09796743021477,1.24588568436958,"GO"
37.2,1,1.06463349707598,1.01600800151492,1.11558617787086,"GO"
37.2,2,0.974941355210216,0.942154344771382,1.0088693549779,"GO"
37.2,3,0.903609923774839,0.878017978377926,0.929947807962674,"GO"
37.2,4,0.852745998563333,0.827259070058838,0.879018150884772,"GO"
37.2,5,0.824340531973705,0.796633267857542,0.8530114672241,"GO"
37.2,6,0.821209472478873,0.792142296791467,0.85134325034857,"GO"
37.2,7,0.84645320927743,0.818021998979494,0.875872576030833,"GO"
37.2,8,0.899108893919187,0.872752150123049,0.926261600169771,"GO"
37.2,9,0.978295142421298,0.952770347412102,1.0045037487624,"GO"
37.2,10,1.08383631841495,1.05217167451968,1.11645389584503,"GO"
37.2,11,1.21529478760472,1.16694539985711,1.26564740814784,"GO"
37.2,12,1.3709184999975,1.29635165983771,1.44977446464694,"GO"
37.3,0,1.17549712236539,1.10191135356364,1.25399695739637,"GO"
37.3,1,1.06750941762643,1.01767169844051,1.1197878043257,"GO"
37.3,2,0.975425471104053,0.94190412599394,1.01013980448864,"GO"
37.3,3,0.902320726681031,0.876209732345688,0.929209826988051,"GO"
37.3,4,0.85024575306154,0.824273178101013,0.877036715260669,"GO"
37.3,5,0.821139488899808,0.792924294167682,0.850358685173604,"GO"
37.3,6,0.817806514320889,0.788213361948928,0.84851072964812,"GO"
37.3,7,0.843386883219055,0.814431374809473,0.873371847876505,"GO"
37.3,8,0.896941833464276,0.870080347798428,0.924632598189238,"GO"
37.3,9,0.97766630241815,0.951627753924078,1.00441732068297,"GO"
37.3,10,1.08550970209166,1.05313558828903,1.11887901846474,"GO"
37.3,11,1.2201725115393,1.17058274351898,1.27186306662993,"GO"
37.3,12,1.38000606916992,1.30329809130917,1.46122883448161,"GO"
37.4,0,1.18148750339479,1.10590093478981,1.26224029365105,"GO"
37.4,1,1.07042395312728,1.0193546742305,1.12405178334379,"GO"
37.4,2,0.975922420515235,0.941657582542931,1.01143408020175,"GO"
37.4,3,0.90103228498776,0.874397519181563,0.928478364565998,"GO"
37.4,4,0.847742156431863,0.82128101044243,0.875055863527873,"GO"
37.4,5,0.817934202445884,0.789209143441521,0.847704775204947,"GO"
37.4,6,0.814398394121751,0.784277611198951,0.845675988804733,"GO"
37.4,7,0.840313343122627,0.810831208330524,0.87086745968229,"GO"
37.4,8,0.89476618276708,0.867396193554399,0.922999809974796,"GO"
37.4,9,0.977032532648115,0.950474288786352,1.00433286951054,"GO"
37.4,10,1.08719352838301,1.05409901816225,1.12132707439441,"GO"
37.4,11,1.22509642552286,1.17424312795202,1.27815204202771,"GO"
37.4,12,1.38920544579296,1.3103092662348,1.47285211236152,"GO"
37.5,0,1.18756108905317,1.10993562704124,1.27061543559296,"GO"
37.5,1,1.07337651295967,1.0210565087135,1.12837744898674,"GO"
37.5,2,0.976431870762994,0.941414575983257,1.01275168513928,"GO"
37.5,3,0.89974463095637,0.87258156390907,0.927753271921265,"GO"
37.5,4,0.84523557911462,0.818283162489201,0.87307574804297,"GO"
37.5,5,0.814725283635804,0.785488691592026,0.845050087799608,"GO"
37.5,6,0.810985830252403,0.780336047069443,0.84283946556124,"GO"
37.5,7,0.837233259108488,0.80722244125333,0.868359815503988,"GO"
37.5,8,0.892582414767866,0.864700389635222,0.921363488096643,"GO"
37.5,9,0.97639399216225,0.949310288978285,1.00425038999271,"GO"
37.5,10,1.08888761792073,1.05506193936669,1.12379776032182,"GO"
37.5,11,1.23006618370698,1.17792630206374,1.28451399179096,"GO"
37.5,12,1.39851660994001,1.31738497350533,1.48464476794048,"GO"
37.6,0,1.19371732525555,1.11401487736424,1.27912210291726,"GO"
37.6,1,1.07636650098839,1.02277678140869,1.13276412361872,"GO"
37.6,2,0.976953488921214,0.941174969884591,1.01409211895251,"GO"
37.6,3,0.898457796669571,0.870762091648455,0.927034399106839,"GO"
37.6,4,0.842726387924675,0.815280224256678,0.871096518441958,"GO"
37.6,5,0.811513335848989,0.781763803196333,0.842394968362796,"GO"
37.6,6,0.807569531640844,0.776389658210002,0.840001591389321,"GO"
37.6,7,0.834147293650632,0.803606004327456,0.865849313914715,"GO"
37.6,8,0.89039099880421,0.861993633965653,0.919723881375149,"GO"
37.6,9,0.975750839693022,0.948136093572451,1.0041698735192,"GO"
37.6,10,1.09059179025008,1.05602433114541,1.12629076611407,"GO"
37.6,11,1.23508143272835,1.1816320151954,1.29094855746445,"GO"
37.6,12,1.4079395247984,1.324524995579,1.49660724569643,"GO"
37.7,0,1.19995564231684,1.11813812594284,1.28775999147142,"GO"
37.7,1,1.07939331529824,1.02451507110145,1.13721111770269,"GO"
37.7,2,0.977486941775146,0.940938629546367,1.01545487807379,"GO"
37.7,3,0.897171814031708,0.868939327369436,0.926321595236912,"GO"
37.7,4,0.84021494603857,0.812272780097534,0.869118321879294,"GO"
37.7,5,0.808298954791994,0.778035331195159,0.839739757466035,"GO"
37.7,6,0.804150197731378,0.772439419061191,0.83716279174016,"GO"
37.7,7,0.8310561015268,0.799982816973982,0.863336348269823,"GO"
37.7,8,0.888192400571682,0.859276619756278,0.918081235187155,"GO"
37.7,9,0.975103233646895,0.946952043324045,1.00409130850068,"GO"
37.7,10,1.09230586381074,1.05698617630491,1.12880577519601,"GO"
37.7,11,1.24014181148209,1.18536001652383,1.2974553647391,"GO"
37.7,12,1.41747413585308,1.33172910751463,1.50873996406237,"GO"
37.8,0,1.2062754541423,1.12230480538867,1.29652877211221,"GO"
37.8,1,1.0824563479337,1.0262709554577,1.14171772956334,"GO"
37.8,2,0.978031895779279,0.94070542175109,1.01683945584265,"GO"
37.8,3,0.895886714769041,0.867113495669162,0.925614708695404,"GO"
37.8,4,0.837701612983188,0.809261408460179,0.867141303240789,"GO"
37.8,5,0.805082728474339,0.774304116630374,0.837084791061618,"GO"
37.8,6,0.800728518449737,0.76848628956684,0.834323486265587,"GO"
37.8,7,0.827960329773562,0.79635378696011,0.860821306941414,"GO"
37.8,8,0.885987082086898,0.856550035146041,0.916435791741015,"GO"
37.8,9,0.97445133209719,0.945758480293637,1.0040146807155,"GO"
37.8,10,1.09402965591818,1.05794746080076,1.13134246489189,"GO"
37.8,11,1.24524695089563,1.1891100545128,1.30403402345311,"GO"
37.8,12,1.42712037006219,1.33899707606531,1.52104331447181,"GO"
37.9,0,1.21267615741765,1.12651434007651,1.30542808950781,"GO"
37.9,1,1.08555498464193,1.0280440106731,1.14628324512039,"GO"
37.9,2,0.978588017016379,0.940475214543449,1.01824534260898,"GO"
37.9,3,0.894602530430038,0.865284820573217,0.924913587322207,"GO"
37.9,4,0.835186744625941,0.806246681674914,0.865165605332848,"GO"
37.9,5,0.801865237188532,0.770570988417578,0.834430400671899,"GO"
37.9,6,0.797305174173963,0.764531214925884,0.831484089012898,"GO"
37.9,7,0.824860617646288,0.792719810112457,0.858304573525537,"GO"
37.9,8,0.88377550165293,0.853814562879196,0.914787790323036,"GO"
37.9,9,0.973795292777185,0.944555747501218,1.00393997362636,"GO"
37.9,10,1.09576298274515,1.0589081733585,1.13390050673263,"GO"
37.9,11,1.25039647370307,1.19288187641038,1.31068412754659,"GO"
37.9,12,1.43687813502459,1.34632865882741,1.5335176603237,"GO"
38,0,1.21915713079913,1.1307661455211,1.31445756088976,"GO"
38,1,1.08868860461919,1.02983381115405,1.15090693759557,"GO"
38,2,0.979154971157681,0.940247877032829,1.01967202581551,"GO"
38,3,0.893319292385678,0.863453525357633,0.924218078579176,"GO"
38,4,0.832670693166441,0.80322916576547,0.863191369050369,"GO"
38,5,0.79864705349417,0.766836763150781,0.831776913556118,"GO"
38,6,0.793880835710928,0.760575125380555,0.828645008596273,"GO"
38,7,0.821757596583936,0.789081770065956,0.855786527024902,"GO"
38,8,0.881558113827031,0.851070880014111,0.91313746751785,"GO"
38,9,0.973135273073475,0.943344188609504,1.00386716866901,"GO"
38,10,1.09750565930356,1.0598683051277,1.13647956673089,"GO"
38,11,1.25558999422007,1.19667522778865,1.31740525497364,"GO"
38,12,1.44674731813939,1.3537236034399,1.54616333587216,"GO"
38.1,0,1.22571773410349,1.13505962779135,1.32361677475852,"GO"
38.1,1,1.09185658026068,1.03163992922735,1.15558806719649,"GO"
38.1,2,0.979732423424242,0.940023279217053,1.02111899006184,"GO"
38.1,3,0.892037031829765,0.861619832390017,0.923528029697749,"GO"
38.1,4,0.830153807129641,0.800209420283706,0.861218733525411,"GO"
38.1,5,0.795428742206073,0.763102244936478,0.829124652857238,"GO"
38.1,6,0.790456164278388,0.756618936037946,0.825806648347441,"GO"
38.1,7,0.818651890178561,0.785440538045538,0.853267542009749,"GO"
38.1,8,0.87933536939066,0.84831965766146,0.911485057405073,"GO"
38.1,9,0.972471430019586,0.942124147634494,1.0037962455148,"GO"
38.1,10,1.09925749942669,1.06082784936677,1.13907930562638,"GO"
38.1,11,1.26082711811934,1.2004898521223,1.32419696757517,"GO"
38.1,12,1.45672778575753,1.36118164682945,1.55898064504533,"GO"
38.2,0,1.23235730749813,1.13939418295831,1.33290528954685,"GO"
38.2,1,1.09505827691393,1.03346193487597,1.16032588078013,"GO"
38.2,2,0.980320038549459,0.939801291825315,1.02258571715205,"GO"
38.2,3,0.890755779779255,0.859783962988053,0.922843287809933,"GO"
38.2,4,0.827636431360423,0.797187998165475,0.859247836258609,"GO"
38.2,5,0.792210860386346,0.759368225254706,0.826473937731022,"GO"
38.2,6,0.787031811492445,0.752663546722273,0.822969406448005,"GO"
38.2,7,0.815544114149471,0.781796972677973,0.850747988759237,"GO"
38.2,8,0.87710771532177,0.845561560749538,0.909830791734457,"GO"
38.2,9,0.971803920289834,0.940895968681383,1.00372718230924,"GO"
38.2,10,1.10101831575168,1.06178680115646,1.14169937910354,"GO"
38.2,11,1.26610744220685,1.20432549040284,1.33105881091611,"GO"
38.2,12,1.46681938232566,1.36870251449694,1.57196986019788,"GO"
38.3,0,1.23907517069171,1.14376919657375,1.34232263224418,"GO"
38.3,1,1.09829305263565,1.03529939549821,1.16511961149871,"GO"
38.3,2,0.980917480742741,0.939581786178461,1.02407168612773,"GO"
38.3,3,0.889475567074589,0.857946137293765,0.922163700064263,"GO"
38.3,4,0.825118907019605,0.794165445605781,0.857278813235074,"GO"
38.3,5,0.788993957340294,0.755635482844789,0.823825083459406,"GO"
38.3,6,0.783608419360294,0.748709841855327,0.820133676045612,"GO"
38.3,7,0.81243487632193,0.778151919831478,0.848228233385552,"GO"
38.3,8,0.874875594769341,0.842797247814561,0.908174900081566,"GO"
38.3,9,0.971132900193446,0.939659995703969,1.00365995588818,"GO"
38.3,10,1.10278791970228,1.0627451571397,1.14433943798384,"GO"
38.3,11,1.27143055419866,1.20818188078555,1.33799031408984,"GO"
38.3,12,1.47702192952226,1.37628591984134,1.58513122080124,"GO"
38.4,0,1.24587062212517,1.14818404317629,1.35186829698542,"GO"
38.4,1,1.1015602579523,1.0371518756882,1.16996847843019,"GO"
38.4,2,0.981524413654351,0.939364634064921,1.02557637328822,"GO"
38.4,3,0.888196424380041,0.856106574162054,0.921489113728216,"GO"
38.4,4,0.822601571581346,0.791142301951548,0.855311799026444,"GO"
38.4,5,0.785778574616116,0.751904783613752,0.821178401549994,"GO"
38.4,6,0.780186620278168,0.744758690362864,0.817299845355951,"GO"
38.4,7,0.809324776610335,0.774506212480874,0.845708637942712,"GO"
38.4,8,0.872639447030118,0.84002737081399,0.906517609985891,"GO"
38.4,9,0.970458525668921,0.938416572285809,1.00359454197348,"GO"
38.4,10,1.10456612147205,1.06370291528596,1.14699912839461,"GO"
38.4,11,1.27679603249863,1.21205875826615,1.34499098949316,"GO"
38.4,12,1.4873352253863,1.38393156351749,1.59846493207535,"GO"
38.5,0,1.25274293816368,1.15263808582263,1.36154174360717,"GO"
38.5,1,1.1048592356243,1.03901893703557,1.17487168619578,"GO"
38.5,2,0.982140500341401,0.939149707630716,1.02709925219947,"GO"
38.5,3,0.886918382184078,0.854265491062158,0.920819376278406,"GO"
38.5,4,0.820084758831925,0.78811909961043,0.853346926880536,"GO"
38.5,5,0.782565246008289,0.748176880565508,0.818534199823344,"GO"
38.5,6,0.776767037034319,0.740810945604844,0.814468297752336,"GO"
38.5,7,0.80621440700577,0.770860670596275,0.843189560521867,"GO"
38.5,8,0.870399707527536,0.837252574961041,0.904859147073119,"GO"
38.5,9,0.969780952278649,0.937166041441452,1.00353091534979,"GO"
38.5,10,1.10635273000774,1.06466007467806,1.14967809191653,"GO"
38.5,11,1.2822034459769,1.21595585438464,1.35206033257435,"GO"
38.5,12,1.49775904343849,1.39163913282414,1.61197116356546,"GO"
38.6,0,1.25969137228955,1.15713067564144,1.37134239617413,"GO"
38.6,1,1.10818932041401,1.04090013794252,1.1798284245664,"GO"
38.6,2,0.982765403235026,0.938936879282151,1.02863979369317,"GO"
38.6,3,0.885641470799725,0.852423103990784,0.920154335479837,"GO"
38.6,4,0.81756879886987,0.785096363974277,0.851384328799952,"GO"
38.6,5,0.779354497564558,0.744452513749119,0.815892782489544,"GO"
38.6,6,0.773350282816961,0.736867445327632,0.811639411844494,"GO"
38.6,7,0.803104351567849,0.767216101053453,0.840671355334706,"GO"
38.6,8,0.868156807792792,0.834473498578698,0.903199735163177,"GO"
38.6,9,0.969100335203769,0.935908745436181,1.00346905002406,"GO"
38.6,10,1.1081475529931,1.06561663531959,1.15237596571145,"GO"
38.6,11,1.2876523537493,1.21987289695385,1.35919782155701,"GO"
38.6,12,1.50829313179537,1.39940830111952,1.62565004766738,"GO"
38.7,0,1.26671515429653,1.16166115140788,1.38126964147835,"GO"
38.7,1,1.11154983885754,1.04279503345659,1.18483786805995,"GO"
38.7,2,0.983398784108716,0.938726021599892,1.03019746585729,"GO"
38.7,3,0.884365720364941,0.850579627395779,0.919493839455298,"GO"
38.7,4,0.815054018107422,0.782074613355939,0.849424135610844,"GO"
38.7,5,0.776146847596464,0.740732410224572,0.813254450215421,"GO"
38.7,6,0.769936961227026,0.732929011636435,0.808813561547981,"GO"
38.7,7,0.799995186420773,0.763573297564188,0.838154372786469,"GO"
38.7,8,0.865911175448047,0.831690772971692,0.901539596365511,"GO"
38.7,9,0.968416829239287,0.934645025622792,1.0034089193691,"GO"
38.7,10,1.10995039683297,1.0665725979613,1.15509238263252,"GO"
38.7,11,1.2931423049578,1.22380960981044,1.36640291714214,"GO"
38.7,12,1.51893721227644,1.40723872726129,1.63950167810421,"GO"
38.8,0,1.27381348948575,1.16622883913682,1.39132282751371,"GO"
38.8,1,1.11494010904048,1.0447031751176,1.18989917553115,"GO"
38.8,2,0.984040304047823,0.938517007263254,1.03177173401921,"GO"
38.8,3,0.883091160843016,0.848735274109311,0.918837736745965,"GO"
38.8,4,0.812540739273284,0.779054358938262,0.847466477022941,"GO"
38.8,5,0.772942806693311,0.737017284044646,0.810619500183583,"GO"
38.8,6,0.766527666295631,0.728996450986374,0.805991116145513,"GO"
38.8,7,0.796887479753492,0.759933040625056,0.835638959539845,"GO"
38.8,8,0.863663234191721,0.828905022314987,0.899878951162939,"GO"
38.8,9,0.967730588789428,0.933375222294027,1.00335049625275,"GO"
38.8,10,1.11176106663772,1.06752796394478,1.157826971318,"GO"
38.8,11,1.29867283855192,1.22776571258618,1.37367506219075,"GO"
38.8,12,1.52969097950447,1.41513005506869,1.65352610835742,"GO"
38.9,0,1.28098555786359,1.17083305169325,1.40150126192799,"GO"
38.9,1,1.11835944037772,1.04662411081747,1.19501148975546,"GO"
38.9,2,0.984689623420237,0.938309708983652,1.03336206072273,"GO"
38.9,3,0.881817822022961,0.846890255289607,0.918185876364117,"GO"
38.9,4,0.810029281416674,0.776036104734202,0.845511481681833,"GO"
38.9,5,0.769742877739507,0.733307836251586,0.807988226144387,"GO"
38.9,6,0.763122982506139,0.725070554190781,0.803172440341351,"GO"
38.9,7,0.793781791823902,0.756296097483235,0.833125458570982,"GO"
38.9,8,0.861413403785844,0.826116863557496,0.898218018485311,"GO"
38.9,9,0.967041767863245,0.932099674549383,1.00329375315378,"GO"
38.9,10,1.11357936620802,1.06848273506185,1.16057935627052,"GO"
38.9,11,1.30424348307136,1.23174092049779,1.381013681389,"GO"
38.9,12,1.54055409999935,1.42308191280432,1.66772335005508,"GO"
39,0,1.28823051334187,1.17547308841825,1.41180421045469,"GO"
39,1,1.12180713339723,1.0485573846717,1.20017393700865,"GO"
39,2,0.985346401848246,0.938103999446241,1.03496790569959,"GO"
39,3,0.880545733519921,0.845044780370405,0.917538107838824,"GO"
39,4,0.807519959912614,0.773020347557083,0.84355927721439,"GO"
39,5,0.766547555935186,0.729604754887409,0.805360918461781,"GO"
39,6,0.759723484820694,0.721152096445379,0.80035789430977,"GO"
39,7,0.79067867496698,0.752663222118048,0.830614209218643,"GO"
39,8,0.859162100045458,0.823326906339811,0.896557015774074,"GO"
39,9,0.966350520070464,0.930818720175087,1.00323866226584,"GO"
39,10,1.11540509801992,1.06943691342842,1.16334915792309,"GO"
39,11,1.30985375642983,1.23573494415334,1.3884181808979,"GO"
39,12,1.5515262112656,1.43109391267362,1.68209337131964,"GO"
39.1,0,1.29554748294081,1.1801482347694,1.42223089532667,"GO"
39.1,1,1.12528247952817,1.05050253690139,1.20538562664311,"GO"
39.1,2,0.986010298181567,0.937899751258888,1.0365887258368,"GO"
39.1,3,0.879274924775594,0.843199057017339,0.916894281255379,"GO"
39.1,4,0.805013086468464,0.770007577000153,0.841609990268126,"GO"
39.1,5,0.763357328820037,0.725908715016769,0.802737864153899,"GO"
39.1,6,0.756329738711106,0.717241837367155,0.797547833738519,"GO"
39.1,7,0.787578673606768,0.74903515523705,0.828105547227478,"GO"
39.1,8,0.85690973483,0.820535752924843,0.894896159038763,"GO"
39.1,9,0.965656998617578,0.929532695536157,1.0031851955904,"GO"
39.1,10,1.11723806321037,1.07039050137139,1.16613599269317,"GO"
39.1,11,1.31550316570014,1.23974748937388,1.39588794798938,"GO"
39.1,12,1.56260692087397,1.4391656503402,1.69663609507774,"GO"
39.2,0,1.30293556599498,1.18485776197446,1.4327804936735,"GO"
39.2,1,1.12878476089321,1.05245910372492,1.21064565066251,"GO"
39.2,2,0.98668097047157,0.93769683690769,1.03822397514023,"GO"
39.2,3,0.87800542505866,0.841353291090563,0.916254247289157,"GO"
39.2,4,0.802508969131661,0.766998275424606,0.839663746545238,"GO"
39.2,5,0.760172676300261,0.722220378761403,0.800119346929156,"GO"
39.2,6,0.752942300193986,0.713340521046834,0.794742609868072,"GO"
39.2,7,0.784482324272128,0.745412624285599,0.825599804786255,"GO"
39.2,8,0.854656716036686,0.817743998140392,0.893235662906338,"GO"
39.2,9,0.964961356304183,0.9282419354795,1.00313332501985,"GO"
39.2,10,1.119078061563,1.07134350132739,1.16893947302613,"GO"
39.2,11,1.32119120690072,1.24377825702856,1.40342235067042,"GO"
39.2,12,1.5737958055373,1.44729670445528,1.71135139733424,"GO"
39.3,0,1.3103938333628,1.18960092669727,1.4434521359046,"GO"
39.3,1,1.13231325010532,1.05442661725828,1.21595308329552,"GO"
39.3,2,0.98735807594668,0.937495128718331,1.03987310469538,"GO"
39.3,3,0.876737263465218,0.839507686612958,0.915617857234536,"GO"
39.3,4,0.800007912298643,0.763992917955381,0.837720670831941,"GO"
39.3,5,0.756994070678564,0.718540395345282,0.797505647218537,"GO"
39.3,6,0.749561715870008,0.709448876113931,0.791942569527398,"GO"
39.3,7,0.78139015561616,0.741796343468903,0.823097310561821,"GO"
39.3,8,0.85240344759581,0.814952229332693,0.891575740664183,"GO"
39.3,9,0.964263745519554,0.926946773247121,1.0030830224116,"GO"
39.3,10,1.12092489149428,1.07229591575231,1.17175920742916,"GO"
39.3,11,1.32691736478365,1.24782694288221,1.41102073729673,"GO"
39.3,12,1.58509241018106,1.45548663619985,1.72623910541258,"GO"
39.4,0,1.31792132664007,1.19437697071512,1.45424490407979,"GO"
39.4,1,1.13586721006904,1.05640460542347,1.22130698057004,"GO"
39.4,2,0.988041270988976,0.937294498822642,1.04153556262602,"GO"
39.4,3,0.875470468919236,0.837662445743384,0.914984963029447,"GO"
39.4,4,0.797510216724943,0.76099197248408,0.835780887023707,"GO"
39.4,5,0.753821976687128,0.714869401149647,0.794897042204685,"GO"
39.4,6,0.746188522967176,0.705567615813483,0.789148055166871,"GO"
39.4,7,0.77830268843922,0.738187013785672,0.820598389729455,"GO"
39.4,8,0.850150329467981,0.812161026330144,0.889916604297527,"GO"
39.4,9,0.963564318239462,0.925647540398574,1.00303425965405,"GO"
39.4,10,1.12277835004002,1.07324774704052,1.1745948004967,"GO"
39.4,11,1.33268111262416,1.25189323745388,1.41868243617747,"GO"
39.4,12,1.59649624700884,1.46373498883812,1.74129899616357,"GO"
39.5,0,1.32551705737781,1.19918512060686,1.46515783026926,"GO"
39.5,1,1.13944589378637,1.05839259186413,1.22670637988867,"GO"
39.5,2,0.988730211111988,0.937094819129797,1.04321079405109,"GO"
39.5,3,0.874205070173007,0.835817768754421,0.914355417276057,"GO"
39.5,4,0.795016179536409,0.757995899678397,0.833844518146912,"GO"
39.5,5,0.750656851523457,0.711208019777188,0.792293805848311,"GO"
39.5,6,0.742823249387997,0.701697438093605,0.786359404888885,"GO"
39.5,7,0.77522043571543,0.734585323072524,0.818103364000222,"GO"
39.5,8,0.847897757643224,0.809370961416412,0.888258464521965,"GO"
39.5,9,0.962863226023233,0.924344566741846,1.00298700872528,"GO"
39.5,10,1.12463823284232,1.07419899745293,1.17744585292831,"GO"
39.5,11,1.33848191201193,1.25597682588552,1.42640675517243,"GO"
39.5,12,1.60800679456322,1.47204128728119,1.75653079414447,"GO"
39.6,0,1.33318000630516,1.20402458745102,1.47618989490455,"GO"
39.6,1,1.14304854416747,1.0603900958679,1.23215029960647,"GO"
39.6,2,0.989424550939691,0.936895961301625,1.0448982410407,"GO"
39.6,3,0.872941095807618,0.833973854014164,0.913729073258047,"GO"
39.6,4,0.792526094241556,0.755005152997547,0.831911686377346,"GO"
39.6,5,0.747499144889037,0.707556862124705,0.789696208912411,"GO"
39.6,6,0.73946641376043,0.697839025703088,0.783576952476665,"GO"
39.6,7,0.772143902622609,0.730991946058405,0.815612551645866,"GO"
39.6,8,0.845646124141945,0.806582599312243,0.886601530811674,"GO"
39.6,9,0.962160620011045,0.923038180271964,1.00294124174503,"GO"
39.6,10,1.12650433413676,1.07514966905291,1.18031196153999,"GO"
39.6,11,1.34431921264409,1.26007738781964,1.43419298128274,"GO"
39.6,12,1.61962349678235,1.48040503765987,1.77193416977022,"GO"
39.7,0,1.34090912255762,1.20889456653352,1.48734002512235,"GO"
39.7,1,1.14667439384609,1.06239663229488,1.23763773861187,"GO"
39.7,2,0.990123944186704,0.93669779673158,1.04659734257148,"GO"
39.7,3,0.871678574233428,0.83213089797163,0.913105784954912,"GO"
39.7,4,0.790040250745002,0.752020178713204,0.829982513056025,"GO"
39.7,5,0.744349299030728,0.703916526463619,0.787104518984712,"GO"
39.7,6,0.736118525492522,0.693993046298364,0.78080102742171,"GO"
39.7,7,0.769073586575525,0.727407544428332,0.81312626752171,"GO"
39.7,8,0.843395817017707,0.803796497165341,0.884946011423895,"GO"
39.7,9,0.961456650921457,0.921728707116638,1.00289693102086,"GO"
39.7,10,1.12837644674007,1.07609976364942,1.18319271926962,"GO"
39.7,11,1.35019245212006,1.26419459728516,1.44204038023648,"GO"
39.7,12,1.63134576205271,1.48882572690564,1.78750873743868,"GO"
39.8,0,1.34870332291139,1.21379423706452,1.49860709310283,"GO"
39.8,1,1.15032266500018,1.06441171151183,1.24316767591147,"GO"
39.8,2,0.990828043639706,0.936500196526957,1.04830753448179,"GO"
39.8,3,0.870417533690549,0.830289095145405,0.912485407053622,"GO"
39.8,4,0.787558935361975,0.74904141593549,0.828057118702641,"GO"
39.8,5,0.741207748784802,0.700287598527764,0.784519000498697,"GO"
39.8,6,0.732780084830592,0.690160152559127,0.778031954950234,"GO"
39.8,7,0.76600997726239,0.723832766895804,0.810644823087974,"GO"
39.8,8,0.841147220361807,0.801013204547708,0.883292113420154,"GO"
39.8,9,0.960751469049184,0.920416471488335,1.00285404908887,"GO"
39.8,10,1.13025436203811,1.07704928274648,1.18608771517735,"GO"
39.8,11,1.35610105573851,1.26832812259052,1.44994819607011,"GO"
39.8,12,1.64317296225842,1.49730282233914,1.80325405363162,"GO"
39.9,0,1.35656149102419,1.21872276190394,1.5099899144042,"GO"
39.9,1,1.15399256917746,1.06643483933157,1.2487390702197,"GO"
39.9,2,0.991536501140061,0.936303031493979,1.05002824942727,"GO"
39.9,3,0.869158002249349,0.828448638115199,0.911867794958017,"GO"
39.9,4,0.785082430833874,0.746069296643645,0.826135623027016,"GO"
39.9,5,0.738074921623565,0.696670651607959,0.781939914753555,"GO"
39.9,6,0.729451582920872,0.686340982312057,0.775270056048959,"GO"
39.9,7,0.762953556684516,0.720268249283332,0.808168526429898,"GO"
39.9,8,0.838900714309604,0.798233263459956,0.881640042684676,"GO"
39.9,9,0.960045224263098,0.919101795642231,1.00281256874963,"GO"
39.9,10,1.13213786997424,1.07799822749843,1.18899653444159,"GO"
39.9,11,1.36204443629625,1.27247762622353,1.45791565070684,"GO"
39.9,12,1.65510443182768,1.50583577126534,1.81916961499311,"GO"
40,0,1.36448247668332,1.22367928729551,1.5214872462953,"GO"
40,1,1.15768330712636,1.06846551695731,1.25435085955382,"GO"
40,2,0.992248967567669,0.936106172125429,1.05175891683704,"GO"
40,3,0.867900007810947,0.826609717515984,0.911252804796208,"GO"
40,4,0.782611016344848,0.743104245720995,0.824218144938814,"GO"
40,5,0.734951237704472,0.693066246652859,0.779367519933323,"GO"
40,6,0.726133501874497,0.68253615866206,0.772515647490529,"GO"
40,7,0.759904799199034,0.716714614610505,0.805697682276981,"GO"
40,8,0.836656675048581,0.795457208342074,0.879990003940382,"GO"
40,9,0.95933806600447,0.91778499983952,1.00277246309988,"GO"
40,10,1.13402675903815,1.07894659867038,1.1919187583513,"GO"
40,11,1.36802199388944,1.27664276475713,1.46594194353286,"GO"
40,12,1.6671394667766,1.51442400057486,1.83525485638708,"GO"
40.1,0,1.37246509506141,1.22866294260899,1.53309778608776,"GO"
40.1,1,1.16139406863224,1.07050324093153,1.26000196083519,"GO"
40.1,2,0.992965092826044,0.935909488590518,1.05349896287078,"GO"
40.1,3,0.866643578107734,0.824772522034459,0.91064029342626,"GO"
40.1,4,0.78014496753938,0.740146680993895,0.822304802555807,"GO"
40.1,5,0.731837109921676,0.689474932375655,0.776802071125484,"GO"
40.1,6,0.72282631483572,0.678746290130512,0.769769041858811,"GO"
40.1,7,0.75686417156461,0.713172473189134,0.803232592021627,"GO"
40.1,8,0.834415474828108,0.792685566090218,0.878342200762836,"GO"
40.1,9,0.958630143285442,0.916466402315622,1.00273370556031,"GO"
40.1,10,1.13592081625494,1.07989439660318,1.19485396429502,"GO"
40.1,11,1.37403311571707,1.28082318876057,1.47402625097233,"GO"
40.1,12,1.67927732375121,1.52306691635087,1.85150914893576,"GO"
40.2,0,1.38050812598069,1.23367284009042,1.54482016946975,"GO"
40.2,1,1.16512403235931,1.07254750308916,1.26569126949743,"GO"
40.2,2,0.993684525828621,0.935712850726737,1.05524781037726,"GO"
40.2,3,0.865388740703892,0.822937238407581,0.910030118440402,"GO"
40.2,4,0.777684556540859,0.737197013274347,0.8203957132109,"GO"
40.2,5,0.728732943959925,0.685897245366226,0.774243820339228,"GO"
40.2,6,0.719530486053263,0.674971970800033,0.767030547574287,"GO"
40.2,7,0.753832132990058,0.709642422724992,0.800773553737443,"GO"
40.2,8,0.832177481970868,0.789918856079122,0.876696835592451,"GO"
40.2,9,0.957921604687727,0.915146319252873,1.00269626989993,"GO"
40.2,10,1.13781982717477,1.08084162118259,1.1978017257473,"GO"
40.2,11,1.38007717588692,1.28501854271544,1.48216772606198,"GO"
40.2,12,1.69151721906794,1.53176390348126,1.86793179804052,"GO"
40.3,0,1.3886103131863,1.23870807462036,1.55665296884283,"GO"
40.3,1,1.16887236569803,1.07459779051476,1.27141765910204,"GO"
40.3,2,0.994406914486309,0.935516128033449,1.05700487885424,"GO"
40.3,3,0.864135522995924,0.821104051422944,0.909422138167973,"GO"
40.3,4,0.775230051971099,0.734255646406027,0.818490993458134,"GO"
40.3,5,0.72563913835073,0.682333710208338,0.771693016523567,"GO"
40.3,6,0.716246470954689,0.671213780465333,0.764300468919742,"GO"
40.3,7,0.750809135185783,0.706125048425727,0.798320862197422,"GO"
40.3,8,0.82994306088593,0.787157590189764,0.875054109745232,"GO"
40.3,9,0.95721259836155,0.913825064757292,1.00266013025745,"GO"
40.3,10,1.13972357586274,1.08178827181208,1.2007616122529,"GO"
40.3,11,1.38615353522406,1.28922846493622,1.49036549802614,"GO"
40.3,12,1.70385832775328,1.54051432527556,1.88452204138699,"GO"
40.4,0,1.39677036362939,1.24376772347986,1.56859469166388,"GO"
40.4,1,1.1726382246185,1.07665358550359,1.27717998096226,"GO"
40.4,2,0.995131905696282,0.935319189667006,1.0587695844103,"GO"
40.4,3,0.862883952213196,0.819273143920809,0.908816211677304,"GO"
40.4,4,0.772781718970803,0.73132297731346,0.816590759077846,"GO"
40.4,5,0.722556084530753,0.678784839601582,0.76914990558548,"GO"
40.4,6,0.712974716223697,0.66747228478973,0.761579106066401,"GO"
40.4,7,0.747795622417952,0.702620923114562,0.795874808892183,"GO"
40.4,8,0.827712572083421,0.784402272841932,0.873414223422337,"GO"
40.4,9,0.956503272024809,0.9125029508391,1.00262526115983,"GO"
40.4,10,1.14163184488932,1.08273434738883,1.20373318940933,"GO"
40.4,11,1.392261541082,1.29345258749466,1.49861867185297,"GO"
40.4,12,1.7162997825831,1.54931752308637,1.90127904693594,"GO"
40.5,0,1.40498694676072,1.24885084612437,1.58064377879391,"GO"
40.5,1,1.17642075352974,1.07871436552624,1.28297706377566,"GO"
40.5,2,0.995859145332024,0.935121904437204,1.06054133972864,"GO"
40.5,3,0.861634055418482,0.817444696797601,0.908212198776697,"GO"
40.5,4,0.770339819220937,0.728399396054126,0.814695125081145,"GO"
40.5,5,0.719484166902315,0.67525113448769,0.76661473040821,"GO"
40.5,6,0.709715659880224,0.663748035466938,0.758866755100644,"GO"
40.5,7,0.744792031565342,0.699130607349407,0.793435682048458,"GO"
40.5,8,0.825486372190787,0.781653401031396,0.871777375718647,"GO"
40.5,9,0.955793772962468,0.911180287396656,1.00259163753852,"GO"
40.5,10,1.14354441532109,1.08367984628273,1.20671601884795,"GO"
40.5,11,1.3984005271568,1.29769053614795,1.50692632787256,"GO"
40.5,12,1.72884067312234,1.55817281593515,1.91820191090184,"GO"
40.6,0,1.41325869383548,1.2539564839653,1.59279860285554,"GO"
40.6,1,1.18021908514514,1.08077960319682,1.28880771326618,"GO"
40.6,2,0.996588278234635,0.93492414080491,1.06231955403312,"GO"
40.6,3,0.860385859508525,0.815618889010717,0.907609960014666,"GO"
40.6,4,0.767904610965005,0.725485285873283,0.812804205713846,"GO"
40.6,5,0.716423762895981,0.671733084180953,0.764087730869859,"GO"
40.6,6,0.706469731363282,0.660041570387768,0.756163708051438,"GO"
40.6,7,0.741798792178756,0.695654649547042,0.791003766647939,"GO"
40.6,8,0.823264813970594,0.778911464371389,0.870143764630579,"GO"
40.6,9,0.955084248026175,0.909857382203519,1.00255923474354,"GO"
40.6,10,1.14546106671194,1.08462476631775,1.20970965821416,"GO"
40.6,11,1.40456981330394,1.30194193027011,1.51528752133774,"GO"
40.6,12,1.74148004476556,1.567079500142,1.93528965572061,"GO"
40.7,0,1.42158419723022,1.25908366015956,1.6050574666012,"GO"
40.7,1,1.18403234035415,1.08284876624441,1.29467071183613,"GO"
40.7,2,0.997318948205394,0.934725766880708,1.06410363305674,"GO"
40.7,3,0.859139391214598,0.813795897584497,0.907009356679572,"GO"
40.7,4,0.765476349032187,0.722581023261325,0.810918114459994,"GO"
40.7,5,0.713375243035123,0.668231166502447,0.761569143862368,"GO"
40.7,6,0.703237351616393,0.656353413811397,0.753470252918567,"GO"
40.7,7,0.738816326542947,0.692193586112054,0.788579344446643,"GO"
40.7,8,0.82104824633986,0.776176945138139,0.8685135870633,"GO"
40.7,9,0.954374843634115,0.908534540898388,1.00252802855573,"GO"
40.7,10,1.14738157709473,1.08556910475576,1.21271366114697,"GO"
40.7,11,1.41076870535844,1.30620638278637,1.52370128200808,"GO"
40.7,12,1.75421689777916,1.57603684895945,1.9525412280085,"GO"
40.8,0,1.42996200977237,1.26423137940692,1.61741860129394,"GO"
40.8,1,1.18785962810047,1.08492131748777,1.30056481822877,"GO"
40.8,2,0.998050797999597,0.934526650424421,1.06589297901269,"GO"
40.8,3,0.857894677103079,0.811975897617233,0.906410250798774,"GO"
40.8,4,0.763055284861333,0.719686978013485,0.809036964045083,"GO"
40.8,5,0.710338971002423,0.664745847917813,0.759059203310987,"GO"
40.8,6,0.700018933175551,0.652684076540895,0.75078667370175,"GO"
40.8,7,0.735845049740961,0.688747941570229,0.786162693994878,"GO"
40.8,8,0.818837014390864,0.773450318320213,0.866887038837516,"GO"
40.8,9,0.953665705771073,0.907212066977666,1.00249799519722,"GO"
40.8,10,1.14930572297327,1.08651285828208,1.21572757725816,"GO"
40.8,11,1.41699649495812,1.31048350011038,1.53216661373797,"GO"
40.8,12,1.76705018634588,1.58504411221007,1.96995549651376,"GO"
21,0,1.32553280245916,1.12974195676849,1.55525533938836,"PE"
21,1,1.33313262291766,1.19791892056927,1.4836084143681,"PE"
21,2,1.33574085189648,1.25142313865617,1.42573967853998,"PE"
21,3,1.32832091998807,1.25988123627812,1.40047840675077,"PE"
21,4,1.30611598266294,1.21814523836631,1.40043970656197,"PE"
21,5,1.26509860954385,1.15861290044198,1.38137119935334,"PE"
21,6,1.202532692049,1.09405672827679,1.32176407134234,"PE"
21,7,1.11894807884788,1.02683412832229,1.21932527233296,"PE"
21,8,1.02176931698761,0.955696033575925,1.09241066244771,"PE"
21,9,0.919093473499916,0.870843109442695,0.970017221093632,"PE"
21,10,0.817456092103924,0.7586848494776,0.880780027409192,"PE"
21,11,0.721607667084393,0.639110067378961,0.814754221178963,"PE"
21,12,0.634605481273099,0.531232951876374,0.758093253514104,"PE"
21.1,0,1.31745975792375,1.12622146911668,1.54117130719399,"PE"
21.1,1,1.32579469809526,1.19369944315661,1.4725076664603,"PE"
21.1,2,1.32921319627446,1.24680302940442,1.41707044295052,"PE"
21.1,3,1.32273213419503,1.25579607862348,1.39323599477231,"PE"
21.1,4,1.30162986628738,1.21553229335509,1.39382583093279,"PE"
21.1,5,1.26188824079378,1.15756804547228,1.37560978681297,"PE"
21.1,6,1.20074701567728,1.09435846608989,1.3174781758754,"PE"
21.1,7,1.11866230517517,1.02821046069447,1.21707121339205,"PE"
21.1,8,1.0229248447413,0.957952493012911,1.09230389358662,"PE"
21.1,9,0.921523122911118,0.874000604259743,0.971629609774831,"PE"
21.1,10,0.820931816671074,0.762965755925496,0.883301828933825,"PE"
21.1,11,0.725883345918676,0.644363517659338,0.817716424722631,"PE"
21.1,12,0.639449163920693,0.537082837594332,0.761326195173861,"PE"
21.2,0,1.30944134747308,1.12270909679748,1.52723145057175,"PE"
21.2,1,1.31850133014024,1.18949289474673,1.46150159051748,"PE"
21.2,2,1.32272030943202,1.24219857418765,1.40846162066165,"PE"
21.2,3,1.31716847189056,1.25172237989389,1.38603640168963,"PE"
21.2,4,1.29715960131655,1.21292179763574,1.3872477471899,"PE"
21.2,5,1.25868545280485,1.15651955559022,1.36987659347794,"PE"
21.2,6,1.19896263670697,1.0946549174089,1.31320965297628,"PE"
21.2,7,1.11837472218594,1.02958322596075,1.21482361764133,"PE"
21.2,8,1.02407950281331,0.960209272754981,1.0921981882901,"PE"
21.2,9,0.923956905189131,0.877164894869272,0.973245016575712,"PE"
21.2,10,0.824420040258715,0.76726613444711,0.885831359245314,"PE"
21.2,11,0.730182163715546,0.649655104824808,0.820690837720878,"PE"
21.2,12,0.644327737748585,0.54299177774648,0.764575543584094,"PE"
21.3,0,1.3014802119574,1.11920612936153,1.51343947971672,"PE"
21.3,1,1.31125454695535,1.18530039690162,1.4505930238491,"PE"
21.3,2,1.31626359089827,1.2376106181745,1.39991513912506,"PE"
21.3,3,1.31163071055041,1.24766047664543,1.37888083582204,"PE"
21.3,4,1.29270537728098,1.21031337952131,1.38070620446425,"PE"
21.3,5,1.25548991328041,1.15546642011843,1.36417198709012,"PE"
21.3,6,1.19717880055787,1.09494464037914,1.30895848762628,"PE"
21.3,7,1.11808427825664,1.03095079400915,1.2125820752543,"PE"
21.3,8,1.02523206599025,0.962464736290397,1.09209277961276,"PE"
21.3,9,0.926393534324436,0.880334399346506,0.974862485295574,"PE"
21.3,10,0.827919515721379,0.77158442381233,0.888367757769877,"PE"
21.3,11,0.734502995805782,0.654983378571864,0.823676857302839,"PE"
21.3,12,0.64924026527762,0.54895860704354,0.767840993199553,"PE"
21.4,0,1.29357892146488,1.11571383776794,1.49979893536671,"PE"
21.4,1,1.30405632751726,1.1811230533654,1.43978470362791,"PE"
21.4,2,1.30984441021966,1.23303999267669,1.39143287255367,"PE"
21.4,3,1.30611961316866,1.24361070024219,1.37177047734603,"PE"
21.4,4,1.28826738053235,1.20770666962907,1.37420193618159,"PE"
21.4,5,1.25230129316424,1.15440763095733,1.35849632903093,"PE"
21.4,6,1.19539475714988,1.09522619051252,1.30472466582699,"PE"
21.4,7,1.11778992287549,1.03231152524713,1.21034618051261,"PE"
21.4,8,1.02638130358179,0.964717231358297,1.09198690154939,"PE"
21.4,9,0.928831710736624,0.883507512692458,0.976481053614122,"PE"
21.4,10,0.831428974222164,0.775919025696756,0.890910154645805,"PE"
21.4,11,0.7388446887361,0.660346833433148,0.826673872630616,"PE"
21.4,12,0.654185774751393,0.55498208839859,0.771122234092209,"PE"
21.5,0,1.28573997664853,1.11223347470999,1.48631319335468,"PE"
21.5,1,1.29690860269468,1.17696195039281,1.42907926902999,"PE"
21.5,2,1.30346410739576,1.22848751544854,1.38301664274438,"PE"
21.5,3,1.30063592843295,1.23957337703978,1.3647064785874,"PE"
21.5,4,1.28384579427331,1.20510130098273,1.36773566017161,"PE"
21.5,5,1.2491192666227,1.15334218272798,1.35284997428732,"PE"
21.5,6,1.19360976090182,1.09549812087852,1.30050817447096,"PE"
21.5,7,1.1174906066743,1.03366377078827,1.20811553166168,"PE"
21.5,8,1.02752597945302,0.966965090089701,1.09187978891042,"PE"
21.5,9,0.931270121244053,0.886682606875123,0.978099752941308,"PE"
21.5,10,0.834947125067815,0.780268304380014,0.893457670580302,"PE"
21.5,11,0.74320605990746,0.665743907862257,0.829681264762627,"PE"
21.5,12,0.65916325953427,0.561060911138304,0.774418951835941,"PE"
21.6,0,1.27796581010099,1.10876627497437,1.47298546920977,"PE"
21.6,1,1.28981325609482,1.17281815710455,1.41847926340522,"PE"
21.6,2,1.29712399332866,1.22395399100762,1.37466821990894,"PE"
21.6,3,1.29518039090405,1.2355488285831,1.35768996431009,"PE"
21.6,4,1.27944079858759,1.20249690912647,1.36130807877053,"PE"
21.6,5,1.24594351102778,1.15226907293474,1.34723327140809,"PE"
21.6,6,1.19182307073502,1.09575898232634,1.29630900120079,"PE"
21.6,7,1.11718528147017,1.03500587267802,1.20588973075504,"PE"
21.6,8,1.02866485207183,0.96920662919143,1.09177067718854,"PE"
21.6,9,0.933707439051937,0.889858030916667,0.979717608260334,"PE"
21.6,10,0.83847265556358,0.784630586490194,0.896009416702275,"PE"
21.6,11,0.747585897231855,0.671172983363962,0.832698406510334,"PE"
21.6,12,0.664171677523945,0.5671936892497,0.777730827380154,"PE"
21.7,0,1.27025878777467,1.10531345583661,1.4598188227949,"PE"
21.7,1,1.28277212493686,1.16869272587163,1.40798713647147,"PE"
21.7,2,1.29082535028541,1.21944021097872,1.36638932350946,"PE"
21.7,3,1.28975372119945,1.23153737181993,1.35072203199941,"PE"
21.7,4,1.27505257047031,1.19989313225228,1.35491987891562,"PE"
21.7,5,1.24277370694099,1.15118730214971,1.34164656244879,"PE"
21.7,6,1.19003395008152,1.09600732374033,1.29212713425457,"PE"
21.7,7,1.11687290031709,1.03633616416069,1.20366838348534,"PE"
21.7,8,1.02979667457109,0.971440150175395,1.09165880241433,"PE"
21.7,9,0.936142323759183,0.893032111029477,0.981333637961778,"PE"
21.7,10,0.842004230888456,0.789004160797724,0.898564494409324,"PE"
21.7,11,0.751982958808485,0.676632383674402,0.835724662286448,"PE"
21.7,12,0.669209950579633,0.573378959668646,0.781057536909974,"PE"
21.8,0,1.26262121044468,1.10187621749623,1.4468161629691,"PE"
21.8,1,1.2757870009511,1.16458669273151,1.39760524652589,"PE"
21.8,2,1.28456943237285,1.21494695446332,1.35818162309449,"PE"
21.8,3,1.28435662618088,1.22753931933248,1.34380375213705,"PE"
21.8,4,1.2706812838585,1.19728961134252,1.34857173222927,"PE"
21.8,5,1.23960953809801,1.15009587422069,1.33609018290304,"PE"
21.8,6,1.18824166689678,1.09624169233082,1.28796256229557,"PE"
21.8,7,1.11655241756724,1.03765296999028,1.20145109899982,"PE"
21.8,8,1.03092019482597,0.973663939635941,1.0915434009987,"PE"
21.8,9,0.938573421384308,0.896203150804096,0.982946853666675,"PE"
21.8,10,0.845540493991419,0.793387278062264,0.901121995206918,"PE"
21.8,11,0.756395972620173,0.682120373996104,0.838759387942406,"PE"
21.8,12,0.674276963967018,0.579615180616836,0.784398751690275,"PE"
21.9,0,1.25505531521214,1.09845574355504,1.4339802522625,"PE"
21.9,1,1.26885963130244,1.16050107783911,1.38733586266618,"PE"
21.9,2,1.27835746602437,1.21047498843736,1.35004673913162,"PE"
21.9,3,1.27898979914565,1.22355497958909,1.33693616846541,"PE"
21.9,4,1.2663271096619,1.19468599032976,1.34226429509066,"PE"
21.9,5,1.2364506913942,1.14899379650508,1.330564461618,"PE"
21.9,6,1.186445493677,1.09646063396295,1.28381527422354,"PE"
21.9,7,1.1162227889422,1.03895460678768,1.1992374896977,"PE"
21.9,8,1.0320341555464,0.975876269578144,1.09142370955981,"PE"
21.9,9,0.940999364410783,0.899369431452359,0.984556260036067,"PE"
21.9,10,0.849080065509259,0.797778150936489,0.903681000537455,"PE"
21.9,11,0.760823636250932,0.687635160293123,0.841801930592581,"PE"
21.9,12,0.6793715658211,0.585900729994564,0.787754137890382,"PE"
22,0,1.24756327704547,1.09505320154323,1.42131371155211,"PE"
22,1,1.26199171953705,1.15643688595612,1.37718116701487,"PE"
22,2,1.27219065049801,1.20602506818001,1.34198624383236,"PE"
22,3,1.27365392002146,1.21958465721848,1.33012029823808,"PE"
22,4,1.26199021579382,1.19208191627608,1.33599820869231,"PE"
22,5,1.23329685687094,1.14788008013216,1.32506972069122,"PE"
22,6,1.18464470748088,1.09666269352629,1.279685258965,"PE"
22,7,1.11588297161385,1.04023938344747,1.19702717100659,"PE"
22,8,1.03313729438478,0.978075397800295,1.0912989647314,"PE"
22,9,0.943418771852114,0.902529212109282,0.986160854564318,"PE"
22,10,0.852621543706624,0.802174953930978,0.90624058159664,"PE"
22,11,0.765264616625591,0.69317488865201,0.844851628422322,"PE"
22,12,0.684492566628143,0.592233903837225,0.79112335638582,"PE"
22.1,0,1.24014721035749,1.09166974349785,1.40881902472595,"PE"
22.1,1,1.25518492655089,1.15239510698252,1.36714325693893,"PE"
22.1,2,1.2660701583854,1.20159793773677,1.33400166196455,"PE"
22.1,3,1.2683496555649,1.21562865330918,1.32335713245354,"PE"
22.1,4,1.25767076720236,1.18947703957461,1.32977409907891,"PE"
22.1,5,1.23014772770268,1.14675374029661,1.31960627534613,"PE"
22.1,6,1.18283858995573,1.09684641534838,1.2755725052391,"PE"
22.1,7,1.11553192429505,1.04150560159752,1.1948197611349,"PE"
22.1,8,1.03422834405913,0.980259568334028,1.09116840294979,"PE"
22.1,9,0.945830249336999,0.905680730197525,0.987759627353208,"PE"
22.1,10,0.856163504438903,0.806575823444741,0.908799799134224,"PE"
22.1,11,0.769717549772404,0.698737644714809,0.84790781047649,"PE"
22.1,12,0.689638738727903,0.598612914844194,0.794506062532916,"PE"
22.2,0,1.23280917061615,1.08830650659939,1.39649854332326,"PE"
22.2,1,1.24844087157896,1.14837671653486,1.35722414725702,"PE"
22.2,2,1.25999713613101,1.19719433042046,1.32609447164753,"PE"
22.2,3,1.26307765956303,1.21168726573723,1.31664763606849,"PE"
22.2,4,1.25336892590169,1.18687101417591,1.32359257716535,"PE"
22.2,5,1.22700300018479,1.14561379658639,1.31417443378261,"PE"
22.2,6,1.18102642736807,1.09701034365573,1.27147700129574,"PE"
22.2,7,1.11516860734,1.04275155611519,1.19261488079646,"PE"
22.2,8,1.0353060324916,0.982427011945938,1.09103126021589,"PE"
22.2,9,0.948232389214891,0.908822201858579,0.989351560863492,"PE"
22.2,10,0.859704501138545,0.810978857866359,0.911357703235796,"PE"
22.2,11,0.774181040609575,0.704321453190833,0.850969796424661,"PE"
22.2,12,0.694808815837396,0.605035890989507,0.797901905911458,"PE"
22.3,0,1.22555115598678,1.08496461387277,1.38435449113796,"PE"
22.3,1,1.24176113320421,1.14438267657612,1.34742577242609,"PE"
22.3,2,1.25397270456119,1.19281496935393,1.31826610512459,"PE"
22.3,3,1.25783857303834,1.20776078952529,1.30999274818733,"PE"
22.3,4,1.24908485100353,1.18426349784264,1.31745423873043,"PE"
22.3,5,1.2238623737222,1.14445927334867,1.30877449699916,"PE"
22.3,6,1.17920751063849,1.09715302308634,1.26739873462189,"PE"
22.3,7,1.11479198285437,1.04397553570423,1.19041215290361,"PE"
22.3,8,1.03636908296266,0.98457594670486,1.09088677182852,"PE"
22.3,9,0.950623770682276,0.911951822455111,0.990935629640316,"PE"
22.3,10,0.863243064825469,0.815382117751089,0.913913333081891,"PE"
22.3,11,0.778653662756652,0.709924277454569,0.854036896298632,"PE"
22.3,12,0.70000149259745,0.611500874224618,0.801310530029871,"PE"
22.4,0,1.21837510900401,1.08164517495985,1.37238896877218,"PE"
22.4,1,1.23514725038501,1.14041393610302,1.33774998869869,"PE"
22.4,2,1.2479979594227,1.18846056805912,1.31051794950739,"PE"
22.4,3,1.25263302445668,1.20384951723677,1.30339338222361,"PE"
22.4,4,1.24481869874887,1.18165415243594,1.3113596643827,"PE"
22.4,5,1.22072555081872,1.14328920009775,1.30340675858239,"PE"
22.4,6,1.1773811353807,1.09727299925805,1.26333769161155,"PE"
22.4,7,1.11440101481496,1.04517582353704,1.1882112022242,"PE"
22.4,8,1.03741621428086,0.986704578619377,1.09073417208495,"PE"
22.4,9,0.953002959929985,0.915067767149261,0.992510800008509,"PE"
22.4,10,0.866777704142149,0.819783626079815,0.916465716680205,"PE"
22.4,11,0.783133958371736,0.715544019237729,0.857108410197228,"PE"
22.4,12,0.705215424143318,0.618005819284472,0.804731571986568,"PE"
22.5,0,1.21128291827141,1.0783492869716,1.36060395812618,"PE"
22.5,1,1.22860072350007,1.13647143189687,1.3281985762418,"PE"
22.5,2,1.24207397192995,1.18413183109695,1.30285134748609,"PE"
22.5,3,1.24746162993811,1.19995373940884,1.29685042602933,"PE"
22.5,4,1.24057062253973,1.17904264423761,1.30530941949413,"PE"
22.5,5,1.21759223706713,1.14210261196953,1.29807150445927,"PE"
22.5,6,1.17554660194497,1.09736881939775,1.2592938571945,"PE"
22.5,7,1.11399466919905,1.04635069796725,1.18601165499748,"PE"
22.5,8,1.03844614096836,0.988811102350534,1.09057269394392,"PE"
22.5,9,0.955368510311862,0.918168191562012,0.994076029733449,"PE"
22.5,10,0.870306905414014,0.824181368606203,0.91901387056618,"PE"
22.5,11,0.787620438015484,0.721178518424222,0.860183627952704,"PE"
22.5,12,0.710449225700683,0.62454859260922,0.808164662080207,"PE"
22.6,0,1.20427642018707,1.07507803542908,1.34900132681043,"PE"
22.6,1,1.22212301541001,1.13255608934511,1.31877324120741,"PE"
22.6,2,1.23620178932086,1.17982945476358,1.295267597999,"PE"
22.6,3,1.24232499347053,1.19607374502853,1.29036474198732,"PE"
22.6,4,1.23634077297118,1.17642864431242,1.29930405409701,"PE"
22.6,5,1.21446214114001,1.14089855022762,1.29276901260688,"PE"
22.6,6,1.17370321546556,1.09743903303708,1.25526721441815,"PE"
22.6,7,1.11357191412333,1.04749843331844,1.18381313850358,"PE"
22.6,8,1.03945757346226,0.990893702005212,1.09040156864613,"PE"
22.6,9,0.957718962535072,0.921251232519125,0.995630267642776,"PE"
22.6,10,0.873829132735777,0.828573294299016,0.921556799466675,"PE"
22.6,11,0.792111580542854,0.726825552957661,0.863261828752253,"PE"
22.6,12,0.715701472208348,0.631126971395047,0.811609423360506,"PE"
22.7,0,1.19735740069361,1.0718324953035,1.33758283246469,"PE"
22.7,1,1.2157155525344,1.12866882334156,1.30947561774439,"PE"
22.7,2,1.23038243542068,1.17555412784859,1.28776795685474,"PE"
22.7,3,1.23722370712605,1.19220982205665,1.28393716706185,"PE"
22.7,4,1.23212929786339,1.17381182891559,1.29334410273907,"PE"
22.7,5,1.21133497478117,1.1396760628267,1.28749955271388,"PE"
22.7,6,1.17185028591236,1.09748219278075,1.25125774397619,"PE"
22.7,7,1.11313171999226,1.0486173007551,1.18161528058014,"PE"
22.7,8,1.04044921833182,0.992950552016068,1.09022002528659,"PE"
22.7,9,0.96005284487237,0.924315008889512,0.997172453203891,"PE"
22.7,10,0.8773428280843,0.832957315887146,0.924093495920799,"PE"
22.7,11,0.796605833023595,0.732482838871933,0.866342280707228,"PE"
22.7,12,0.720970697968989,0.637738642788966,0.815065471110079,"PE"
22.8,0,1.19052759705085,1.06861373216688,1.32635012696836,"PE"
22.8,1,1.20937972594365,1.12481053927382,1.30030726994057,"PE"
22.8,2,1.22461691121347,1.17130653246146,1.28035363729977,"PE"
22.8,3,1.2321583512798,1.18836225800425,1.27756851280203,"PE"
22.8,4,1.22793634229394,1.17119187995088,1.28743008429111,"PE"
22.8,5,1.2082104527979,1.13843420503958,1.28226338578729,"PE"
22.8,6,1.16998712814653,1.09749685515449,1.24726542367711,"PE"
22.8,7,1.11267305965608,1.04970556924289,1.17941770907949,"PE"
22.8,8,1.04141977851158,0.994979818114468,1.09002729033277,"PE"
22.8,9,0.962368673396599,0.927357622522261,0.998701516051752,"PE"
22.8,10,0.880846411458604,0.837331310515583,0.92662293985131,"PE"
22.8,11,0.801101610692442,0.738148030456407,0.86942424036167,"PE"
22.8,12,0.726255396329317,0.644381203243875,0.81853241224641,"PE"
22.9,0,1.18378869962985,1.06542280346635,1.31530476052515,"PE"
22.9,1,1.20311689246469,1.120982134108,1.29126969368312,"PE"
22.9,2,1.21890619542077,1.16708734493307,1.27302581052348,"PE"
22.9,3,1.22712949483127,1.18453134056731,1.27125956529242,"PE"
22.9,4,1.22376204863014,1.16856848548526,1.28156250170101,"PE"
22.9,5,1.2050882930538,1.13717204015485,1.27706076369726,"PE"
22.9,6,1.16811306198015,1.09748158154027,1.24329022784477,"PE"
22.9,7,1.11219490857806,1.0507615066057,1.17722005125863,"PE"
22.9,8,1.04236795355057,0.996979658403384,1.0898225870819,"PE"
22.9,9,0.964664952237705,0.930377159288917,1.00021637546112,"PE"
22.9,10,0.884338281047626,0.841693120521289,0.929144098079259,"PE"
22.9,11,0.805597296930005,0.74381872056849,0.872506952130648,"PE"
22.9,12,0.731554019391035,0.651052158051819,0.822009844631501,"PE"
23,0,1.17714235372687,1.06226075993649,1.30444818560414,"PE"
23,1,1.19692837579978,1.11718449758103,1.2823643184243,"PE"
23,2,1.21325124508722,1.16289723679947,1.26578560609266,"PE"
23,3,1.22213769542789,1.18071735832496,1.26501108504472,"PE"
23,4,1.21960655656154,1.16594134032688,1.27574184168724,"PE"
23,5,1.20196821646234,1.13588864025328,1.27189192865201,"PE"
23,6,1.16622741223983,1.09743493920752,1.2393321266423,"PE"
23,7,1.11169624501124,1.05178338068809,1.17502193309384,"PE"
23,8,1.04329243987748,0.998948224537767,1.08960513505006,"PE"
23,9,0.966940173862537,0.933371690237952,1.00171593975703,"PE"
23,10,0.887816813426324,0.846040554338675,0.931655923773773,"PE"
23,11,0.810091243275343,0.749492441107521,0.875589647657629,"PE"
23,12,0.736864977754002,0.657748921075265,0.825497356275062,"PE"
23.1,0,1.170590161396,1.0591286471658,1.29378176071806,"PE"
23.1,1,1.19081546765764,1.11341851351279,1.27359250883914,"PE"
23.1,2,1.20765299617266,1.1587368758757,1.25863411230666,"PE"
23.1,3,1.21718349969086,1.17692060150766,1.25882380682419,"PE"
23.1,4,1.21547000313252,1.16331014667373,1.26996857436448,"PE"
23.1,5,1.19884994698098,1.13458308707136,1.26675711259382,"PE"
23.1,6,1.16432950883419,1.09735550244974,1.23539108530979,"PE"
23.1,7,1.11117605018449,1.05276946063226,1.17282297851049,"PE"
23.1,8,1.04419193108191,1.00088366302047,1.0893741492854,"PE"
23.1,9,0.969192819377698,0.93633927286868,1.0031991056569,"PE"
23.1,10,0.891280363780696,0.850371387545205,0.934157355828039,"PE"
23.1,11,0.814581769471183,0.75516666366535,0.878671545078757,"PE"
23.1,12,0.742186640292988,0.66446881469819,0.828994524415102,"PE"
23.2,0,1.16413368329939,1.0560275073352,1.28330675401815,"PE"
23.2,1,1.18477942889629,1.10968506125076,1.26495556636011,"PE"
23.2,2,1.20211236415039,1.15460692742797,1.25157237646436,"PE"
23.2,3,1.21226744344309,1.17314136284153,1.25269843940415,"PE"
23.2,4,1.21135252277499,1.16067461484077,1.26424315279319,"PE"
23.2,5,1.19573321160606,1.13325447296189,1.26165653650663,"PE"
23.2,6,1.16241868682509,1.09724185383703,1.23146706330513,"PE"
23.2,7,1.11063330849774,1.05371801827969,1.17062280851805,"PE"
23.2,8,1.04506511821185,1.00278411662235,1.08912883959694,"PE"
23.2,9,0.971421358855672,0.939277952532136,1.00466475753748,"PE"
23.2,10,0.894727266162305,0.854683364058517,0.936647318151687,"PE"
23.2,11,0.819067163542797,0.760838800370538,0.881751848180351,"PE"
23.2,12,0.747517333969475,0.671209070021073,0.832500914457678,"PE"
23.3,0,1.1577744405739,1.05295838114815,1.27302434668366,"PE"
23.3,1,1.17882149067677,1.10598501726139,1.25645473057342,"PE"
23.3,2,1.19663024461131,1.15050805545273,1.24460140503323,"PE"
23.3,3,1.2073900519391,1.16937993847551,1.24663566524152,"PE"
23.3,4,1.20725424734119,1.15803446407454,1.25856601244427,"PE"
23.3,5,1.19261774036816,1.13190190196213,1.25659040962407,"PE"
23.3,6,1.16049428650277,1.09709258559624,1.22756001333621,"PE"
23.3,7,1.11006700772645,1.05462732970856,1.16842104023918,"PE"
23.3,8,1.04591069008712,1.00464772593581,1.08886840969012,"PE"
23.3,9,0.973624251684485,0.942185763966639,1.00611176661945,"PE"
23.3,10,0.898155833772868,0.858974197497276,0.939124718868863,"PE"
23.3,11,0.823545681911479,0.766506204944701,0.884829745434315,"PE"
23.3,12,0.752855343679908,0.677966827326328,0.8360160787551,"PE"
23.4,0,1.15151391671328,1.04992230997432,1.26293563608226,"PE"
23.4,1,1.17294285562743,1.10231925688337,1.24809118046008,"PE"
23.4,2,1.19120751387367,1.1464409240718,1.23772216371108,"PE"
23.4,3,1.20255184009688,1.16563662899832,1.24063614006633,"PE"
23.4,4,1.20317530613658,1.15538942346444,1.25293757056917,"PE"
23.4,5,1.18950326632822,1.13052449098127,1.25155892852652,"PE"
23.4,6,1.15855565346456,1.09690630113132,1.22366988027177,"PE"
23.4,7,1.10947613923514,1.05549567691887,1.16621728582099,"PE"
23.4,8,1.04672733362911,1.00647263107132,1.08859205619936,"PE"
23.4,9,0.975799946941104,0.945060732975881,1.00753899006252,"PE"
23.4,10,0.901564359279449,0.863241572718908,0.941588449410368,"PE"
23.4,11,0.828015549543611,0.772166173991402,0.887904408894298,"PE"
23.4,12,0.758198912141855,0.684739136843485,0.839539555199241,"PE"
23.5,0,1.14535355946512,1.0469203382302,1.25304163867621,"PE"
23.5,1,1.16714469901797,1.09868865625932,1.23986603546421,"PE"
23.5,2,1.18584502959801,1.14240619905259,1.23093557737038,"PE"
23.5,3,1.1977533127315,1.16191174055206,1.23470049237789,"PE"
23.5,4,1.1991158259528,1.15273923296096,1.24735822546534,"PE"
23.5,5,1.18638952557413,1.12912137111982,1.24656227611393,"PE"
23.5,6,1.15660213869728,1.09668161669767,1.21979659991685,"PE"
23.5,7,1.1088596982,1.0563213496783,1.16401115121517,"PE"
23.5,8,1.04751373420654,1.00825697350724,1.08829896760783,"PE"
23.5,9,0.977946883788776,0.947900878257332,1.00894526996371,"PE"
23.5,10,0.904951115160801,0.867483147548198,0.944037383487357,"PE"
23.5,11,0.832474960136269,0.777815948539858,0.890974992933524,"PE"
23.5,12,0.763546239819502,0.691522959846361,0.843070865603695,"PE"
23.6,0,1.13929478274161,1.04395351602264,1.24334329264724,"PE"
23.6,1,1.16142816994284,1.09509409446334,1.23178035637002,"PE"
23.6,2,1.18054363140721,1.13840454946291,1.2242425298754,"PE"
23.6,3,1.19299496479049,1.15820558604972,1.22882932284041,"PE"
23.6,4,1.19507593110073,1.15008364451182,1.24182835562582,"PE"
23.6,5,1.18327625721799,1.12769168913488,1.24160062044082,"PE"
23.6,6,1.15463309866321,1.09641716324577,1.2159400976376,"PE"
23.6,7,1.10821668384038,1.05710264754263,1.16180223481338,"PE"
23.6,8,1.04826857599742,1.00999889810336,1.08798832304389,"PE"
23.6,9,0.980063491898509,0.950704213388657,1.01032943225174,"PE"
23.6,10,0.908314354085369,0.871696554711584,0.946470375933169,"PE"
23.6,11,0.836922076340324,0.783452715867848,0.894040632803102,"PE"
23.6,12,0.768895484889958,0.698315170117731,0.84660951384529,"PE"
23.7,0,1.13333896854371,1.04102290208303,1.23384146021149,"PE"
23.7,1,1.15579439251362,1.0915364558429,1.22383514596803,"PE"
23.7,2,1.17530414151127,1.1344366494695,1.21764386376225,"PE"
23.7,3,1.18827728159082,1.15451848650308,1.22302320357094,"PE"
23.7,4,1.19105574344357,1.14742242332723,1.23634831876154,"PE"
23.7,5,1.18016320339393,1.12623460906614,1.23667411339801,"PE"
23.7,6,1.15264789538954,1.09611158844991,1.21210028681916,"PE"
23.7,7,1.10754609965913,1.05783788206553,1.15959012592269,"PE"
23.7,8,1.04899054236707,1.01169655528884,1.08765929094363,"PE"
23.7,9,0.982148191894844,0.953468748979398,1.01169028547065,"PE"
23.7,10,0.911652309321453,0.875879403992712,0.948886261399126,"PE"
23.7,11,0.84135503002197,0.789073611630308,0.897100442987468,"PE"
23.7,12,0.774244763251776,0.705112555820433,0.850154983732071,"PE"
23.8,0,1.12748746889804,1.03812956702191,1.22453692959432,"PE"
23.8,1,1.15024446705986,1.0880166325943,1.21603134949055,"PE"
23.8,2,1.17012736533659,1.13050318028921,1.21114037977256,"PE"
23.8,3,1.18360073905748,1.15085077246789,1.21728267731297,"PE"
23.8,4,1.18705538243007,1.14475534928672,1.23091845068398,"PE"
23.8,5,1.17705010925643,1.12474931403847,1.23178288922538,"PE"
23.8,6,1.15064589656135,1.09576355893971,1.20827706713901,"PE"
23.8,7,1.10684695369173,1.05852537921331,1.15737440306548,"PE"
23.8,8,1.04967831626226,1.01334810343549,1.08731102756863,"PE"
23.8,9,0.984199395826097,0.956192494994667,1.01302661944639,"PE"
23.8,10,0.914963195180018,0.880029284625474,0.951283852889404,"PE"
23.8,11,0.845771922563602,0.794675722322343,0.900153515331343,"PE"
23.8,12,0.779592148577179,0.711911821817575,0.853706736561146,"PE"
23.9,0,1.12174160780604,1.03527459693546,1.21543041663345,"PE"
23.9,1,1.14477947133804,1.08453552759167,1.20836985479596,"PE"
23.9,2,1.16501409215968,1.12660483230096,1.20473283623202,"PE"
23.9,3,1.17896580396349,1.14720278561194,1.21160825648958,"PE"
23.9,4,1.18307496512772,1.14208221849964,1.22553906403578,"PE"
23.9,5,1.17393672297927,1.12323500825813,1.22692706283831,"PE"
23.9,6,1.14862647561784,1.09537176275237,1.20447032263741,"PE"
23.9,7,1.10611825876401,1.0591634820008,1.15515463208747,"PE"
23.9,8,1.05033058062122,1.01495171142681,1.08694267536852,"PE"
23.9,9,0.986215507659178,0.958873463256653,1.01433720383095,"PE"
23.9,10,0.918245207490594,0.884143767941169,0.953661940119618,"PE"
23.9,11,0.850170825204949,0.800256088107626,0.903198916910279,"PE"
23.9,12,0.784935672409389,0.718709592488319,0.85726420832597,"PE"
24,0,1.11610268320525,1.03245909739694,1.20652256597729,"PE"
24,1,1.1394004617485,1.08109405748948,1.20085149228131,"PE"
24,2,1.15996509574489,1.12274230732586,1.19842194826629,"PE"
24,3,1.17437293417132,1.14357488041125,1.20600042213081,"PE"
24,4,1.17911460625603,1.13940284503235,1.22021044685634,"PE"
24,5,1.17082279575497,1.12169091922,1.22210672795027,"PE"
24,6,1.14658901185195,1.09493491202511,1.20067991956537,"PE"
24,7,1.10535903275842,1.05975055336507,1.15293036405684,"PE"
24,8,1.0509460187998,1.01650556143308,1.0865533611779,"PE"
24,9,0.988194923799118,0.961509670128605,1.01562078651973,"PE"
24,10,0.921496524110727,0.888220410286629,0.95601928768348,"PE"
24,11,0.854549779425357,0.805811706045309,0.906235687614675,"PE"
24,12,0.790273324306526,0.725502415089728,0.860826806528614,"PE"
24.1,0,1.11057196894216,1.02968419786717,1.19781395184543,"PE"
24.1,1,1.13410847455981,1.0776931561183,1.19347703450311,"PE"
24.1,2,1.15498113498623,1.11891632108118,1.19220838684798,"PE"
24.1,3,1.16982257887567,1.13996742597814,1.20045962267133,"PE"
24.1,4,1.1751744182199,1.13671706281457,1.21493286096979,"PE"
24.1,5,1.16770808179474,1.1201163001443,1.21732195497297,"PE"
24.1,6,1.14453289051317,1.09445174594731,1.19690570399026,"PE"
24.1,7,1.10456829888873,1.06028497929368,1.15070113293759,"PE"
24.1,8,1.05152331501329,1.01800785190173,1.08614219423847,"PE"
24.1,9,0.99013603363339,0.964099139384306,1.01687609193941,"PE"
24.1,10,0.924715305469362,0.892256756230018,0.958354633012,"PE"
24.1,11,0.858906797368064,0.811339533750648,0.909262837414983,"PE"
24.1,12,0.795603052033467,0.732286763719117,0.864393906548558,"PE"
24.2,0,1.10515071675687,1.02695105655843,1.18930507831727,"PE"
24.2,1,1.12890452714064,1.07433377819304,1.18624719548716,"PE"
24.2,2,1.15006295455289,1.11512760581208,1.1860927776707,"PE"
24.2,3,1.16531517884749,1.13638080802346,1.19498627261604,"PE"
24.2,4,1.17125451114296,1.13402472773732,1.2097065401827,"PE"
24.2,5,1.16459233832896,1.11851043266099,1.21257278867563,"PE"
24.2,6,1.14245750291356,1.09392103399246,1.19314749913884,"PE"
24.2,7,1.10374508598299,1.06076517222406,1.14846645302026,"PE"
24.2,8,1.05206115479416,1.01945680077101,1.08570826403799,"PE"
24.2,9,0.992037220101095,0.966639905264076,1.01810181920542,"PE"
24.2,10,0.927899695144574,0.896250342070415,0.960666684110172,"PE"
24.2,11,0.863239862307334,0.816836493526279,0.912279343273992,"PE"
24.2,12,0.800922761803089,0.73905904393522,0.86796484751564,"PE"
24.3,0,1.09984015827922,1.02426086578608,1.18099637911608,"PE"
24.3,1,1.12378961919885,1.07101690335078,1.17916262971012,"PE"
24.3,2,1.14521128553851,1.11137691310236,1.18007569984853,"PE"
24.3,3,1.1608511666792,1.13281543095315,1.18958075107311,"PE"
24.3,4,1.16735499290098,1.13132571995389,1.20453168828018,"PE"
24.3,5,1.16147532560818,1.11687262976023,1.20785924558492,"PE"
24.3,6,1.14036224653677,1.0933415794496,1.18940510245758,"PE"
24.3,7,1.10288842877465,1.06118957472975,1.14622581609397,"PE"
24.3,8,1.0525582254654,1.02085064891331,1.08525063795983,"PE"
24.3,9,0.99389686028705,0.969130015715801,1.01929664015085,"PE"
24.3,10,0.931047820475972,0.900198699666159,0.962954117057192,"PE"
24.3,11,0.867546929159242,0.822299477002503,0.915284145670616,"PE"
24.3,12,0.806230318568276,0.745815598100081,0.871538927631115,"PE"
24.4,0,1.09464150703669,1.02161485784062,1.17288821685725,"PE"
24.4,1,1.11876473402769,1.06774354053352,1.17222393073776,"PE"
24.4,2,1.14042684611391,1.10766501686259,1.17415768444248,"PE"
24.4,3,1.15643096703108,1.12927172009681,1.18424340015687,"PE"
24.4,4,1.16347596915529,1.12861994639418,1.19940847680983,"PE"
24.4,5,1.15835680690454,1.11520223902618,1.20318131110798,"PE"
24.4,6,1.13824652515016,1.09271222327308,1.18567828237117,"PE"
24.4,7,1.10199736820175,1.0615566635076,1.14397868834524,"PE"
24.4,8,1.05301321662939,1.02218766381171,1.0847683587389,"PE"
24.4,9,0.995713326040824,0.971567535816457,1.02045919723133,"PE"
24.4,10,0.934157793212139,0.904099360595151,0.965215573257927,"PE"
24.4,11,0.871825925036906,0.82772535032566,0.918276144698737,"PE"
24.4,12,0.811523546366061,0.752552711506584,0.87511539887766,"PE"
24.5,0,1.08955596047408,1.01901431141023,1.16498088173237,"PE"
24.5,1,1.11383083975906,1.06451473272706,1.16543162950895,"PE"
24.5,2,1.13571034218336,1.10399271648974,1.16833921281965,"PE"
24.5,3,1.15205499687874,1.12575012406287,1.17897452326565,"PE"
24.5,4,1.15961754338625,1.12590734350051,1.19433704264542,"PE"
24.5,5,1.15523654851368,1.1134986461703,1.1985389363623,"PE"
24.5,6,1.13610974891978,1.09203184826792,1.18196677472166,"PE"
24.5,7,1.10107095171388,1.06186495367829,1.14172450697097,"PE"
24.5,8,1.05342482067218,1.02346614347064,1.0842604417232,"PE"
24.5,9,0.997484984620684,0.973950551365986,1.02158810131403,"PE"
24.5,10,0.937227710193369,0.907949860657649,0.967449656435943,"PE"
24.5,11,0.876074749850919,0.83311095993364,0.921254195704598,"PE"
24.5,12,0.816800228715249,0.759266619358796,0.878693461056809,"PE"
24.6,0,1.0845847019854,1.01646055857959,1.15727458960589,"PE"
24.6,1,1.10898889062385,1.06133156206284,1.15878619225903,"PE"
24.6,2,1.13106246804416,1.10036084018818,1.1626207148551,"PE"
24.6,3,1.14772366576162,1.12225111721137,1.17377438324368,"PE"
24.6,4,1.1557798169267,1.12318788019048,1.18931748532451,"PE"
24.6,5,1.1521143197572,1.11176127887744,1.19393203469891,"PE"
24.6,6,1.13395133452824,1.0912993836253,1.17827027887325,"PE"
24.6,7,1.10010823358697,1.06211300340876,1.13946267649646,"PE"
24.6,8,1.05379173328303,1.02468442055724,1.08372587194384,"PE"
24.6,9,0.999210199362458,0.976277172641215,1.0226819293632,"PE"
24.6,10,0.940255654069988,0.91174774472853,0.969654929361864,"PE"
24.6,11,0.880291276955688,0.83845313895641,0.924217104427303,"PE"
24.6,12,0.822058109068828,0.765953514673323,0.882272255091141,"PE"
24.7,0,1.07972890295831,1.01395499242455,1.14976947950705,"PE"
24.7,1,1.10423982821939,1.05819515528335,1.15228801808252,"PE"
24.7,2,1.1264839070495,1.09677024843642,1.1570025669921,"PE"
24.7,3,1.1434373760325,1.11877520223094,1.16864320044001,"PE"
24.7,4,1.15196288899547,1.12046156104889,1.18434986415826,"PE"
24.7,5,1.1489898929854,1.109989610975,1.18936047790841,"PE"
24.7,6,1.13177070529534,1.09051380981893,1.17458845347167,"PE"
24.7,7,1.09910827524557,1.06229941886115,1.13719256479344,"PE"
24.7,8,1.05411265398898,1.02584086676529,1.0831636010012,"PE"
24.7,9,1.00088733037323,0.978545538292723,1.02373922203912,"PE"
24.7,10,0.943239694056481,0.915490571961295,0.971829910315427,"PE"
24.7,11,0.884473353842379,0.84374871427684,0.927163621609396,"PE"
24.7,12,0.827294891322465,0.772609557169257,0.885850855528976,"PE"
24.8,0,1.07498972483149,1.01149907521366,1.14246561050901,"PE"
24.8,1,1.09958458278406,1.05510668956369,1.14593743614342,"PE"
24.8,2,1.1219753322746,1.09322183757779,1.15148509018247,"PE"
24.8,3,1.13919652310794,1.11532291280228,1.16358115068266,"PE"
24.8,4,1.14816685673087,1.11772842974574,1.17943419511583,"PE"
24.8,5,1.14586304358058,1.10818316693029,1.18482409210457,"PE"
24.8,6,1.12956729130136,1.08967416386779,1.17092091185223,"PE"
24.8,7,1.09807014559252,1.06242285946711,1.13491349879873,"PE"
24.8,8,1.05438628670427,1.02693389738796,1.08257254378081,"PE"
24.8,9,1.00251473524979,0.980753819362322,1.02475848123275,"PE"
24.8,10,0.946177886721606,0.919175921340166,0.973973069285451,"PE"
24.8,11,0.888618802879099,0.848994514282775,0.930092437048747,"PE"
24.8,12,0.832508240380328,0.779230883211571,0.88942826219193,"PE"
24.9,0,1.07036832116578,1.00909434721653,1.13536295799843,"PE"
24.9,1,1.0950240744793,1.05206739867282,1.13973470255032,"PE"
24.9,2,1.11753740718608,1.08971654350666,1.14606854773565,"PE"
24.9,3,1.13500149571967,1.11189481632458,1.15858836319084,"PE"
24.9,4,1.14439181522415,1.11498857267209,1.1745704474921,"PE"
24.9,5,1.14273354996072,1.10634152667525,1.18032265328601,"PE"
24.9,6,1.12734052951297,1.08877954496397,1.16726721709733,"PE"
24.9,7,1.09699292134587,1.06248204351929,1.13262475994127,"PE"
24.9,8,1.05461134029452,1.02796197607857,1.08195157501896,"PE"
24.9,9,1.00409076982174,0.982900223393008,1.02573816756382,"PE"
24.9,10,0.949068276814662,0.922801397569318,0.9760828239191,"PE"
24.9,11,0.892725422098916,0.854187377334733,0.93300217306932,"PE"
24.9,12,0.837695782779456,0.785813616867217,0.89300339091103,"PE"
25,0,1.06586583972956,1.00674243610527,1.12846140935258,"PE"
25,1,1.0905592146791,1.04907857944644,1.13367999692554,"PE"
25,2,1.11317078631446,1.08625534541442,1.14075314311223,"PE"
25,3,1.13085267616682,1.10849151667612,1.15366491845449,"PE"
25,4,1.14063785755305,1.11224212277818,1.16975854037375,"PE"
25,5,1.13960119358355,1.10446433074959,1.17585588258487,"PE"
25,6,1.12508986391168,1.08782912045537,1.16362687675334,"PE"
25,7,1.09587568738279,1.0624757540627,1.13032557929395,"PE"
25,8,1.05478652915523,1.02892361977136,1.08129952574572,"PE"
25,9,1.00561378891908,0.984982998597188,1.02667669787643,"PE"
25,10,0.951908898128015,0.926364637279571,0.978157535240443,"PE"
25,11,0.89679098603628,0.859324160964508,0.935891377397381,"PE"
25,12,0.842855107373838,0.79235388212422,0.896575063305858,"PE"
25.1,0,1.06148342459934,1.00444506691821,1.1217607590589,"PE"
25.1,1,1.08619090726722,1.04614159853071,1.12777341871024,"PE"
25.1,2,1.10887611592995,1.08283926955158,1.13553901770582,"PE"
25.1,3,1.12675044056903,1.10511365697422,1.14881084611565,"PE"
25.1,4,1.13690507481524,1.10948926359028,1.16499833892756,"PE"
25.1,5,1.13646575895106,1.10255128574364,1.17142344122078,"PE"
25.1,6,1.12281474562465,1.08682213216269,1.15999933722681,"PE"
25.1,7,1.09471753709032,1.0624028450588,1.12801513247714,"PE"
25.1,8,1.0549105738045,1.02981740372503,1.08061517964176,"PE"
25.1,9,1.00708214716413,0.987000438042659,1.02757244277219,"PE"
25.1,10,0.954697774395955,0.929863315522671,0.980195503168408,"PE"
25.1,11,0.900813246612336,0.864401751807823,0.938758515441632,"PE"
25.1,12,0.84798376607933,0.798847816310804,0.900141995574182,"PE"
25.2,0,1.0572222182764,1.002204072535,1.11526070333169,"PE"
25.2,1,1.08192004994257,1.04325789934133,1.12201498326231,"PE"
25.2,2,1.1046540347214,1.07946939295486,1.13042624866465,"PE"
25.2,3,1.12269515912037,1.10176192229347,1.1440261228928,"PE"
25.2,4,1.13319355616182,1.10673023337307,1.16028965054379,"PE"
25.2,5,1.13332703361431,1.1006021700106,1.1670249251904,"PE"
25.2,6,1.12051463305787,1.08575790299683,1.15638397789352,"PE"
25.2,7,1.09351757272276,1.06226224778237,1.12569253435284,"PE"
25.2,8,1.0549822014897,1.03064196664328,1.07989726935434,"PE"
25.2,9,1.00849419978757,0.988950883809559,1.02842372422715,"PE"
25.2,10,0.957432920229908,0.933295152511686,0.982194961875676,"PE"
25.2,11,0.904789934069614,0.869417076258672,0.941601961991059,"PE"
25.2,12,0.853079274680486,0.80529158473347,0.903702786277406,"PE"
25.3,0,1.05308336382055,1.00002140458949,1.1089608343042,"PE"
25.3,1,1.07774753553294,1.0404290091666,1.11640461781985,"PE"
25.3,2,1.10050517447863,1.07614684708023,1.12541484681221,"PE"
25.3,3,1.11868719634401,1.0984370422957,1.13931067059475,"PE"
25.3,4,1.12950338883083,1.10396532939406,1.15563222087832,"PE"
25.3,5,1.1301848081787,1.09861683960403,1.16265985973627,"PE"
25.3,6,1.11818899203157,1.0846358438281,1.15278010496833,"PE"
25.3,7,1.09227490576546,1.06205297739764,1.1233568335624,"PE"
25.3,8,1.05500014680775,1.03139601581592,1.0791444728278,"PE"
25.3,9,1.00984830346829,0.990832731065532,1.02922881334482,"PE"
25.3,10,0.960112342089989,0.93665792055316,0.984154075042817,"PE"
25.3,11,0.908718757956461,0.874367111813832,0.944419992363291,"PE"
25.3,12,0.858139113700316,0.811681396529053,0.907255903130713,"PE"
25.4,0,1.04906800700218,0.997899144720752,1.10286063390054,"PE"
25.4,1,1.07367425331747,1.03765654632618,1.11094215742023,"PE"
25.4,2,1.09643016077796,1.07287282127608,1.12050475473292,"PE"
25.4,3,1.11472691134777,1.09513979371947,1.13466435427626,"PE"
25.4,4,1.12583465818061,1.10119491223485,1.15102572984857,"PE"
25.4,5,1.12703887630954,1.09659523438096,1.15832769365455,"PE"
25.4,6,1.11583729591779,1.08345546054142,1.14918694520117,"PE"
25.4,7,1.09098865730482,1.06177413964492,1.1210070069759,"PE"
25.4,8,1.05496315233866,1.03207833221473,1.07835540971397,"PE"
25.4,9,1.01114281719696,0.992644432000941,1.02998592830271,"PE"
25.4,10,0.962734039292825,0.939949451102848,0.986070931075701,"PE"
25.4,11,0.912597408161603,0.879248899052994,0.947210773059016,"PE"
25.4,12,0.863160729333943,0.818013521695709,0.910799668836591,"PE"
25.5,0,1.04517729847378,0.99583951603504,1.09695946751977,"PE"
25.5,1,1.06970109035851,1.03494222728023,1.10562734088186,"PE"
25.5,2,1.09242961367126,1.06964856602462,1.11569584509541,"PE"
25.5,3,1.11081465808034,1.09187100267245,1.13008698059206,"PE"
25.5,4,1.1221874477233,1.09841941008182,1.14646978765054,"PE"
25.5,5,1.12388903473796,1.09453738419374,1.15402779351814,"PE"
25.5,6,1.11345902577994,1.08221636119267,1.14560363948342,"PE"
25.5,7,1.08965795840427,1.06142493755196,1.11864195413783,"PE"
25.5,8,1.0548699692922,1.0326877754679,1.07752863793739,"PE"
25.5,9,1.01237610316276,0.994384499561493,1.03069323255438,"PE"
25.5,10,0.96529600505554,0.943167641862369,0.987943538368501,"PE"
25.5,11,0.916423555999096,0.884059554173113,0.949972352004665,"PE"
25.5,12,0.868141534447047,0.82428430923092,0.91433224603689,"PE"
25.6,0,1.04141239596233,0.993844894622297,1.09125657769382,"PE"
25.6,1,1.06582893284305,1.03228787356662,1.10045980697267,"PE"
25.6,2,1.08850414837848,1.06647539587547,1.11098791928952,"PE"
25.6,3,1.10695078558828,1.08863154666652,1.12557829640947,"PE"
25.6,4,1.11856183915823,1.09563932291682,1.14196393087657,"PE"
25.6,5,1.12073508326719,1.09244341507541,1.1497594379103,"PE"
25.6,6,1.11105367051441,1.08091826316136,1.14202923646897,"PE"
25.6,7,1.08828195048597,1.06100467806793,1.11626049181069,"PE"
25.6,8,1.05471935816707,1.03322328862794,1.07666265049988,"PE"
25.6,9,1.0135465276631,0.996051510912492,1.03134883335183,"PE"
25.6,10,0.967796227575724,0.946310463819686,0.989769820708938,"PE"
25.6,11,0.920194855343906,0.888796281965242,0.952702648495671,"PE"
25.6,12,0.87307890963994,0.830490206261055,0.917851621501791,"PE"
25.7,0,1.03777446648416,0.991917820942202,1.08575107791036,"PE"
25.7,1,1.06205866743459,1.02969541842935,1.09543909090466,"PE"
25.7,2,1.0846543759838,1.06335469199291,1.10638070645636,"PE"
25.7,3,1.10313563827381,1.08542235633396,1.12113798774139,"PE"
25.7,4,1.11495791240528,1.09285522651607,1.13750761882536,"PE"
25.7,5,1.11757682477911,1.09031355530416,1.1455218117828,"PE"
25.7,6,1.10862072699385,1.07956100017341,1.13846268633542,"PE"
25.7,7,1.08685978571801,1.06051277850003,1.11386134873523,"PE"
25.7,8,1.05451008942248,1.0336839026397,1.07575587261651,"PE"
25.7,9,1.01465246203593,0.997644110567413,1.03195078065468,"PE"
25.7,10,0.970232691147187,0.949375968122482,0.991547612936065,"PE"
25.7,11,0.923908943818277,0.893456389088829,0.955399442985614,"PE"
25.7,12,0.877970204378025,0.836627777996941,0.921355589723687,"PE"
25.8,0,1.0342646885837,0.990061010867409,1.08044194681897,"PE"
25.8,1,1.05839118263583,1.02716691298806,1.09056462130639,"PE"
25.8,2,1.08088090413553,1.06028790423897,1.1018738629895,"PE"
25.8,3,1.09936955615327,1.08224441676294,1.11676567906136,"PE"
25.8,4,1.11137574563823,1.09006777615492,1.1331002301066,"PE"
25.8,5,1.11441406524116,1.08814814121407,1.1413140010713,"PE"
25.8,6,1.10615970021243,1.07814452904765,1.13490283483131,"PE"
25.8,7,1.0853906274068,1.05994877261747,1.11144316074196,"PE"
25.8,8,1.0542409441615,1.03406874040949,1.07480665928109,"PE"
25.8,9,1.01569228361415,0.999161013113954,1.03249706649199,"PE"
25.8,10,0.972603377311213,0.952362292661297,0.993274656973008,"PE"
25.8,11,0.927563444028988,0.898037297463363,0.95806036690143,"PE"
25.8,12,0.882812738189335,0.842693728294438,0.924841736139092,"PE"
25.9,0,1.03088425459793,0.988277366148304,1.07532802306277,"PE"
25.9,1,1.05482737016295,1.02470453179074,1.08583571783413,"PE"
25.9,2,1.07718433774997,1.05727655271753,1.09746697258295,"PE"
25.9,3,1.09565287511635,1.07909876839314,1.11246093306017,"PE"
25.9,4,1.10781541531808,1.08727770990723,1.12874105965171,"PE"
25.9,5,1.11124661371345,1.08594762260174,1.13713498771798,"PE"
25.9,6,1.10367010343248,1.07666893600019,1.13134841777439,"PE"
25.9,7,1.08387365039452,1.05931231627306,1.10900446636241,"PE"
25.9,8,1.05391071482598,1.03437702037247,1.07381329336285,"PE"
25.9,9,1.01666437670166,1.00060100547352,1.03298562483959,"PE"
25.9,10,0.974906266042987,0.955267668229422,0.99494859836669,"PE"
25.9,11,0.93115596485551,0.902536557561751,0.96068289270008,"PE"
25.9,12,0.887603801929756,0.848684920539622,0.928307420260539,"PE"
26,0,1.02763437294849,0.986569984046082,1.07040800099582,"PE"
26,1,1.05136812633212,1.02231057758765,1.08125158958588,"PE"
26,2,1.07356527971932,1.05432222871179,1.09315954689398,"PE"
26,3,1.09198592718608,1.07598650741744,1.1082232508979,"PE"
26,4,1.1042769962263,1.08448585142177,1.12442931624779,"PE"
26,5,1.10807428235625,1.08371256756403,1.13298364526603,"PE"
26,6,1.10115145833286,1.07513444232479,1.12779805618235,"PE"
26,7,1.08230804146116,1.05860319238222,1.10654370309943,"PE"
26,8,1.05351820590248,1.03460805945522,1.07277398433606,"PE"
26,9,1.01756713357073,1.00196294863525,1.03341433207056,"PE"
26,10,0.977139336972829,0.958090424120268,0.996566983472789,"PE"
26,11,0.934684102789032,0.906951861355866,0.963264324415718,"PE"
26,12,0.892340659116449,0.854598398517508,0.931749759060736,"PE"
26.1,0,1.02451627046322,0.984942165871568,1.06568042755593,"PE"
26.1,1,1.04801435345914,1.0199874851682,1.07681133447951,"PE"
26.1,2,1.07002433162388,1.05142659495738,1.08895102687939,"PE"
26.1,3,1.08836904077956,1.07290878564309,1.10405207299838,"PE"
26.1,4,1.10076056149809,1.08169311205623,1.12016412071469,"PE"
26.1,5,1.10489688643768,1.08144366659162,1.12885873520093,"PE"
26.1,6,1.09860329515866,1.07354140925547,1.12425025222874,"PE"
26.1,7,1.08069299973108,1.05782131509314,1.10405920452163,"PE"
26.1,8,1.05306223463878,1.0347612753342,1.07168686774083,"PE"
26.1,9,1.01839895547983,1.00324577881357,1.03378100802868,"PE"
26.1,10,0.979300570641769,0.960828993021015,0.998127257425837,"PE"
26.1,11,0.938145443322225,0.911281054634685,0.965801788976152,"PE"
26.1,12,0.897020547329934,0.860431406864393,0.935165611009489,"PE"
26.2,0,1.02153119472941,0.983397424168402,1.06114370056209,"PE"
26.2,1,1.04476696127285,1.01773782411229,1.0725139397461,"PE"
26.2,2,1.06656209444874,1.04859138520727,1.08484078484968,"PE"
26.2,3,1.08480254096946,1.06986680977633,1.09994678042197,"PE"
26.2,4,1.09726618265555,1.07890049225132,1.11594450484228,"PE"
26.2,5,1.10171424434167,1.07914173573844,1.12475890421825,"PE"
26.2,6,1.09602515287218,1.07189034181237,1.12070338622266,"PE"
26.2,7,1.07902773708359,1.05696673298157,1.10154919834741,"PE"
26.2,8,1.05254163177051,1.03483618789808,1.07055000546544,"PE"
26.2,9,1.01915825371176,1.00444850798832,1.03408341776429,"PE"
26.2,10,0.981387949790985,0.963481915064792,0.99962676303082,"PE"
26.2,11,0.941537562389542,0.915522148391951,0.96829222859054,"PE"
26.2,12,0.901640679685147,0.866181410651108,0.938551561216253,"PE"
26.3,0,1.0186804164809,0.981939488292569,1.05679606869269,"PE"
26.3,1,1.04162686834338,1.01556430032665,1.06835828367132,"PE"
26.3,2,1.06317916930517,1.04581840306147,1.08082812726905,"PE"
26.3,3,1.08128674974627,1.06686184010702,1.09590669684049,"PE"
26.3,4,1.09379392964082,1.07610908203554,1.11176941119765,"PE"
26.3,5,1.09852617757619,1.07680771868929,1.1206826825954,"PE"
26.3,6,1.09341657930518,1.07018189143377,1.11715571480817,"PE"
26.3,7,1.07731147856744,1.05603963111023,1.09901180567723,"PE"
26.3,8,1.05195524225744,1.03483241983441,1.06936138692869,"PE"
26.3,9,1.019843450631,1.00557022379909,1.03431927395928,"PE"
26.3,10,0.983399460684529,0.966047840913011,1.00106274070303,"PE"
26.3,11,0.944858027857775,0.919673328966231,0.970732394524039,"PE"
26.3,12,0.90619824637175,0.871846113602318,0.941903908172737,"PE"
26.4,0,1.01596523202151,0.980572308167468,1.05263563337365,"PE"
26.4,1,1.03859500352607,1.01346975626262,1.06434313869135,"PE"
26.4,2,1.05987615815706,1.04310952005385,1.07691229830955,"PE"
26.4,3,1.07782198628139,1.06389518858464,1.09193109112283,"PE"
26.4,4,1.09034387084918,1.07332006056451,1.10763769389821,"PE"
26.4,5,1.09533251078159,1.07444268755897,1.11662848383363,"PE"
26.4,6,1.09077713131216,1.06841685720892,1.11360537056832,"PE"
26.4,7,1.0755434628188,1.05504033180763,1.09644504151826,"PE"
26.4,8,1.05130192602877,1.03474969627729,1.06811893122376,"PE"
26.4,9,1.02045298076008,1.00661008877983,1.03448624005386,"PE"
26.4,10,0.985333094464724,0.968525533755226,1.00243232956706,"PE"
26.4,11,0.948104401066503,0.923732966614218,0.973118842576811,"PE"
26.4,12,0.910690416263818,0.877423474430429,0.945218652615984,"PE"
26.5,0,1.01338696568718,0.979300056034929,1.04866035276531,"PE"
26.5,1,1.03567230742205,1.01145716974659,1.06046717591577,"PE"
26.5,2,1.05665366455244,1.04046667300987,1.07309248414678,"PE"
26.5,3,1.07440856719104,1.0609682162936,1.08801918052374,"PE"
26.5,4,1.08691607316208,1.07053469461813,1.10354812042732,"PE"
26.5,5,1.09213307173936,1.07204784227578,1.11259460571725,"PE"
26.5,6,1.08810637492457,1.06659618554743,1.11005036319703,"PE"
26.5,7,1.0737229424824,1.05396929404332,1.09384681672299,"PE"
26.5,8,1.05058055873709,1.03458784347328,1.06682049026497,"PE"
26.5,9,1.02098529187392,1.0075673389351,1.03458193407162,"PE"
26.5,10,0.987186848539538,0.970913870135809,1.00373256980365,"PE"
26.5,11,0.951274238417982,0.927699622210483,0.975447930572075,"PE"
26.5,12,0.915114338598961,0.882911720756656,0.948491489037807,"PE"
26.6,0,1.01094697234963,0.978127126077522,1.04486804798201,"PE"
26.6,1,1.03285973385671,1.00952965139465,1.05672897110925,"PE"
26.6,2,1.05351229436069,1.0378918607108,1.06936781796229,"PE"
26.6,3,1.07104680680099,1.05808233035239,1.08417013445121,"PE"
26.6,4,1.08351060198017,1.06775433600418,1.09949937454417,"PE"
26.6,5,1.08892769138085,1.06962450843175,1.10857923290722,"PE"
26.6,6,1.08540388550596,1.06472096815276,1.10648858237044,"PE"
26.6,7,1.0718491846356,1.05282711130745,1.0912149414326,"PE"
26.6,8,1.04979003252021,1.03434678644683,1.06546385295454,"PE"
26.6,9,1.0214388461116,1.00844128167613,1.03460393312308,"PE"
26.6,10,0.988958728001202,0.97321183954445,1.00496040630534,"PE"
26.6,11,0.954365093015946,0.931572051795247,0.977715818129251,"PE"
26.6,12,0.919467144726809,0.888309360110241,0.951717800347338,"PE"
26.7,0,1.00864663996422,0.977058131854232,1.04125641161225,"PE"
26.7,1,1.03015825137691,1.00769044062856,1.0531270121189,"PE"
26.7,2,1.05045265651549,1.03538713992205,1.06573738559621,"PE"
26.7,3,1.0677370174122,1.05523898027852,1.08038307877084,"PE"
26.7,4,1.08012752125617,1.06498041784629,1.09549006030962,"PE"
26.7,5,1.08571620379636,1.06717413352012,1.10458044114855,"PE"
26.7,6,1.08266924790774,1.06279243820883,1.102917802408,"PE"
26.7,7,1.06992147121497,1.05161450794003,1.08854713007829,"PE"
26.7,8,1.04892925677048,1.03402654567227,1.06404675036051,"PE"
26.7,9,1.02181212110473,1.00923129315049,1.03454977855197,"PE"
26.7,10,0.990646747075223,0.975418542739904,1.00611269366899,"PE"
26.7,11,0.957374516352672,0.935349208736491,0.979918468953054,"PE"
26.7,12,0.923745949926688,0.893615187542773,0.954892656146933,"PE"
26.8,0,1.00648739216516,0.976097901567198,1.0378230185322,"PE"
26.8,1,1.02756884476846,1.00594290035839,1.04965970768579,"PE"
26.8,2,1.04747536376397,1.03295462086315,1.0622002317736,"PE"
26.8,3,1.06447950956737,1.05243965387684,1.07665710058983,"PE"
26.8,4,1.07676689352781,1.06221444976801,1.09151870721656,"PE"
26.8,5,1.08249844624432,1.06469828152636,1.10059620312476,"PE"
26.8,6,1.07990205662562,1.06081196473862,1.09933568876326,"PE"
26.8,7,1.06793909944505,1.05033233389907,1.08584100795007,"PE"
26.8,8,1.04799715891086,1.03362723278721,1.06256686186918,"PE"
26.8,9,1.02210361112156,1.00993681501495,1.03441698167253,"PE"
26.8,10,0.99224893059895,0.97753318881204,1.00718620251785,"PE"
26.8,11,0.960300060043617,0.939030243333242,0.982051655808611,"PE"
26.8,12,0.927947855294184,0.89882828946871,0.958010815006788,"PE"
26.9,0,1.00447069091099,0.975251471257701,1.03456533892539,"PE"
26.9,1,1.02509251659481,1.00429051044446,1.04632539753227,"PE"
26.9,2,1.04458103342233,1.03059646221458,1.05875536681055,"PE"
26.9,3,1.06127459231844,1.04968587272298,1.07299125344894,"PE"
26.9,4,1.0734287799506,1.05945801201931,1.08758377637832,"PE"
26.9,5,1.07927425916065,1.06219862589029,1.09662439594145,"PE"
26.9,6,1.07710191595644,1.05878104514986,1.09573980632872,"PE"
26.9,7,1.06590138226897,1.0489815580033,1.0830941192956,"PE"
26.9,8,1.04699268517713,1.03314904540883,1.06102182224893,"PE"
26.9,9,1.022311828226,1.01055735071429,1.03420303003295,"PE"
26.9,10,0.993763315528709,0.97955509102433,1.00817762710815,"PE"
26.9,11,0.96313927760878,0.942614499760788,0.984110968278308,"PE"
26.9,12,0.932069949696187,0.903948043444262,0.961066731021936,"PE"
27,0,1.00259803918386,0.974524076109896,1.03148075334155,"PE"
27,1,1.02273028875853,1.0027368600956,1.04312236357243,"PE"
27,2,1.04177028813843,1.02831486577027,1.05540177369224,"PE"
27,3,1.05812257349509,1.04697918732499,1.06938456283977,"PE"
27,4,1.07011324033063,1.05671274862721,1.08368366769359,"PE"
27,5,1.07604348616824,1.05967694091117,1.09266281016693,"PE"
27,6,1.07426844015542,1.05670129604197,1.09212762947923,"PE"
27,7,1.06380764878054,1.04756325973392,1.08030393686338,"PE"
27,8,1.04591480140568,1.03259226114003,1.05940922953628,"PE"
27,9,1.02243530345068,1.01109246134016,1.03390539412853,"PE"
27,10,0.995187952474507,0.981483661515219,1.00908359413892,"PE"
27,11,0.965889726299914,0.946101510342292,0.986091823312059,"PE"
27,12,0.936109311793872,0.908974113720558,0.964054564810846,"PE"
27.1,0,1.00087098374581,0.973921140115656,1.0285665695534,"PE"
27.1,1,1.02048320408682,1.00128563939889,1.0400488420552,"PE"
27.1,2,1.03904375666161,1.02611207085347,1.05213841540672,"PE"
27.1,3,1.0550237599743,1.04432117205388,1.06583603195673,"PE"
27.1,4,1.06682033315722,1.05398035968402,1.07981672787421,"PE"
27.1,5,1.07280597408661,1.05713509172106,1.08870916030437,"PE"
27.1,6,1.07140125359357,1.05457444240747,1.08849655372016,"PE"
27.1,7,1.06165724465745,1.04607861972519,1.0774678727587,"PE"
27.1,8,1.04476249382604,1.03195723087388,1.05772665363396,"PE"
27.1,9,1.02247258798304,1.01154176115223,1.03352153448007,"PE"
27.1,10,0.996520907261217,0.983318404970201,1.00990067265019,"PE"
27.1,11,0.968548968972554,0.949490987219772,0.98798947849377,"PE"
27.1,12,0.940063012132955,0.913906442546747,0.966968198974352,"PE"
27.2,0,0.999291117956052,0.973448264417776,1.02582004090696,"PE"
27.2,1,1.01835232794259,0.999940630204642,1.03710303642113,"PE"
27.2,2,1.03640207462018,1.02399034861753,1.04896424241418,"PE"
27.2,3,1.05197845795102,1.04171341993771,1.06234464758952,"PE"
27.2,4,1.0635501156356,1.05126259291478,1.07598125919449,"PE"
27.2,5,1.06956157294165,1.05457502300073,1.0847610965205,"PE"
27.2,6,1.06849999091524,1.05240230541499,1.08484390875187,"PE"
27.2,7,1.0594495325952,1.04452890911508,1.07458329043962,"PE"
27.2,8,1.04353476985759,1.03124437152224,1.055971645493,"PE"
27.2,9,1.02242225436345,1.01190491284808,1.03304890898833,"PE"
27.2,10,0.997760262515088,0.985058911404645,1.01062538486618,"PE"
27.2,11,0.971114576001757,0.952782811584888,0.989799047858926,"PE"
27.2,12,0.943928115300418,0.918745237345515,0.969801257886159,"PE"
27.3,0,0.997860084652812,0.973111214696515,1.02323838581375,"PE"
27.3,1,1.01633874986265,0.998705696607974,1.03428313063667,"PE"
27.3,2,1.03384588530711,1.02195199635053,1.045878200134,"PE"
27.3,3,1.04898697320992,1.03915753741287,1.05890938606253,"PE"
27.3,4,1.06030264371946,1.04856123468601,1.07217552879982,"PE"
27.3,5,1.06631013597549,1.05199874665397,1.08081621741519,"PE"
27.3,6,1.06556429719552,1.05018678900707,1.08116697271664,"PE"
27.3,7,1.05718389274136,1.04291547795995,1.07164751764735,"PE"
27.3,8,1.04223065890973,1.03045415830499,1.05414174674028,"PE"
27.3,9,1.02228289769446,1.01218162266924,1.03248498047479,"PE"
27.3,10,0.998904119274353,0.986704848218579,1.01125421781877,"PE"
27.3,11,0.973584127240361,0.955977020710004,0.99151552001783,"PE"
27.3,12,0.947701682146774,0.923490954026719,0.972547131542167,"PE"
27.4,0,0.996579579103887,0.972915907991653,1.02081880800679,"PE"
27.4,1,1.01444358522463,0.997584775272225,1.03158730276591,"PE"
27.4,2,1.03137584047427,1.01999933189457,1.04287923634047,"PE"
27.4,3,1.04604961139847,1.03665513912083,1.05552921913345,"PE"
27.4,4,1.05707797214342,1.04587810062993,1.06839777840058,"PE"
27.4,5,1.06305151965646,1.04940832868546,1.07687208358591,"PE"
27.4,6,1.06259382809756,1.0479298655789,1.0774629873606,"PE"
27.4,7,1.05485972312983,1.04123974293914,1.06865786004345,"PE"
27.4,8,1.04084921318461,1.02958711674063,1.05223449960859,"PE"
27.4,9,1.02205313685992,1.01237163542674,1.03182722432249,"PE"
27.4,10,0.999950598622645,0.988255951696906,1.01178363557425,"PE"
27.4,11,0.975955214018433,0.959073793086276,0.993133778272348,"PE"
27.4,12,0.95138077207281,0.928144276833152,0.97519900306681,"PE"
27.5,0,0.995451352030206,0.972868399354988,1.01855851718048,"PE"
27.5,1,1.01266797694435,0.996581865828798,1.02901373855093,"PE"
27.5,2,1.02899260113577,1.01813468827556,1.03996630837274,"PE"
27.5,3,1.04316667830118,1.0342078428277,1.05220311977388,"PE"
27.5,4,1.05387615445551,1.0432150260601,1.06464623417528,"PE"
27.5,5,1.05978558368911,1.04680587554262,1.07292623172666,"PE"
27.5,6,1.05958825002953,1.045633561022,1.07372917382576,"PE"
27.5,7,1.05247644011454,1.03950317458418,1.06561161531737,"PE"
27.5,8,1.03938950848193,1.02864381447471,1.05024745703058,"PE"
27.5,9,1.02173161575295,1.01247472952157,1.03107313613885,"PE"
27.5,10,1.00089784334386,0.989712018130593,1.01221009188372,"PE"
27.5,11,0.978225441182504,0.962073432022067,0.994648622367066,"PE"
27.5,12,0.954962445379579,0.932706095214465,0.977749879371864,"PE"
27.6,0,0.994477212706793,0.972974868703093,1.01645474966,"PE"
27.6,1,1.01101309720534,0.99570102156068,1.02656064479938,"PE"
27.6,2,1.02669683838092,1.01636040861742,1.03713839008675,"PE"
27.6,3,1.04033848011527,1.03181726452771,1.04893006777119,"PE"
27.6,4,1.05069724304954,1.04057385634397,1.06091911671763,"PE"
27.6,5,1.05651219102433,1.04419352017946,1.06897618900296,"PE"
27.6,6,1.0565472403011,1.04329993941527,1.06996274878872,"PE"
27.6,7,1.05003347880246,1.0377072842606,1.0625060875347,"PE"
27.6,8,1.03785064500472,1.02762485306967,1.04817819277059,"PE"
27.6,9,1.0213170045117,1.01249071202154,1.03022023937595,"PE"
27.6,10,1.00174401959703,0.991072894724729,1.01253004308743,"PE"
27.6,11,0.980392429173064,0.96497634807632,0.996054791494063,"PE"
27.6,12,0.958443765680306,0.93717747829001,0.980192624397639,"PE"
27.7,0,0.993659032145857,0.973241608183183,1.01450478880389,"PE"
27.7,1,1.00948014922256,0.99494634053119,1.0242262624237,"PE"
27.7,2,1.02448923419723,1.01467884138439,1.03439447850713,"PE"
27.7,3,1.03756532372769,1.02948501376851,1.04570905511425,"PE"
27.7,4,1.04754128919736,1.03795643737435,1.05721465088568,"PE"
27.7,5,1.05323120786948,1.04157340807736,1.06501948746738,"PE"
27.7,6,1.05347048727934,1.04093108762236,1.06616094068582,"PE"
27.7,7,1.04753029348512,1.03585361110562,1.05933860152092,"PE"
27.7,8,1.03623174816564,1.02653085985607,1.04602431149218,"PE"
27.7,9,1.02080800076149,1.01241941383687,1.02926609286314,"PE"
27.7,10,1.00248731860969,0.992338470436392,1.01273996112566,"PE"
27.7,11,0.982453816138696,0.967783040692368,0.997346988179248,"PE"
27.7,12,0.961821802372695,0.941559647478429,0.98251999434869,"PE"
27.8,0,0.992998746366929,0.973675010269403,1.01270598493995,"PE"
27.8,1,1.00807036904205,0.99432195725096,1.0220088790457,"PE"
27.8,2,1.02237048230417,1.01309233595373,1.03173360017858,"PE"
27.8,3,1.0348475169937,1.02721268920374,1.0425390911576,"PE"
27.8,4,1.04440834308111,1.03536460624065,1.05353107545179,"PE"
27.8,5,1.04994250369861,1.03894768341101,1.06105367832732,"PE"
27.8,6,1.05035769054392,1.03852910000476,1.06232100581457,"PE"
27.8,7,1.04496635806863,1.03394370907862,1.056106517122,"PE"
27.8,8,1.03453196939264,1.02536247990872,1.0437834586952,"PE"
27.8,9,1.02020333086224,1.01226068500822,1.02820829823491,"PE"
27.8,10,1.00312595838823,0.993508666845989,1.01283634654823,"PE"
27.8,11,0.984407260085126,0.970494079351615,0.99851990272391,"PE"
27.8,12,0.965093633169995,0.945853947829398,0.984724674377801,"PE"
27.9,0,0.992498359759208,0.974281556659847,1.01105577478219,"PE"
27.9,1,1.00678502737881,0.99383203487581,1.01990684118048,"PE"
27.9,2,1.02034128899818,1.01160323846243,1.02915481727487,"PE"
27.9,3,1.03218536901696,1.02500187433251,1.03941920760533,"PE"
27.9,4,1.04129845382539,1.0328001821387,1.0498666525153,"PE"
27.9,5,1.04664595126267,1.03631847546905,1.05707634595507,"PE"
27.9,6,1.04720856104134,1.03609606337614,1.05844024418433,"PE"
27.9,7,1.04234116650143,1.03197913420669,1.05280724325765,"PE"
27.9,8,1.03275048693339,1.02412036815592,1.041453330512,"PE"
27.9,9,1.01950175115998,1.01201439008019,1.0270445072781,"PE"
27.9,10,1.00365818544346,0.994583429104483,1.01281574147545,"PE"
27.9,11,0.98625044105733,0.973110084473579,0.999568237967621,"PE"
27.9,12,0.968256346689027,0.950061818474765,0.986799316289419,"PE"
28,0,0.992159948541562,0.97506780781892,1.00955170050369,"PE"
28,1,1.00562543149481,0.993480757777347,1.01791856616489,"PE"
28,2,1.01840237400951,1.01021388778329,1.02665723361219,"PE"
28,3,1.02957919043128,1.02285413331495,1.03634846342528,"PE"
28,4,1.03821166952934,1.03026495746089,1.04621967673574,"PE"
28,5,1.04334142659976,1.03368788531508,1.05308512165393,"PE"
28,6,1.04402282123823,1.03363404219123,1.05451601512227,"PE"
28,7,1.03965423319951,1.02996143199063,1.04943825179999,"PE"
28,8,1.03088650665758,1.02280518154554,1.03903168343633,"PE"
28,9,1.01870204924085,1.01168040346988,1.02577242928519,"PE"
28,10,1.00408227652986,0.99556271690387,1.01267474255841,"PE"
28,11,0.987981063352786,0.975631708129941,1.00048673429718,"PE"
28,12,0.971307045093218,0.95418476239328,0.988736577055993,"PE"
28.1,0,0.991985664325884,0.976040392648239,1.00819142900237,"PE"
28.1,1,1.00459292711959,0.993272324087479,1.01604255423694,"PE"
28.1,2,1.01655447137165,1.00892661134293,1.02424000085616,"PE"
28.1,3,1.02702929368419,1.02077100664003,1.03332594991837,"PE"
28.1,4,1.03514803729866,1.02776068885401,1.04258848459952,"PE"
28.1,5,1.04002880904533,1.03105797247609,1.04907769739333,"PE"
28.1,6,1.04080020527341,1.0311450637492,1.05054575285311,"PE"
28.1,7,1.03690509346865,1.02789212474851,1.04599709149858,"PE"
28.1,8,1.02893926285605,1.02141757105409,1.0365163441962,"PE"
28.1,9,1.01780304518664,1.01125860463745,1.02438983860373,"PE"
28.1,10,1.00439654039657,0.996446495264812,1.01241001413979,"PE"
28.1,11,0.989596857763789,0.978059614375541,1.00127019509053,"PE"
28.1,12,0.974242846788551,0.95822431529629,0.990529158326751,"PE"
28.2,0,0.991977737764061,0.977205997116388,1.00697277249958,"PE"
28.2,1,1.00368890039721,0.99321093738,1.0142774015739,"PE"
28.2,2,1.01479833029254,1.00774372022885,1.02190232545499,"PE"
28.2,3,1.0245359933176,1.01875400621466,1.03035079636496,"PE"
28.2,4,1.03210760327888,1.02528908776538,1.03897146420214,"PE"
28.2,5,1.03670798124854,1.02843074110869,1.04505184007412,"PE"
28.2,6,1.0375404591181,1.02863110283409,1.04652698264814,"PE"
28.2,7,1.0340933039341,1.02577269835879,1.0424814025098,"PE"
28.2,8,1.02690801904707,1.0199581730951,1.03390522023382,"PE"
28.2,9,1.01680359283974,1.01074887268995,1.02289458276641,"PE"
28.2,10,1.00459931955598,0.997234724674744,1.01201830209181,"PE"
28.2,11,0.991095583851657,0.980394458542567,1.00191351325106,"PE"
28.2,12,0.977060889172256,0.962182012759085,0.992169847794804,"PE"
28.3,0,0.992135526874457,0.978567536780275,1.00589163924766,"PE"
28.3,1,1.00291265997008,0.99329806438186,1.01262031971662,"PE"
28.3,2,1.01313341711948,1.00666579579913,1.01964259158062,"PE"
28.3,3,1.02209907753393,1.01680374952305,1.02742198264487,"PE"
28.3,4,1.02909056417126,1.0228515603477,1.03536762353506,"PE"
28.3,5,1.03337952975589,1.02580832828766,1.0410066121232,"PE"
28.3,6,1.03424441789069,1.02609460245499,1.04245896370454,"PE"
28.3,7,1.03121969648382,1.02360533817211,1.03889069620833,"PE"
28.3,8,1.0247933215469,1.01842843854653,1.03119798322398,"PE"
28.3,9,1.01570369387721,1.01015183842105,1.02128606266596,"PE"
28.3,10,1.00468986457284,0.997927782687651,1.01149776715991,"PE"
28.3,11,0.992475602323531,0.982636782907196,1.00241293460768,"PE"
28.3,12,0.979758573354911,0.966058685987619,0.993652741790837,"PE"
28.4,0,0.99244736850158,0.980113445969342,1.00493650331629,"PE"
28.4,1,1.00225560734223,0.993524798575011,1.0110631399334,"PE"
28.4,2,1.01155435215736,1.00568693818464,1.01745599800227,"PE"
28.4,3,1.01971636092456,1.01491755250945,1.0245378594214,"PE"
28.4,4,1.02609768132481,1.02044845069077,1.03177818625471,"PE"
28.4,5,1.03004665820866,1.02319346342159,1.03694575465605,"PE"
28.4,6,1.03091694767838,1.02353984023148,1.03834722522394,"PE"
28.4,7,1.02828980564025,1.02139489305169,1.03523126224419,"PE"
28.4,8,1.02260043198451,1.01683286877354,1.02840070930849,"PE"
28.4,9,1.01450755570848,1.00947092216115,1.01956931893209,"PE"
28.4,10,1.00467074028597,0.998527582347393,1.01085169226262,"PE"
28.4,11,0.993737454064193,0.984786653804098,1.00276960882375,"PE"
28.4,12,0.982334238664181,0.969852394572413,0.994976722078803,"PE"
28.5,0,0.992899052629084,0.981828336864952,1.0040945974931,"PE"
28.5,1,1.00170734357232,0.99387956069477,1.00959677796904,"PE"
28.5,2,1.01005466753045,1.00479961292895,1.01533720581975,"PE"
28.5,3,1.01738521977862,1.0130918558075,1.02169677852062,"PE"
28.5,4,1.02312983970917,1.01807967000827,1.02820506070492,"PE"
28.5,5,1.02671314415539,1.02058875168978,1.03287428813626,"PE"
28.5,6,1.02756380352935,1.02097123143269,1.03419894490271,"PE"
28.5,7,1.02531021769441,1.01914657809748,1.03151113402258,"PE"
28.5,8,1.02033568972371,1.01517650143885,1.02552109731498,"PE"
28.5,9,1.01322037425816,1.00871008207336,1.01775083352164,"PE"
28.5,10,1.00454531695736,0.99903623050443,1.01008478272249,"PE"
28.5,11,0.994882231527803,0.986843714427831,1.00298622784827,"PE"
28.5,12,0.984786477645525,0.973560043273402,0.996142367647613,"PE"
28.6,0,0.993476406482609,0.983696354635638,1.00335369302368,"PE"
28.6,1,1.00125752971554,0.994350514517279,1.00821252282325,"PE"
28.6,2,1.00862795111416,1.00399616753878,1.0132811027184,"PE"
28.6,3,1.01510305920781,1.01132299599429,1.01889725131778,"PE"
28.6,4,1.02018791381078,1.01574493400851,1.02465032769425,"PE"
28.6,5,1.02338271733124,1.01799651496882,1.02879741799936,"PE"
28.6,6,1.02419067220826,1.01839287455922,1.0300214772147,"PE"
28.6,7,1.02228745618124,1.01686532795521,1.02773849627366,"PE"
28.6,8,1.01800539842774,1.01346418015214,1.02256696538841,"PE"
28.6,9,1.01184734619447,1.00787315212124,1.01583721110734,"PE"
28.6,10,1.00431699763198,0.999455658524273,1.00920198222882,"PE"
28.6,11,0.995911076030412,0.988807276208456,1.00306591104712,"PE"
28.6,12,0.987113925127717,0.977177992475095,0.99715088620959,"PE"
28.7,0,0.994165275453797,0.985701210423893,1.00270202011123,"PE"
28.7,1,1.00089587621869,0.99492559405226,1.00690198445027,"PE"
28.7,2,1.00726784183007,1.00326885078749,1.0112827726971,"PE"
28.7,3,1.01286731195021,1.00960722474655,1.01613792618687,"PE"
28.7,4,1.01727276787667,1.01344379228097,1.02111621004095,"PE"
28.7,5,1.02005905969993,1.01541883023692,1.02472049393955,"PE"
28.7,6,1.02080317095671,1.01580859175869,1.02582230775502,"PE"
28.7,7,1.01922797901894,1.01455583108779,1.02392164273623,"PE"
28.7,8,1.0156158219726,1.01170057773908,1.0195462180581,"PE"
28.7,9,1.01039366454279,1.00696385840109,1.01383515290137,"PE"
28.7,10,1.00398921461516,0.999787647944264,1.00820843819803,"PE"
28.7,11,0.996825176177053,0.9906763637255,1.00301215234781,"PE"
28.7,12,0.989315259360304,0.980702122511845,0.998004042141067,"PE"
28.8,0,0.994951506075116,0.987826210183177,1.00212819748686,"PE"
28.8,1,1.00061213339156,0.995592527397951,1.00565704737376,"PE"
28.8,2,1.00596802534957,1.00260982962146,1.00933746920054,"PE"
28.8,3,1.01067543724034,1.00794072570605,1.01341756850377,"PE"
28.8,4,1.01438525616541,1.01117565444231,1.01760504557763,"PE"
28.8,5,1.01674580562946,1.01285756393954,1.02064897382434,"PE"
28.8,6,1.01740684656389,1.01322196509598,1.02160901272705,"PE"
28.8,7,1.01613817605644,1.01222256055171,1.02006893847192,"PE"
28.8,8,1.0131731807412,1.00989021706306,1.0164668167185,"PE"
28.8,9,1.00886451455515,1.00598583363176,1.01175143297413,"PE"
28.8,10,1.00356542605004,1.00003385345382,1.00710947022907,"PE"
28.8,11,0.997625766277397,0.99244975560306,1.00282877185636,"PE"
28.8,12,0.991389203130552,0.984127893021356,0.998704090244197,"PE"
28.9,0,0.995820931032288,0.990054280527316,1.0016211698553,"PE"
28.9,1,1.00039608294191,0.996338858037952,1.00446982940756,"PE"
28.9,2,1.00472223019939,1.0020112041531,1.00744059115589,"PE"
28.9,3,1.00852491974405,1.00631962941867,1.01073504283356,"PE"
28.9,4,1.01152622320525,1.00893981345145,1.01411926320134,"PE"
28.9,5,1.01344654219857,1.01031440278355,1.01658839175658,"PE"
28.9,6,1.014007174741,1.01063636915327,1.01738922307703,"PE"
28.9,7,1.01302436702235,1.00986980169925,1.01618878637056,"PE"
28.9,8,1.01068364829544,1.00803748973088,1.01333675318414,"PE"
28.9,9,1.00726506983696,1.00494263006896,1.00959287680336,"PE"
28.9,10,1.00304911259846,1.00019582351831,1.00591054134324,"PE"
28.9,11,0.998314124752151,0.994126021801124,1.00251987154907,"PE"
28.9,12,0.993334524858688,0.987450397845556,0.999253714848941,"PE"
29,0,0.9967593562076,0.992367992699457,1.00117015209728,"PE"
29,1,1.00023753056409,0.997151964311042,1.00333264472903,"PE"
29,2,1.00352422426303,1.00146502118486,1.00558766145545,"PE"
29,3,1.00641326855702,1.00474002668441,1.00808929695976,"PE"
29,4,1.00869650405931,1.00673546649223,1.01066136156565,"PE"
29,5,1.01016480963091,1.00779088142976,1.01254432980081,"PE"
29,6,1.01060955979305,1.00805500044154,1.01317059277296,"PE"
29,7,1.00989279986883,1.00750167722909,1.01228959740482,"PE"
29,8,1.00815334842256,1.00614667300404,1.01016402598744,"PE"
29,9,1.00560048873176,1.00383773109637,1.00736634180218,"PE"
29,10,1.00244377422839,1.000275018965,1.00461723169798,"PE"
29,11,0.998891572532341,0.995703557751624,1.00208979460635,"PE"
29,12,0.995150039670215,0.990664416070358,0.999655973698863,"PE"
29.1,0,0.997752549752986,0.994749585704441,1.00076457919166,"PE"
29.1,1,1.00012629957345,0.998019077733995,1.0022379706103,"PE"
29.1,2,1.00236781167269,1.00096328667085,1.00377430746658,"PE"
29.1,3,1.00433801626571,1.00319798062885,1.00547934744072,"PE"
29.1,4,1.00589692459755,1.0045617338044,1.00723389002973,"PE"
29.1,5,1.0069041018543,1.00528840754195,1.00852239290215,"PE"
29.1,6,1.00721933458133,1.00548090409723,1.0089607707322,"PE"
29.1,7,1.00674964950307,1.00512216999809,1.0083797641997,"PE"
29.1,8,1.00558835255186,1.00422194522352,1.00695661909967,"PE"
29.1,9,1.00387591096422,1.00267456173008,1.0050786995886,"PE"
29.1,10,1.00175292711087,1.00027282984,1.00323521447216,"PE"
29.1,11,0.999359471453587,0.997180615798531,1.00154308794323,"PE"
29.1,12,0.996834610444114,0.99376445982975,0.999914246027176,"PE"
29.2,0,0.998786233196587,0.997180989585525,1.00039406089928,"PE"
29.2,1,1.00005222558073,0.998927300808971,1.00117841716714,"PE"
29.2,2,1.00124683008687,1.00049797748934,1.0019962431855,"PE"
29.2,3,1.00229671806953,1.00168953778217,1.00290426640296,"PE"
29.2,4,1.00312830177556,1.00241767582254,1.00383943149988,"PE"
29.2,5,1.00366786718174,1.00280828463304,1.00452818654342,"PE"
29.2,6,1.00384176077025,1.00291699832174,1.00476737591702,"PE"
29.2,7,1.00360101689914,1.00273514399261,1.00446763749651,"PE"
29.2,8,1.00299467753716,1.00226740004107,1.00372248276921,"PE"
29.2,9,1.00209645454125,1.00145649825818,1.00273681977274,"PE"
29.2,10,1.0009801006288,1.00019059083276,1.00177023363178,"PE"
29.2,11,0.999719222647412,0.99855533439899,1.00088446749152,"PE"
29.2,12,0.998387148835756,0.996744819510236,1.00003218421558,"PE"
29.3,0,0.999846074590471,0.99964384976952,1.00004834032087,"PE"
29.3,1,1.00000515220229,0.999863624904775,1.00014669953251,"PE"
29.3,2,1.00015514834934,1.00006105287085,1.00024925268124,"PE"
29.3,3,1.00028695096326,1.00021073843093,1.00036316930272,"PE"
29.3,4,1.00039144391989,1.00030230896306,1.00048058681935,"PE"
29.3,5,1.00045950911182,1.00035173312927,1.00056729670595,"PE"
29.3,6,1.00048202935174,1.00036609700362,1.00059797513525,"PE"
29.3,7,1.00045292858262,1.00034436384183,1.00056150510566,"PE"
29.3,8,1.00037828380017,1.00028705973627,1.00046951618351,"PE"
29.3,9,1.0002672129105,1.00018687722444,1.00034755504917,"PE"
29.3,10,1.0001288344999,1.00002959555143,1.00022808329644,"PE"
29.3,11,0.999972264931599,0.999825765534074,1.00011878579494,"PE"
29.3,12,0.999806616273335,0.999599606989858,1.00001366842682,"PE"
29.4,0,1.00091768371037,0.99971725549895,1.00211955335725,"PE"
29.4,1,0.999974927803403,0.999135611900475,1.00081494876696,"PE"
29.4,2,0.999086664525602,0.998529174499121,0.999644465805012,"PE"
29.4,3,0.998306312978661,0.997855203403608,0.998757626490968,"PE"
29.4,4,0.997687151019907,0.997159960379786,0.99821462038158,"PE"
29.4,5,0.997282387245427,0.996645271717388,0.997919910055985,"PE"
29.4,6,0.997145261440877,0.996460063099379,0.997830930947036,"PE"
29.4,7,0.997311336480387,0.996669572955655,0.997953513241796,"PE"
29.4,8,0.997745073829575,0.997205551671357,0.99828488788765,"PE"
29.4,9,0.998393252375103,0.997917727390458,0.998869003955594,"PE"
29.4,10,0.999202676015839,0.998614588436921,0.999791109921562,"PE"
29.4,11,1.00012007320154,0.999251001486591,1.00098990076826,"PE"
29.4,12,1.00109202492668,0.999862763604013,1.00232279754015,"PE"
29.5,0,1.00198660932067,0.999390703276904,1.00458925820101,"PE"
29.5,1,0.999951403272882,0.998138002914088,1.00176809818699,"PE"
29.5,2,0.998035304313335,0.996831886709608,0.999240174733679,"PE"
29.5,3,0.996352422484242,0.995379536730358,0.997326259138416,"PE"
29.5,4,0.995016215026103,0.993880146640455,0.996153582010361,"PE"
29.5,5,0.994139818316288,0.992767605583274,0.995513927734662,"PE"
29.5,6,0.993836509336269,0.992361044309942,0.995314168117636,"PE"
29.5,7,0.994182118127721,0.992799947855238,0.995566212649562,"PE"
29.5,8,0.995100891030261,0.993938340167974,0.9962648016595,"PE"
29.5,9,0.996479609763429,0.995454115142926,0.997506160825611,"PE"
29.5,10,0.998205177399205,0.99693558664087,0.999476384972824,"PE"
29.5,11,1.00016415682446,0.99828615022268,1.00204569639,"PE"
29.5,12,1.00224243864729,0.999583678230216,1.00490827101553,"PE"
29.6,0,1.00303833851929,0.999058604655305,1.00703392558903,"PE"
29.6,1,0.999924430828083,0.997146751887718,1.00270984734597,"PE"
29.6,2,0.996995019823529,0.995153292297513,0.998840155829732,"PE"
29.6,3,0.994422917542415,0.992935347265332,0.995912716429182,"PE"
29.6,4,0.992379420154607,0.990643717249377,0.994118164177974,"PE"
29.6,5,0.991035077332744,0.98893972240746,0.993134871873672,"PE"
29.6,6,0.990560757838935,0.988308216335218,0.992818433311128,"PE"
29.6,7,0.991071077225189,0.988960621588928,0.993186036602949,"PE"
29.6,8,0.992451518916966,0.990675537666889,0.994230683963636,"PE"
29.6,9,0.994531290351814,0.992963440826839,0.996101615448428,"PE"
29.6,10,0.997139893279693,0.99519691068558,0.999086669275213,"PE"
29.6,11,1.00010605803844,0.99722931664619,1.00299109806461,"PE"
29.6,12,1.00325697387849,0.999180724234795,1.00734985295744,"PE"
29.7,0,1.00405829817801,0.998710870895304,1.00943435734947,"PE"
29.7,1,0.999883863849888,0.996154745359421,1.00362694234484,"PE"
29.7,2,0.995959788729432,0.993489304588174,0.998436416159665,"PE"
29.7,3,0.992515455323012,0.990521812155373,0.994513111136341,"PE"
29.7,4,0.98977754319797,0.987453208461731,0.992107349111901,"PE"
29.7,5,0.987971398828264,0.985166961506543,0.990783819435051,"PE"
29.7,6,0.987322925823636,0.984308754058306,0.99034632765158,"PE"
29.7,7,0.987983944537506,0.985159455963469,0.990816531024685,"PE"
29.7,8,0.989802680646538,0.987424692378609,0.992186395759508,"PE"
29.7,9,0.992553266038348,0.990452359439622,0.994658628993298,"PE"
29.7,10,0.996010378290807,0.993404371653526,0.998623221288776,"PE"
29.7,11,0.999947350357878,0.996085606945741,1.00382406543719,"PE"
29.7,12,1.00413480053458,0.998658277416195,1.00964135625385,"PE"
29.8,0,1.0050318584934,0.998337369610596,1.01177123819444,"PE"
29.8,1,0.999819557747385,0.995154853461638,1.00450612744031,"PE"
29.8,2,0.994923613780438,0.991835832401456,0.998021008034387,"PE"
29.8,3,0.990627711572413,0.988138096691978,0.993123599039922,"PE"
29.8,4,0.98721135384204,0.984311108545277,0.990120144630881,"PE"
29.8,5,0.984951978218389,0.981454562815863,0.98846185666807,"PE"
29.8,6,0.984127868056713,0.980369694452449,0.987900448337274,"PE"
29.8,7,0.984926379126927,0.981404168411447,0.988461230881363,"PE"
29.8,8,0.987160038882754,0.98419323230576,0.990135788765774,"PE"
29.8,9,0.990550473765282,0.987927447052541,0.993180464824603,"PE"
29.8,10,0.99482018478798,0.991563742316633,0.998087321899638,"PE"
29.8,11,0.999689636987319,0.994860121556794,1.00454259714016,"PE"
29.8,12,1.0048751428479,0.998020737719762,1.01177662402154,"PE"
29.9,0,1.00594433866252,0.997927890062558,1.01402518414807,"PE"
29.9,1,0.999721371851878,0.994139905578681,1.0053341745251,"PE"
29.9,2,0.993880522678246,0.990188764610572,0.997586044866579,"PE"
29.9,3,0.988757380137454,0.985783342816602,0.991740389914628,"PE"
29.9,4,0.984681614988903,0.981219844849107,0.988155598347341,"PE"
29.9,5,0.981979973261876,0.977807652166909,0.986170097718558,"PE"
29.9,6,0.980980377254835,0.976497921425408,0.985483409073031,"PE"
29.9,7,0.981903969913762,0.977702317738406,0.9861236785882,"PE"
29.9,8,0.984529195987696,0.980988452927328,0.988082718873741,"PE"
29.9,9,0.98852781418749,0.985395189477454,0.991670397681248,"PE"
29.9,10,0.993572860688849,0.989680740498104,0.997480287431455,"PE"
29.9,11,0.999334549245129,0.993557927522599,1.00514475668783,"PE"
29.9,12,1.00547728018273,0.997272488661678,1.01374957442212,"PE"
30,0,1.00678101469599,0.997472106827093,1.01617679794228,"PE"
30,1,0.999579172339512,0.993102664726495,1.00609791642248,"PE"
30,2,0.992824568312645,0.988543953760883,0.997123718874739,"PE"
30,3,0.986902172543361,0.983456656885382,0.990359759478774,"PE"
30,4,0.982189083085797,0.978181770190015,0.986212812722447,"PE"
30,5,0.979058505623981,0.974231225987879,0.983909704251861,"PE"
30,6,0.977885186379286,0.9727001502423,0.983097861660498,"PE"
30,7,0.978922237556922,0.974061289569757,0.983807443581632,"PE"
30,8,0.981915694533653,0.977817504659929,0.986031060577943,"PE"
30,9,0.98649015058418,0.982861970760326,0.990131723630303,"PE"
30,10,0.992271947436229,0.987761012095229,0.996803483446218,"PE"
30,11,0.998883744998791,0.992184029988818,1.0056286997827,"PE"
30,12,1.00594054781507,0.996417855122849,1.0155542481861,"PE"
30.1,0,1.00752712937778,0.996959540936494,1.01820673232004,"PE"
30.1,1,0.999382836181056,0.992035800044111,1.00678428460836,"PE"
30.1,2,0.991749829354275,0.986897198373675,0.996626321003923,"PE"
30.1,3,0.985059817624953,0.981157096402954,0.988978062592327,"PE"
30.1,4,0.979734508459946,0.975199148179587,0.984290961347811,"PE"
30.1,5,0.976190662539915,0.970730134939253,0.981681906567938,"PE"
30.1,6,0.974846971160722,0.968982910992489,0.980746519263022,"PE"
30.1,7,0.975986636647622,0.970488281012746,0.981516143523867,"PE"
30.1,8,0.979325018129567,0.974687379730907,0.983984722772609,"PE"
30.1,9,0.984442308010916,0.980334061231563,0.988567771055896,"PE"
30.1,10,0.990920978084083,0.985810113411497,0.996058339682746,"PE"
30.1,11,0.998338907113286,0.9907433422466,1.00599270361594,"PE"
30.1,12,1.00626433767714,0.995461058646641,1.01718485970454,"PE"
30.2,0,1.00816790437792,0.996379517515794,1.02009576225724,"PE"
30.2,1,0.999122256116458,0.990931856727296,1.00738035202955,"PE"
30.2,2,0.990650411201655,0.985244223521542,0.996086263471049,"PE"
30.2,3,0.983228061210416,0.978883655403192,0.98759174802383,"PE"
30.2,4,0.977318635659282,0.972274137073818,0.982389306869328,"PE"
30.2,5,0.973379498576725,0.967309065943683,0.979488026740605,"PE"
30.2,6,0.971870352849725,0.965352530508866,0.978432181920483,"PE"
30.2,7,0.97310255820974,0.966990283995746,0.979253467657909,"PE"
30.2,8,0.976762592556169,0.971604898055918,0.981947666305548,"PE"
30.2,9,0.982389072688847,0.9778176048089,0.986981912978612,"PE"
30.2,10,0.989523475506642,0.983833492400311,0.995246366526763,"PE"
30.2,11,0.997701741914091,0.989240653661695,1.00623519882031,"PE"
30.2,12,1.00644809906572,0.994406169258655,1.01863585265984,"PE"
30.3,0,1.00868855451953,0.995721118832552,1.0218248671994,"PE"
30.3,1,0.998787346650485,0.989783222664216,1.00787338175315,"PE"
30.3,2,0.989520447279604,0.983580659215848,0.99549610538809,"PE"
30.3,3,0.981404665856942,0.976635248115425,0.986197375145265,"PE"
30.3,4,0.974942203798986,0.969408771675334,0.98050722102065,"PE"
30.3,5,0.970628037491956,0.963972522003562,0.9773295043798,"PE"
30.3,6,0.968959901188778,0.961815112076395,0.976157764962621,"PE"
30.3,7,0.970275332500681,0.963574066681635,0.977023202898586,"PE"
30.3,8,0.974233787204088,0.968576691661706,0.979923923733572,"PE"
30.3,9,0.980335191627954,0.97531860520581,0.985377581043291,"PE"
30.3,10,0.988082950730613,0.981836468364123,0.994369173464479,"PE"
30.3,11,0.996973977666225,0.987680594729761,1.00635480482997,"PE"
30.3,12,1.00649133931338,0.993257052682332,1.01990196130711,"PE"
30.4,0,1.00907531418838,0.994973795677861,1.02337669004706,"PE"
30.4,1,0.998368745316122,0.988582552545797,1.00825181372793,"PE"
30.4,2,0.988354498931725,0.981902268325919,0.994849128135775,"PE"
30.4,3,0.97958754448658,0.974410708971475,0.984791883420627,"PE"
30.4,4,0.972605858951898,0.96660471519842,0.978644260672136,"PE"
30.4,5,0.967939017470414,0.960724372122535,0.97520784184092,"PE"
30.4,6,0.966119775663549,0.958375968272273,0.973926154065471,"PE"
30.4,7,0.967509835472293,0.960245587561856,0.97482903734283,"PE"
30.4,8,0.971743547637328,0.965608680224187,0.977917392121562,"PE"
30.4,9,0.978285081379625,0.972842499654085,0.983758111708972,"PE"
30.4,10,0.986602727751481,0.979823877530528,0.993428477023756,"PE"
30.4,11,0.996157334897367,0.986067322906366,1.00635059373533,"PE"
30.4,12,1.00639375777553,0.992017085713715,1.02097878179271,"PE"
30.5,0,1.00932421178402,0.994133127263743,1.02474742723584,"PE"
30.5,1,0.997863832231762,0.987326767591917,1.00851335176989,"PE"
30.5,2,0.987151001962553,0.980207130798693,0.994144064103732,"PE"
30.5,3,0.977775916772793,0.972208954222327,0.983374756289526,"PE"
30.5,4,0.970309395067364,0.963861298794075,0.976800628196133,"PE"
30.5,5,0.965312677977531,0.957564175906581,0.973123880059461,"PE"
30.5,6,0.963350606520708,0.955034941773853,0.971738677288703,"PE"
30.5,7,0.964807070053068,0.957005136268578,0.972672608690312,"PE"
30.5,8,0.969293211090501,0.96270170543353,0.975929848013555,"PE"
30.5,9,0.976240313744692,0.970390614129633,0.982125276464204,"PE"
30.5,10,0.985084441009011,0.977797203241363,0.992425988437297,"PE"
30.5,11,0.995253281112586,0.984402136189976,1.00622403908946,"PE"
30.5,12,1.00615640163662,0.990687193685908,1.0218671554518,"PE"
30.6,0,1.00943680007508,0.993198150035298,1.02594094975872,"PE"
30.6,1,0.997273771298972,0.986015190082454,1.00866090596201,"PE"
30.6,2,0.985910556386164,0.97849463011103,0.993382687325919,"PE"
30.6,3,0.975969730412461,0.970028956072677,0.981946887995791,"PE"
30.6,4,0.968052136193161,0.961176575800186,0.974976879360568,"PE"
30.6,5,0.962747879588052,0.954489131318325,0.971078086945939,"PE"
30.6,6,0.96065107617687,0.951788877868669,0.969595791270757,"PE"
30.6,7,0.96216589788233,0.953849889837091,0.970554407890977,"PE"
30.6,8,0.96688211367533,0.959853810233215,0.973961880213959,"PE"
30.6,9,0.974200877147561,0.967961998358132,0.980479967855034,"PE"
30.6,10,0.983528782915467,0.975756066589299,0.991363415453233,"PE"
30.6,11,0.994263150198531,0.982684744946693,1.0059779770941,"PE"
30.6,12,1.00578109753167,0.989266947415138,1.02257092364726,"PE"
30.7,0,1.00941474855209,0.992167858999147,1.026961441406,"PE"
30.7,1,0.996599787318455,0.984647108989611,1.00869755978095,"PE"
30.7,2,0.984633787766855,0.976764125544205,0.992566854840154,"PE"
30.7,3,0.974168941370221,0.967869663581064,0.980509217345558,"PE"
30.7,4,0.96583340980517,0.958548570503404,0.973173612898907,"PE"
30.7,5,0.960243486561401,0.951496405149848,0.969070979662169,"PE"
30.7,6,0.958019869194801,0.948634589081021,0.967498002219309,"PE"
30.7,7,0.959585176090145,0.950776987151969,0.96847496585945,"PE"
30.7,8,0.964509578280537,0.957062994049122,0.972014101871284,"PE"
30.7,9,0.972166742760593,0.965555656291575,0.978823094838089,"PE"
30.7,10,0.981936436622447,0.973700033201184,0.99024251072154,"PE"
30.7,11,0.993188292527602,0.980914785792933,1.00561536914392,"PE"
30.7,12,1.0052697346828,0.987755826953271,1.02309418167273,"PE"
30.8,0,1.00925978088894,0.99104118018387,1.02781329947461,"PE"
30.8,1,0.995843123555513,0.983221760481213,1.00862650379853,"PE"
30.8,2,0.98332132321146,0.975014941908979,0.991698468527266,"PE"
30.8,3,0.972373505871898,0.965730004714782,0.97906270935514,"PE"
30.8,4,0.963652551855147,0.955975294879716,0.971391463430841,"PE"
30.8,5,0.957798381643554,0.948583161874535,0.967103124691927,"PE"
30.8,6,0.955455693216472,0.945568891084427,0.9654458710595,"PE"
30.8,7,0.957063780475955,0.947783566098529,0.96643486199011,"PE"
30.8,8,0.962174936451508,0.954327246144852,0.970087160431909,"PE"
30.8,9,0.970137881916698,0.963170573210121,0.977155590201463,"PE"
30.8,10,0.980308086177626,0.971628636459041,0.989065068447837,"PE"
30.8,11,0.992030075591289,0.979091843885422,1.00513927985782,"PE"
30.8,12,1.00462425446967,0.9861532442527,1.02344123345003,"PE"
30.9,0,1.00897367266449,0.989816980644796,1.02850111893098,"PE"
30.9,1,0.995005040771823,0.981738334451781,1.00845102652958,"PE"
30.9,2,0.981973791165718,0.973246373252851,0.990779470683786,"PE"
30.9,3,0.970583380402784,0.96360888858447,0.977608352801652,"PE"
30.9,4,0.961508906559954,0.953454750651125,0.969631098657557,"PE"
30.9,5,0.95541146551645,0.945746565690484,0.965175134179687,"PE"
30.9,6,0.952957278246846,0.942588604738777,0.963440009350962,"PE"
30.9,7,0.954600604957454,0.944866765696159,0.964434720395459,"PE"
30.9,8,0.95987752818092,0.951644547633035,0.968181734869774,"PE"
30.9,9,0.968114266108443,0.96080571734861,0.97547840871416,"PE"
30.9,10,0.978644416304375,0.969541379680753,0.987832921457248,"PE"
30.9,11,0.990789882958985,0.977215456957575,1.00455287028528,"PE"
30.9,12,1.00384664795985,0.984458549859208,1.02361657864045,"PE"
31,0,1.00855824907985,0.988494078126738,1.02902967685416,"PE"
31,1,0.994086816264091,0.980195980720475,1.00817450561643,"PE"
31,2,0.980591821213732,0.971457686244548,0.989811839925273,"PE"
31,3,0.968798521705938,0.961505207351988,0.976147158104801,"PE"
31,4,0.959401826195554,0.950984931003396,0.96789321691584,"PE"
31,5,0.953081656261619,0.942983782225034,0.963287662656342,"PE"
31,6,0.950523375956935,0.939690557799792,0.961481075595808,"PE"
31,7,0.95219456103374,0.94202372792119,0.962475206503598,"PE"
31,8,0.957616701704142,0.949012873182578,0.966298533240545,"PE"
31,9,0.966095866987169,0.958460041176506,0.973792525626855,"PE"
31,10,0.97694611218507,0.967437737816136,0.986547938752121,"PE"
31,11,0.989469113246226,0.975285118716927,1.00385939176053,"PE"
31,12,1.00293895344142,0.982671038843805,1.02362490046892,"PE"
31.1,0,1.0080153826746,0.987071251231841,1.02940391632374,"PE"
31.1,1,0.993089742910319,0.978593815475705,1.00780039877349,"PE"
31.1,2,0.97917604388056,0.969648123602845,0.988797587053641,"PE"
31.1,3,0.967018886780506,0.959417838098551,0.974680155252808,"PE"
31.1,4,0.957330670895696,0.948563822317278,0.966178544737979,"PE"
31.1,5,0.950807888837633,0.940291980337746,0.96144140371287,"PE"
31.1,6,0.948152759005553,0.936871586769995,0.959569771465967,"PE"
31.1,7,0.949844577262358,0.939251599646454,0.960557023585915,"PE"
31.1,8,0.9553918132993,0.946430192753732,0.964438290227745,"PE"
31.1,9,0.964082656362115,0.956132482589563,0.972098935265666,"PE"
31.1,10,0.975213859248161,0.965317159001865,0.985212023220498,"PE"
31.1,11,0.988069179093142,0.973300282175891,1.00306217983544,"PE"
31.1,12,1.00190325396085,0.980789956828135,1.02347105341867,"PE"
31.2,0,1.00734699104478,0.985547250586216,1.02962892927092,"PE"
31.2,1,0.992015128224418,0.976930928305614,1.00733223415592,"PE"
31.2,2,0.977727090437992,0.967816907786673,0.987738750671892,"PE"
31.2,3,0.965244432880054,0.957345644825632,0.973208391599916,"PE"
31.2,4,0.955294808455148,0.946189406126834,0.964487834203281,"PE"
31.2,5,0.948589114571,0.937668334286324,0.959637086355767,"PE"
31.2,6,0.945844220379201,0.934128539173867,0.957706837664902,"PE"
31.2,7,0.947549598749839,0.936547534954433,0.95868090895639,"PE"
31.2,8,0.953202227091898,0.943894473561608,0.962601764479607,"PE"
31.2,9,0.96207460619955,0.953821966170769,0.970398649561301,"PE"
31.2,10,0.973448342959023,0.963179066186175,0.983827109284893,"PE"
31.2,11,0.986591506153837,0.971260363269224,1.00216464794115,"PE"
31.2,12,1.00074167486928,0.978814506629945,1.02316005028192,"PE"
31.3,0,1.00655503456562,0.98392081128917,1.02970993802024,"PE"
31.3,1,0.990864293419854,0.975206390012645,1.00677359995733,"PE"
31.3,2,0.976245592713565,0.965963245077755,0.986637392415428,"PE"
31.3,3,0.963475117510918,0.955287480697422,0.971732929426615,"PE"
31.3,4,0.953293614137419,0.943859661440726,0.96282185994475,"PE"
31.3,5,0.946424300660108,0.935110026421897,0.957875470876247,"PE"
31.3,6,0.943596572749558,0.931458276433311,0.95589304924541,"PE"
31.3,7,0.945308586655364,0.933908697983789,0.956847629681112,"PE"
31.3,8,0.951047314863908,0.941403682394946,0.960789735609286,"PE"
31.3,9,0.960071688621904,0.951527404623452,0.968692696410644,"PE"
31.3,10,0.97165024861466,0.9610228589628,0.982395160352243,"PE"
31.3,11,0.98503753209743,0.96916474499135,1.00117028054839,"PE"
31.3,12,0.999456381380359,0.976743855871526,1.02269704823545,"PE"
31.4,0,1.00564151412189,0.982190666787082,1.02965227539124,"PE"
31.4,1,0.989638572482992,0.973419261317042,1.0061281331346,"PE"
31.4,2,0.974732182902838,0.964086330132407,0.985495591723663,"PE"
31.4,3,0.961710898430574,0.953242190594709,0.970254843192706,"PE"
31.4,4,0.951326470486833,0.941572567513942,0.961181415722942,"PE"
31.4,5,0.944312429691889,0.93261425051776,0.956157344127584,"PE"
31.4,6,0.941408647848046,0.928857677451273,0.954129210273527,"PE"
31.4,7,0.943120517707189,0.931332266406985,0.95505797769878,"PE"
31.4,8,0.948926455867221,0.938955788370899,0.959003000777106,"PE"
31.4,9,0.958073875906915,0.94924770044734,0.966982117799947,"PE"
31.4,10,0.969820261142269,0.958847915712385,0.980918165967194,"PE"
31.4,11,0.983408705621413,0.967012782214379,1.00008262566853,"PE"
31.4,12,0.998049576142467,0.974577145779546,1.022087333724,"PE"
31.5,0,1.00460846884857,0.980355564204737,1.02946136333807,"PE"
31.5,1,0.988339311256793,0.971568602483819,1.00539950722813,"PE"
31.5,2,0.973187493384984,0.9621853510398,0.984315440115002,"PE"
31.5,3,0.959951733646024,0.951208614023236,0.968775216440057,"PE"
31.5,4,0.9493927671449,0.939326107123324,0.95956731051308,"PE"
31.5,5,0.94225249917083,0.930178215790455,0.954483514150241,"PE"
31.5,6,0.939279295856987,0.926323642961372,0.952416147778694,"PE"
31.5,7,0.94098438373149,0.928815435591379,0.953312764298283,"PE"
31.5,8,0.94683903664137,0.936548766174046,0.957242370806086,"PE"
31.5,9,0.956081140486778,0.946981747907606,0.965267967639523,"PE"
31.5,10,0.967959064901728,0.956653596123333,0.979398138597114,"PE"
31.5,11,0.981706485477986,0.964803807298437,0.99890528658686,"PE"
31.5,12,0.996523496828099,0.972313501322954,1.02133630601583,"PE"
31.6,0,1.00345797388453,0.978414281073107,1.02914269019874,"PE"
31.6,1,0.986967866535452,0.969653483848368,1.00459141930528,"PE"
31.6,2,0.971612156541729,0.960259494892057,0.983099034960116,"PE"
31.6,3,0.958197581412196,0.949185588398777,0.967295138322778,"PE"
31.6,4,0.947491900670853,0.937118270372766,0.957980364079086,"PE"
31.6,5,0.94024352106001,0.927799151634679,0.952854804121898,"PE"
31.6,6,0.937207384816866,0.923853100659704,0.950754704972093,"PE"
31.6,7,0.938899191193285,0.926355423458636,0.951612813937141,"PE"
31.6,8,0.94478445083543,0.934180599801604,0.955508665808276,"PE"
31.6,9,0.954093454947298,0.944728435331637,0.96355130927516,"PE"
31.6,10,0.966067343492021,0.954439244145037,0.977837109996191,"PE"
31.6,11,0.979932339513974,0.962537136567104,0.997641912757913,"PE"
31.6,12,0.994880413743223,0.969952042767923,1.0204494593623,"PE"
31.7,0,1.00219213814168,0.976365643306859,1.02870178671099,"PE"
31.7,1,0.985525605170591,0.967672997162307,1.00370757610792,"PE"
31.7,2,0.970006804579668,0.958307953843266,0.981848472776788,"PE"
31.7,3,0.956448400230366,0.94717195271298,0.965815699760733,"PE"
31.7,4,0.945623274366305,0.934947059029173,0.956421402032935,"PE"
31.7,5,0.938284521333841,0.925474313059316,0.951272045643745,"PE"
31.7,6,0.935191800049244,0.921443011096889,0.949145733753234,"PE"
31.7,7,0.936863960749116,0.923949476023084,0.949958957418784,"PE"
31.7,8,0.942762099034015,0.931849286813259,0.95380271032298,"PE"
31.7,9,0.952110792027053,0.942486647755398,0.961833212654328,"PE"
31.7,10,0.964145779561642,0.952204191410539,0.976237127111891,"PE"
31.7,11,0.978087743724922,0.960212077685781,0.996296189827727,"PE"
31.7,12,0.993122627459151,0.967491898665856,1.01943236375564,"PE"
31.8,0,1.00081310209221,0.974208544204922,1.02814420103131,"PE"
31.8,1,0.984013903189546,0.965626267631206,1.00275167953502,"PE"
31.8,2,0.968372069355993,0.956329931608039,0.980565842095959,"PE"
31.8,3,0.95470414884659,0.945166551566886,0.964337989229394,"PE"
31.8,4,0.943786298103899,0.932810491366543,0.954891250401529,"PE"
31.8,5,0.936374539542198,0.923200986779004,0.949736071407332,"PE"
31.8,6,0.933231443594862,0.91909037427189,0.94759008656151,"PE"
31.8,7,0.934877726811174,0.921594873557008,0.948352024479404,"PE"
31.8,8,0.940771388587278,0.929552843061552,0.952125327990449,"PE"
31.8,9,0.950133124616562,0.94025526992916,0.960114751137364,"PE"
31.8,10,0.962195054622992,0.949947761150528,0.974600247512177,"PE"
31.8,11,0.976174181323911,0.957827937946122,0.994871828782479,"PE"
31.8,12,0.991252466469433,0.964932220227659,1.01829064434175,"PE"
31.9,0,0.99932303557618,0.971941964174133,1.0274754730667,"PE"
31.9,1,0.982434144926279,0.963512466469877,1.00172741163718,"PE"
31.9,2,0.966708582207655,0.95432465032552,0.979253215973378,"PE"
31.9,3,0.952964786250155,0.943168239542433,0.962863088215713,"PE"
31.9,4,0.941980388159906,0.930706607472087,0.953390729746699,"PE"
31.9,5,0.93451262838564,0.920976497883616,0.948247707318367,"PE"
31.9,6,0.931325233666535,0.916792236833912,0.946088607664728,"PE"
31.9,7,0.93293953712257,0.919288937299342,0.946792835866642,"PE"
31.9,8,0.93881173344483,0.92728930785672,0.950477335806693,"PE"
31.9,9,0.948160425757457,0.938033189680147,0.95839699795602,"PE"
31.9,10,0.960215848870808,0.947669272604988,0.972928534327402,"PE"
31.9,11,0.974193141825623,0.955384033423818,0.993372554258575,"PE"
31.9,12,0.989272284874155,0.962272196973312,1.01702995960848,"PE"
32,0,0.997724135631691,0.969564990811854,1.02670110849245,"PE"
32,1,0.980787722165438,0.961330823760053,1.0006384193404,"PE"
32,2,0.965016973783999,0.952291357691735,0.977912644244205,"PE"
32,3,0.951230271672052,0.941175885865965,0.961392066385926,"PE"
32,4,0.940204967050657,0.928633474945486,0.951920648906846,"PE"
32,5,0.932697853301435,0.918798216977325,0.946807764184609,"PE"
32,6,0.929472104116402,0.914545699765331,0.944642124010041,"PE"
32,7,0.93104845234346,0.917029036594531,0.945282195022179,"PE"
32,8,0.936882553993514,0.925056749498495,0.94885953802647,"PE"
32,9,0.946192668641667,0.935819301617052,0.956681022334373,"PE"
32,10,0.958208841004628,0.945368045922266,0.971224050717417,"PE"
32,11,0.972146120146147,0.95287969893961,0.991802092086656,"PE"
32,12,0.98718446009392,0.959511073480639,1.01565597853477,"PE"
32.1,0,0.99601862434997,0.967076838931885,1.02582655288044,"PE"
32.1,1,0.979076033300019,0.959080641361631,0.999488299150283,"PE"
32.1,2,0.963297873882874,0.950229334242995,0.976546145638111,"PE"
32.1,3,0.949500564583449,0.939188379302268,0.959925976526733,"PE"
32.1,4,0.938459463372753,0.926589194900635,0.950481798450413,"PE"
32.1,5,0.930929292060108,0.916663567650787,0.945417029103185,"PE"
32.1,6,0.927671003917143,0.912347926388636,0.943251435792772,"PE"
32.1,7,0.929203545647746,0.91481259632144,0.943820879507175,"PE"
32.1,8,0.934983276898925,0.922853271087188,0.947272719801696,"PE"
32.1,9,0.9442298266106,0.93361251114827,0.954967885300211,"PE"
32.1,10,0.95617470805532,0.943043407517548,0.969488853892089,"PE"
32.1,11,0.970034615718997,0.950314298715007,0.990164156180178,"PE"
32.1,12,0.984991390615669,0.956648166992891,1.01417435694956,"PE"
32.2,0,0.994208746757268,0.964476870082715,1.02485716639725,"PE"
32.2,1,0.977300482503098,0.9567613056043,0.998280582111885,"PE"
32.2,2,0.961551911290255,0.948137900656537,0.975155699888927,"PE"
32.2,3,0.947775624694203,0.937204633203392,0.958465849335535,"PE"
32.2,4,0.936743311646979,0.924571908159764,0.949074943950949,"PE"
32.2,5,0.929206034372248,0.914570034125813,0.9440762567069,"PE"
32.2,6,0.925920896656792,0.910196150515316,0.941917306923714,"PE"
32.2,7,0.927403902330083,0.912637104449754,0.942409632332037,"PE"
32.2,8,0.933113334950635,0.920677016508324,0.945717640660605,"PE"
32.2,9,0.942271873154335,0.931411738772394,0.953258635228288,"PE"
32.2,10,0.954114125215688,0.940694695844159,0.96772498873206,"PE"
32.2,11,0.967860131627759,0.94768723757616,0.988462434917217,"PE"
32.2,12,0.982695493772384,0.953682885584258,1.01259071340987,"PE"
32.3,0,0.992296768725636,0.961764611091163,1.02379819954719,"PE"
32.3,1,0.975462478914047,0.954372299473222,0.997018719313569,"PE"
32.3,2,0.95977971362339,0.94601642492282,0.973743239984602,"PE"
32.3,3,0.946055411951365,0.935223590624343,0.957012688147616,"PE"
32.3,4,0.935055952165825,0.922579801513551,0.947700819209725,"PE"
32.3,5,0.927527181505311,0.912515168893332,0.942786160447652,"PE"
32.3,6,0.924220760046766,0.908087684536341,0.940640455593844,"PE"
32.3,7,0.925648619422931,0.910500119544705,0.941049153368626,"PE"
32.3,8,0.931272166911023,0.918526176470203,0.944195027947891,"PE"
32.3,9,0.940318781910826,0.929215924586472,0.951554303169905,"PE"
32.3,10,0.952027765675157,0.938321267512074,0.965934481075554,"PE"
32.3,11,0.965624173755783,0.944997972523249,0.986700577200021,"PE"
32.3,12,0.980299203558631,0.950614746529167,1.01091060495999,"PE"
32.4,0,0.990284974914426,0.958939771170073,1.0226547704291,"PE"
32.4,1,0.973563435839639,0.951913214002111,0.995706068223337,"PE"
32.4,2,0.957981907177483,0.943864329237939,0.972310644709254,"PE"
32.4,3,0.944339886537714,0.933244229408246,0.955567463697604,"PE"
32.4,4,0.933396830844572,0.920611113909125,0.946360119563678,"PE"
32.4,5,0.925891845910175,0.910496600154132,0.941547404106538,"PE"
32.4,6,0.922569585442766,0.90601992724392,0.939421545145434,"PE"
32.4,7,0.923936805323404,0.908399278031691,0.939740091032346,"PE"
32.4,8,0.929459217367652,0.916398994463067,0.942705570356783,"PE"
32.4,9,0.938370526665097,0.927024032945202,0.949855898035582,"PE"
32.4,10,0.949916300458567,0.935922503669466,0.964119330755577,"PE"
32.4,11,0.963328249953299,0.942246024450938,0.984882178408603,"PE"
32.4,12,0.977804968483743,0.94744339447899,1.00913950317556,"PE"
32.5,0,0.98817566674428,0.956002257156703,1.02143184394746,"PE"
32.5,1,0.971604769970405,0.949383758600066,0.994345880133089,"PE"
32.5,2,0.956159116775928,0.941681096464931,0.970859731628658,"PE"
32.5,3,0.942629008870304,0.931265567137655,0.95413110901852,"PE"
32.5,4,0.931765399075857,0.91866414242152,0.945053495422739,"PE"
32.5,5,0.924299150857204,0.908512038868697,0.940360593723317,"PE"
32.5,6,0.920966377378207,0.903990371173677,0.938261175459117,"PE"
32.5,7,0.922267579429681,0.90633230103137,0.93848303442254,"PE"
32.5,8,0.92767393658912,0.914293772502951,0.941249911689601,"PE"
32.5,9,0.93642708134846,0.924835057193446,0.948164401708418,"PE"
32.5,10,0.947780398269055,0.933497816545862,0.962281504489106,"PE"
32.5,11,0.960973869222283,0.939430989779967,0.983010766489979,"PE"
32.5,12,0.975215249464376,0.94416861902223,1.00728277092365,"PE"
32.6,0,0.985971160405286,0.952952186497893,1.02013421336863,"PE"
32.6,1,0.969587900612599,0.946783770064807,0.992941288959778,"PE"
32.6,2,0.954311965624113,0.939466276019956,0.96939225066341,"PE"
32.6,3,0.940922739599022,0.929286665846733,0.952704514583606,"PE"
32.6,4,0.930161113587652,0.916737247864098,0.943781546180704,"PE"
32.6,5,0.922748230081594,0.90655928522847,0.939226270132052,"PE"
32.6,6,0.919410153109857,0.901996609265913,0.93715987505701,"PE"
32.6,7,0.920640071786727,0.904297000583702,0.937278506101844,"PE"
32.6,8,0.925915780384319,0.912208876523514,0.939828644983158,"PE"
32.6,9,0.934488420037724,0.922648024385722,0.946480764174403,"PE"
32.6,10,0.945620725335052,0.931046656040654,0.960422928734675,"PE"
32.6,11,0.958562540919412,0.936552551742999,0.981089788441494,"PE"
32.6,12,0.972532517758032,0.940790371194317,1.00534564027911,"PE"
32.7,0,0.983673784900873,0.94978989766661,1.01876648454399,"PE"
32.7,1,0.967514248936086,0.94411322007322,0.991495301614101,"PE"
32.7,2,0.952441075166782,0.937219489052964,0.96790987838025,"PE"
32.7,3,0.939221039605168,0.92730663639157,0.951288523793674,"PE"
32.7,4,0.928583436304604,0.914828859899947,0.94254481463732,"PE"
32.7,5,0.921238227437772,0.904636234375817,0.938144902274738,"PE"
32.7,6,0.917899942175368,0.900036340664001,0.93611809410269,"PE"
32.7,7,0.919053422741128,0.902291285096049,0.936126955678474,"PE"
32.7,8,0.924184209965038,0.910142741285414,0.938442307129115,"PE"
32.7,9,0.932554516954421,0.920461999900436,0.944805898761886,"PE"
32.7,10,0.943437945261387,0.928568516229301,0.958545482646142,"PE"
32.7,11,0.956095773977392,0.933610491061234,0.979122597453195,"PE"
32.7,12,0.969759252939051,0.937308778512958,1.00333319202761,"PE"
32.8,0,0.981285880128895,0.946515957777925,1.01733306303777,"PE"
32.8,1,0.965385237238444,0.94137222098821,0.990010790099147,"PE"
32.8,2,0.950547064948986,0.934940432812176,0.966414213112386,"PE"
32.8,3,0.937523870000044,0.925324642382838,0.949883928905687,"PE"
32.8,4,0.927031834212653,0.91293748152922,0.941343782056308,"PE"
32.8,5,0.919768296562642,0.902740881223428,0.937116881441381,"PE"
32.8,6,0.916434785962399,0.898107375496165,0.935136198450621,"PE"
32.8,7,0.917506782604802,0.900313163875026,0.935028754330941,"PE"
32.8,8,0.92247869181184,0.908093874685053,0.93709137410713,"PE"
32.8,9,0.930625346464033,0.918276091854071,0.943140677584943,"PE"
32.8,10,0.941232718884484,0.926062941652596,0.956650991257377,"PE"
32.8,11,0.953575076144905,0.93060469575316,0.97711244096919,"PE"
32.8,12,0.96689794091844,0.933724158144997,1.00125033715486,"PE"
32.9,0,0.97880979500131,0.943131167265777,1.01583814430397,"PE"
32.9,1,0.963202288225566,0.938561029875904,0.988490485446252,"PE"
32.9,2,0.948630552480609,0.932628884106304,0.96490677099498,"PE"
32.9,3,0.935831192123559,0.923339903596249,0.948491467487098,"PE"
32.9,4,0.925505779226891,0.911061692846267,0.940178863965156,"PE"
32.9,5,0.918337600547472,0.900871324254445,0.936142516554442,"PE"
32.9,6,0.915013737289042,0.896207638522527,0.934214464862112,"PE"
32.9,7,0.915999311327392,0.898360750632989,0.933984190383491,"PE"
32.9,8,0.920798697543167,0.906060861362242,0.935776256930952,"PE"
32.9,9,0.92870088307522,0.91608945522166,0.941485927284257,"PE"
32.9,10,0.939005704131681,0.923529533252596,0.954741219034378,"PE"
32.9,11,0.951001953245439,0.927535169833671,0.975062449911006,"PE"
32.9,12,0.963951072008842,0.930037027860415,0.999101800672022,"PE"
33,0,0.97624788560369,0.939636561579047,1.01428570695895,"PE"
33,1,0.960966824308988,0.935680050685853,0.986936973536637,"PE"
33,2,0.946692153104471,0.930284701806564,0.963388982973875,"PE"
33,3,0.934142967542854,0.921351698791224,0.947111819465483,"PE"
33,4,0.924004748062586,0.909200153984118,0.939050406778876,"PE"
33,5,0.916945311618221,0.899025768220414,0.935222030579773,"PE"
33,6,0.913635859995272,0.894335171569794,0.933353077464378,"PE"
33,7,0.914530178177142,0.896432265895886,0.932993466004773,"PE"
33,8,0.919143703787596,0.904042365528536,0.934497298385418,"PE"
33,9,0.926781101439064,0.913901295574911,0.939842425154108,"PE"
33,10,0.936757555884623,0.920967953822674,0.952817863927426,"PE"
33,11,0.94837790845519,0.924402040690193,0.972975629277387,"PE"
33,12,0.960921139035788,0.926248114495655,0.996892108059635,"PE"
33.1,0,0.973602513395774,0.936033409950778,1.01267950910044,"PE"
33.1,1,0.958680266920184,0.932729834605467,0.985352692798671,"PE"
33.1,2,0.944732479868023,0.927907828360532,0.961862192815558,"PE"
33.1,3,0.932459158050932,0.91935936788605,0.945745604825143,"PE"
33.1,4,0.922528222109319,0.907351607191024,0.937958685302695,"PE"
33.1,5,0.915590610824107,0.897202525693043,0.934355558107366,"PE"
33.1,6,0.91230022854516,0.892488134719107,0.932552125486237,"PE"
33.1,7,0.913098561430046,0.894526038277508,0.932056695063992,"PE"
33.1,8,0.917513192059199,0.902037132963397,0.933254770606899,"PE"
33.1,9,0.92486597634831,0.911710872358147,0.938210895735261,"PE"
33.1,10,0.934488925846757,0.918377932848876,0.95088255204617,"PE"
33.1,11,0.945704441600217,0.921205564961085,0.970854850296263,"PE"
33.1,12,0.957810635496314,0.922358359728455,0.994625574532592,"PE"
33.2,0,0.970876043454121,0.932323211382082,1.01102308753615,"PE"
33.2,1,0.956344035842015,0.929711078655157,0.983739933715288,"PE"
33.2,2,0.94275214339861,0.925498290320076,0.960327656116249,"PE"
33.2,3,0.930779725665313,0.917362313457653,0.944393381982534,"PE"
33.2,4,0.921075687308188,0.905514878012774,0.936903901139749,"PE"
33.2,5,0.914272687734259,0.895400017465174,0.933543144105799,"PE"
33.2,6,0.911005927639591,0.890664806255387,0.931811602261175,"PE"
33.2,7,0.911703648067119,0.892640504623508,0.93117390214045,"PE"
33.2,8,0.915906648635957,0.900043992152489,0.932048873532642,"PE"
33.2,9,0.922955482736616,0.909517501634428,0.93659200794134,"PE"
33.2,10,0.932200462414896,0.915759270634911,0.94893683306537,"PE"
33.2,11,0.942983048473026,0.917946132788395,0.968702844257708,"PE"
33.2,12,0.954622053765912,0.918368923054749,0.992306297239459,"PE"
33.3,0,0.968070842757863,0.928507688058073,1.00931975970812,"PE"
33.3,1,0.953959548557516,0.926624622639544,0.982100840027067,"PE"
33.3,2,0.94075175178232,0.923056197914213,0.958786540279267,"PE"
33.3,3,0.929104632626694,0.915360001554646,0.943055646851802,"PE"
33.3,4,0.919646634032013,0.903688875583501,0.935886182000769,"PE"
33.3,5,0.912990740142248,0.893616771834057,0.932784743816646,"PE"
33.3,6,0.909752051839233,0.888863581426666,0.931131405448383,"PE"
33.3,7,0.910344633479575,0.89077420906482,0.930345022646201,"PE"
33.3,8,0.914323564441155,0.898061854569643,0.930879734217182,"PE"
33.3,9,0.921049595677809,0.907320558249291,0.93498637277121,"PE"
33.3,10,0.929892810554847,0.913111841623143,0.94698217644895,"PE"
33.3,11,0.940215220168702,0.914624270369172,0.966522198104439,"PE"
33.3,12,0.951357883354653,0.914281181949595,0.98993815041787,"PE"
33.4,0,0.965189278518458,0.924588776473647,1.00757262803907,"PE"
33.4,1,0.951528219616172,0.923471444610502,0.980437411475999,"PE"
33.4,2,0.938731910446388,0.92058174372346,0.957239925404213,"PE"
33.4,3,0.92743384139763,0.91335196183264,0.941732832591401,"PE"
33.4,4,0.918240556968493,0.901872592055222,0.934905581885318,"PE"
33.4,5,0.911743973778345,0.891851422833889,0.932080223721252,"PE"
33.4,6,0.908537705197539,0.887082970097169,0.930511338387202,"PE"
33.4,7,0.909020721181775,0.888925801052164,0.929569903989484,"PE"
33.4,8,0.912763434927728,0.896089714129925,0.929747406988166,"PE"
33.4,9,0.919148290385143,0.90511947737662,0.933394541642812,"PE"
33.4,10,0.927566611681087,0.91043559684774,0.94501996855624,"PE"
33.4,11,0.937402442440697,0.911240640784029,0.96431535180184,"PE"
33.4,12,0.948020609213276,0.91009672928307,0.987524783438236,"PE"
33.5,0,0.96223371655424,0.920568616590238,1.00578458638235,"PE"
33.5,1,0.94905146001781,0.920252655028216,0.978751507904447,"PE"
33.5,2,0.936693222045173,0.918075200533755,0.955688806009861,"PE"
33.5,3,0.925767314661228,0.911337787039646,0.940425310003937,"PE"
33.5,4,0.916856955006277,0.900065101220757,0.933962082079665,"PE"
33.5,5,0.910531602029344,0.890102707512889,0.93142936348401,"PE"
33.5,6,0.907362000903539,0.885321593406627,0.929951112471659,"PE"
33.5,7,0.907731122531757,0.887094032469882,0.928848307680098,"PE"
33.5,8,0.911225759965491,0.89412664586435,0.928651874390799,"PE"
33.5,9,0.91725154221057,0.902913755429365,0.931817005365678,"PE"
33.5,10,0.925222503540473,0.907730565482411,0.943051510667994,"PE"
33.5,11,0.934546195076373,0.907796043135131,0.962084597455906,"PE"
33.5,12,0.944612710089878,0.905817368143469,0.985069621586255,"PE"
33.6,0,0.95920651971048,0.916449539370526,1.00395832823164,"PE"
33.6,1,0.946530676614232,0.916969489826321,0.977044854503815,"PE"
33.6,2,0.934636286349674,0.915536918464772,0.954134093496003,"PE"
33.6,3,0.924105015319848,0.909317131895976,0.939133388544789,"PE"
33.6,4,0.915495331123888,0.898265556405035,0.933055592896092,"PE"
33.6,5,0.909352845665781,0.888369462372014,0.930831858754473,"PE"
33.6,6,0.906224060934216,0.883578179569604,0.929450350410569,"PE"
33.6,7,0.906475056459199,0.885277753947277,0.928179912257961,"PE"
33.6,8,0.909710043731213,0.892171803886186,0.927593048850732,"PE"
33.6,9,0.915359326644005,0.900702950336184,0.930254193751035,"PE"
33.6,10,0.922861120099956,0.904996855472407,0.941078017942474,"PE"
33.6,11,0.931647951292345,0.904291410075398,0.95983208009778,"PE"
33.6,12,0.941136656937806,0.901445104289932,0.982575869364521,"PE"
33.7,0,0.956110046325601,0.912234053047059,1.00209635633673,"PE"
33.7,1,0.94396727152866,0.913623302596769,0.975319047997774,"PE"
33.7,2,0.932561700140591,0.912967321478849,0.952576619238018,"PE"
33.7,3,0.92244690649383,0.907289711426663,0.937857317881441,"PE"
33.7,4,0.914155192281454,0.896473187715239,0.932185956062963,"PE"
33.7,5,0.908206932576416,0.886650619097052,0.930287324696015,"PE"
33.7,6,0.905123015716255,0.88185155896202,0.929008590225297,"PE"
33.7,7,0.905251749200673,0.883475910498703,0.927564316913066,"PE"
33.7,8,0.908215794601484,0.890224418733693,0.926570774970346,"PE"
33.7,9,0.913471619312607,0.89848668120258,0.928706475840858,"PE"
33.7,10,0.920483091438295,0.902234653267255,0.93910061928515,"PE"
33.7,11,0.928709177149684,0.90072780385388,0.957559800010305,"PE"
33.7,12,0.937594911375207,0.896982136511656,0.980046516038124,"PE"
33.8,0,0.952946648744081,0.907924828474931,1.00020099337734,"PE"
33.8,1,0.941362641593076,0.910215556110161,0.973575563544691,"PE"
33.8,2,0.930470057104908,0.910366903382973,0.951017138201692,"PE"
33.8,3,0.920792951520222,0.905255298814633,0.936597289935263,"PE"
33.8,4,0.912836049315212,0.894687298750561,0.931352947664589,"PE"
33.8,5,0.907093097509822,0.884945199723515,0.929795300101111,"PE"
33.8,6,0.90405800379697,0.88014065864788,0.928625289831486,"PE"
33.8,7,0.904060434042027,0.881687536629869,0.927001045658842,"PE"
33.8,8,0.906742525048329,0.88828379418427,0.925584832363227,"PE"
33.8,9,0.91158839598006,0.896264627391,0.927174160721366,"PE"
33.8,10,0.918089043641737,0.899444222695528,0.937120358090651,"PE"
33.8,11,0.92573133098898,0.897106411037043,0.95526961643711,"PE"
33.8,12,0.933989924196633,0.892430845209618,0.977484343110007,"PE"
33.9,0,0.949718671876505,0.903524683900399,0.998274393364887,"PE"
33.9,1,0.938718177803505,0.906747813379323,0.971815762151831,"PE"
33.9,2,0.928361947735982,0.907736223437633,0.949456332964508,"PE"
33.9,3,0.919143113951532,0.903213722849527,0.935353441330811,"PE"
33.9,4,0.911537416834728,0.8929072628775,0.930556281524749,"PE"
33.9,5,0.906010581822955,0.883252311374831,0.929355251952257,"PE"
33.9,6,0.903028171524216,0.878444496498177,0.928299832052122,"PE"
33.9,7,0.902900351067768,0.879911751047863,0.926489551920933,"PE"
33.9,8,0.905289751537528,0.886349303640374,0.924634938926292,"PE"
33.9,9,0.909709632545859,0.894036527067869,0.925657498872972,"PE"
33.9,10,0.915679598703634,0.896625903044718,0.935138193793885,"PE"
33.9,11,0.922715862885283,0.893428536091138,0.952963252489263,"PE"
33.9,12,0.930324133937014,0.887793779538793,0.9748919333894,"PE"
34,0,0.946428451807153,0.899036569449554,0.996318553469415,"PE"
34,1,0.936035264793264,0.903221728459377,0.970040898408261,"PE"
34,2,0.926237959237132,0.905075901683377,0.947894818032502,"PE"
34,3,0.917497357554487,0.901164865050285,0.93412585617449,"PE"
34,4,0.9102588131228,0.891132519177149,0.929795612927259,"PE"
34,5,0.904958633236555,0.881571140709796,0.928966580292087,"PE"
34,6,0.902032672735099,0.876762175047048,0.928031529916268,"PE"
34,7,0.901770746917311,0.878147751107076,0.926029223408728,"PE"
34,8,0.903856994429593,0.884420386188511,0.923720754448062,"PE"
34,9,0.907835305044604,0.891802175276242,0.924156683997925,"PE"
34,10,0.913255374427986,0.893780106427057,0.933155004149411,"PE"
34,11,0.919664214122875,0.889695594026316,0.950642301048901,"PE"
34,12,0.9265999654882,0.883073643455125,0.972271681310082,"PE"
34.1,0,0.943078314449422,0.89446355160683,0.994335326002981,"PE"
34.1,1,0.933315280324196,0.899639037158402,0.968252128362523,"PE"
34.1,2,0.924098675428695,0.902386614089464,0.946333144348267,"PE"
34.1,3,0.915855646308808,0.899108656539594,0.93291456908444,"PE"
34.1,4,0.908999760038003,0.8893625681673,0.929070542570568,"PE"
34.1,5,0.90393650559727,0.879900948206129,0.92862862327543,"PE"
34.1,6,0.901070668453324,0.875092875218831,0.927819632109203,"PE"
34.1,7,0.900670874547964,0.876394807113663,0.92561938714658,"PE"
34.1,8,0.902443777883367,0.882496542429681,0.922841884454519,"PE"
34.1,9,0.905965389645294,0.889561421600343,0.922671855259368,"PE"
34.1,10,0.910816984336868,0.890907314525302,0.931171588144982,"PE"
34.1,11,0.916577816689864,0.885909102309282,0.948308231463078,"PE"
34.1,12,0.922819828768211,0.878273281003735,0.969625804162621,"PE"
34.2,0,0.939670574249307,0.889808797915033,0.992326430328616,"PE"
34.2,1,0.930559594795883,0.896001547810542,0.96645051739328,"PE"
34.2,2,0.921944676658539,0.899669087619891,0.944771803894783,"PE"
34.2,3,0.914217944406,0.897045074745599,0.931719568396228,"PE"
34.2,4,0.907759782919825,0.887596967395313,0.928380620660286,"PE"
34.2,5,0.902943458646376,0.878241062394476,0.928340662288541,"PE"
34.2,6,0.900141326595002,0.873435850045016,0.927663328454459,"PE"
34.2,7,0.899599993004517,0.87465225659853,0.925259314554299,"PE"
34.2,8,0.901049629762197,0.880577330173603,0.921997884200052,"PE"
34.2,9,0.904099862650638,0.887314167492792,0.921203099860954,"PE"
34.2,10,0.908365037581722,0.888008074821013,0.929188669446678,"PE"
34.2,11,0.913458092792509,0.882070672248731,0.945962396823502,"PE"
34.2,12,0.918986117443265,0.873395661165442,0.966956353923849,"PE"
34.3,0,0.936207532937099,0.885075562089065,0.990293464503055,"PE"
34.3,1,0.927769570772806,0.892311132239752,0.964637047944711,"PE"
34.3,2,0.91977653971601,0.896924095301107,0.943211234310691,"PE"
34.3,3,0.912584216248145,0.894974140001286,0.930540799473877,"PE"
34.3,4,0.906538410496374,0.88583532698837,0.92772535105284,"PE"
34.3,5,0.90197875779497,0.87659087414251,0.928101927035454,"PE"
34.3,6,0.89924382168276,0.871790418473427,0.927561755324871,"PE"
34.3,7,0.898557367195338,0.872919498654223,0.924948226481127,"PE"
34.3,8,0.899674081542649,0.878662360080547,0.921188262719492,"PE"
34.3,9,0.90223870049635,0.885060363336781,0.91975045589471,"PE"
34.3,10,0.90590013885847,0.885082996411551,0.927206900269275,"PE"
34.3,11,0.910306454389213,0.878182000048075,0.943606041637492,"PE"
34.3,12,0.915101207702545,0.868443862550424,0.96426522939476,"PE"
34.4,0,0.932691478327374,0.880267169696794,0.988237916499989,"PE"
34.4,1,0.924946562529425,0.88856971701855,0.962812627022196,"PE"
34.4,2,0.917594837749288,0.894152451363758,0.941651823444601,"PE"
34.4,3,0.910954426446727,0.892895912105359,0.929378168062402,"PE"
34.4,4,0.905335174794607,0.884077305236834,0.927104195374421,"PE"
34.4,5,0.90104167390553,0.874949831072991,0.927911600507241,"PE"
34.4,6,0.898377334568013,0.87015595935455,0.927514000897254,"PE"
34.4,7,0.897542267674847,0.871195988415623,0.92468529811295,"PE"
34.4,8,0.898316668225723,0.876751291324589,0.920412486867279,"PE"
34.4,9,0.900381879750475,0.882800005314358,0.918313915385987,"PE"
34.4,10,0.903422888326436,0.882132745521659,0.925226865565939,"PE"
34.4,11,0.907124302744093,0.874244857704529,0.941240309710882,"PE"
34.4,12,0.911167457085627,0.863421058193562,0.961554188392018,"PE"
34.5,0,0.929124683167292,0.875387004523866,0.986161174896885,"PE"
34.5,1,0.92209191561311,0.884779275103257,0.96097809336665,"PE"
34.5,2,0.915400140186132,0.891355006518504,0.940093913788317,"PE"
34.5,3,0.909328539821449,0.890810486900688,0.928231543625725,"PE"
34.5,4,0.904149611053043,0.882322604274669,0.92651657705109,"PE"
34.5,5,0.90013148307974,0.873317432183671,0.927768823765937,"PE"
34.5,6,0.897541052161231,0.868531905672551,0.9275191101827,"PE"
34.5,7,0.896553970432253,0.869481231748715,0.924469663688087,"PE"
34.5,8,0.896976928250533,0.874843827341108,0.919669985280761,"PE"
34.5,9,0.898529377112697,0.880533132148505,0.916893427467722,"PE"
34.5,10,0.900933881531017,0.879158040811268,0.923249087435454,"PE"
34.5,11,0.903913028000001,0.870261083914101,0.938866252083011,"PE"
34.5,12,0.907187203362393,0.858330500668314,0.958824859775673,"PE"
34.6,0,0.925509404033141,0.870438495705978,0.984064538941434,"PE"
34.6,1,0.919206966424856,0.880941817905958,0.959134224247015,"PE"
34.6,2,0.913193012657982,0.88853264341387,0.938537806740915,"PE"
34.6,3,0.907706521399078,0.888717992918128,0.927100762622141,"PE"
34.6,4,0.902981257636942,0.880570965909034,0.925961885197818,"PE"
34.6,5,0.899247466452472,0.871693222721494,0.927672700490356,"PE"
34.6,6,0.89673416717009,0.866917739072093,0.927576089780952,"PE"
34.6,7,0.895591756686481,0.867774780196829,0.924300420971958,"PE"
34.6,8,0.895654403410415,0.87293971171023,0.918960152215818,"PE"
34.6,9,0.896681169413666,0.878259821781556,0.915488901621465,"PE"
34.6,10,0.898433709330091,0.876159648574107,0.921274029652319,"PE"
34.6,11,0.900674008770874,0.866232575120087,0.936484834875827,"PE"
34.6,12,0.903162763465206,0.853175507697241,0.956078755134129,"PE"
34.7,0,0.921847880275027,0.865425105682766,0.98194922794286,"PE"
34.7,1,0.916293041817699,0.877059387844426,0.957281741829392,"PE"
34.7,2,0.910974016927397,0.885686272312731,0.936983766667001,"PE"
34.7,3,0.906088336412295,0.886618588125076,0.925985631677938,"PE"
34.7,4,0.901829655955892,0.878822167639637,0.92543947832574,"PE"
34.7,5,0.898388909991827,0.870076789349272,0.927622301245311,"PE"
34.7,6,0.895955877845356,0.865312984716981,0.927683912322423,"PE"
34.7,7,0.894654912687151,0.866076226219928,0.92417663545472,"PE"
34.7,8,0.894348638771429,0.87103872421694,0.918282351213922,"PE"
34.7,9,0.894837233614327,0.875980188045981,0.914100210929098,"PE"
34.7,10,0.895922957824116,0.873138377912404,0.919302102234293,"PE"
34.7,11,0.897408611753276,0.862161276819646,0.934096946942108,"PE"
34.7,12,0.899096432473049,0.847959448399431,0.953317279985044,"PE"
34.8,0,0.918142333009509,0.860350319002252,0.979816389958167,"PE"
34.8,1,0.91335145871272,0.873134051394653,0.955421319097763,"PE"
34.8,2,0.908743710818808,0.882816827013613,0.93543202472284,"PE"
34.8,3,0.904473950298559,0.884512456809916,0.92488593062798,"PE"
34.8,4,0.900694350383798,0.877076018897747,0.924948687837594,"PE"
34.8,5,0.89755510430515,0.868467755630151,0.927616667448626,"PE"
34.8,6,0.895205387734379,0.863717206503314,0.927841520574808,"PE"
34.8,7,0.893742729521543,0.864385198750214,0.924097344248307,"PE"
34.8,8,0.893059182593222,0.869140677118395,0.917635918569982,"PE"
34.8,9,0.892997546805249,0.873694377376307,0.912727195286421,"PE"
34.8,10,0.893402208289877,0.87009507596224,0.91733366597269,"PE"
34.8,11,0.894118191356954,0.858049175220179,0.931703407220559,"PE"
34.8,12,0.894990482647265,0.842685730279511,0.950541744386128,"PE"
34.9,0,0.914394964159956,0.855217631983978,0.977667109764116,"PE"
34.9,1,0.910383523732534,0.869167892656697,0.953553585315216,"PE"
34.9,2,0.906502648152536,0.879925261033804,0.93388278243326,"PE"
34.9,3,0.902863328698986,0.882399806625833,0.923801415399753,"PE"
34.9,4,0.899574888181222,0.87533235752513,0.924488821290976,"PE"
34.9,5,0.89674534445092,0.866865777844099,0.927654815021456,"PE"
34.9,6,0.894481905442092,0.862130002638398,0.928047831202669,"PE"
34.9,7,0.892854502927447,0.862701359076704,0.924061559669967,"PE"
34.9,8,0.891785586252223,0.867245411639644,0.917020166579647,"PE"
34.9,9,0.891162086205963,0.871402565603274,0.91136966453749,"PE"
34.9,10,0.890872037117852,0.867030623232675,0.915369036862183,"PE"
34.9,11,0.890804089354265,0.85389828931547,0.929304971727275,"PE"
34.9,12,0.890847162518488,0.83735778703073,0.947753372881831,"PE"
35,0,0.910607955544333,0.850030543232041,0.975502416122327,"PE"
35,1,0.907390532852126,0.865163007433046,0.951679131025933,"PE"
35,2,0.904251378682072,0.877012544063331,0.932336215010149,"PE"
35,3,0.901256437457236,0.880280865810472,0.922731820724355,"PE"
35,4,0.898470819420053,0.873591046504734,0.924059165417473,"PE"
35,5,0.895958929756441,0.865270541141232,0.927735737716837,"PE"
35,6,0.893784644399386,0.860551001587155,0.928301738177955,"PE"
35,7,0.891989533111811,0.861024397062445,0.924068272508338,"PE"
35,8,0.890527404167128,0.865352794710774,0.916434386552943,"PE"
35,9,0.889330829164308,0.869104954863687,0.910027401496202,"PE"
35,10,0.888333015753157,0.863945929110186,0.913408490378399,"PE"
35,11,0.887467634548258,0.849710663431582,0.926902340132981,"PE"
35,12,0.886668696024282,0.831979067196288,0.944953313739944,"PE"
35.1,0,0.906783468010054,0.844792544976163,0.973323288357784,"PE"
35.1,1,0.904373771066899,0.861121497809621,0.949798512607318,"PE"
35.1,2,0.901990448034563,0.874079658692235,0.930792474409999,"PE"
35.1,3,0.899653242618417,0.878155880591756,0.921676862664091,"PE"
35.1,4,0.897381696910474,0.871851970947838,0.923658988892854,"PE"
35.1,5,0.895195163641245,0.863681756029166,0.927858410129036,"PE"
35.1,6,0.893112822638753,0.858979858380102,0.928602115847047,"PE"
35.1,7,0.891147124575101,0.859354027690818,0.924116454975401,"PE"
35.1,8,0.889284193726659,0.863462715951479,0.915877851588109,"PE"
35.1,9,0.887503753155772,0.866801770652054,0.908700164828991,"PE"
35.1,10,0.885785710640016,0.860841927568786,0.911452265562824,"PE"
35.1,11,0.884110142459233,0.845488360274687,0.924496161893154,"PE"
35.1,12,0.88245728169698,0.826553023709028,0.942142647456045,"PE"
35.2,0,0.902923640615528,0.839507115209151,0.971130662280672,"PE"
35.2,1,0.901334512077779,0.857045467222567,0.947912256388509,"PE"
35.2,2,0.899720397654499,0.871127597408165,0.92925169213332,"PE"
35.2,3,0.898053710427996,0.876025112784875,0.920636240951626,"PE"
35.2,4,0.896307076130209,0.870115035336487,0.92328754485941,"PE"
35.2,5,0.894453353446134,0.86209915518558,0.928021790392327,"PE"
35.2,6,0.892465662577116,0.85741625127107,0.928947821665911,"PE"
35.2,7,0.890326585941309,0.857689987931652,0.924205063353351,"PE"
35.2,8,0.88805551521956,0.86157508490326,0.915349819105353,"PE"
35.2,9,0.885680835782851,0.864493259033264,0.907387691779361,"PE"
35.2,10,0.883230683169735,0.857719573115692,0.909500568884948,"PE"
35.2,11,0.880732915029556,0.841233454497749,0.922087041913447,"PE"
35.2,12,0.878215091901129,0.821083104309729,0.939322394523383,"PE"
35.3,0,0.89903058985793,0.83417771058212,0.96892543548816,"PE"
35.3,1,0.898274017993207,0.852937015988901,0.94602086235657,"PE"
35.3,2,0.897441764750538,0.86815735985709,0.927713981773004,"PE"
35.3,3,0.896457807330727,0.873888837581045,0.919609641140067,"PE"
35.3,4,0.895246515156002,0.868380161015385,0.922944073206165,"PE"
35.3,5,0.893732810267786,0.860522490582584,0.928224822582365,"PE"
35.3,6,0.891842390805722,0.855859878728415,0.929337698619309,"PE"
35.3,7,0.88952722979351,0.856032033913592,0.924333040349732,"PE"
35.3,8,0.886840931766798,0.859689828504741,0.914849533144925,"PE"
35.3,9,0.883862054774398,0.862179684029394,0.906089700721117,"PE"
35.3,10,0.880668489632114,0.854579836992977,0.907553577861074,"PE"
35.3,11,0.877337240346522,0.836948026790094,0.919675545745561,"PE"
35.3,12,0.873944272119924,0.815572742828338,0.936493522481518,"PE"
35.4,0,0.895106408946725,0.828807760014402,0.966708472087157,"PE"
35.4,1,0.895193539047853,0.848798237275603,0.944124807475085,"PE"
35.4,2,0.895155082245462,0.865169950356714,0.926179441321904,"PE"
35.4,3,0.894865499969586,0.871747341525065,0.918596736566926,"PE"
35.4,4,0.894199574597322,0.866647283923838,0.922627802616296,"PE"
35.4,5,0.89303284879886,0.858951530906281,0.928466438836608,"PE"
35.4,6,0.89124223788702,0.854310456740449,0.929770577343157,"PE"
35.4,7,0.888748372514919,0.854379938386104,0.924499317177277,"PE"
35.4,8,0.885640009255952,0.857806888801975,0.914376226437547,"PE"
35.4,9,0.882047387984988,0.859861325188325,0.904805893532592,"PE"
35.4,10,0.878099681170278,0.851423703647337,0.905611444417479,"PE"
35.4,11,0.873924392383011,0.832634158483546,0.917262204319122,"PE"
35.4,12,0.869646940289975,0.810025351300292,0.933656952269072,"PE"
35.5,0,0.891153167122396,0.82340065897242,0.964480606881415,"PE"
35.5,1,0.89209431333786,0.844631213479609,0.942224548641974,"PE"
35.5,2,0.892860878729217,0.862166375649863,0.924648155252187,"PE"
35.5,3,0.893276755184723,0.86960092067587,0.917597190137715,"PE"
35.5,4,0.893165817532262,0.864916352555737,0.922337952393687,"PE"
35.5,5,0.892352787173527,0.857386059252704,0.928745561212425,"PE"
35.5,6,0.890664438158439,0.852767716413851,0.930245277970989,"PE"
35.5,7,0.887989334135371,0.852733488452514,0.92470281537687,"PE"
35.5,8,0.884452316277749,0.855926220882906,0.913929122257947,"PE"
35.5,9,0.880236813394285,0.857538475337199,0.903535957788779,"PE"
35.5,10,0.87552480373886,0.848252167472991,0.903674297992732,"PE"
35.5,11,0.870495630755724,0.828293926660636,0.914847518223168,"PE"
35.5,12,0.865325186183684,0.804444312881071,0.930813563914807,"PE"
35.6,0,0.887172909019812,0.817959764370925,0.962242649067218,"PE"
35.6,1,0.888977566572419,0.84043801299011,0.940320525314363,"PE"
35.6,2,0.890559678414999,0.859147642883616,0.92312019638057,"PE"
35.6,3,0.89169154001242,0.867449878942202,0.916610655937044,"PE"
35.6,4,0.892144809445597,0.863187326133786,0.922073734082328,"PE"
35.6,5,0.891691946818368,0.855825871080111,0.929061103302756,"PE"
35.6,6,0.890108229542981,0.851231401842851,0.930760611726596,"PE"
35.6,7,0.887249438183146,0.8510924835543,0.92494244840324,"PE"
35.6,8,0.88327742406474,0.854047791023249,0.913507436074154,"PE"
35.6,9,0.878430309106407,0.855211438519973,0.902279568772111,"PE"
35.6,10,0.872944398065507,0.845066229826877,0.901742248379826,"PE"
35.6,11,0.867052200500722,0.8239293997443,0.912431961556965,"PE"
35.6,12,0.860981070838491,0.79883297551594,0.927964201607252,"PE"
35.7,0,0.883167654075627,0.81248839005016,0.959995385481499,"PE"
35.7,1,0.885844511841485,0.836220687304374,0.938413161828477,"PE"
35.7,2,0.888252001098364,0.856114757799018,0.921595627534401,"PE"
35.7,3,0.890109821684065,0.865294526583997,0.915636780676581,"PE"
35.7,4,0.891136118168997,0.861460172983127,0.921834352893366,"PE"
35.7,5,0.891049652308577,0.854270772397085,0.92941197162974,"PE"
35.7,6,0.889572853366544,0.849701268226674,0.931315382285141,"PE"
35.7,7,0.886528011542104,0.84945673368649,0.925217122993414,"PE"
35.7,8,0.882114906432072,0.852171575029874,0.913110377006398,"PE"
35.7,9,0.876627853349307,0.852880528115178,0.901036391305718,"PE"
35.7,10,0.87035899961566,0.841866896310566,0.899815388313501,"PE"
35.7,11,0.863595331866029,0.819542633544127,0.910015985374164,"PE"
35.7,12,0.856616626032214,0.793194646318003,0.925109678186893,"PE"
35.8,0,0.879139395979046,0.806989802783709,0.957739583444962,"PE"
35.8,1,0.882696349399405,0.83198126846877,0.936502869442047,"PE"
35.8,2,0.885938362119307,0.853068723115866,0.920074503033954,"PE"
35.8,3,0.888531567625136,0.863135178869118,0.91467520499022,"PE"
35.8,4,0.890139313823354,0.859734869088975,0.921619008955086,"PE"
35.8,5,0.890425231229419,0.852720578165962,0.929797066836649,"PE"
35.8,6,0.889057554181913,0.848177080213048,0.931908386924796,"PE"
35.8,7,0.885824384314045,0.84782605782406,0.925525740337877,"PE"
35.8,8,0.880964339720344,0.8502975567671,0.912737149110118,"PE"
35.8,9,0.874829424474149,0.850546065127625,0.899806081415395,"PE"
35.8,10,0.867769138560551,0.838655174309681,0.897893795811793,"PE"
35.8,11,0.86012624012101,0.815135667731386,0.907600020747099,"PE"
35.8,12,0.852233853803656,0.787532586605688,0.922250779106727,"PE"
35.9,0,0.875090102165303,0.801467218773592,0.955475993240851,"PE"
35.9,1,0.879534266464247,0.827721766817642,0.934590048125714,"PE"
35.9,2,0.883619272327292,0.850010537097074,0.918556870006242,"PE"
35.9,3,0.886956745454195,0.860972154874494,0.913725564587365,"PE"
35.9,4,0.889153968763218,0.858011396822853,0.921426898401222,"PE"
35.9,5,0.889818014042877,0.851175110901648,0.930215284697978,"PE"
35.9,6,0.888561579599348,0.846658610446297,0.932538417490257,"PE"
35.9,7,0.885137889686255,0.846200282539816,0.925867197073846,"PE"
35.9,8,0.879825302740515,0.848425726851168,0.912386952497766,"PE"
35.9,9,0.873035000954691,0.848208376646018,0.898588287828289,"PE"
35.9,10,0.865175339748386,0.835432070778884,0.895977536283557,"PE"
35.9,11,0.856646125382281,0.810710522713475,0.905184481479627,"PE"
35.9,12,0.847834726017644,0.781850007550384,0.919388265907372,"PE"
36,0,0.871021713351126,0.79592380059144,0.953205350267661,"PE"
36,1,0.876359437032603,0.823444168983961,0.932675088128605,"PE"
36,2,0.881295238049179,0.846941192277481,0.917042769545322,"PE"
36,3,0.885385322981896,0.858805776420542,0.912787491275433,"PE"
36,4,0.888179657523296,0.856289743822276,0.921257214312647,"PE"
36,5,0.889227333959448,0.849634199446668,0.930665516966708,"PE"
36,6,0.888084180123696,0.845145638299563,0.933204261188441,"PE"
36,7,0.884467863804172,0.84457924079504,0.926240386119268,"PE"
36,8,0.878697376720857,0.846556081498298,0.912058984313927,"PE"
36,9,0.871244561386676,0.845867794457148,0.897382653317601,"PE"
36,10,0.862578122678657,0.8321985902586,0.894066664415557,"PE"
36,11,0.853156172455826,0.806269196877828,0.902769766497439,"PE"
36,12,0.843421183973623,0.776150066385623,0.916522879252111,"PE"
36.1,0,0.866936143111453,0.790362654527076,0.950928376901459,"PE"
36.1,1,0.873173021709627,0.819150436157211,0.93075837134169,"PE"
36.1,2,0.878966761060022,0.843861674342537,0.915532237733481,"PE"
36.1,3,0.883817268210003,0.856636367127788,0.911860613862624,"PE"
36.1,4,0.887215956767028,0.854569902009304,0.921109147527013,"PE"
36.1,5,0.888652526815036,0.848097677904405,0.931146652076745,"PE"
36.1,6,0.88762460899797,0.84363794877193,0.933904701235523,"PE"
36.1,7,0.883813645649139,0.842962770885236,0.926644197365113,"PE"
36.1,8,0.877580145255905,0.844688621512184,0.91175243957784,"PE"
36.1,9,0.869458084487222,0.843524653806579,0.896188815903337,"PE"
36.1,10,0.859978001479537,0.828955733108492,0.892161225853958,"PE"
36.1,11,0.849657550695076,0.801813664175517,0.900356261944579,"PE"
36.1,12,0.838995138056906,0.770435863130769,0.913655341565595,"PE"
36.2,0,0.862835277496641,0.784786828308581,0.948645784100714,"PE"
36.2,1,0.869976167554071,0.81484250256565,0.928840272480865,"PE"
36.2,2,0.876634338556691,0.84077296114302,0.914025306536949,"PE"
36.2,3,0.882252549330415,0.854464251584904,0.910944558951713,"PE"
36.2,4,0.886262445237183,0.852851866734101,0.920981887330123,"PE"
36.2,5,0.888092930952888,0.846565384713609,0.931657575717333,"PE"
36.2,6,0.887182122053344,0.84213533153256,0.934638517373075,"PE"
36.2,7,0.883174576921168,0.841350715524481,0.927077518242377,"PE"
36.2,8,0.87647319425741,0.842823351397428,0.911466511906769,"PE"
36.2,9,0.867675549094221,0.84117929229529,0.895006409919648,"PE"
36.2,10,0.857375484888315,0.825704493942049,0.890261258695613,"PE"
36.2,11,0.846151413874631,0.797345872015577,0.897944343014106,"PE"
36.2,12,0.834558467431665,0.764710437784361,0.910786359317734,"PE"
36.3,0,0.858720974689383,0.779199309160545,0.946358272783774,"PE"
36.3,1,0.866770007938066,0.810522274161726,0.926921160109966,"PE"
36.3,2,0.874298463134287,0.837676021832817,0.912522004588947,"PE"
36.3,3,0.880691134724209,0.852289754617798,0.910038951635214,"PE"
36.3,4,0.885318703708485,0.851135636030492,0.920874622042018,"PE"
36.3,5,0.887547887110551,0.845037161848578,0.932197171295005,"PE"
36.3,6,0.886755977565504,0.840637580095385,0.93540448626973,"PE"
36.3,7,0.882550001926704,0.839742921053114,0.92753923417898,"PE"
36.3,8,0.875376111907249,0.840960278586151,0.911200394132946,"PE"
36.3,9,0.865896934165737,0.838832048901621,0.893835066959343,"PE"
36.3,10,0.854771076234805,0.822445860246518,0.888366794804717,"PE"
36.3,11,0.842638900079331,0.792867739442255,0.895534375539589,"PE"
36.3,12,0.830113019774717,0.758976767944803,0.907916624991628,"PE"
36.4,0,0.854595064700516,0.773603022169983,0.944066535006378,"PE"
36.4,1,0.863555662421415,0.806191627491246,0.925001397522187,"PE"
36.4,2,0.871959622765301,0.834571816117656,0.911022357871979,"PE"
36.4,3,0.87913299296069,0.850113200649938,0.909143416101683,"PE"
36.4,4,0.884384314942234,0.849421209971425,0.920786539509834,"PE"
36.4,5,0.887016738311781,0.843512854130675,0.932764320297342,"PE"
36.4,6,0.886345436117299,0.839144491109266,0.936201381823372,"PE"
36.4,7,0.881939267471315,0.838139236754767,0.92802822896051,"PE"
36.4,8,0.874288488612302,0.839099412765894,0.910953278825906,"PE"
36.4,9,0.864122218779419,0.836483263117994,0.892674416706094,"PE"
36.4,10,0.852165273427712,0.819180811172628,0.88647786097018,"PE"
36.4,11,0.839121131608382,0.788381155568939,0.893126717372635,"PE"
36.4,12,0.825660611049155,0.753237766818904,0.905046818771588,"PE"
36.5,0,0.850459349102915,0.76800082893191,0.941771254963944,"PE"
36.5,1,0.860334236640112,0.801852408728469,0.923081343496679,"PE"
36.5,2,0.869618300781486,0.831461293603644,0.909526390310329,"PE"
36.5,3,0.877578092796451,0.847934913144703,0.908257576162369,"PE"
36.5,4,0.883458863642908,0.847708590113198,0.920716827518517,"PE"
36.5,5,0.886498829763388,0.841992308638118,0.933357902571556,"PE"
36.5,6,0.885949760467655,0.837655863749953,0.937027975377483,"PE"
36.5,7,0.881341722757283,0.836539514269981,0.928543385007498,"PE"
36.5,8,0.873209916961238,0.83724076529778,0.910724358731214,"PE"
36.5,9,0.8623513821319,0.834133274192168,0.891524087664528,"PE"
36.5,10,0.849558568943871,0.815910316479001,0.884594479918595,"PE"
36.5,11,0.835599214894217,0.783887978244178,0.890721719569907,"PE"
36.5,12,0.821203025316846,0.74749628158167,0.90217760998435,"PE"
36.6,0,0.846315600802609,0.762395526449064,0.939473109840885,"PE"
36.6,1,0.857106822208852,0.797506432860981,0.921161352945495,"PE"
36.6,2,0.867274975858397,0.828345393235356,0.908034124282831,"PE"
36.6,3,0.876026403174446,0.845755214121185,0.907381055706736,"PE"
36.6,4,0.882541936416733,0.845997779018271,0.92066467412957,"PE"
36.6,5,0.885993508756971,0.840475374202238,0.933976796529678,"PE"
36.6,6,0.885568215426708,0.836171499201502,0.937883035863986,"PE"
36.6,7,0.880756719286058,0.834943607094865,0.929083583580756,"PE"
36.6,8,0.872139991683226,0.83538434871484,0.910512827135643,"PE"
36.6,9,0.860584403538222,0.831782420463251,0.890383707797966,"PE"
36.6,10,0.846951449820329,0.812635335616866,0.882716671196976,"PE"
36.6,11,0.832074240435797,0.779390032926973,0.888319727411347,"PE"
36.6,12,0.816742014588807,0.741755092053671,0.899309658323608,"PE"
36.7,0,0.842165563846279,0.756789846262596,0.937172770526871,"PE"
36.7,1,0.853874496637266,0.793155483009684,0.919241777464511,"PE"
36.7,2,0.864930122002562,0.825225042814133,0.906545581065048,"PE"
36.7,3,0.874477893223071,0.843574423735569,0.906513479094728,"PE"
36.7,4,0.881633121732193,0.844288779847385,0.920629267957053,"PE"
36.7,5,0.885500124575509,0.838961900979571,0.934619879290961,"PE"
36.7,6,0.885200067737103,0.834691200216033,0.938765329883634,"PE"
36.7,7,0.880183610765526,0.83335137015439,0.929647704925128,"PE"
36.7,8,0.871078309608534,0.833530176291266,0.910317878167996,"PE"
36.7,9,0.858821262431246,0.829431038783176,0.88925290508306,"PE"
36.7,10,0.844344397649228,0.809356816941476,0.880844451938665,"PE"
36.7,11,0.828547282746033,0.774889111750392,0.885921081269455,"PE"
36.7,12,0.81227929871248,0.736016909665124,0.896443614885202,"PE"
36.8,0,0.838010953264264,0.751186453792636,0.934870902217759,"PE"
36.8,1,0.850638323259592,0.788801309870671,0.917322965800509,"PE"
36.8,2,0.862584208541237,0.822101158588113,0.905060781209159,"PE"
36.8,3,0.872932532255257,0.841392859920834,0.905654471492987,"PE"
36.8,4,0.880732009882479,0.842581596012631,0.920609798389191,"PE"
36.8,5,0.885018028404774,0.837451740090232,0.935286026771023,"PE"
36.8,6,0.884844585961429,0.833214770741939,0.939673621733891,"PE"
36.8,7,0.879621753022072,0.83176265944099,0.930234628360971,"PE"
36.8,8,0.870024469631001,0.831678261674218,0.910138707043917,"PE"
36.8,9,0.85706193836108,0.827079464014964,0.888131307989968,"PE"
36.8,10,0.841737888575409,0.806075697037523,0.878977837524861,"PE"
36.8,11,0.825019400313,0.770386972754275,0.883526117347686,"PE"
36.8,12,0.807816565294878,0.7302843766786,0.893580123037481,"PE"
36.9,0,0.833853454948196,0.745587947869683,0.932568164916975,"PE"
36.9,1,0.847399351177543,0.784445631267065,0.915405264245327,"PE"
36.9,2,0.860237700114714,0.818974644906329,0.903579744869014,"PE"
36.9,3,0.871390289767575,0.839210838078196,0.904803659161593,"PE"
36.9,4,0.879838192949844,0.840876230883936,0.920605455763081,"PE"
36.9,5,0.884546573249538,0.835944743314092,0.935974113726221,"PE"
36.9,6,0.884501040375759,0.831742015611695,0.940606673393115,"PE"
36.9,7,0.879070503917386,0.830177331710167,0.930843232331663,"PE"
36.9,8,0.868978072672365,0.829828618570648,0.909974510262194,"PE"
36.9,9,0.855306410994502,0.824728028599727,0.887018545896111,"PE"
36.9,10,0.839132393296727,0.802792900146805,0.877116842153346,"PE"
36.9,11,0.821491635574659,0.76588533926959,0.88113516830433,"PE"
36.9,12,0.803355469660609,0.724560065644806,0.890719819148846,"PE"
37,0,0.829694725562385,0.739996860439534,0.930265213851255,"PE"
37,1,0.844158615216072,0.780090131800111,0.913489016966713,"PE"
37,2,0.857891056671135,0.815846393929963,0.902102492077076,"PE"
37,3,0.869851135439347,0.837028670814304,0.903960669697279,"PE"
37,4,0.878951264771865,0.839172687542231,0.920615431499233,"PE"
37,5,0.884085113854551,0.834440762837189,0.936683013760819,"PE"
37,6,0.884168702869254,0.830272740281446,0.941563244468921,"PE"
37,7,0.878529223270006,0.828595244225673,0.931472394414555,"PE"
37,8,0.867938721648434,0.827981260482337,0.909824485759345,"PE"
37,9,0.853554660114394,0.822377062184947,0.885914249440911,"PE"
37,10,0.836528377066991,0.799509337687324,0.87526147932497,"PE"
37,11,0.817965014906735,0.761385899438612,0.878748563776521,"PE"
37,12,0.798897634843757,0.718846479068306,0.887863333192041,"PE"
37.1,0,0.825536392488045,0.734415656426113,0.927962699813086,"PE"
37.1,1,0.840917135891782,0.775736462589902,0.911574566284469,"PE"
37.1,2,0.855544733463765,0.812717285394563,0.900629042979234,"PE"
37.1,3,0.86831503913177,0.834846667718813,0.903125132238479,"PE"
37.1,4,0.87807082090958,0.837470968573276,0.920638918201931,"PE"
37.1,5,0.883633006630244,0.832939651041676,0.937411599303655,"PE"
37.1,6,0.883846846849795,0.828806750615439,0.942542092117672,"PE"
37.1,7,0.877997272781538,0.827016254547727,0.932120991301908,"PE"
37.1,8,0.866906021437071,0.82613620048308,0.909687833028499,"PE"
37.1,9,0.851806665619172,0.820026891307234,0.884818050828294,"PE"
37.1,10,0.833926299701506,0.796225907853931,0.873411762257584,"PE"
37.1,11,0.81444054862345,0.756890305856667,0.876366630817541,"PE"
37.1,12,0.794444651612597,0.713146049262295,0.885011289242557,"PE"
37.2,0,0.821380053799489,0.728846733738076,0.925661269440639,"PE"
37.2,1,0.837675919393696,0.771386241097142,0.909662252899461,"PE"
37.2,2,0.853199181050707,0.809588186417684,0.899159418032851,"PE"
37.2,3,0.866781970887051,0.832665135177481,0.902296677637043,"PE"
37.2,4,0.877196458617504,0.835771075896816,0.920675109730752,"PE"
37.2,5,0.883189609583154,0.8314412603334,0.938158741560243,"PE"
37.2,6,0.883534747155632,0.827343852709191,0.943541970941261,"PE"
37.2,7,0.877474015967547,0.825440220358461,0.932787898757644,"PE"
37.2,8,0.865879578847999,0.824293451032607,0.909563753207994,"PE"
37.2,9,0.850062407522231,0.817677839123372,0.883729584083132,"PE"
37.2,10,0.831326615585151,0.792943495291566,0.871567704236154,"PE"
37.2,11,0.810919230990795,0.7524001753226,0.873989694259114,"PE"
37.2,12,0.789998078526138,0.707461138373551,0.88216430588652,"PE"
37.3,0,0.817227278271361,0.723292423406368,0.92336156544473,"PE"
37.3,1,0.834435957576098,0.767041051018189,0.907752416082132,"PE"
37.3,2,0.850854845296975,0.806459951346983,0.897693638172809,"PE"
37.3,3,0.865251900927549,0.83048437621644,0.901474938600918,"PE"
37.3,4,0.876327776815488,0.83407301062631,0.920723201247956,"PE"
37.3,5,0.88275428225103,0.829945443001911,0.938923310445524,"PE"
37.3,6,0.883231679973006,0.825883852746026,0.944561632866592,"PE"
37.3,7,0.87695881809309,0.823866999319488,0.93347199155503,"PE"
37.3,8,0.864859002594385,0.822453023822422,0.909451449144471,"PE"
37.3,9,0.848321865951382,0.815330225183998,0.882648485267216,"PE"
37.3,10,0.82872977368295,0.789662970832945,0.869729318906973,"PE"
37.3,11,0.807402040252008,0.747917088686457,0.87161807700906,"PE"
37.3,12,0.785559442021461,0.701794038560545,0.879322996551545,"PE"
37.4,0,0.813079605416035,0.717754989841143,0.921064226791113,"PE"
37.4,1,0.831198227963204,0.762702442246512,0.905845393826428,"PE"
37.4,2,0.848512167378938,0.80333342164436,0.896231724949743,"PE"
37.4,3,0.86372479965493,0.828304690373787,0.900659549811669,"PE"
37.4,4,0.875464376062432,0.83237677295507,0.920782389245927,"PE"
37.4,5,0.882326385642606,0.82845205110832,0.939704174501895,"PE"
37.4,6,0.88293692275973,0.824426556882262,0.945599827012552,"PE"
37.4,7,0.876451046112848,0.822296448957102,0.934172143399806,"PE"
37.4,8,0.863843903266202,0.820614929649298,0.909350125434712,"PE"
37.4,9,0.846585021148301,0.812984365244872,0.881574392659811,"PE"
37.4,10,0.826136217553088,0.786385191293413,0.867896620523047,"PE"
37.4,11,0.803889938664948,0.743442590784096,0.869252100293523,"PE"
37.4,12,0.781130236530851,0.69614697230943,0.876487969772468,"PE"
37.5,0,0.808938545550256,0.712236631197527,0.918769888845385,"PE"
37.5,1,0.827963693765343,0.758371930894346,0.90394152297424,"PE"
37.5,2,0.846171583791046,0.800209425802218,0.894773700644233,"PE"
37.5,3,0.862200637649328,0.826126373595028,0.899850148020238,"PE"
37.5,4,0.874605858531814,0.830682362065114,0.92085187155835,"PE"
37.5,5,0.881905282182016,0.826960936397002,0.940500200806535,"PE"
37.5,6,0.882649754174698,0.822971771156931,0.946655299548659,"PE"
37.5,7,0.875950068615857,0.820728426571164,0.934887226842743,"PE"
37.5,8,0.862833893305352,0.818779178312657,0.909258988449978,"PE"
37.5,9,0.844851853467983,0.810640571111158,0.880506946907312,"PE"
37.5,10,0.823546385362317,0.783110999316394,0.866069624147009,"PE"
37.5,11,0.800383872551049,0.738978190449495,0.866892083851825,"PE"
37.5,12,0.776711924627707,0.690522092874067,0.8736598294023,"PE"
37.6,0,0.804805579890135,0.706739479840663,0.916479183486856,"PE"
37.6,1,0.824733303906401,0.75405099936901,0.902041139314909,"PE"
37.6,2,0.843833526354822,0.79708877928835,0.893319588360214,"PE"
37.6,3,0.860679385668521,0.823949718149321,0.899046372124004,"PE"
37.6,4,0.873751827989037,0.828989776055486,0.920930847358345,"PE"
37.6,5,0.881490335657826,0.825471950227658,0.941310254871592,"PE"
37.6,6,0.882369454013315,0.821519301422432,0.947726793549072,"PE"
37.6,7,0.875455255774797,0.819162789164246,0.935616113185098,"PE"
37.6,8,0.861828586982535,0.816945778532511,0.909177246346165,"PE"
37.6,9,0.843122343378189,0.808299150510634,0.87944579114608,"PE"
37.6,10,0.820960709903709,0.779841223263573,0.864248345817195,"PE"
37.6,11,0.796884772355529,0.734525360596574,0.86453834609109,"PE"
37.6,12,0.772305937200223,0.684921484827681,0.870839174777496,"PE"
37.7,0,0.800682160673609,0.701265602901359,0.914192739196899,"PE"
37.7,1,0.821507993062245,0.74974109649894,0.9001445776637,"PE"
37.7,2,0.841498422230081,0.793972284516346,0.891869412100538,"PE"
37.7,3,0.85916101464711,0.821775012563803,0.898247863227821,"PE"
37.7,4,0.87290188977058,0.827299011887211,0.921018517146411,"PE"
37.7,5,0.88108091117668,0.823984943524652,0.942133200540335,"PE"
37.7,6,0.882095303148803,0.820068953292968,0.948813048845183,"PE"
37.7,7,0.874965979299828,0.817599393387998,0.936357672380026,"PE"
37.7,8,0.860827600375846,0.815114737885044,0.909104109062673,"PE"
37.7,9,0.841396471458913,0.805960406992187,0.878390571102051,"PE"
37.7,10,0.818379618616703,0.776576677144598,0.86243280268191,"PE"
37.7,11,0.79339355271855,0.730085538363185,0.862191204206853,"PE"
37.7,12,0.767913673651857,0.679347164714945,0.868026600845426,"PE"
37.8,0,0.796569711309453,0.695817002914402,0.911911181126574,"PE"
37.8,1,0.81828868170984,0.745443637704945,0.898252171922704,"PE"
37.8,2,0.839166693928316,0.790860730838788,0.890423196827213,"PE"
37.8,3,0.857645495695715,0.819602541573604,0.897454264691408,"PE"
37.8,4,0.872055650764934,0.825610065342389,0.921114082730657,"PE"
37.8,5,0.880676375121514,0.822499766740995,0.942967899881974,"PE"
37.8,6,0.881826583479398,0.818620532108055,0.94991280187962,"PE"
37.8,7,0.874481612396936,0.816038095504132,0.937110772932626,"PE"
37.8,8,0.859830551351088,0.813286062753259,0.909038788312561,"PE"
37.8,9,0.839674218401837,0.803624639846343,0.877340935170363,"PE"
37.8,10,0.815803533609401,0.773318160581623,0.860623013106309,"PE"
37.8,11,0.789911112557004,0.725660125310755,0.859850974275101,"PE"
37.8,12,0.763536502127579,0.673801081794354,0.865222698260891,"PE"
37.9,0,0.792469626551991,0.690395618532326,0.909635131147703,"PE"
37.9,1,0.815076276186806,0.741160005212731,0.896364255127158,"PE"
37.9,2,0.836838759328237,0.787754894560786,0.888980968508582,"PE"
37.9,3,0.856132800100172,0.817432586085432,0.896665222165191,"PE"
37.9,4,0.87121271939531,0.823922930995257,0.921216747201493,"PE"
37.9,5,0.880276095114353,0.821016269834636,0.943813213087538,"PE"
37.9,6,0.881562577881393,0.817173842908714,0.951024785564143,"PE"
37.9,7,0.874001529730796,0.81447875135774,0.937874281800946,"PE"
37.9,8,0.858837059543788,0.811459758290454,0.908980497566218,"PE"
37.9,9,0.837955565009803,0.801292144044946,0.876296534477833,"PE"
37.9,10,0.813232871683055,0.770066458804591,0.858818996755824,"PE"
37.9,11,0.786438335156626,0.721250487673761,0.857517971320501,"PE"
37.9,12,0.759175759764943,0.668285118861797,0.862428053457627,"PE"
38,0,0.788383272700603,0.685003325308003,0.907365207890986,"PE"
38,1,0.81187166876112,0.736891548303053,0.894481159479781,"PE"
38,2,0.834515031693395,0.784655538971706,0.887542754155389,"PE"
38,3,0.854622899320748,0.815265423152863,0.895880383616433,"PE"
38,4,0.870372705604119,0.822237602193324,0.921325714902686,"PE"
38,5,0.879879439983641,0.819534302255073,0.944667998368866,"PE"
38,6,0.881302570168021,0.815728690424306,0.952147729143568,"PE"
38,7,0.873525107392103,0.812921216360952,0.938647064299991,"PE"
38,8,0.857846746342902,0.80963582839455,0.908928452030516,"PE"
38,9,0.836240492196278,0.798963210197439,0.875257022930836,"PE"
38,10,0.810668044358719,0.766822342673591,0.857020774659574,"PE"
38,11,0.782976088274113,0.716857956653861,0.855192509364931,"PE"
38,12,0.754832752969004,0.662801093147023,0.85964324869992,"PE"
38.1,0,0.784311987823172,0.679641936539998,0.90510202677426,"PE"
38.1,1,0.808675737710713,0.732639583596278,0.892603216375394,"PE"
38.1,2,0.832195919691874,0.781563414393179,0.886108581847466,"PE"
38.1,3,0.853115764991358,0.813101325961703,0.895099399347271,"PE"
38.1,4,0.869535220839197,0.820554071046926,0.921440191400418,"PE"
38.1,5,0.879485779736119,0.818053712938543,0.945531111862527,"PE"
38.1,6,0.881045845054172,0.814284879068222,0.953280358067641,"PE"
38.1,7,0.873051722869371,0.811365345485222,0.939427984010515,"PE"
38.1,8,0.856859234876192,0.807814275691556,0.908881868625149,"PE"
38.1,9,0.834528980984831,0.796638124521478,0.874222057250794,"PE"
38.1,10,0.808109457905985,0.763586568725038,0.855228369256794,"PE"
38.1,11,0.779525224248962,0.71248382875405,0.852874901459917,"PE"
38.1,12,0.750508757710134,0.657350757275556,0.856868862118756,"PE"
38.2,0,0.780257082002619,0.674313204175108,0.902846200023611,"PE"
38.2,1,0.805489347412679,0.728405395368418,0.890730756417781,"PE"
38.2,2,0.829881827417993,0.778479258241702,0.884678480752533,"PE"
38.2,3,0.851611368918798,0.810940563823982,0.894321922006069,"PE"
38.2,4,0.868699878041772,0.818872328425774,0.921559383451791,"PE"
38.2,5,0.879094485533211,0.816574350310284,0.946401407540229,"PE"
38.2,6,0.880791688126918,0.81284221294091,0.954421393872494,"PE"
38.2,7,0.872580755025176,0.809810993260763,0.94021590269414,"PE"
38.2,8,0.855874149997267,0.805995101526681,0.908839965957653,"PE"
38.2,9,0.832821012508608,0.794317168825898,0.873191296999257,"PE"
38.2,10,0.805557513373794,0.760359879238847,0.853441804428937,"PE"
38.2,11,0.776086580124707,0.708129366148736,0.850565459706064,"PE"
38.2,12,0.746205019843795,0.651935800289241,0.854105467736295,"PE"
38.3,0,0.776219837605669,0.669018819762952,0.900598336689625,"PE"
38.3,1,0.802313348441836,0.72419023589599,0.888864109430497,"PE"
38.3,2,0.827573154416,0.775403795104327,0.883252481138426,"PE"
38.3,3,0.850109683081979,0.808783402179316,0.893547606593336,"PE"
38.3,4,0.867866291636155,0.817192363961245,0.921682498974026,"PE"
38.3,5,0.878704929671917,0.815096062292579,0.947277737127105,"PE"
38.3,6,0.880539385821831,0.811400495838886,0.955569554073138,"PE"
38.3,7,0.872111584076826,0.808258013781827,0.941009680216168,"PE"
38.3,8,0.854891118274271,0.804178305961785,0.908801964298403,"PE"
38.3,9,0.831116568009815,0.792000620504266,0.872164404594292,"PE"
38.3,10,0.80301260662324,0.757143002324053,0.851661105519755,"PE"
38.3,11,0.772660977779263,0.703795797086022,0.848264495262162,"PE"
38.3,12,0.741922755451344,0.646557848719258,0.851353635481928,"PE"
38.4,0,0.772201509573019,0.663760415457877,0.898359042660764,"PE"
38.4,1,0.799148577678383,0.7199953258273,0.887003604463077,"PE"
38.4,2,0.825270295705689,0.77233773682612,0.881830614379896,"PE"
38.4,3,0.848610679631176,0.806630102602536,0.892776110463278,"PE"
38.4,4,0.867034077521156,0.815514166053344,0.921808747015424,"PE"
38.4,5,0.878316485570195,0.813618696317471,0.948158950029051,"PE"
38.4,6,0.8802882254051,0.809959531268628,0.956723552068255,"PE"
38.4,7,0.871643591581441,0.806706260716737,0.941808174477245,"PE"
38.4,8,0.853909767980201,0.802363887778039,0.908767085556711,"PE"
38.4,9,0.829415628839201,0.789688752537494,0.871141045319705,"PE"
38.4,10,0.800475128362347,0.753936652020667,0.849886299345414,"PE"
38.4,11,0.769249224064093,0.699484316318946,0.845972318346292,"PE"
38.4,12,0.737663151200973,0.641218467705975,0.848613931202715,"PE"
17.8,0,0.979267155327211,0.799446683702608,1.19953485460874,"RJ"
17.8,1,1.02621375375543,0.888368048892721,1.18544860962687,"RJ"
17.8,2,1.07201273285313,0.969109922899515,1.1858420518086,"RJ"
17.8,3,1.11278944360988,1.01961564735303,1.21447758184595,"RJ"
17.8,4,1.14420136460777,1.03457096820093,1.26544896677984,"RJ"
17.8,5,1.16169951185933,1.03234107793271,1.30726732152974,"RJ"
17.8,6,1.16094729472401,1.02468513933059,1.31532952845152,"RJ"
17.8,7,1.13957312679895,1.01459328344607,1.27994826351655,"RJ"
17.8,8,1.1010302374749,0.998809270450344,1.21371278751492,"RJ"
17.8,9,1.05040837123369,0.964942800026946,1.14344368010934,"RJ"
17.8,10,0.99264398022591,0.896056100714875,1.09964328203628,"RJ"
17.8,11,0.932137098111317,0.802469762162402,1.0827567724596,"RJ"
17.8,12,0.872552450817293,0.70624018773273,1.07802953251846,"RJ"
17.9,0,0.977418012564739,0.801009155555134,1.19267796711251,"RJ"
17.9,1,1.0239572685677,0.888821486938614,1.1796389975494,"RJ"
17.9,2,1.06935042445058,0.96850412867437,1.18069742442688,"RJ"
17.9,3,1.10976671550418,1.01845763530128,1.2092620450301,"RJ"
17.9,4,1.14091554717039,1.03349804988004,1.25949757324284,"RJ"
17.9,5,1.15830297951524,1.03156356921367,1.30061377931036,"RJ"
17.9,6,1.15764243705147,1.02412717644276,1.30856405619206,"RJ"
17.9,7,1.13658374254129,1.0140970506408,1.27386486627969,"RJ"
17.9,8,1.09853027577473,0.998309879271224,1.20881180468198,"RJ"
17.9,9,1.04850255669006,0.964668589868677,1.13962206599393,"RJ"
17.9,10,0.991373055351811,0.896601004766358,1.09616265167324,"RJ"
17.9,11,0.931489929954306,0.804175108200493,1.07896088893857,"RJ"
17.9,12,0.872480914419673,0.709016743533751,1.07363183305466,"RJ"
18,0,0.975575112069863,0.802572315534034,1.18587045786252,"RJ"
18,1,1.02170831844225,0.889273553654517,1.17386588601919,"RJ"
18,2,1.06669710858984,0.967897741831496,1.17558154368752,"RJ"
18,3,1.10675438170327,1.01730015498349,1.20407458449592,"RJ"
18,4,1.13764116281328,1.03242507237053,1.25357999332146,"RJ"
18,5,1.15491821841184,1.03078493963894,1.29400036799798,"RJ"
18,6,1.15434872030905,1.0235675370628,1.30183981010467,"RJ"
18,7,1.13360388651905,1.01359920241326,1.26781647861554,"RJ"
18,8,1.09603768192402,0.997809226474369,1.20393615164495,"RJ"
18,9,1.04660193164587,0.964393142966689,1.13581853138778,"RJ"
18,10,0.990105547300315,0.897144719168071,1.09269884094497,"RJ"
18,11,0.930845061801311,0.805882037112344,1.07518531146897,"RJ"
18,12,0.872411288146451,0.711801554147879,1.06926073882557,"RJ"
18.1,0,0.973740067789315,0.804136388385981,1.17911554969109,"RJ"
18.1,1,1.01946840576347,0.889724705823034,1.16813192164703,"RJ"
18.1,2,1.06405416643799,0.967291400203938,1.17049657308577,"RJ"
18.1,3,1.1037536998533,1.01614383696792,1.19891710761644,"RJ"
18.1,4,1.13437935403265,1.03135245925196,1.24769811456005,"RJ"
18.1,5,1.1515462770717,1.03000539224103,1.2874290156409,"RJ"
18.1,6,1.15106713277813,1.02300631671192,1.29515871262716,"RJ"
18.1,7,1.13063452723297,1.01309988118626,1.26180493938513,"RJ"
18.1,8,1.09355343729368,0.99730760666845,1.19908753550134,"RJ"
18.1,9,1.04470751052947,0.964116876989217,1.13203472380339,"RJ"
18.1,10,0.988842512273045,0.897687585059888,1.08925368953747,"RJ"
18.1,11,0.930203591648497,0.807590672049085,1.07143228848881,"RJ"
18.1,12,0.872344706293924,0.714594527991484,1.06491899502497,"RJ"
18.2,0,0.971914481478111,0.805701597736837,1.17241639083283,"RJ"
18.2,1,1.01723901963432,0.890175398862812,1.16243969939915,"RJ"
18.2,2,1.06142296529624,0.966685738466052,1.16544463875716,"RJ"
18.2,3,1.10076591370982,1.01498930786387,1.19379148863698,"RJ"
18.2,4,1.13113124991159,1.03028063107421,1.24185378812038,"RJ"
18.2,5,1.14818819144162,1.02922512787129,1.28090160963389,"RJ"
18.2,6,1.14779865120558,1.02244360900648,1.28852264526308,"RJ"
18.2,7,1.12767662282041,1.01259922752547,1.25583205189998,"RJ"
18.2,8,1.09107851423334,0.99680531259485,1.19426763599674,"RJ"
18.2,9,1.04282030037377,0.96384020802818,1.12827226942149,"RJ"
18.2,10,0.987585001076447,0.898229942807005,1.0858290153446,"RJ"
18.2,11,0.92956661448187,0.809301135015739,1.06770403916767,"RJ"
18.2,12,0.87228230283737,0.717395569163405,1.06060930475298,"RJ"
18.3,0,0.970099942843817,0.807268165983762,1.1657760565335,"RJ"
18.3,1,1.01502163602188,0.890626086769137,1.1567917635671,"RJ"
18.3,2,1.05880485874556,0.966081388136272,1.16042783006713,"RJ"
18.3,3,1.09779225328038,1.0138371903576,1.18869956914615,"RJ"
18.3,4,1.12789796625585,1.02921000537081,1.23604882934047,"RJ"
18.3,5,1.14484498501767,1.02844434519127,1.27441999739554,"RJ"
18.3,6,1.14454424091525,1.02187950564282,1.28193344927514,"RJ"
18.3,7,1.12473112115164,1.01209738013244,1.24989958448612,"RJ"
18.3,8,1.08861387615189,0.996302635143624,1.18947810589661,"RJ"
18.3,9,1.0409413008819,0.963563550634694,1.12453277333703,"RJ"
18.3,10,0.986334059175326,0.898772131991521,1.08242661477899,"RJ"
18.3,11,0.928935222323873,0.811013546801583,1.06400275393306,"RJ"
18.3,12,0.872225211478014,0.720204577303744,1.05633432987334,"RJ"
18.4,0,0.968298029716973,0.808836314182433,1.15919755074486,"RJ"
18.4,1,1.01281771792427,0.891077222055017,1.15119060879551,"RJ"
18.4,2,1.05620118680956,0.965478977586082,1.15544820023641,"RJ"
18.4,3,1.09483393498109,1.01268810325551,1.18364315857253,"RJ"
18.4,4,1.12468060574071,1.02814099667585,1.23028501831843,"RJ"
18.4,5,1.14151766897953,1.02766324066516,1.26798598707203,"RJ"
18.4,6,1.14130485592762,1.02131409638253,1.27539292640497,"RJ"
18.4,7,1.12179895993403,1.01159447583889,1.24400927107228,"RJ"
18.4,8,1.08616047760645,0.995799863373603,1.18472057137815,"RJ"
18.4,9,1.03907150450247,0.963287317861945,1.12081781982286,"RJ"
18.4,10,0.985090726757492,0.899314491408179,1.07904826310995,"RJ"
18.4,11,0.928310504292834,0.812728026908327,1.06033059504372,"RJ"
18.4,12,0.872174565704723,0.723021447446141,1.05209669194341,"RJ"
18.5,0,0.966510308247306,0.810406261929538,1.15268380790168,"RJ"
18.5,1,1.01062871555895,0.891529255693218,1.14563868116494,"RJ"
18.5,2,1.05361327613449,0.964879132055874,1.15050776700037,"RJ"
18.5,3,1.09189216180665,1.01154266153514,1.17862403470502,"RJ"
18.5,4,1.1214802580687,1.0270740165451,1.22456410051984,"RJ"
18.5,5,1.13820724233365,1.02688200855353,1.26160134826555,"RJ"
18.5,6,1.13808143908751,1.02074746903846,1.2689028396177,"RJ"
18.5,7,1.11888106682418,1.01109064960292,1.23816281180057,"RJ"
18.5,8,1.0837192643999,0.995297284537421,1.17999663244063,"RJ"
18.5,9,1.03721189651434,0.963011921316443,1.11712897260942,"RJ"
18.5,10,0.983856038809414,0.899857359065128,1.07569571482684,"RJ"
18.5,11,0.92769354667522,0.814444693476536,1.05668969720857,"RJ"
18.5,12,0.872131498870444,0.725846069863621,1.04789897321469,"RJ"
18.6,0,0.96473833312542,0.811978227240831,1.14623769477696,"RJ"
18.6,1,1.00845606657182,0.891982637059737,1.14013837932744,"RJ"
18.6,2,1.05104244018604,0.964282473678464,1.1456085133002,"RJ"
18.6,3,1.08896812351376,1.01040147640478,1.1736439442355,"RJ"
18.6,4,1.118298000138,1.02600947358176,1.21888778740696,"RJ"
18.6,5,1.13491469206537,1.02610084090916,1.25526781278593,"RJ"
18.6,6,1.13487492219956,1.02017970946213,1.26246491386944,"RJ"
18.6,7,1.11597835954771,1.01058603450772,1.23236187365824,"RJ"
18.6,8,1.08129117368663,0.994795184112323,1.17530786333259,"RJ"
18.6,9,1.03536345512076,0.962737771218784,1.11346777517882,"RJ"
18.6,10,0.982631025202801,0.900401072190702,1.07237070402622,"RJ"
18.6,11,0.927085433010616,0.816163663210792,1.05308216824951,"RJ"
18.6,12,0.872097144283368,0.728678329908171,1.04374371770195,"RJ"
18.7,0,0.962983647829621,0.813552426425129,1.13986201241155,"RJ"
18.7,1,1.0063011962669,0.892437813879415,1.13469205569209,"RJ"
18.7,2,1.04848997946252,0.963689621511182,1.14075238800374,"RJ"
18.7,3,1.0860629968175,1.00926515537276,1.16870460332158,"RJ"
18.7,4,1.11513489622108,1.0249477734679,1.213257757088,"RJ"
18.7,5,1.13164099329951,1.02531992757555,1.24898707542339,"RJ"
18.7,6,1.13168622617141,1.01961090153316,1.25608083689602,"RJ"
18.7,7,1.11309174602666,1.01008076176369,1.2266080911286,"RJ"
18.7,8,1.07887713408639,0.994293845837764,1.17065581299432,"RJ"
18.7,9,1.03352715155287,0.962465276475215,1.10983575107137,"RJ"
18.7,10,0.981416710791987,0.900945967247393,1.06907494482106,"RJ"
18.7,11,0.926487244189397,0.817885051304273,1.0495100898064,"RJ"
18.7,12,0.872072635312834,0.731518107844319,1.0396334323187,"RJ"
18.8,0,0.96124778489758,0.815129073954829,1.13355949811417,"RJ"
18.8,1,1.00416551785629,0.892895232174486,1.1293020176577,"RJ"
18.8,2,1.04595718172432,0.963101191577634,1.13594130665395,"RJ"
18.8,3,1.08317794560053,1.00813430232713,1.16380769816785,"RJ"
18.8,4,1.11199199815367,1.0238893190021,1.20767565498479,"RJ"
18.8,5,1.12838710946941,1.02453945618888,1.24276079474093,"RJ"
18.8,6,1.12851626116434,1.01904112715166,1.24975226002121,"RJ"
18.8,7,1.11022212451431,1.00957496071469,1.22090306685943,"RJ"
18.8,8,1.07647806580625,0.993793551760959,1.16604200551374,"RJ"
18.8,9,1.03170395018223,0.962194844761489,1.10623440420267,"RJ"
18.8,10,0.98021411552206,0.901492379954374,1.06581013176986,"RJ"
18.8,11,0.92590005856304,0.819608971363559,1.04597551808247,"RJ"
18.8,12,0.872059105509973,0.734365278677149,1.03557058807677,"RJ"
18.9,0,0.959532266222513,0.816708382333655,1.12733282752811,"RJ"
18.9,1,1.00205043273008,0.893355336217084,1.12397052888991,"RJ"
18.9,2,1.04344532223921,0.962517796920381,1.13117715224226,"RJ"
18.9,3,1.0803141211348,1.00700951762725,1.15895488562329,"RJ"
18.9,4,1.10887034553362,1.02283451014465,1.20214309451678,"RJ"
18.9,5,1.12515399249422,1.02375961218438,1.23659059388414,"RJ"
18.9,6,1.12536592675132,1.01847046623428,1.24348079898228,"RJ"
18.9,7,1.10737038373719,1.00906875884972,1.21524837234692,"RJ"
18.9,8,1.07409488077037,0.993294582291715,1.16146794059358,"RJ"
18.9,9,1.02989480864247,0.961926882620676,1.10266521918898,"RJ"
18.9,10,0.979024254547633,0.902040645320168,1.06257794032368,"RJ"
18.9,11,0.92532495206701,0.821335535334678,1.0424804846279,"RJ"
18.9,12,0.872057688743105,0.737219711975321,1.03155762134779,"RJ"
19,0,0.957838603373604,0.818290561962601,1.12118461676041,"RJ"
19,1,0.99995733074593,0.89381856848693,1.11869981063964,"RJ"
19,2,1.04095566404329,0.961940047666028,1.12646177600459,"RJ"
19,3,1.07747266231554,1.00589139820836,1.1541477937928,"RJ"
19,4,1.10577096592946,1.02178374407113,1.19666165779934,"RJ"
19,5,1.12194258296416,1.02298057880816,1.23047806140644,"RJ"
19,6,1.12223611208214,1.01789899671536,1.23726803477085,"RJ"
19,7,1.10453740304434,1.00856228182106,1.20964554863295,"RJ"
19,8,1.07172848275756,0.992797216268073,1.15693509402798,"RJ"
19,9,1.02810067795986,0.96166179557686,1.09912966167848,"RJ"
19,10,0.977848138362166,0.902591097687291,1.05938002728854,"RJ"
19,11,0.924762998356194,0.823064853431645,1.03902699715966,"RJ"
19,12,0.872069519347899,0.740081271689898,1.02759693518408,"RJ"
19.1,0,0.956168297940395,0.819875821005316,1.11511742456947,"RJ"
19.1,1,0.997887590538024,0.894285369635706,1.11349204309964,"RJ"
19.1,2,1.03848945821729,0.961368551104447,1.12179699823703,"RJ"
19.1,3,1.07465469590732,1.00478053770094,1.14938802266031,"RJ"
19.1,4,1.10269487509859,1.020737415236,1.19123289635423,"RJ"
19.1,5,1.11875381033378,1.02220253713585,1.22442475210761,"RJ"
19.1,6,1.11912769605565,1.01732679455414,1.2311155144869,"RJ"
19.1,7,1.10172405256353,1.00805565347057,1.20409610701364,"RJ"
19.1,8,1.06937976754646,0.992301731034522,1.15244491818582,"RJ"
19.1,9,1.02632250269269,0.961399988266878,1.09562917868582,"RJ"
19.1,10,0.976686772937773,0.903144070791047,1.05621803130046,"RJ"
19.1,11,0.924215268952838,0.824797034069015,1.03561704041493,"RJ"
19.1,12,0.872095732292313,0.742949815970042,1.02369090069622,"RJ"
19.2,0,0.954522841900869,0.821464365254479,1.10913375460694,"RJ"
19.2,1,0.995842579845187,0.894756178459912,1.10834936679585,"RJ"
19.2,2,1.036047944178,0.960803911784156,1.11718460912824,"RJ"
19.2,3,1.07186133680194,1.00367752656646,1.14467714472112,"RJ"
19.2,4,1.09964307721476,1.01969591544762,1.18585833182977,"RJ"
19.2,5,1.11558859312273,1.0214256660995,1.21843218788307,"RJ"
19.2,6,1.11604154749891,1.01675393374996,1.22502475220327,"RJ"
19.2,7,1.09893119336428,1.00754899586555,1.19860152975646,"RJ"
19.2,8,1.06704962306827,0.991808402534815,1.14799884249838,"RJ"
19.2,9,1.0245612210794,0.961141864592581,1.09216519892688,"RJ"
19.2,10,0.975541159875428,0.903699897834942,1.05309357331024,"RJ"
19.2,11,0.923682833406951,0.826532183800291,1.03225257703558,"RJ"
19.2,12,0.872137463356354,0.745825196976931,1.01984185848468,"RJ"
19.3,0,0.952903718013007,0.823056398001156,1.10323605770906,"RJ"
19.3,1,0.993823655857849,0.895231431884423,1.10327388400966,"RJ"
19.3,2,1.03363234998456,0.960246731626185,1.11262636960531,"RJ"
19.3,3,1.06909368828789,1.00258295225163,1.14001670562033,"RJ"
19.3,4,1.09661656510467,1.01865963395651,1.1805394567282,"RJ"
19.3,5,1.11244783912426,1.02065014252447,1.21250185858134,"RJ"
19.3,6,1.11297852535294,1.01618048636692,1.2189972298381,"RJ"
19.3,7,1.09615967762773,1.00704242934652,1.19316327082329,"RJ"
19.3,8,1.06473892956683,0.991317505421698,1.14359827394843,"RJ"
19.3,9,1.02281776519527,0.960887827896418,1.08873913315073,"RJ"
19.3,10,0.9744122965655,0.90425891158561,1.05000825707446,"RJ"
19.3,11,0.923166759469139,0.828270407264455,1.02893554848042,"RJ"
19.3,12,0.872195849326666,0.748707260697656,1.0160521201221,"RJ"
19.4,0,0.951312400229571,0.824652119909567,1.09742673423284,"RJ"
19.4,1,0.991832165583651,0.895711564959348,1.09826766022721,"RJ"
19.4,2,1.03124389265939,0.959697610059189,1.10812401218933,"RJ"
19.4,3,1.0663528423312,1.00149739936361,1.13540822479458,"RJ"
19.4,4,1.09361632049363,1.01762895755901,1.17527773513725,"RJ"
19.4,5,1.10933244562096,1.01987614117847,1.20663522286677,"RJ"
19.4,6,1.10993947886526,1.01560652257039,1.21303439803214,"RJ"
19.4,7,1.09341034882306,1.0065360725889,1.18778275659641,"RJ"
19.4,8,1.06244855976605,0.990829313186224,1.13924459755744,"RJ"
19.4,9,1.02109306111771,0.960638281163512,1.08535237446493,"RJ"
19.4,10,0.97330117635855,0.904821444490621,1.04696366964892,"RJ"
19.4,11,0.922668113275862,0.830011807143308,1.02566787596198,"RJ"
19.4,12,0.87227202820601,0.751595846761306,1.01232396968295,"RJ"
19.5,0,0.949750354135913,0.826251728900325,1.09170813643176,"RJ"
19.5,1,0.989869446231467,0.896197010873366,1.09333272561098,"RJ"
19.5,2,1.02888377852354,0.959157144178952,1.10367924185672,"RJ"
19.5,3,1.0636398798675,1.0004214498687,1.13085319611353,"RJ"
19.5,4,1.09064331425995,1.01660427071874,1.1700746034629,"RJ"
19.5,5,1.1062432996078,1.01910383483504,1.20083370908445,"RJ"
19.5,6,1.10692524778874,1.01503211067779,1.20713767702775,"RJ"
19.5,7,1.0906840418904,1.00603004268153,1.18246138660389,"RJ"
19.5,8,1.06017937904447,0.99034409830971,1.13493917686741,"RJ"
19.5,9,1.01938802909996,0.960393627253827,1.08200629865036,"RJ"
19.5,10,0.972208788746324,0.905387828823008,1.04396138188021,"RJ"
19.5,11,0.922187959547076,0.831756484132888,1.02245146140361,"RJ"
19.5,12,0.872367139437661,0.754490788260007,1.0086596653164,"RJ"
19.6,0,0.948219037410633,0.827855420045875,1.086082570865,"RJ"
19.6,1,0.987936825613623,0.896688200987314,1.08847107648886,"RJ"
19.6,2,1.02655320354623,0.958625928935986,1.09929373690184,"RJ"
19.6,3,1.06095587110509,0.999355683317723,1.12635308851742,"RJ"
19.6,4,1.08769850669787,1.01558595570853,1.16493147115981,"RJ"
19.6,5,1.10318127802215,1.0183333943544,1.19509871612345,"RJ"
19.6,6,1.10393666258687,1.01445731722658,1.20130845754573,"RJ"
19.6,7,1.08798158343015,1.00552445522508,1.17720053424082,"RJ"
19.6,8,1.05793224561692,0.989862132441831,1.13068335441332,"RJ"
19.6,9,1.01770358375315,0.960154269168501,1.07870226446105,"RJ"
19.6,10,0.971136119552887,0.905958396857022,1.04100294889047,"RJ"
19.6,11,0.921727361796262,0.833504536932881,1.01928818841248,"RJ"
19.6,12,0.87248232414478,0.757391911578357,1.00506144085792,"RJ"
19.7,0,0.946719900308897,0.829463385482714,1.08055230083398,"RJ"
19.7,1,0.986035622566119,0.897185564892527,1.08368467685481,"RJ"
19.7,2,1.02425335370844,0.958104557355475,1.09496914979577,"RJ"
19.7,3,1.05830187583874,0.998300677101517,1.12190934664657,"RJ"
19.7,4,1.08478284778912,1.01457439277633,1.15984972145546,"RJ"
19.7,5,1.10014724798083,1.01756498878485,1.18943161427472,"RJ"
19.7,6,1.10097454464523,1.01388220706293,1.19554810165588,"RJ"
19.7,7,1.08530379189856,1.00501942445406,1.17200154748178,"RJ"
19.7,8,1.05570801072316,0.989383686608858,1.12647845218179,"RJ"
19.7,9,1.01604063423658,0.959920610354908,1.07544161390408,"RJ"
19.7,10,0.970084151135846,0.906533481080251,1.03808991054975,"RJ"
19.7,11,0.921287382552823,0.83525606225869,1.01617992326305,"RJ"
19.7,12,0.872618725384841,0.760299036235526,1.00153150747435,"RJ"
19.8,0,0.945254386168287,0.831075814345992,1.07511954883866,"RJ"
19.8,1,0.984167147386692,0.897689530499305,1.07897545987477,"RJ"
19.8,2,1.02198540538024,0.957593620794501,1.09070710803571,"RJ"
19.8,3,1.0556789437742,0.997257006740642,1.11752339145816,"RJ"
19.8,4,1.08189727748258,1.01356996033854,1.1548307120638,"RJ"
19.8,5,1.0971420670239,1.01679878548862,1.18383374607891,"RJ"
19.8,6,1.098039706489,1.01330684345512,1.18985794363665,"RJ"
19.8,7,1.08265147780947,1.00451506338658,1.16686574958004,"RJ"
19.8,8,1.05350751882344,0.988909031456626,1.12232577205075,"RJ"
19.8,9,1.01440008445628,0.959693055055657,1.07222567249403,"RJ"
19.8,10,0.969053862597613,0.90711341444805,1.03522379192986,"RJ"
19.8,11,0.920869083596864,0.837011154881753,1.01312851588499,"RJ"
19.8,12,0.872777488419152,0.763211974745235,0.998072055336287,"RJ"
19.9,0,0.943823931937046,0.832692892733267,1.0697864990454,"RJ"
19.9,1,0.982332702290539,0.89820052416189,1.07434532939051,"RJ"
19.9,2,1.0197505257119,0.957093709242261,1.08650921497852,"RJ"
19.9,3,1.05308811486316,0.996225246213764,1.11319662082534,"RJ"
19.9,4,1.07904272598224,1.01257303520513,1.14987577588347,"RJ"
19.9,5,1.09416658336509,1.01603495029667,1.1783064271591,"RJ"
19.9,6,1.09513295200654,1.01273128823633,1.18423929081836,"RJ"
19.9,7,1.08002544394206,1.00401148400701,1.16179443974776,"RJ"
19.9,8,1.05133160780076,0.98843843753345,1.11822659620471,"RJ"
19.9,9,1.01278283327162,0.95947200870732,1.06905574947583,"RJ"
19.9,10,0.968046230006672,0.907698530687135,1.03240610373218,"RJ"
19.9,11,0.920473526206355,0.838769907704762,1.01013580084825,"RJ"
19.9,12,0.872959760997582,0.76613053250004,0.994685255310478,"RJ"
20,0,0.942429968724628,0.83431480370567,1.06455529975665,"RJ"
20,1,0.980533581883575,0.898718970847502,1.0697961614127,"RJ"
20,2,1.01754987303835,0.95660541166982,1.08237705065142,"RJ"
20,3,1.05053041964846,0.995205968329965,1.10893041011272,"RJ"
20,4,1.07622011404302,1.01158399284167,1.14498622167508,"RJ"
20,5,1.09122163614881,1.01527364769753,1.17285094703259,"RJ"
20,6,1.09225507667873,1.01215560198246,1.17869342440406,"RJ"
20,7,1.07742648555464,1.00350879748698,1.15678889381106,"RJ"
20,8,1.04918110916995,0.987972175618952,1.11418218751906,"RJ"
20,9,1.01118977471,0.95925787839543,1.06593313800917,"RJ"
20,10,0.967062226628805,0.908289164656154,1.02963834268165,"RJ"
20,11,0.920101771416696,0.840532411879671,1.00720359833707,"RJ"
20,12,0.873166693658561,0.769054507687709,0.991373260663887,"RJ"
20.1,0,0.941073922374471,0.835941727336382,1.05942806587151,"RJ"
20.1,1,0.978771073653088,0.899245294358407,1.06532980559384,"RJ"
20.1,2,1.01538459729712,0.956129316436993,1.07831217253149,"RJ"
20.1,3,1.04800687961954,0.994199745150834,1.1047261127222,"RJ"
20.1,4,1.07343035327459,1.0106032076736,1.14016333471144,"RJ"
20.1,5,1.08830805571352,1.01451504106637,1.16746856989522,"RJ"
20.1,6,1.08940686781415,1.01157984423118,1.17322160026096,"RJ"
20.1,7,1.07485539060427,1.00300711445166,1.15185036483282,"RJ"
20.1,8,1.04705684829332,0.987510517105588,1.11019378990645,"RJ"
20.1,9,1.00962179818957,0.959051073373063,1.06285911530702,"RJ"
20.1,10,0.966102823168268,0.908885652772254,1.02692199187743,"RJ"
20.1,11,0.919754880292709,0.842298756977866,1.00433371510304,"RJ"
20.1,12,0.873399440044477,0.771983691249198,0.988138208769184,"RJ"
20.2,0,0.939757214058937,0.837573840818419,1.05440688132388,"RJ"
20.2,1,0.977046458475705,0.89977991761758,1.06094808666939,"RJ"
20.2,2,1.01325584045938,0.955666011765019,1.07431611628508,"RJ"
20.2,3,1.04551850757788,0.993207148469022,1.10058506060175,"RJ"
20.2,4,1.07067434645282,1.00963105343962,1.1354083773937,"RJ"
20.2,5,1.08542666386146,1.01375929294116,1.1621605353706,"RJ"
20.2,6,1.08658910478988,1.01100407374999,1.16782504967437,"RJ"
20.2,7,1.07231293997212,1.00250654529875,1.1469800836951,"RJ"
20.2,8,1.04495964460286,0.987053734440573,1.10626262861709,"RJ"
20.2,9,1.00807978874983,0.958852005651169,1.05983494271963,"RJ"
20.2,10,0.965168988018876,0.909488333513876,1.02425852108983,"RJ"
20.2,11,0.919433914213091,0.844069031223577,1.00152794538589,"RJ"
20.2,12,0.873659157232552,0.774917866889695,0.984982222799803,"RJ"
20.3,0,0.938481260896402,0.839211318646079,1.04949380148332,"RJ"
20.3,1,0.975361011142559,0.90032326303043,1.05665280585434,"RJ"
20.3,2,1.01116473697422,0.955216086285002,1.0703903964564,"RJ"
20.3,3,1.04306630801235,0.992228750350774,1.09650856470939,"RJ"
20.3,4,1.06795298783892,1.00866790360131,1.13072258982564,"RJ"
20.3,5,1.08257827413453,1.01300656535434,1.15692805921565,"RJ"
20.3,6,1.08380255929786,1.01042834886169,1.16250498005512,"RJ"
20.3,7,1.06979990769459,1.00200720057912,1.14217925963196,"RJ"
20.3,8,1.042890311829,0.986602101636958,1.10238991048389,"RJ"
20.3,9,1.00656462729018,0.958661090669738,1.05686186575486,"RJ"
20.3,10,0.964261687524999,0.910097548011515,1.02164938699164,"RJ"
20.3,11,0.919139935167368,0.845843321803602,0.998788071788587,"RJ"
20.3,12,0.873947006081362,0.777856811156609,0.981907413400281,"RJ"
20.4,0,0.937247476590502,0.840854332887261,1.04469085550046,"RJ"
20.4,1,0.97371600090162,0.900875752937233,1.05244574217984,"RJ"
20.4,2,1.00911241422577,0.954780129673494,1.06653650709382,"RJ"
20.4,3,1.04065127748438,0.991265123750936,1.09249791542345,"RJ"
20.4,4,1.06526716350607,1.00771413181788,1.12610719033695,"RJ"
20.4,5,1.07976369209629,1.01225702022908,1.15177233397262,"RJ"
20.4,6,1.08104799559678,1.0098527278376,1.15726257558988,"RJ"
20.4,7,1.06731706120001,1.00150919144936,1.13744908070195,"RJ"
20.4,8,1.04084965823566,0.98615589486372,1.09857682410244,"RJ"
20.4,9,1.00507719081624,0.958478748059874,1.05394111402454,"RJ"
20.4,10,0.963381886252455,0.910713640739717,1.0190960333102,"RJ"
20.4,11,0.918874006065414,0.847621715268754,0.996115866091269,"RJ"
20.4,12,0.874264151593101,0.780800293601193,0.978915880314978,"RJ"
20.5,0,0.936057272091549,0.842503053567231,1.04000004857615,"RJ"
20.5,1,0.972112692017127,0.90143781017349,1.04832865375251,"RJ"
20.5,2,1.00709999300339,0.954358733388209,1.06275592230039,"RJ"
20.5,3,1.03827440502276,0.990316843210002,1.08855438288933,"RJ"
20.5,4,1.06261775167345,1.00677011249541,1.12156337594565,"RJ"
20.5,5,1.07698371561993,1.0115108198514,1.14669452955619,"RJ"
20.5,6,1.07832617076928,1.00927726937011,1.15209899782211,"RJ"
20.5,7,1.06486516155091,1.00101263020791,1.13279071418841,"RJ"
20.5,8,1.03883848686182,0.985715393126049,1.09482453993426,"RJ"
20.5,9,1.00361835269414,0.958305402507916,1.05107390110552,"RJ"
20.5,10,0.962530547269304,0.911336960325402,1.0165998908853,"RJ"
20.5,11,0.918637191059575,0.849404298045109,0.993513089985577,"RJ"
20.5,12,0.874611763291761,0.783748077043834,0.976009713954987,"RJ"
20.6,0,0.934912056280195,0.844157649188325,1.03542336412931,"RJ"
20.6,1,0.970552344346106,0.902009858758296,1.04430327891586,"RJ"
20.6,2,1.00512858798462,0.953952491518632,1.05905009669365,"RJ"
20.6,3,1.03593667252815,0.989384485643861,1.08467921729165,"RJ"
20.6,4,1.06000562304761,1.00583622142209,1.11709232274808,"RJ"
20.6,5,1.0742391351822,1.01076812743055,1.14169579376283,"RJ"
20.6,6,1.07563783498457,1.00870203313814,1.14701538615007,"RJ"
20.6,7,1.06244496369172,1.00051763092828,1.12820530691359,"RJ"
20.6,8,1.03685759576926,0.985280879048338,1.09113421032063,"RJ"
20.6,9,1.00218898291237,0.958141484733825,1.04826142430307,"RJ"
20.6,10,0.961708632436553,0.911967860489502,1.01416237761553,"RJ"
20.6,11,0.918430555879499,0.85119115707626,0.990981495708316,"RJ"
20.6,12,0.874991015617387,0.786699917967003,0.973190996879269,"RJ"
20.7,0,0.933813236673428,0.84581828741471,1.03096276583454,"RJ"
20.7,1,0.969036213931984,0.902592324734218,1.04037133729023,"RJ"
20.7,2,1.00319930823098,0.953562001768229,1.05542046575776,"RJ"
20.7,3,1.03363905518697,0.988468631238236,1.08087364903977,"RJ"
20.7,4,1.05743164117107,1.0049128365017,1.11269518622361,"RJ"
20.7,5,1.07153073416316,1.01002910776218,1.13677725268744,"RJ"
20.7,6,1.07298373176619,1.00812708048123,1.1420128582255,"RJ"
20.7,7,1.06005721670196,1.00002431020476,1.12369398545102,"RJ"
20.7,8,1.0349077782967,0.984852639773961,1.08750696939274,"RJ"
20.7,9,1.00078994835163,0.957987432597203,1.04550486430315,"RJ"
20.7,10,0.960917102708792,0.912606701141032,1.01178489827412,"RJ"
20.7,11,0.918255168179728,0.852982380621331,0.988522826549572,"RJ"
20.7,12,0.875403088336586,0.789655567064488,0.970461805161502,"RJ"
20.8,0,0.932762220153014,0.847485135956671,1.02662019949488,"RJ"
20.8,1,0.967565553615306,0.903185637185964,1.03653453066386,"RJ"
20.8,2,1.00131325769649,0.953187866587125,1.05186844606892,"RJ"
20.8,3,1.03138252189493,0.987569864461051,1.07713888885306,"RJ"
20.8,4,1.05489666277809,1.0040003385999,1.10837310143957,"RJ"
20.8,5,1.06885928915168,1.00929392801103,1.13194001103051,"RJ"
20.8,6,1.07036459826504,1.00755247520022,1.13709251023517,"RJ"
20.8,7,1.05770266405473,0.999532788028378,1.11925785621823,"RJ"
20.8,8,1.03298982332002,0.9844309679975,1.08394393286238,"RJ"
20.8,9,0.999422113062234,0.957843692345462,1.04280538469896,"RJ"
20.8,10,0.960156918444784,0.913253849644964,1.00946884417272,"RJ"
20.8,11,0.918112097900173,0.854778059237573,0.986138817206557,"RJ"
20.8,12,0.875849166969477,0.792614769980987,0.967824209608822,"RJ"
20.9,0,0.931760413716554,0.849158363695172,1.02239759470932,"RJ"
20.9,1,0.966141613661623,0.9037902294695,1.03279454370356,"RJ"
20.9,2,0.999471535748941,0.952830694476421,1.04839543537298,"RJ"
20.9,3,1.02916803568981,0.986688775207459,1.07347612773128,"RJ"
20.9,4,1.05240153815751,1.00309911251938,1.10412718314003,"RJ"
20.9,5,1.06622557025666,1.00856275863224,1.12718515227635,"RJ"
20.9,6,1.06778116553746,1.00697828450521,1.13225541704384,"RJ"
20.9,7,1.05538204388057,0.999043188812994,1.11489800542949,"RJ"
20.9,8,1.03110451551878,0.984016163146852,1.08044619767547,"RJ"
20.9,9,0.998086338549356,0.957710720019777,1.040164131376,"RJ"
20.9,10,0.959429039728051,0.91390968228765,1.00721559264952,"RJ"
20.9,11,0.918002417639555,0.856578286980999,0.98383119394989,"RJ"
20.9,12,0.876330443233304,0.795577268282483,0.965280276792429,"RJ"
21,0,0.930809225251334,0.850838142094569,1.01829686628775,"RJ"
21,1,0.964765642406609,0.904406540688103,1.02915304444843,"RJ"
21,2,0.997675237703983,0.952491101487784,1.04500281249133,"RJ"
21,3,1.02699655419373,0.985825960093673,1.06988653679354,"RJ"
21,4,1.04994711152268,1.00220954812192,1.09995852570017,"RJ"
21,5,1.06363034142389,1.00783577445299,1.12251373872049,"RJ"
21,6,1.06523415882847,1.00640458013459,1.12750263217528,"RJ"
21,7,1.05309608923651,0.998555642594433,1.11061549888578,"RJ"
21,8,1.02925263564887,0.983608532734452,1.07701484150924,"RJ"
21,9,0.996783484065992,0.957588983035514,1.03758223173907,"RJ"
21,10,0.95873442669749,0.914574585966051,1.00502650635547,"RJ"
21,11,0.917927203041951,0.858383162863678,0.981601674563872,"RJ"
21,12,0.876848115502928,0.798542800705177,0.962832069842805,"RJ"
21.1,0,0.92991006433119,0.852524646959649,1.01431991535767,"RJ"
21.1,1,0.963438886918516,0.905035017457329,1.02561168454518,"RJ"
21.1,2,0.995925455371881,0.95216971294456,1.04169193702913,"RJ"
21.1,3,1.02486903006468,0.984982023917285,1.06637126696833,"RJ"
21.1,4,1.04753422138838,1.00133204161786,1.09586820292577,"RJ"
21.1,5,1.06107436075849,1.00711315593937,1.11792681132132,"RJ"
21.1,6,1.06272429785993,1.00583143967205,1.12283518760372,"RJ"
21.1,7,1.05084552838044,0.998070286428257,1.10641138157613,"RJ"
21.1,8,1.02743496082126,0.98320839389874,1.0736509220918,"RJ"
21.1,9,0.995514406913653,0.957478961954804,1.03506079376334,"RJ"
21.1,10,0.958074039888091,0.915248960129517,1.00290293230991,"RJ"
21.1,11,0.917887533196559,0.860192792612124,0.979451968016629,"RJ"
21.1,12,0.877403389288439,0.801511104739266,0.960481648953909,"RJ"
21.2,0,0.929064343036656,0.854218060602477,1.01046863009821,"RJ"
21.2,1,0.962162593678078,0.905676116006803,1.0221720991772,"RJ"
21.2,2,0.994223277617135,0.951867165413289,1.03846414885692,"RJ"
21.2,3,1.02278641145746,0.984157581303232,1.06293144851536,"RJ"
21.2,4,1.04516370095465,1.00046699704543,1.09185726767518,"RJ"
21.2,5,1.05855838085295,1.00639509067641,1.11342538934772,"RJ"
21.2,6,1.06025229712376,1.00525894809239,1.1182540933253,"RJ"
21.2,7,1.04863108505063,0.997587266015069,1.10228667706135,"RJ"
21.2,8,1.02565226478693,0.98281607515885,1.07035547632098,"RJ"
21.2,9,0.994279962750815,0.957381152469643,1.03260090485133,"RJ"
21.2,10,0.957448840581806,0.915933219005348,1.00084620069456,"RJ"
21.2,11,0.917884491050846,0.86200729077759,0.977383773809693,"RJ"
21.2,12,0.877997477730159,0.804481918613532,0.958231071531201,"RJ"
21.3,0,0.928273476798669,0.855918574495081,1.00674488602635,"RJ"
21.3,1,0.960938009276038,0.906330304673268,1.01883590663371,"RJ"
21.3,2,0.99256979093094,0.95158410895717,1.03532076733433,"RJ"
21.3,3,1.02074964249391,0.983353258555996,1.05956819035863,"RJ"
21.3,4,1.04283637849764,0.999614827965031,1.08792675127876,"RJ"
21.3,5,1.05608314912061,1.00568177509311,1.10901046979123,"RJ"
21.3,6,1.05781886618005,1.00468719957067,1.11376033667456,"RJ"
21.3,7,1.04645347875043,0.997106737585519,1.09824238660805,"RJ"
21.3,8,1.02390531822791,0.982431918407366,1.06712951915786,"RJ"
21.3,9,0.993081005909158,0.957296067614433,1.03020363047679,"RJ"
21.3,10,0.956859791168649,0.916627794141677,0.998857623352622,"RJ"
21.3,11,0.917919163837216,0.863826783256006,0.975398780949706,"RJ"
21.3,12,0.878631602111305,0.80745498375774,0.956082391907436,"RJ"
21.4,0,0.927538885266201,0.857626392495668,1.00315054574911,"RJ"
21.4,1,0.959766381128451,0.906998066846244,1.01560470745806,"RJ"
21.4,2,0.990966080016584,0.951321209705552,1.03226309024202,"RJ"
21.4,3,1.01875966374249,0.982569695739929,1.05628257920895,"RJ"
21.4,4,1.04055307776734,0.998775959395915,1.08407766272824,"RJ"
21.4,5,1.0536494081347,1.00497341646758,1.1046830265071,"RJ"
21.4,6,1.0554247099602,1.00411629959364,1.10935488134728,"RJ"
21.4,7,1.04431342503812,0.996628870080733,1.09427948803702,"RJ"
21.4,8,1.02219488905433,0.982056281167627,1.06397404226819,"RJ"
21.4,9,0.991918389717605,0.95722424022695,1.02787001259673,"RJ"
21.4,10,0.95630785551812,0.917333137303198,0.996938491957471,"RJ"
21.4,11,0.91799264351339,0.865651410282675,0.973498666477674,"RJ"
21.4,12,0.879306992388615,0.810430047832184,0.954037660537995,"RJ"
21.5,0,0.926861993198142,0.859341734748855,0.999687458082433,"RJ"
21.5,1,0.958648958209986,0.907679904434823,1.01248008310741,"RJ"
21.5,2,0.989413228387875,0.951079152775789,1.02929239238587,"RJ"
21.5,3,1.01681741270731,0.981807549010639,1.05307567845313,"RJ"
21.5,4,1.03831461839222,0.997950830025103,1.08031098760634,"RJ"
21.5,5,1.05125789597283,1.00427023525181,1.10044400904516,"RJ"
21.5,6,1.05307052907482,1.0035463674169,1.10503866608609,"RJ"
21.5,7,1.04221163582193,0.996153847667372,1.09039893424708,"RJ"
21.5,8,1.02052174270776,0.981689539143517,1.06089001238408,"RJ"
21.5,9,0.990792966834214,0.957166225676378,1.02560106781291,"RJ"
21.5,10,0.955793999361031,0.918049723756781,0.995090075814433,"RJ"
21.5,11,0.918106027216671,0.867481329974582,0.971685093483541,"RJ"
21.5,12,0.880024887741249,0.813406868427335,0.952098922574049,"RJ"
21.6,0,0.926244231379894,0.861064842374074,0.996357456424658,"RJ"
21.6,1,0.957586991805462,0.908376341931431,1.00946359404883,"RJ"
21.6,2,0.987912318980718,0.950858645585626,1.02640992383549,"RJ"
21.6,3,1.01492382432644,0.981067493221082,1.04994852678629,"RJ"
21.6,4,1.03612181629085,0.997139894720762,1.07662768672443,"RJ"
21.6,5,1.04890934656697,1.00357246775933,1.09629434112713,"RJ"
21.6,6,1.0507570201266,1.00297753891557,1.10081260298121,"RJ"
21.6,7,1.04014881966017,0.995681872630005,1.08660165137152,"RJ"
21.6,8,1.01888664247054,0.981332089090659,1.05787836935697,"RJ"
21.6,9,0.98970558958596,0.957122604875976,1.02339778526558,"RJ"
21.6,10,0.955319190681865,0.918778055984771,0.993313619257991,"RJ"
21.6,11,0.918260417732305,0.869316722500877,0.969959708526206,"RJ"
21.6,12,0.880786537138313,0.816385217551398,0.950268215697154,"RJ"
21.7,0,0.925687037565102,0.862795983070616,0.993162356257656,"RJ"
21.7,1,0.956581736279878,0.909087931155302,1.00655677721004,"RJ"
21.7,2,0.986464434777976,0.95066042159539,1.02361690775846,"RJ"
21.7,3,1.01307983147988,0.980350224826229,1.04690213656371,"RJ"
21.7,4,1.03397548409039,0.996343627384148,1.07302869443431,"RJ"
21.7,5,1.04660449005879,1.00288036926296,1.0922349187234,"RJ"
21.7,6,1.04848487602811,1.00240996988102,1.09667757533394,"RJ"
21.7,7,1.03812568206652,0.99521316868665,1.08288853652156,"RJ"
21.7,8,1.01729034978133,0.980984352038399,1.0549400238728,"RJ"
21.7,9,0.988657110316472,0.957093987596163,1.02126112424367,"RJ"
21.7,10,0.954884400121768,0.919518667863503,0.991610338607352,"RJ"
21.7,11,0.918456923976151,0.871157794969598,0.968324138371708,"RJ"
21.7,12,0.88159319992536,0.819364887039299,0.948547567083332,"RJ"
21.8,0,0.925191857443023,0.864535457782182,0.990103951635183,"RJ"
21.8,1,0.955634449867239,0.909815256764686,1.00376114269675,"RJ"
21.8,2,0.985070659447777,0.950485244519387,1.0209145378112,"RJ"
21.8,3,1.01128636550697,0.97965646510971,1.04393749184901,"RJ"
21.8,4,1.03187643155211,0.995562524175854,1.06951491657859,"RJ"
21.8,5,1.04434405316064,1.00219421755353,1.0882666076785,"RJ"
21.8,6,1.04625478632437,1.00184383982015,1.09263443502648,"RJ"
21.8,7,1.03614292582041,0.99474798477602,1.07926045506835,"RJ"
21.8,8,1.0157336245568,0.980646776891565,1.05207585480024,"RJ"
21.8,9,0.987648381741779,0.957081016090959,1.0191920114989,"RJ"
21.8,10,0.954490601392313,0.920272129342926,0.989981418644885,"RJ"
21.8,11,0.918696661491894,0.873004787125365,0.966779985955738,"RJ"
21.8,12,0.882446146430253,0.822345695032862,0.946938989348616,"RJ"
21.9,0,0.924760145632094,0.866283608577538,0.987184010504047,"RJ"
21.9,1,0.954746395478503,0.910558942631642,1.00107816968412,"RJ"
21.9,2,0.983732077995441,0.950333913044688,1.01830397504895,"RJ"
21.9,3,1.00954435673351,0.978986963754511,1.04105554613701,"RJ"
21.9,4,1.02982546600388,0.994797107152888,1.06608722804329,"RJ"
21.9,5,1.04212875952183,1.00151431701339,1.08439024083167,"RJ"
21.9,6,1.04406743752041,1.00127935631755,1.08868399933807,"RJ"
21.9,7,1.03420125128269,0.994286599366828,1.07571823741344,"RJ"
21.9,8,1.01421722551954,0.980319844439585,1.04928670614496,"RJ"
21.9,9,0.98668025731416,0.957084369046784,1.01719133825489,"RJ"
21.9,10,0.954138771700175,0.921039051659834,0.988428008585404,"RJ"
21.9,11,0.918980752963058,0.874857977957993,0.965328825471487,"RJ"
21.9,12,0.883346658588789,0.825327493697891,0.945444475312252,"RJ"
22,0,0.924393366700267,0.868040827915902,0.984404268692117,"RJ"
22,1,0.953918841529015,0.911319659175944,0.998509301387052,"RJ"
22,2,0.982449777429249,0.950207266092486,1.01578634432041,"RJ"
22,3,1.00785473500856,0.978342502777357,1.03825721973191,"RJ"
22,4,1.02782339277978,0.99404792835299,1.06274646987664,"RJ"
22,5,1.03995933010059,1.00084100326071,1.08060661457685,"RJ"
22,6,1.0419235134137,1.00071676002312,1.08482704714496,"RJ"
22,7,1.0323013567163,0.993829325340179,1.07226267519682,"RJ"
22,8,1.01274191053227,0.980004071797746,1.0465733835851,"RJ"
22,9,0.985753591594147,0.957104765857304,1.01525995690803,"RJ"
22,10,0.953829892182883,0.921820093111586,0.986951217509944,"RJ"
22,11,0.919310328740079,0.876717693324872,0.963972196481069,"RJ"
22,12,0.884296030590529,0.828310178358666,0.944065991399132,"RJ"
22.1,0,0.924092996212757,0.869807569474584,0.981766422388469,"RJ"
22.1,1,0.953153062785819,0.912098131754104,0.99605593901481,"RJ"
22.1,2,0.981224847440254,0.950106188651943,1.0133627301178,"RJ"
22.1,3,1.00621843025124,0.977723900842625,1.03554339676537,"RJ"
22.1,4,1.02587101566673,0.993315574361099,1.05949344593938,"RJ"
22.1,5,1.03783648354138,1.00017464842101,1.07691648480591,"RJ"
22.1,6,1.0398236954315,1.00015633032904,1.08106431444084,"RJ"
22.1,7,1.0304439386123,0.993376515494928,1.06889451689302,"RJ"
22.1,8,1.01130843693826,0.979700017300908,1.04393665056799,"RJ"
22.1,9,0.98486924063082,0.957142971221184,1.01339867742348,"RJ"
22.1,10,0.953564948355799,0.922615965408915,0.985552109246008,"RJ"
22.1,11,0.919686527382729,0.878584314689444,0.962711596949325,"RJ"
22.1,12,0.885295569545274,0.831293698242446,0.942805469491134,"RJ"
22.2,0,0.923860521807898,0.871584360720165,0.97927211893743,"RJ"
22.2,1,0.952450341235275,0.912895150194543,0.993719434620582,"RJ"
22.2,2,0.98005838109641,0.950031618208471,1.01103417186116,"RJ"
22.2,3,1.0046363730074,0.977132017966182,1.03291492184468,"RJ"
22.2,4,1.02396913735846,0.992600671389651,1.05632891905533,"RJ"
22.2,5,1.03576093655799,0.999515667081333,1.07332056218004,"RJ"
22.2,6,1.0377686629732,0.999598391798675,1.07739648911529,"RJ"
22.2,7,1.02862969202106,0.99292856872257,1.06561446274891,"RJ"
22.2,8,1.00991756190824,0.979408285863499,1.04137722395462,"RJ"
22.2,9,0.984028062350454,0.957199800051143,1.01160826343826,"RJ"
22.2,10,0.953344930570526,0.923427440615022,0.984231696687719,"RJ"
22.2,11,0.920110496218193,0.880458289072873,0.961548475104217,"RJ"
22.2,12,0.886346596170677,0.834278069034175,0.941664797029638,"RJ"
22.3,0,0.923697444301821,0.873371817400981,0.976922945772118,"RJ"
22.3,1,0.951811966971452,0.913711579559098,0.991501082767519,"RJ"
22.3,2,0.978951475551282,0.949984551777089,1.00880165860729,"RJ"
22.3,3,1.0031094950166,0.976567760612197,1.03037259632826,"RJ"
22.3,4,1.02211855991657,0.991903890898944,1.05325360663633,"RJ"
22.3,5,1.03373340432209,0.998864522978096,1.06981950667875,"RJ"
22.3,6,1.03575909375764,0.999043321405654,1.0738242049326,"RJ"
22.3,7,1.02685931088881,0.992485936891805,1.06242315902356,"RJ"
22.3,8,1.00857004279358,0.979129534810689,1.03889576920722,"RJ"
22.3,9,0.98323091695366,0.957276122672493,1.00988942809376,"RJ"
22.3,10,0.953170834484927,0.924255358663184,0.982990935564355,"RJ"
22.3,11,0.92058339191513,0.88234014030448,0.960484220039585,"RJ"
22.3,12,0.887450445501496,0.837263387442228,0.940645805171012,"RJ"
22.4,0,0.923605278822768,0.875170660124727,0.974720417327187,"RJ"
22.4,1,0.951239239105793,0.914548372192708,0.98940211095133,"RJ"
22.4,2,0.977905232767639,0.949966053536432,1.00666612318864,"RJ"
22.4,3,1.00163872978931,0.976032087176509,1.02791717423579,"RJ"
22.4,4,1.02032008523918,0.99122595577567,1.05026817576405,"RJ"
22.4,5,1.03175460085754,0.998221736462342,1.06641392138314,"RJ"
22.4,6,1.03379566417549,0.998491556633487,1.07034803466078,"RJ"
22.4,7,1.02513348839945,0.992049132472922,1.05932119150027,"RJ"
22.4,8,1.00726663748614,0.978864480174045,1.03649289512706,"RJ"
22.4,9,0.982478667321139,0.957372870277398,1.00824282963172,"RJ"
22.4,10,0.95304366154497,0.925100635426229,0.981830717684633,"RJ"
22.4,11,0.921106381074052,0.884230481637055,0.959520150995642,"RJ"
22.4,12,0.888608467621025,0.840249847966759,0.939750254806384,"RJ"
22.5,0,0.923585555975879,0.876981733157612,0.97266595979824,"RJ"
22.5,1,0.950733466698594,0.915406581095648,0.987423668747124,"RJ"
22.5,2,0.976920760256254,0.949977263039804,1.00462843580675,"RJ"
22.5,3,1.0002250131947,0.975526013838259,1.02554935781161,"RJ"
22.5,4,1.01857451553689,0.990567647076344,1.04737323772221,"RJ"
22.5,5,1.0298252394405,0.997587892774074,1.06310434546229,"RJ"
22.5,6,1.03187904964669,0.997943604472899,1.06696848231434,"RJ"
22.5,7,1.02345291732179,0.991618736917553,1.05630907825573,"RJ"
22.5,8,1.00600810478457,0.978613903430319,1.03416914816426,"RJ"
22.5,9,0.981772179428176,0.957491040587493,1.00666906680165,"RJ"
22.5,10,0.952964419478624,0.925964271288388,0.980751863707054,"RJ"
22.5,11,0.921680640834386,0.886130029763908,0.958657505281946,"RJ"
22.5,12,0.889822028415271,0.843237762039473,0.938979820279922,"RJ"
22.6,0,0.923639823039336,0.878806025536856,0.97076089366021,"RJ"
22.6,1,0.950295969712873,0.916287374614368,0.985566815686614,"RJ"
22.6,2,0.975999171830275,0.950019403955958,1.00268939712893,"RJ"
22.6,3,0.998869284059222,0.975050620747212,1.02326979277484,"RJ"
22.6,4,1.01688265381648,0.989929811327319,1.04456934198837,"RJ"
22.6,5,1.02794603300533,0.996963651140179,1.05989124634877,"RJ"
22.6,6,1.03000992498312,0.997400051335017,1.06368597449308,"RJ"
22.6,7,1.02181829036231,0.991195409789515,1.05338726169109,"RJ"
22.6,8,1.00479520476738,0.978378658644277,1.03192500633909,"RJ"
22.6,9,0.981112322768025,0.957631703662527,1.00516867414248,"RJ"
22.6,10,0.952934122802041,0.926847360143171,0.979755115513543,"RJ"
22.6,11,0.922307359498621,0.888039620233876,0.95789742484833,"RJ"
22.6,12,0.891092510350464,0.846227579663531,0.938336070680199,"RJ"
22.7,0,0.923769645192852,0.88064469452295,0.969006413922692,"RJ"
22.7,1,0.94992807999125,0.917192052396654,0.983832507922366,"RJ"
22.7,2,0.975141588375522,0.950093793264302,1.00084973096441,"RJ"
22.7,3,0.997572484776016,0.97460705849744,1.02107906330622,"RJ"
22.7,4,1.01524530437225,0.989313368353876,1.04185696971317,"RJ"
22.7,5,1.02611769455636,0.996349754687006,1.05677501111287,"RJ"
22.7,6,1.02818896475643,0.996861573872441,1.06050085082544,"RJ"
22.7,7,1.02023030052336,0.990779898616759,1.05055609985544,"RJ"
22.7,8,1.00362869917277,0.978159679955514,1.02976087283524,"RJ"
22.7,9,0.980499970784352,0.957796007776745,1.00374211721731,"RJ"
22.7,10,0.952953793338289,0.927751098710572,0.978841128293979,"RJ"
22.7,11,0.922987737173921,0.889960224206948,0.957240941562951,"RJ"
22.7,12,0.892421313274543,0.849219913620622,0.937820448641115,"RJ"
22.8,0,0.923976606779504,0.882499091328863,0.967403568189763,"RJ"
22.8,1,0.949631142256488,0.918122062493591,0.982221583799112,"RJ"
22.8,2,0.974349138637151,0.950201850797155,0.999110076628994,"RJ"
22.8,3,0.996335561925668,0.974196554819113,1.01897768684068,"RJ"
22.8,4,1.01366327328534,0.988719319587462,1.03923652673872,"RJ"
22.8,5,1.02434093758584,0.995747041128262,1.05375593707547,"RJ"
22.8,6,1.02641684367121,0.99632895066612,1.05741335355919,"RJ"
22.8,7,1.01868964146706,0.990373049402248,1.04781585712438,"RJ"
22.8,8,1.00250935178532,0.977957989325406,1.02767706934967,"RJ"
22.8,9,0.979936001312886,0.957985185268395,1.00238978789641,"RJ"
22.8,10,0.953024460748896,0.92867679603391,0.97801046248232,"RJ"
22.8,11,0.923722986431657,0.891892966426108,0.956688961323825,"RJ"
22.8,12,0.89380985524326,0.852215566225214,0.937434246676096,"RJ"
22.9,0,0.924262312601992,0.884370788948112,0.965953232707354,"RJ"
22.9,1,0.949406515136415,0.919079019414914,0.980734748528244,"RJ"
22.9,2,0.973622960023089,0.95034510898648,0.997470981141869,"RJ"
22.9,3,0.995159466908359,0.973820421399354,1.01696610875569,"RJ"
22.9,4,1.01213736893107,0.988148756772251,1.03670833623567,"RJ"
22.9,5,1.02261647649781,0.995156454151039,1.05083422173745,"RJ"
22.9,6,1.02469423694353,0.995803074693327,1.05442361638484,"RJ"
22.9,7,1.01719700788489,0.989975817693013,1.04516669433517,"RJ"
22.9,8,1.00143792882973,0.977774704434135,1.02567382930935,"RJ"
22.9,9,0.979421297032479,0.958200558251881,1.00111199979976,"RJ"
22.9,10,0.953147163078494,0.929625882982327,0.977263575719365,"RJ"
22.9,11,0.924514332985302,0.893839144200492,0.956242247210801,"RJ"
22.9,12,0.895259573371605,0.855215558490557,0.93717858118499,"RJ"
23,0,0.924628389254488,0.886261611762163,0.964656086723047,"RJ"
23,1,0.949255572213952,0.920064722857334,0.979372558248774,"RJ"
23,2,0.972964199424724,0.950525222635536,0.995932891435933,"RJ"
23,3,0.994045156587801,0.973480060721351,1.015044697067,"RJ"
23,4,1.01066840249451,0.987602870960534,1.03427263107017,"RJ"
23,5,1.02094502703843,0.994579055377492,1.04800995214893,"RJ"
23,6,1.02302182068502,0.99528496644076,1.05153165262844,"RJ"
23,7,1.01575309587303,0.98958928006198,1.0426086585245,"RJ"
23,8,1.00041519937168,0.977611046590128,1.02375129109347,"RJ"
23,9,0.978956745925755,0.95844354406762,0.99990898402455,"RJ"
23,10,0.953322947312881,0.93059992155126,0.976600815050958,"RJ"
23,11,0.92536301638717,0.89580024710287,0.955901401977207,"RJ"
23,12,0.896771924711289,0.858221161425989,0.937054364418329,"RJ"
23.1,0,0.925076486491271,0.888173666442643,0.963512585648472,"RJ"
23.1,1,0.949179703103054,0.921081176730487,0.978135403853142,"RJ"
23.1,2,0.972374014055344,0.950743978499239,0.994496146799272,"RJ"
23.1,3,0.992993593947226,0.973176972789045,1.01321373726541,"RJ"
23.1,4,1.00925718849447,0.987082961651491,1.03192954604701,"RJ"
23.1,5,1.01932730673248,0.994016036727524,1.0452830938937,"RJ"
23.1,6,1.02140027229247,0.99477578746764,1.04873734300963,"RJ"
23.1,7,1.01435860331375,0.989214645807504,1.04014167246453,"RJ"
23.1,8,0.999441935726002,0.977468348486477,1.02190949142693,"RJ"
23.1,9,0.97854324174956,0.958715660332834,0.998780885295343,"RJ"
23.1,10,0.953552869950801,0.931600613722538,0.97602240960118,"RJ"
23.1,11,0.926270290744497,0.897777976984115,0.955666850280819,"RJ"
23.1,12,0.898348387155025,0.861233929011918,0.937062274857111,"RJ"
23.2,0,0.925608278633443,0.890109373481586,0.96252293369708,"RJ"
23.2,1,0.949180314551399,0.92213060800769,0.977023495053946,"RJ"
23.2,2,0.971853572306843,0.951003304423199,0.993160971799597,"RJ"
23.2,3,0.992005748757768,0.972912761584182,1.01147342744904,"RJ"
23.2,4,1.00790454531614,0.986590445891331,1.02967911021189,"RJ"
23.2,5,1.01776403532659,0.993468732950384,1.04265347992184,"RJ"
23.2,6,1.01983027084318,0.994276854158385,1.04604042322642,"RJ"
23.2,7,1.01301423026271,0.988853268623038,1.03776552424578,"RJ"
23.2,8,0.998518913872234,0.97734806161279,1.02014835913758,"RJ"
23.2,9,0.978181684515436,0.959018529448512,0.997727758682296,"RJ"
23.2,10,0.953837997589802,0.932629809620982,0.975528463984939,"RJ"
23.2,11,0.927237425455402,0.899774267804564,0.955538821156762,"RJ"
23.2,12,0.899990460368443,0.864255732202939,0.937202726662398,"RJ"
23.3,0,0.92622546601508,0.892071498494417,0.961687056858953,"RJ"
23.3,1,0.949258831570704,0.923215484836002,0.976036845260504,"RJ"
23.3,2,0.971404054625258,0.95130527776373,0.991927469971163,"RJ"
23.3,3,0.991082598259568,0.972689141084873,1.00982387392277,"RJ"
23.3,4,1.00661129575254,0.986126867116428,1.02752123943194,"RJ"
23.3,5,1.0162559352389,0.992938634032939,1.04012079952369,"RJ"
23.3,6,1.01831249749613,0.993789651335891,1.04344047169628,"RJ"
23.3,7,1.01172067934246,0.988506657936704,1.0354798572077,"RJ"
23.3,8,0.997646913877813,0.977251763108515,1.01846770949177,"RJ"
23.3,9,0.97787298098034,0.959353882414866,0.996749567036055,"RJ"
23.3,10,0.954179407526517,0.933689514688562,0.975118952740243,"RJ"
23.3,11,0.928265705965283,0.901791304684791,0.955517331332456,"RJ"
23.3,12,0.901699666750451,0.867288793101092,0.937475839057802,"RJ"
23.4,0,0.926929776470251,0.894063182261273,0.96100457725381,"RJ"
23.4,1,0.94941669859562,0.924338533261735,0.975175257912751,"RJ"
23.4,2,0.971026654405735,0.951652132792931,0.990795618561975,"RJ"
23.4,3,0.990225127855987,0.972507940661967,1.00826508745005,"RJ"
23.4,4,1.00537826755508,0.985693903487646,1.02545572950753,"RJ"
23.4,5,1.01480373201577,0.992427397133227,1.03768458779749,"RJ"
23.4,6,1.01684763589909,0.993315845339206,1.04093689785093,"RJ"
23.4,7,1.01047865614226,0.988176489571882,1.03328416056674,"RJ"
23.4,8,0.996826720329003,0.977181161827487,1.01686723933929,"RJ"
23.4,9,0.977618045147867,0.959723561810989,0.99584617928445,"RJ"
23.4,10,0.954578188371757,0.934781895593361,0.974793716064325,"RJ"
23.4,11,0.929356434544227,0.903831541496315,0.955602170066864,"RJ"
23.4,12,0.903477552422951,0.870335718235914,0.937881406713573,"RJ"
23.5,0,0.927722966862417,0.896087968322654,0.960474790053318,"RJ"
23.5,1,0.949655380672186,0.925502751874144,0.974438314973562,"RJ"
23.5,2,0.97072257890754,0.952046266787869,0.989765264644291,"RJ"
23.5,3,0.989434331821301,0.972371109663218,1.00679698034811,"RJ"
23.5,4,1.0042062939934,0.985293375436636,1.02348225009537,"RJ"
23.5,5,1.0134081547953,0.991936857634835,1.03534421601629,"RJ"
23.5,6,1.01543637260182,0.99285729610896,1.0385289314423,"RJ"
23.5,7,1.00928886962434,0.987864615339861,1.03117776113189,"RJ"
23.5,8,0.996059122769769,0.977138103375729,1.01534652330653,"RJ"
23.5,9,0.977417798780226,0.960129523804848,0.995017369725797,"RJ"
23.5,10,0.955035440680801,0.935909284601584,0.97455245712692,"RJ"
23.5,11,0.930510931086052,0.905897716257487,0.955792886251772,"RJ"
23.5,12,0.90532568825082,0.873399529706581,0.93841887238269,"RJ"
23.6,0,0.928606824657796,0.898149826848469,0.960096644261247,"RJ"
23.6,1,0.94997636467689,0.926711423652791,0.973825368298082,"RJ"
23.6,2,0.970493050189777,0.952490244513947,0.988836122880484,"RJ"
23.6,3,0.988711214022307,0.972280720997479,1.00541936461579,"RJ"
23.6,4,1.00309621442486,0.984927252127093,1.02160033974129,"RJ"
23.6,5,1.01206993677814,0.991469038876374,1.03309888334074,"RJ"
23.6,6,1.01407939747553,0.992416067777403,1.03621561336409,"RJ"
23.6,7,1.00815203253666,0.987573071149649,1.02915981652337,"RJ"
23.6,8,0.995344916148791,0.977124573887772,1.01390501127345,"RJ"
23.6,9,0.977273171921255,0.960573839077886,0.994262818435544,"RJ"
23.6,10,0.955552277599316,0.937074182168324,0.974394741206546,"RJ"
23.6,11,0.931730533929633,0.907992863582735,0.956088778530027,"RJ"
23.6,12,0.90724567089313,0.876483692809053,0.939087303172042,"RJ"
23.7,0,0.929583169544384,0.900253173478443,0.959868728661444,"RJ"
23.7,1,0.950381160567431,0.927968124332624,0.973335534570304,"RJ"
23.7,2,0.97033930606852,0.95298680084199,0.988007775207007,"RJ"
23.7,3,0.988056788654261,0.972238973543124,1.00413195127121,"RJ"
23.7,4,1.00204887487388,0.984597656529202,1.01980940232536,"RJ"
23.7,5,1.01078981570565,0.991026160087542,1.03094761034765,"RJ"
23.7,6,1.01277740413877,0.991994437234621,1.03399578851818,"RJ"
23.7,7,1.00706886183255,0.987304083213492,1.02722931031717,"RJ"
23.7,8,0.994684901274806,0.977142702322733,1.01254202735404,"RJ"
23.7,9,0.977185103430754,0.961058692574084,0.993582112877424,"RJ"
23.7,10,0.956129825525332,0.938279257547631,0.974319996850931,"RJ"
23.7,11,0.933016600703163,0.910120323464663,0.956488889154539,"RJ"
23.7,12,0.909239123886633,0.879592138714184,0.939885371889126,"RJ"
23.8,0,0.930653855098386,0.902402881906764,0.959789264169231,"RJ"
23.8,1,0.950871302666353,0.929276726682174,0.972967694416005,"RJ"
23.8,2,0.970262601096087,0.953538841287293,0.987279672650594,"RJ"
23.8,3,0.987472080991622,0.972248193227729,1.00293435105364,"RJ"
23.8,4,1.00106512862136,0.984306868817064,1.01810870521107,"RJ"
23.8,5,1.00956853434562,0.990610642064986,1.02888923484218,"RJ"
23.8,6,1.0115310903898,0.991594900145861,1.0318681012525,"RJ"
23.8,7,1.00604007909723,0.987060071944435,1.02538504952,"RJ"
23.8,8,0.994079885280512,0.977194761091338,1.01125677057017,"RJ"
23.8,9,0.97715454153045,0.961586382015902,0.992974750777818,"RJ"
23.8,10,0.956769224787747,0.939527347283642,0.974327519201616,"RJ"
23.8,11,0.934370509192093,0.912283745755077,0.956992002225457,"RJ"
23.8,12,0.911307698762561,0.882729280805317,0.940811344862451,"RJ"
23.9,0,0.93182077049991,0.904604289167011,0.95985610363908,"RJ"
23.9,1,0.951448350978755,0.930641400226306,0.972720496165397,"RJ"
23.9,2,0.970264207563223,0.954149440325957,0.986651139423907,"RJ"
23.9,3,0.986958128154073,0.972310832659646,1.00182607661059,"RJ"
23.9,4,1.00014583680476,0.984057327828967,1.01649737935973,"RJ"
23.9,5,1.0084068409858,0.990225110152911,1.02692241039003,"RJ"
23.9,6,1.01034115864582,0.991220173932836,1.02983099385842,"RJ"
23.9,7,1.00506641098136,0.986843653187746,1.02362566473412,"RJ"
23.9,8,0.993530682095246,0.977283164868894,1.01004831736467,"RJ"
23.9,9,0.977182444361906,0.962159315167574,0.992440144284007,"RJ"
23.9,10,0.957471630341832,0.940821451519607,0.974416475547741,"RJ"
23.9,11,0.935793658231454,0.914487089854605,0.957596646799506,"RJ"
23.9,12,0.913453076197865,0.88590002344325,0.941863077474896,"RJ"
24,0,0.933085842299901,0.9068631928656,0.960066739889783,"RJ"
24,1,0.952113892545367,0.932066606131545,0.972592364552487,"RJ"
24,2,0.970345416525018,0.954821837426336,0.986121379365449,"RJ"
24,3,0.986515979888353,0.972429469235644,1.00080654624756,"RJ"
24,4,0.999291869028781,0.983851630379887,1.01497442162235,"RJ"
24,5,1.00730548993546,0.989872394158104,1.0250456079413,"RJ"
24,6,1.00920831638907,0.990873197307984,1.02788270854025,"RJ"
24,7,1.00414858964202,0.986657636502374,1.02194961329692,"RJ"
24,8,0.993038112926681,0.977410467505762,1.00891562604344,"RJ"
24,9,0.977269780556716,0.962780005867922,0.991977625385368,"RJ"
24,10,0.958238212482256,0.942164728146362,0.974585913089444,"RJ"
24,11,0.937287468623369,0.916734619316495,0.958301105169789,"RJ"
24,12,0.915676967202062,0.889109762207827,0.943038018368285,"RJ"
24.1,0,0.93445103624033,0.909185839999564,0.96041832232126,"RJ"
24.1,1,0.952869542832335,0.933557087198168,0.972581514412271,"RJ"
24.1,2,0.970507538851417,0.955559430826561,0.985689484695581,"RJ"
24.1,3,0.986146699366416,0.97260680170034,0.999875089266443,"RJ"
24.1,4,0.998504103987386,0.983692528283655,1.01353869935277,"RJ"
24.1,5,1.00626524203523,0.989555524927074,1.02325712081981,"RJ"
24.1,6,1.00813327662013,0.990557126064842,1.02602129315488,"RJ"
24.1,7,1.0032873531911,0.986505020310253,1.02035518557893,"RJ"
24.1,8,0.99260300675179,0.977579357013384,1.00785754316946,"RJ"
24.1,9,0.977417529819344,0.963451068897625,0.991586452533856,"RJ"
24.1,10,0.959070157574155,0.943560484900457,0.974834768802714,"RJ"
24.1,11,0.938853384080541,0.91903089130657,0.959103426378137,"RJ"
24.1,12,0.917981114340899,0.892364375058918,0.944333222884341,"RJ"
24.2,0,0.935918359129833,0.91157890744877,0.960907682043428,"RJ"
24.2,1,0.953716947159123,0.935117853151618,0.972685969188785,"RJ"
24.2,2,0.970751906303198,0.956365769186215,0.985354446963486,"RJ"
24.2,3,0.985851364000496,0.97284564518962,0.99903095286221,"RJ"
24.2,4,0.997783430097211,0.983582923025731,1.01218895740274,"RJ"
24.2,5,1.00528686517548,0.989277727440593,1.02155507322389,"RJ"
24.2,6,1.00711675831846,0.990275324975547,1.02424461087216,"RJ"
24.2,7,1.0024834461515,0.986388983855009,1.01884051449982,"RJ"
24.2,8,0.992226200817351,0.977792648676429,1.00687281185955,"RJ"
24.2,9,0.977626683522965,0.964175213786973,0.991265818359107,"RJ"
24.2,10,0.959968668802799,0.945012169608239,0.975161881211591,"RJ"
24.2,11,0.940492872196589,0.921380741119922,0.960001444763717,"RJ"
24.2,12,0.920367292998117,0.895670204338151,0.945745375829067,"RJ"
24.3,0,0.937489860777028,0.914049474712383,0.961531364958429,"RJ"
24.3,1,0.954657782166032,0.936754161674516,0.972903583818644,"RJ"
24.3,2,0.971079872634386,0.957244541333792,0.985115169966576,"RJ"
24.3,3,0.985631066275662,0.973148924847928,0.998273310489971,"RJ"
24.3,4,0.997130746142964,0.983525858121452,1.0109238274657,"RJ"
24.3,5,1.00437113482348,0.989042410430622,1.01993743223549,"RJ"
24.3,6,1.0061594869107,0.990031355818674,1.02255035373426,"RJ"
24.3,7,1.00173761992115,0.986312876049469,1.01740358818448,"RJ"
24.3,8,0.991908541150256,0.978053276415075,1.0059600818609,"RJ"
24.3,9,0.977898245318709,0.964955237706545,0.991014858337116,"RJ"
24.3,10,0.960934966942453,0.946523358848795,0.975566003797063,"RJ"
24.3,11,0.942207425444101,0.923789262212889,0.960992803093891,"RJ"
24.3,12,0.922837312676657,0.899034030054193,0.947270823126616,"RJ"
24.4,0,0.939167635983925,0.916604989915679,0.962285671781883,"RJ"
24.4,1,0.955693757322864,0.938471495845477,0.973232071330039,"RJ"
24.4,2,0.971492814722082,0.958199564413421,0.984970484342056,"RJ"
24.4,3,0.985486914600502,0.973519668163587,0.997601271560157,"RJ"
24.4,4,0.996546961935105,0.983524509291852,1.00974183963868,"RJ"
24.4,5,1.00351883455969,0.98885315268488,1.01840202317377,"RJ"
24.4,6,1.00526219474657,0.989828961743939,1.02093605990903,"RJ"
24.4,7,1.00105063324533,0.986280201432271,1.01604226554038,"RJ"
24.4,8,0.991650883077929,0.978364282590004,1.0051179212164,"RJ"
24.4,9,0.978233231758711,0.965794017612153,0.990832660242657,"RJ"
24.4,10,0.961970291145018,0.948097745369437,0.976045819711388,"RJ"
24.4,11,0.943998562201351,0.926261782441304,0.962074979591083,"RJ"
24.4,12,0.925393018340689,0.902463035406162,0.948905611417405,"RJ"
24.5,0,0.940953826601885,0.91925323049665,0.963166703606115,"RJ"
24.5,1,0.956826616480396,0.940275538829558,0.973669032318916,"RJ"
24.5,2,0.971992133724734,0.959234770797161,0.984919163467795,"RJ"
24.5,3,0.98542003417657,0.973960996212581,0.997013892273573,"RJ"
24.5,4,0.996032998980264,0.983582172681472,1.00864143597985,"RJ"
24.5,5,1.00273075662338,0.988713686361179,1.01694654797283,"RJ"
24.5,6,1.00442562158303,0.989672048358046,1.0193991342549,"RJ"
24.5,7,1.00042325269739,0.98629460358527,1.01475429440601,"RJ"
24.5,8,0.991454091759147,0.978728806500417,1.00434482926966,"RJ"
24.5,9,0.978632672933389,0.9666945018342,0.990718274196837,"RJ"
24.5,10,0.963075899749117,0.949739124626986,0.976599957427107,"RJ"
24.5,11,0.94586782780863,0.928803837379752,0.963245317985936,"RJ"
24.5,12,0.928036291799933,0.905964765946341,0.950645534209198,"RJ"
24.6,0,0.94285062365278,0.922002260249716,0.964170411341149,"RJ"
24.6,1,0.958058139466344,0.942172146778594,0.97421198635095,"RJ"
24.6,2,0.972579256269949,0.960354194166429,0.984959940272496,"RJ"
24.6,3,0.985431567887294,0.974476114034733,0.996510187374587,"RJ"
24.6,4,0.995589791164854,0.983702251420998,1.00762098576053,"RJ"
24.6,5,1.00200770246799,0.988627877771518,1.01556860612544,"RJ"
24.6,6,1.00365051507657,0.989564662070418,1.01793687166022,"RJ"
24.6,7,0.999856253168152,0.986359846472345,1.01353733181137,"RJ"
24.6,8,0.991319042725592,0.979150071866558,1.00363925071979,"RJ"
24.6,9,0.979097613123399,0.967659701308062,0.99067072311483,"RJ"
24.6,10,0.964253071110262,0.951451380842533,0.977227006935685,"RJ"
24.6,11,0.94781679565523,0.931421141712784,0.964501059611086,"RJ"
24.6,12,0.930769053137798,0.909547084114844,0.952486182858946,"RJ"
24.7,0,0.944860269518083,0.92486038452639,0.965292647247462,"RJ"
24.7,1,0.959390143727634,0.944167320935718,0.974858404302257,"RJ"
24.7,2,0.973255635672974,0.961561955173063,0.985091524548434,"RJ"
24.7,3,0.985522677207054,0.975068300382442,0.996089142584589,"RJ"
24.7,4,0.995218285452312,0.983888240893066,1.00667880205541,"RJ"
24.7,5,1.00135048332652,0.988599706199357,1.01426571763118,"RJ"
24.7,6,1.0029376312842,0.989510966351367,1.01654648250637,"RJ"
24.7,7,0.999350418364256,0.986479794234282,1.01238896581761,"RJ"
24.7,8,0.991246622434463,0.979631373607549,1.00299959041671,"RJ"
24.7,9,0.979629111466736,0.968692680634217,0.990689013366752,"RJ"
24.7,10,0.965503104452822,0.953238472944258,0.977925536123999,"RJ"
24.7,11,0.949847068298115,0.934119559725553,0.965839376513639,"RJ"
24.7,12,0.933593262184926,0.913218121058022,0.954423000484584,"RJ"
24.8,0,0.946985060198773,0.927836105355864,0.966529216812187,"RJ"
24.8,1,0.960824486020844,0.946267179891215,0.975605740699314,"RJ"
24.8,2,0.974022753187046,0.962862247063538,0.985312620387191,"RJ"
24.8,3,0.985694543131182,0.975740897076673,0.995749727483485,"RJ"
24.8,4,0.994919442594488,0.984143713083787,1.00581315929034,"RJ"
24.8,5,1.00075992078731,0.988633241368571,1.01303534733246,"RJ"
24.8,6,1.00228773517329,0.989515216613149,1.01522511954613,"RJ"
24.8,7,0.998906541315826,0.986658390003058,1.01130673837421,"RJ"
24.8,8,0.991237728832505,0.980176064218124,1.00242422859488,"RJ"
24.8,9,0.980228242641455,0.969796549132529,0.990772145489095,"RJ"
24.8,10,0.966827320744497,0.955104420730649,0.978694106999213,"RJ"
24.8,11,0.951960278613408,0.936905075872905,0.967257404613155,"RJ"
24.8,12,0.936510920039817,0.916986227649051,0.956451336900003,"RJ"
24.9,0,0.949227347649085,0.9309380780521,0.967875929417606,"RJ"
24.9,1,0.962363064152788,0.948477932805969,0.976451465249856,"RJ"
24.9,2,0.974882119286836,0.964259321585586,0.985621943423273,"RJ"
24.9,3,0.985948367127668,0.97649729817268,0.995490908639271,"RJ"
24.9,4,0.994694237857663,0.984472300386865,1.00502231138289,"RJ"
24.9,5,1.00023684738047,0.988732620176903,1.01187493002771,"RJ"
24.9,6,1.00170160114053,0.989581734413565,1.01396990549964,"RJ"
24.9,7,0.998525424893639,0.986899634272621,1.01028816865849,"RJ"
24.9,8,0.991293271931803,0.980787540008817,1.0019115362828,"RJ"
24.9,9,0.980896097564541,0.970974452011104,0.990919124828159,"RJ"
24.9,10,0.96822706359408,0.957053291513515,0.9795312915057,"RJ"
24.9,11,0.954158090981835,0.939783766272856,0.968752276065353,"RJ"
24.9,12,0.939524070638266,0.920859926459482,0.958566502836669,"RJ"
25,0,0.951589542187262,0.934175070526069,0.969328646599646,"RJ"
25,1,0.964007818773309,0.950805854204618,0.977393092971091,"RJ"
25,2,0.975835274986314,0.965757475389735,0.986018237677456,"RJ"
25,3,0.986285372111392,0.977340939071589,0.995311662852235,"RJ"
25,4,0.994543661763754,0.98487767916186,1.00430451017654,"RJ"
25,5,0.999782107175532,0.988902023228368,1.01078189582945,"RJ"
25,6,1.00118001354039,0.989714881590442,1.01277796076175,"RJ"
25,7,0.998207882336175,0.98720756327256,1.0093307764529,"RJ"
25,8,0.99141417439775,0.981469227396291,1.00145989070313,"RJ"
25,9,0.981633784107429,0.972229561701028,0.991128972066157,"RJ"
25,10,0.969703700173266,0.959089187392273,0.980435686785743,"RJ"
25,11,0.956442202509338,0.94276177175389,0.97032115020858,"RJ"
25,12,0.942634802373435,0.924847866091445,0.960763822055192,"RJ"
25.1,0,0.954074114986651,0.937555926025524,0.970883327191278,"RJ"
25.1,1,0.965760735222428,0.953257260637049,0.978428212625475,"RJ"
25.1,2,0.976883793192383,0.967361036977394,0.986500291952776,"RJ"
25.1,3,0.986706803441737,0.978275285600736,0.995210990493694,"RJ"
25.1,4,0.994468720847234,0.985363553218225,1.0036580239989,"RJ"
25.1,5,0.999396556390524,0.989145651531896,1.00975369540209,"RJ"
25.1,6,1.00072376722338,0.989919034747909,1.01164643080207,"RJ"
25.1,7,0.997954737786869,0.987586227621307,1.00843210528564,"RJ"
25.1,8,0.991601372149559,0.982224569300727,1.00106769060858,"RJ"
25.1,9,0.982442427828758,0.97356506930258,0.991400733686437,"RJ"
25.1,10,0.971258622163367,0.961216233157634,0.98140592988922,"RJ"
25.1,11,0.958814344284117,0.945845272780846,0.971961242775054,"RJ"
25.1,12,0.945845249768467,0.928958778776538,0.963038680454493,"RJ"
25.2,0,0.956683600650599,0.941089529358246,0.972536069313112,"RJ"
25.2,1,0.96762384543412,0.955838489088466,0.979554513593203,"RJ"
25.2,2,0.978029280095705,0.969074354006143,0.987066955977311,"RJ"
25.2,3,0.98721392994447,0.97930382289998,0.995187929104964,"RJ"
25.2,4,0.994470438428375,0.985933637174086,1.00308115639765,"RJ"
25.2,5,0.999081064012987,0.989467703447929,1.00878782500034,"RJ"
25.2,6,1.00033366808444,0.990198560202305,1.01057251315214,"RJ"
25.2,7,0.997766826841884,0.988039671257876,1.00758974533755,"RJ"
25.2,8,0.991855814973754,0.983057011499425,1.00073337170621,"RJ"
25.2,9,0.983323172724914,0.974984175923496,0.991733492599435,"RJ"
25.2,10,0.972893246727763,0.963438564599552,0.982440712160931,"RJ"
25.2,11,0.961276282671415,0.949040466167343,0.973669853466119,"RJ"
25.2,12,0.949157595203612,0.933201441461196,0.965386571973234,"RJ"
25.3,0,0.959420318820244,0.944784390068538,0.974282976985218,"RJ"
25.3,1,0.969598982633212,0.95855555486388,0.980769640688027,"RJ"
25.3,2,0.979273162138662,0.970901516748577,0.987716992446917,"RJ"
25.3,3,0.987807860442509,0.980429821069062,0.995241421857234,"RJ"
25.3,4,0.994549695973914,0.986591436886025,1.00257214970747,"RJ"
25.3,5,0.998836371163412,0.989872157986864,1.00788176362885,"RJ"
25.3,6,1.00001040152726,0.990557600378156,1.00955340989857,"RJ"
25.3,7,0.997644863873811,0.988571724363863,1.00680127691722,"RJ"
25.3,8,0.992178323748347,0.983969801134658,1.00045532391432,"RJ"
25.3,9,0.984277021425199,0.976489883101499,0.99212625923843,"RJ"
25.3,10,0.974608834810063,0.965760083107842,0.983538662970151,"RJ"
25.3,11,0.963829612851776,0.952353259641124,0.975444262100881,"RJ"
25.3,12,0.952573836717176,0.937584300232771,0.967803016937042,"RJ"
25.4,0,0.962281132220712,0.948641321110462,0.976117060074965,"RJ"
25.4,1,0.971683174034794,0.96140807184214,0.982068091953114,"RJ"
25.4,2,0.980612693627543,0.972841391388625,0.988446074987501,"RJ"
25.4,3,0.988486111599993,0.981652144228701,0.995367654999419,"RJ"
25.4,4,0.994704269456762,0.987336423797139,1.00212709652734,"RJ"
25.4,5,0.998660466059759,0.990359100465811,1.00703141517214,"RJ"
25.4,6,0.999752078144995,0.99099648602893,1.00858502713809,"RJ"
25.4,7,0.997586965888691,0.989182475396835,1.00606286429788,"RJ"
25.4,8,0.992566923840288,0.984962447437038,1.0002301111736,"RJ"
25.4,9,0.985301846899316,0.978081221054881,0.992575778580181,"RJ"
25.4,10,0.976403087734447,0.968180050032672,0.984695966112079,"RJ"
25.4,11,0.966471883742443,0.955783900331763,0.977279384744231,"RJ"
25.4,12,0.956091419617913,0.942108999296598,0.97028136165719,"RJ"
25.5,0,0.965257851340382,0.952653615221112,0.978028849822814,"RJ"
25.5,1,0.97386901636201,0.96438947982262,0.983441732695332,"RJ"
25.5,2,0.982041298322751,0.974887865399461,0.989247220977839,"RJ"
25.5,3,0.989242913745169,0.982965470064744,0.995560446625429,"RJ"
25.5,4,0.994929101645886,0.988164198704362,1.00174031663946,"RJ"
25.5,5,0.998548829752081,0.990924838177092,1.00623147890159,"RJ"
25.5,6,0.999554464541543,0.991511832178828,1.00766233458799,"RJ"
25.5,7,0.997588882823692,0.989868382144059,1.00536959972178,"RJ"
25.5,8,0.993017086874442,0.986030874268088,1.00005279809981,"RJ"
25.5,9,0.986392653295722,0.979753442852516,0.993076853747007,"RJ"
25.5,10,0.978270430141487,0.97069328276379,0.985906724072893,"RJ"
25.5,11,0.96919690206508,0.959327125818359,0.979168220820648,"RJ"
25.5,12,0.959703557782604,0.946770455919775,0.97281332878709,"RJ"
25.6,0,0.96834203104541,0.956813540376996,0.980009426622131,"RJ"
25.6,1,0.976148904525898,0.967492484741518,0.984882775664852,"RJ"
25.6,2,0.983552244171053,0.977034324020558,0.990113646195259,"RJ"
25.6,3,0.990072377781175,0.984364073128092,0.995813784761843,"RJ"
25.6,4,0.995219042009348,0.989069925456702,1.0014063880475,"RJ"
25.6,5,0.998496865947171,0.991565176706168,1.0054770122305,"RJ"
25.6,6,0.999413255881747,0.992099728934518,1.00678069643751,"RJ"
25.6,7,0.997646288738868,0.990625418450366,1.00471691811763,"RJ"
25.6,8,0.993524194263753,0.987170598836849,0.999918682495707,"RJ"
25.6,9,0.987544330310847,0.98150142864336,0.993624436876357,"RJ"
25.6,10,0.980205138024669,0.973294114119064,0.987165234713856,"RJ"
25.6,11,0.971998282400501,0.962976942230096,0.981104136098593,"RJ"
25.6,12,0.963403221922514,0.951562553644999,0.975391228306936,"RJ"
25.7,0,0.971525143470957,0.961112648022781,0.982050445739105,"RJ"
25.7,1,0.978515185017619,0.970709307989891,0.986383832347096,"RJ"
25.7,2,0.985138777334013,0.979273846673683,0.991038833420972,"RJ"
25.7,3,0.990968611210895,0.985841989739102,0.996121892378651,"RJ"
25.7,4,0.995568947446697,0.990048489712055,1.00112018696013,"RJ"
25.7,5,0.998499990570188,0.992275582245089,1.00476344375308,"RJ"
25.7,6,0.999324159792384,0.992755904304784,1.00593587206525,"RJ"
25.7,7,0.997754866458062,0.991449230498184,1.00410060638256,"RJ"
25.7,8,0.994083628177887,0.988376879087074,0.999823327235332,"RJ"
25.7,9,0.988751754740859,0.983319834843138,0.99421368090178,"RJ"
25.7,10,0.98220145374211,0.975976569075708,0.988466041399689,"RJ"
25.7,11,0.974869577195647,0.966726849943376,0.983080890530025,"RJ"
25.7,12,0.96718328488555,0.956478422778643,0.978007955312226,"RJ"
25.8,0,0.974798568394637,0.965541825374771,0.984144056706611,"RJ"
25.8,1,0.980960148534819,0.974031723008772,0.987937856932394,"RJ"
25.8,2,0.986794116615525,0.981599229802863,0.992016496164711,"RJ"
25.8,3,0.991925713924345,0.98739303674715,0.996479198583088,"RJ"
25.8,4,0.995973679039504,0.991094524515841,1.00087685362208,"RJ"
25.8,5,0.998553629132894,0.993051215979207,1.00408653069446,"RJ"
25.8,6,0.99928289403813,0.9934757619989,1.0051239703202,"RJ"
25.8,7,0.997910305258528,0.992335170084637,1.00351676264405,"RJ"
25.8,8,0.994690768980144,0.989644737594784,0.999762529227362,"RJ"
25.8,9,0.990009787394772,0.985203111590521,0.994839914335154,"RJ"
25.8,10,0.984253582099592,0.978734387580535,0.989803899984217,"RJ"
25.8,11,0.977804271668397,0.970569881777491,0.985092584927497,"RJ"
25.8,12,0.971036515015886,0.961510495639481,0.980656911984186,"RJ"
25.9,0,0.978153584376255,0.970091341013936,0.986282831499236,"RJ"
25.9,1,0.983476023219071,0.977451087450964,0.989538096242919,"RJ"
25.9,2,0.988511448360526,0.984003007238293,0.993040545965721,"RJ"
25.9,3,0.992937774341506,0.989010828589907,0.996880312341935,"RJ"
25.9,4,0.996428099070715,0.992202433702098,1.00067176101664,"RJ"
25.9,5,0.998653214314442,0.993886965466351,1.00344232001535,"RJ"
25.9,6,0.999285184383593,0.994254415845491,1.00434140780696,"RJ"
25.9,7,0.998108298749129,0.993278324914338,1.00296175909989,"RJ"
25.9,8,0.995340992881235,0.990968983308637,0.999732291117782,"RJ"
25.9,9,0.991313270276459,0.98714551851537,0.995498618384202,"RJ"
25.9,10,0.986355686776384,0.981561044888116,0.991173749103916,"RJ"
25.9,11,0.980795779146615,0.974498636784253,0.987133613204618,"RJ"
25.9,12,0.974955570049586,0.96665055520674,0.983331937741886,"RJ"
26,0,0.98158136067591,0.97475088450155,0.988459700776848,"RJ"
26,1,0.986054968510203,0.980958371400665,0.991178045134932,"RJ"
26,2,0.99028392182671,0.986477468347659,0.994105063008778,"RJ"
26,3,0.993998865910325,0.990688792779659,0.997319998602994,"RJ"
26,4,0.996927068311698,0.993366413200384,1.00050048635183,"RJ"
26,5,0.998794183753368,0.994777473101219,1.0028271130724,"RJ"
26,6,0.999326762640158,0.995086720948948,1.00358487105175,"RJ"
26,7,0.998344542936147,0.994273546038797,1.00243220830044,"RJ"
26,8,0.996029669809515,0.992344231274177,0.999728795588423,"RJ"
26,9,0.992657024036435,0.98914113898714,0.996185406238253,"RJ"
26,10,0.98850188709705,0.984449769692117,0.992570683520018,"RJ"
26,11,0.98383743684862,0.978505310058698,0.989198619767121,"RJ"
26,12,0.978932991559374,0.971889777751428,0.986027247020273,"RJ"
26.1,0,0.985072949964774,0.979509600851612,0.990667897393386,"RJ"
26.1,1,0.988689069624783,0.984544182201172,0.992851406840962,"RJ"
26.1,2,0.992104645032032,0.989014674275273,0.995204269760088,"RJ"
26.1,3,0.995103043960235,0.992420183985419,0.997793156646917,"RJ"
26.1,4,0.997465443576233,0.994580470403075,1.00035878517252,"RJ"
26.1,5,0.998971978049749,0.995717161858723,1.00223743363602,"RJ"
26.1,6,0.999403364896659,0.995967301807509,1.00285128232032,"RJ"
26.1,7,0.998614734476013,0.995315472658031,1.00192493265422,"RJ"
26.1,8,0.996752161497622,0.993764920529976,0.999748382062368,"RJ"
26.1,9,0.994035845694645,0.99118389303266,0.996896004335404,"RJ"
26.1,10,0.99068625515301,0.987393560341643,0.993989930225497,"RJ"
26.1,11,0.98692250211311,0.98258171906601,0.991282461577902,"RJ"
26.1,12,0.982961199963012,0.977218770170164,0.988737373990961,"RJ"
26.2,0,0.988619281844909,0.984356120730446,0.992900906340973,"RJ"
26.2,1,0.991370332667393,0.988198786460899,0.994552057701749,"RJ"
26.2,2,0.993966681081681,0.991606472585256,0.996332507314879,"RJ"
26.2,3,0.996244342912087,0.994198096903981,0.99829480047797,"RJ"
26.2,4,0.998038075541091,0.995838441792871,1.00024256789732,"RJ"
26.2,5,0.999182038976726,0.99670025857314,1.00166999900545,"RJ"
26.2,6,0.999510729933092,0.996890577682978,1.0021377687944,"RJ"
26.2,7,0.998914569114439,0.996398554551245,1.00143693688765,"RJ"
26.2,8,0.997503819785684,0.995225330390836,0.999787525601139,"RJ"
26.2,9,0.995444506635862,0.993267549122132,0.997626235415926,"RJ"
26.2,10,0.992902813278147,0.990385199443406,0.995426827026199,"RJ"
26.2,11,0.990044149087357,0.986719327007546,0.993380174395441,"RJ"
26.2,12,0.987032490110934,0.982627602803288,0.991457123487322,"RJ"
26.3,0,0.992211157196274,0.989278587248636,0.995152420313467,"RJ"
26.3,1,0.99409068038454,0.991912129802867,0.996274015747539,"RJ"
26.3,2,0.995863044978946,0.994244510626865,0.997484214149144,"RJ"
26.3,3,0.997416773845915,0.996015478125227,0.998820041051726,"RJ"
26.3,4,0.998639806833176,0.997134009056164,1.00014787855424,"RJ"
26.3,5,0.99941980790088,0.997720815045451,1.0011216939271,"RJ"
26.3,6,0.999644597816806,0.997850785547791,1.00144163477883,"RJ"
26.3,7,0.999239740311692,0.997517072430605,1.00096538316405,"RJ"
26.3,8,0.998279985141537,0.996719595346218,0.99984281776664,"RJ"
26.3,9,0.996877750879628,0.995385735023819,0.998372003166235,"RJ"
26.3,10,0.995145531883214,0.993417267147975,0.996876803309694,"RJ"
26.3,11,0.993195465883229,0.990909263750154,0.99548694268714,"RJ"
26.3,12,0.991139027469824,0.988105838533548,0.99418152738754,"RJ"
26.4,0,0.995839243370714,0.994264680180886,0.997416300111092,"RJ"
26.4,1,0.996841948572071,0.995673854902996,0.99801141261239,"RJ"
26.4,2,0.997786700925124,0.996920247933119,0.998653906977155,"RJ"
26.4,3,0.99861432242838,0.997865137200732,0.999364070135349,"RJ"
26.4,4,0.9992654703835,0.998460713920158,1.00007087547824,"RJ"
26.4,5,0.999680724411124,0.998772727287238,1.00058954700687,"RJ"
26.4,6,0.999800708680772,0.998842000950054,1.00076033659758,"RJ"
26.4,7,0.999585938053878,0.998665156522515,1.00050756855711,"RJ"
26.4,8,0.999075985398573,0.998241718805494,0.999910949218321,"RJ"
26.4,9,0.998330293626925,0.997531947924384,0.999129278262246,"RJ"
26.4,10,0.997408327654206,0.996482153408861,0.998335362726541,"RJ"
26.4,11,0.996369452211153,0.995142344828077,0.997598072737085,"RJ"
26.4,12,0.995272844919789,0.993642558946486,0.996905805730569,"RJ"
26.5,0,0.999494070254131,0.999301638407489,0.999686539156666,"RJ"
26.5,1,0.999615883147928,0.999473318335096,0.999758468296196,"RJ"
26.5,2,0.999730560114167,0.999624967952108,0.999836163430114,"RJ"
26.5,3,0.999830947202137,0.999739757123019,0.99992214559905,"RJ"
26.5,4,0.999909888048534,0.999811971954627,1.00000781373181,"RJ"
26.5,5,0.999960225155986,0.999849753212544,1.00007070930531,"RJ"
26.5,6,0.999974801683706,0.999858157138295,1.000091459837,"RJ"
26.5,7,0.999948847850294,0.999836803680309,1.00006090457622,"RJ"
26.5,8,0.999887134712038,0.999785585918763,0.999988693819682,"RJ"
26.5,9,0.999796820086033,0.999699564005416,0.999894085628238,"RJ"
26.5,10,0.999685062120197,0.999572069489816,0.999798067523377,"RJ"
26.5,11,0.999559017502689,0.99940908900311,0.999708968494113,"RJ"
26.5,12,0.999425840183553,0.999226388301754,0.999625331877203,"RJ"
26.6,0,1.00316602721917,1.00195723144612,1.00437628132514,"RJ"
26.6,1,1.00240413790279,1.00150946832218,1.00329960671065,"RJ"
26.6,2,1.00168747902829,1.00102560628684,1.00234978939643,"RJ"
26.6,3,1.00106057823968,1.00048957794313,1.00163190441803,"RJ"
26.6,4,1.00056786949968,0.999955029013232,1.00118108557648,"RJ"
26.6,5,1.00025374288932,0.999562434810603,1.00094552908409,"RJ"
26.6,6,1.00016261415192,0.999432698602535,1.00089306278043,"RJ"
26.6,7,1.00032414991701,0.999622898447968,1.00102589332519,"RJ"
26.6,8,1.00070873273474,1.00007289403524,1.00134497569563,"RJ"
26.6,9,1.0012719845802,1.00066249273606,1.0018818476587,"RJ"
26.6,10,1.00196954059642,1.00126052428318,1.00267905898092,"RJ"
26.6,11,1.0027569795328,1.00181510973578,1.00369973484124,"RJ"
26.6,12,1.00358977390678,1.00233560107259,1.00484551602525,"RJ"
26.7,0,1.00684536099176,1.00422254230575,1.00947502993015,"RJ"
26.7,1,1.00519827294176,1.00325874286917,1.00714155257242,"RJ"
26.7,2,1.00365025824112,1.00221688900284,1.00508567748214,"RJ"
26.7,3,1.00229711616448,1.00106171787223,1.00353403904699,"RJ"
26.7,4,1.00123421138179,0.999908922824002,1.00256125648933,"RJ"
26.7,5,1.00055670572458,0.999062062493867,1.00205358501095,"RJ"
26.7,6,1.00035988090294,0.998781836467497,1.00194041859982,"RJ"
26.7,7,1.000707518547,0.99919113586999,1.00222620250186,"RJ"
26.7,8,1.00153606401328,1.00016044740772,1.00291357263631,"RJ"
26.7,9,1.00275040993989,1.00143059877831,1.00407196051457,"RJ"
26.7,10,1.0042555115086,1.00271837084368,1.00579500856938,"RJ"
26.7,11,1.00595606355324,1.00391203215332,1.0080042567365,"RJ"
26.7,12,1.00775626840914,1.00503220181127,1.01048771839116,"RJ"
26.8,0,1.01052217445551,1.00647668137263,1.0145839282373,"RJ"
26.8,1,1.00798975383083,1.00500064748591,1.01098775047523,"RJ"
26.8,2,1.0056116417353,1.00340468229794,1.00782345531579,"RJ"
26.8,3,1.00353443154245,1.00163394473559,1.00543852430747,"RJ"
26.8,4,1.00190369674185,0.999865948674437,1.00394559778316,"RJ"
26.8,5,1.000864536598,0.998566999663516,1.00316735978365,"RJ"
26.8,6,1.00056233375098,0.998136728806195,1.00299383323824,"RJ"
26.8,7,1.00109462166715,0.998763264964735,1.00343142032389,"RJ"
26.8,8,1.00236439760589,1.00024829391385,1.00448497808121,"RJ"
26.8,9,1.00422668718263,1.00219452455747,1.00626297044986,"RJ"
26.8,10,1.00653666610468,1.00416726417915,1.00891165879749,"RJ"
26.8,11,1.00914890194867,1.00599530898967,1.01231238078732,"RJ"
26.8,12,1.01191680712611,1.00771078944713,1.0161403800252,"RJ"
26.9,0,1.01418642641837,1.00871387725031,1.01968866566513,"RJ"
26.9,1,1.01076995146179,1.00672954501734,1.01482657366579,"RJ"
26.9,2,1.00756431674161,1.00458366157432,1.01055381567728,"RJ"
26.9,3,1.00476636464685,1.00220165565847,1.00733763691734,"RJ"
26.9,4,1.00257109472893,0.999822599114095,1.00532714591228,"RJ"
26.9,5,1.00117265294097,0.998074706345987,1.00428021532227,"RJ"
26.9,6,1.00076570119444,0.997495286216663,1.00404683864306,"RJ"
26.9,7,1.00148112058261,0.998336981171906,1.00463516207329,"RJ"
26.9,8,1.00318898692336,1.00033340400514,1.0060527214776,"RJ"
26.9,9,1.00569537548319,1.00295040293983,1.0084478607353,"RJ"
26.9,10,1.00880663856017,1.00560286904258,1.01202061502868,"RJ"
26.9,11,1.01232803442729,1.0080605338854,1.01661360090894,"RJ"
26.9,12,1.0160627347617,1.01036706152552,1.02179051582764,"RJ"
27,0,1.01782793236636,1.01092835331804,1.02477460099417,"RJ"
27,1,1.01353014264994,1.00843978838927,1.01864619175804,"RJ"
27,2,1.0095009141068,1.0057484949449,1.01326733343835,"RJ"
27,3,1.00598672559994,1.0027602551947,1.00922357746098,"RJ"
27,4,1.00323116056674,0.999775393379499,1.00669887276377,"RJ"
27,5,1.00147646656202,0.997582680429637,1.00538545100402,"RJ"
27,6,1.00096570828568,0.996855458748797,1.00509290526575,"RJ"
27,7,1.00186266990899,0.99791001282732,1.00583098320996,"RJ"
27,8,1.00400506979398,1.0004127671459,1.00761027175597,"RJ"
27,9,1.00715100243744,1.00369436972891,1.01061953947665,"RJ"
27,10,1.0110590064834,1.00702084717511,1.01511335883341,"RJ"
27,11,1.01548590875777,1.01010330460527,1.02089719554831,"RJ"
27,12,1.02018525817231,1.01299673434194,1.0274247938896,"RJ"
27.1,0,1.02143636622876,1.013114304187,1.02982678849042,"RJ"
27.1,1,1.01626151147826,1.01012570390797,1.0224345897906,"RJ"
27.1,2,1.01141400919718,1.0068938316572,1.01595447885173,"RJ"
27.1,3,1.00718929489448,1.00330514533333,1.01108848137424,"RJ"
27.1,4,1.00387863579997,0.999720865455672,1.00805369802527,"RJ"
27.1,5,1.00177138373895,0.997088443314802,1.0064763181308,"RJ"
27.1,6,1.00115807668326,0.996215220661058,1.00612545735149,"RJ"
27.1,7,1.00223491769288,0.997480107181952,1.00701239354102,"RJ"
27.1,8,1.00480786875415,1.00048338066529,1.00915104900482,"RJ"
27.1,9,1.00858806462247,1.00442255481652,1.01277084950042,"RJ"
27.1,10,1.01328729182679,1.00841684689525,1.01818126000063,"RJ"
27.1,11,1.01861488206413,1.0121192073301,1.02515224535613,"RJ"
27.1,12,1.02427544800195,1.01559552024921,1.03302955995922,"RJ"
27.2,0,1.02500126317912,1.01526587230089,1.03483000678213,"RJ"
27.2,1,1.01895515140199,1.01178157473324,1.02617958905053,"RJ"
27.2,2,1.01329612334517,1.00801429069868,1.01860563194464,"RJ"
27.2,3,1.00836782429842,1.00383171569259,1.01292443064402,"RJ"
27.2,4,1.00450824881573,0.999655552349081,1.00938450205946,"RJ"
27.2,5,1.0020528055214,0.996589525815566,1.0075460347946,"RJ"
27.2,6,1.00133852488697,0.995572555432078,1.00713788859684,"RJ"
27.2,7,1.00259350572118,0.997045016617308,1.00817287179732,"RJ"
27.2,8,1.00559259156568,1.0005422387412,1.01066843663093,"RJ"
27.2,9,1.01000102845629,1.00513107347137,1.01489457883307,"RJ"
27.2,10,1.01548496221035,1.00978649288435,1.02121558937653,"RJ"
27.2,11,1.02170722269005,1.01410380120417,1.02936765216488,"RJ"
27.2,12,1.02832424108846,1.0181591052426,1.03859086400665,"RJ"
27.3,0,1.02851202349569,1.0173771241694,1.03976879108505,"RJ"
27.3,1,1.0216020681268,1.01340162417846,1.02986887005144,"RJ"
27.3,2,1.01513972584539,1.00910444936643,1.02121109825298,"RJ"
27.3,3,1.0095160381457,1.00433533373277,1.01472346640007,"RJ"
27.3,4,1.00511471564126,0.999575982367689,1.01068413949446,"RJ"
27.3,5,1.0023161282444,0.996083454057086,1.00858780140048,"RJ"
27.3,6,1.00150276865585,0.994925440751826,1.00812357845368,"RJ"
27.3,7,1.00293407001972,0.996602484811673,1.00930588086623,"RJ"
27.3,8,1.00635443196107,1.00058632133313,1.0121557941931,"RJ"
27.3,9,1.01138433135957,1.00581601762493,1.01698347192268,"RJ"
27.3,10,1.01764543266312,1.01112537598395,1.02420753273287,"RJ"
27.3,11,1.02475511264377,1.01605260282748,1.03353215962172,"RJ"
27.3,12,1.03232244366019,1.02068312634877,1.04409448943942,"RJ"
27.4,0,1.03195791750384,1.01944202570186,1.04462746939011,"RJ"
27.4,1,1.02419318327339,1.01497999847734,1.03348999806629,"RJ"
27.4,2,1.01693723650679,1.01015883157675,1.0237611261388,"RJ"
27.4,3,1.01062763501605,1.00481133481408,1.0164776025811,"RJ"
27.4,4,1.00569274101899,0.999478663198236,1.0119454537447,"RJ"
27.4,5,1.00255674425322,0.995567735105704,1.00959481711298,"RJ"
27.4,6,1.00164652160934,0.994271833210116,1.00907590936459,"RJ"
27.4,7,1.00325224154165,0.99615023260554,1.01040488393573,"RJ"
27.4,8,1.00708857061797,1.00061258287646,1.01360647110167,"RJ"
27.4,9,1.01273238322236,1.00647344701112,1.01903024175452,"RJ"
27.4,10,1.01976206778829,1.01242904281718,1.0271482058695,"RJ"
27.4,11,1.02775065063428,1.01796107037394,1.03763437583245,"RJ"
27.4,12,1.03626073534178,1.02316314832867,1.04952598553338,"RJ"
27.5,0,1.03532809162194,1.02145441607168,1.04939020325925,"RJ"
27.5,1,1.02671933884031,1.01651074863492,1.03703045163499,"RJ"
27.5,2,1.01868102876684,1.01117189567799,1.02624592594485,"RJ"
27.5,3,1.01169628980648,1.00525501191841,1.01817884086438,"RJ"
27.5,4,1.00623701975993,0.999360069561613,1.01316129268554,"RJ"
27.5,5,1.00277004283983,0.995039842057296,1.01056029750324,"RJ"
27.5,6,1.00176549601186,0.993609652387453,1.00998828522708,"RJ"
27.5,7,1.00354364704584,0.995685943303555,1.01146336181532,"RJ"
27.5,8,1.00779017636366,1.00061794054365,1.01501382138251,"RJ"
27.5,9,1.01403956817805,1.00709938001212,1.02102758301603,"RJ"
27.5,10,1.02182818435708,1.01369298503869,1.03002867116284,"RJ"
27.5,11,1.03068585570885,1.01982458700058,1.0416627983864,"RJ"
27.5,12,1.04012967398669,1.02559463917625,1.05487070366965,"RJ"
27.6,0,1.03861157553053,1.02340797949183,1.05404103392045,"RJ"
27.6,1,1.02917130247611,1.01798781094822,1.04047765449546,"RJ"
27.6,2,1.02036343337303,1.01213802151328,1.02865569125459,"RJ"
27.6,3,1.01271565619664,1.00566160484249,1.01981918705788,"RJ"
27.6,4,1.00674223837623,0.999216630213787,1.01432452571764,"RJ"
27.6,5,1.00295141139104,0.994497198291788,1.01147749369139,"RJ"
27.6,6,1.00185540374063,0.992936764034343,1.01085415140251,"RJ"
27.6,7,1.00380391016567,0.995207247134079,1.01247483171526,"RJ"
27.6,8,1.00845440761065,1.00059926186676,1.01637121971491,"RJ"
27.6,9,1.01530024668687,1.0076897840547,1.02296818647362,"RJ"
27.6,10,1.0238370543365,1.01491262800644,1.03283995578167,"RJ"
27.6,11,1.03355267150138,1.02163844318887,1.04560584215425,"RJ"
27.6,12,1.04391970135335,1.02797294385179,1.06011383800661,"RJ"
27.7,0,1.04179729048281,1.02529621421337,1.05856393441384,"RJ"
27.7,1,1.03153977357034,1.01940498574097,1.0438190114247,"RJ"
27.7,2,1.02197674263643,1.01305149645837,1.03098062254596,"RJ"
27.7,3,1.01367936950997,1.00602628865617,1.021390669167,"RJ"
27.7,4,1.0072030769933,0.99904471404216,1.01542806247404,"RJ"
27.7,5,1.00309623674857,0.9939371605783,1.0123397133011,"RJ"
27.7,6,1.00191195743696,0.992250961999663,1.01166701661056,"RJ"
27.7,7,1.00402865266821,0.994711704566007,1.0134328677861,"RJ"
27.7,8,1.00907641402384,1.0005533515024,1.01767207896536,"RJ"
27.7,9,1.01650875793089,1.00824056539226,1.0248447547319,"RJ"
27.7,10,1.02578190835488,1.01608331865304,1.03557307180582,"RJ"
27.7,11,1.03634297110024,1.02339781762617,1.0494518702806,"RJ"
27.7,12,1.04762114964021,1.03029325563063,1.06524047126922,"RJ"
27.8,0,1.04487405877211,1.02711239797417,1.06294286861715,"RJ"
27.8,1,1.03381539017199,1.02075591380427,1.04704194852346,"RJ"
27.8,2,1.02351321526114,1.01390650013317,1.03321095355104,"RJ"
27.8,3,1.0145810499721,1.00634416120266,1.02288535736353,"RJ"
27.8,4,1.00761421154201,0.998840614985433,1.01646487344354,"RJ"
27.8,5,1.00319990678072,0.993357000685717,1.01314034357248,"RJ"
27.8,6,1.00193087184056,0.991549948536383,1.01242047708134,"RJ"
27.8,7,1.00421349590396,0.994196788155453,1.01433112374728,"RJ"
27.8,8,1.00965133841992,1.00047693690267,1.0189098694559,"RJ"
27.8,9,1.0176594225219,1.00874755809621,1.02665001955706,"RJ"
27.8,10,1.02765593960937,1.01720031231517,1.03821903850066,"RJ"
27.8,11,1.03904856254297,1.02509775619323,1.05318922883205,"RJ"
27.8,12,1.05122424889361,1.03255058437215,1.07023562640651,"RJ"
27.9,0,1.04783086556639,1.02884968152104,1.06716223230046,"RJ"
27.9,1,1.03598895126239,1.02203418295281,1.05013425679845,"RJ"
27.9,2,1.02496526222658,1.01469721501687,1.03533721510583,"RJ"
27.9,3,1.01541445708768,1.00661033871251,1.02429557894412,"RJ"
27.9,4,1.00797044303606,0.998600615333991,1.01742818743857,"RJ"
27.9,5,1.00325792238429,0.992753939095105,1.01387304465827,"RJ"
27.9,6,1.00190796778133,0.990831354989231,1.01310840724719,"RJ"
27.9,7,1.0043541670733,0.993659911639305,1.01516351933061,"RJ"
27.9,8,1.01017443448998,1.00036672219401,1.02007830274392,"RJ"
27.9,9,1.01874667935476,1.00920660460011,1.02837693685881,"RJ"
27.9,10,1.02945246606028,1.01825886207796,1.04076912005943,"RJ"
27.9,11,1.04166138101496,1.02673325095269,1.05680655778039,"RJ"
27.9,12,1.05471935215362,1.03473981585527,1.07508466839836,"RJ"
28,0,1.05066220340859,1.03050388275586,1.07121485337763,"RJ"
28,1,1.03805597545794,1.02323613752074,1.05309045358271,"RJ"
28,2,1.02632927760897,1.01542052426602,1.03735522466296,"RJ"
28,3,1.01617668566321,1.00682226644706,1.0256180170999,"RJ"
28,4,1.00826938431033,0.998322669364323,1.01831520262367,"RJ"
28,5,1.00326823156857,0.99212627843303,1.01453531304954,"RJ"
28,6,1.00184134190573,0.990093629982323,1.01372844340934,"RJ"
28,7,1.00444871505004,0.993099460507363,1.01592767017538,"RJ"
28,8,1.0106435162912,1.0002208553982,1.02117478505765,"RJ"
28,9,1.0197679241135,1.00961551257574,1.03002242546541,"RJ"
28,10,1.03116828180775,1.0192564148676,1.04321936060069,"RJ"
28,11,1.04417744432978,1.02830140202293,1.0602985983508,"RJ"
28,12,1.05810155109868,1.03685770973666,1.079780650637,"RJ"
28.1,0,1.05336804088565,1.03207353995984,1.07510190562821,"RJ"
28.1,1,1.04001665639988,1.02436090377172,1.0559116826956,"RJ"
28.1,2,1.02760558691163,1.01607601454346,1.0392659871284,"RJ"
28.1,3,1.01686811232493,1.00697971230299,1.0268536150529,"RJ"
28.1,4,1.00851140820089,0.998006405957743,1.01912698595886,"RJ"
28.1,5,1.00323118064864,0.991473421153692,1.01512837394524,"RJ"
28.1,6,1.00173132031914,0.989336065530895,1.01428187354097,"RJ"
28.1,7,1.00449746496572,0.992514814274647,1.01662478243207,"RJ"
28.1,8,1.01105891302762,1.00003893833045,1.02220032283864,"RJ"
28.1,9,1.02072346528014,1.00997405481576,1.03158728445113,"RJ"
28.1,10,1.03280361738972,1.02019261769929,1.04557050657635,"RJ"
28.1,11,1.04659682230341,1.02980144383865,1.06366612225027,"RJ"
28.1,12,1.06137066025446,1.03890295058308,1.08432426514599,"RJ"
28.2,0,1.05594863224908,1.03355721796078,1.07882514346779,"RJ"
28.2,1,1.04187142294699,1.02540767098739,1.05859951379955,"RJ"
28.2,2,1.02879470618803,1.01666335654004,1.0410708133345,"RJ"
28.2,3,1.01748926723819,1.00708251840035,1.02800355485204,"RJ"
28.2,4,1.0086970129176,0.997651491742654,1.01986482483138,"RJ"
28.2,5,1.00314722274601,0.990794773203378,1.01565367290897,"RJ"
28.2,6,1.00157832771725,0.98855794289171,1.01477020519248,"RJ"
28.2,7,1.0045008433754,0.991905353036958,1.01725627475699,"RJ"
28.2,8,1.01142106830523,0.999820604744473,1.02315612676651,"RJ"
28.2,9,1.02161374792888,1.01028206862191,1.03307252733978,"RJ"
28.2,10,1.03435887043046,1.02106718798975,1.04782357657047,"RJ"
28.2,11,1.04891978932178,1.03123265618625,1.0669102823991,"RJ"
28.2,12,1.06452674123749,1.04087422612575,1.08871672904005,"RJ"
28.3,0,1.05840428897896,1.03495339491723,1.08238655424543,"RJ"
28.3,1,1.04362074395736,1.02637557647874,1.06115566482468,"RJ"
28.3,2,1.02989717774308,1.01718219382412,1.04277110154227,"RJ"
28.3,3,1.01804069687915,1.00713050602697,1.02906907724472,"RJ"
28.3,4,1.00882670659636,0.997257563159046,1.02053006318464,"RJ"
28.3,5,1.00301681745375,0.99008970006519,1.01611271789698,"RJ"
28.3,6,1.00138279411027,0.987758499351191,1.01519501072252,"RJ"
28.3,7,1.00445928302724,0.991270418102411,1.0178236259597,"RJ"
28.3,8,1.01173043492506,0.999565461839664,1.0240434589144,"RJ"
28.3,9,1.02243923193153,1.01053937580592,1.03447921775343,"RJ"
28.3,10,1.03583446204031,1.02187982367028,1.04997966286937,"RJ"
28.3,11,1.05114665516562,1.03259427670817,1.07003235984247,"RJ"
28.3,12,1.06756990578462,1.04277014768884,1.09295946595997,"RJ"
28.4,0,1.06073537887058,1.03626046646655,1.08578835186514,"RJ"
28.4,1,1.04526512752582,1.0272637091002,1.0635819966604,"RJ"
28.4,2,1.03091356954724,1.01763214581934,1.04436833313764,"RJ"
28.4,3,1.01852296361464,1.00712347838852,1.03005147796798,"RJ"
28.4,4,1.00890100700756,0.996824229482484,1.02112409774521,"RJ"
28.4,5,1.00284043062544,0.989357530081004,1.016507075268,"RJ"
28.4,6,1.00114515464358,0.986936931708152,1.01555792317102,"RJ"
28.4,7,1.0043732226679,0.990609315456647,1.01832837090502,"RJ"
28.4,8,1.01198747463088,0.999273093410822,1.02486362893467,"RJ"
28.4,9,1.02320039161047,1.01074578534489,1.0358084659582,"RJ"
28.4,10,1.03723083635108,1.02263020596252,1.05203992763439,"RJ"
28.4,11,1.05327776443213,1.03388550417629,1.07303375912115,"RJ"
28.4,12,1.07050031510105,1.04458925389028,1.09705410079953,"RJ"
28.5,0,1.06294232508804,1.03747674900617,1.08903297114454,"RJ"
28.5,1,1.04680512020444,1.02807111203441,1.06588050851638,"RJ"
28.5,2,1.03184447464362,1.01801281014044,1.04586406894593,"RJ"
28.5,3,1.01893664527992,1.00706122273456,1.03095210465468,"RJ"
28.5,4,1.00892044126447,0.996351075172865,1.02164837492114,"RJ"
28.5,5,1.00261853416464,0.988597557045913,1.0168383665182,"RJ"
28.5,6,1.00086584941902,0.986092399012628,1.01586063287404,"RJ"
28.5,7,1.00424310684846,0.989921318514072,1.01877209712633,"RJ"
28.5,8,1.01219265785677,0.998943062344795,1.02561799089358,"RJ"
28.5,9,1.02389771538962,1.01090109543517,1.03706142600309,"RJ"
28.5,10,1.03854846004484,1.02331800148127,1.05400559972584,"RJ"
28.5,11,1.05531349594171,1.03510550091148,1.07591600444209,"RJ"
28.5,12,1.07331817917955,1.04633001326236,1.10100245539688,"RJ"
28.6,0,1.06502560518638,1.03860048278682,1.09212306223761,"RJ"
28.6,1,1.04824130620731,1.02879678533452,1.06805333346947,"RJ"
28.6,2,1.03269051054864,1.0183237646313,1.04725994582218,"RJ"
28.6,3,1.0192823347548,1.00694351215462,1.03177235406197,"RJ"
28.6,4,1.00888554553193,0.995837661878309,1.02210438804195,"RJ"
28.6,5,1.00235160581518,0.987809042457376,1.01710826535951,"RJ"
28.6,6,1.00054532331706,0.985224024962887,1.01610488441891,"RJ"
28.6,7,1.00406938573093,0.989205670527966,1.01915644177819,"RJ"
28.6,8,1.01234646347473,0.998574912772407,1.02630794044731,"RJ"
28.6,9,1.02453170544368,1.01100509520414,1.03823929319307,"RJ"
28.6,10,1.03978782187682,1.02394286396739,1.05587797187653,"RJ"
28.6,11,1.05725426213041,1.03625339478683,1.078680736214,"RJ"
28.6,12,1.07602375609222,1.04799082641185,1.10480654457541,"RJ"
28.7,0,1.06698575010389,1.039629835286,1.09506148465967,"RJ"
28.7,1,1.04957430660039,1.02943968854991,1.07010273387403,"RJ"
28.7,2,1.03345231864684,1.01856456932775,1.04855767329648,"RJ"
28.7,3,1.01956063953832,1.00677010723063,1.03251366943661,"RJ"
28.7,4,1.00879686473532,0.995283530305551,1.02249367472944,"RJ"
28.7,5,1.00204012895225,0.98699121766652,1.01731849489455,"RJ"
28.7,6,1.00018402581982,0.984330900221633,1.01629247367923,"RJ"
28.7,7,1.00385251489553,0.988461586899148,1.01948308868871,"RJ"
28.7,8,1.01244937854247,0.998168172070497,1.02693491216491,"RJ"
28.7,9,1.02510287734579,1.01105756624243,1.03934330173506,"RJ"
28.7,10,1.04094943219257,1.02450443584256,1.05765839802431,"RJ"
28.7,11,1.05910050842906,1.03732828109947,1.08132970766575,"RJ"
28.7,12,1.07861735125574,1.04957002813521,1.10846857212282,"RJ"
28.8,0,1.06882334312631,1.04056290520522,1.09785130057697,"RJ"
28.8,1,1.05080477847776,1.02999874366659,1.07203109640793,"RJ"
28.8,2,1.03413056358044,1.01873476849527,1.04975903012597,"RJ"
28.8,3,1.01977218132241,1.00654075766867,1.03317753789498,"RJ"
28.8,4,1.00865495227011,0.994688202097507,1.02281781425944,"RJ"
28.8,5,1.00168459237445,0.98614328609904,1.0174708247211,"RJ"
28.8,6,0.999782410834945,0.983412084828569,1.016425244753,"RJ"
28.8,7,1.00359295514876,0.987688257543526,1.01975376535227,"RJ"
28.8,8,1.01250189805145,0.997722352841202,1.02750037687184,"RJ"
28.8,9,1.02561175971397,1.01105828406146,1.04037472245235,"RJ"
28.8,10,1.04203382244025,1.02500234971212,1.05934829067894,"RJ"
28.8,11,1.0608527126297,1.03832922450645,1.08386478135462,"RJ"
28.8,12,1.08109931667161,1.05106588978589,1.11199092641652,"RJ"
28.9,0,1.07053901882436,1.04139772735713,1.10049576710129,"RJ"
28.9,1,1.05193341412499,1.03047283853318,1.07384092658648,"RJ"
28.9,2,1.03472593263424,1.01883389284608,1.0508658606507,"RJ"
28.9,3,1.01991759556479,1.00625520399319,1.03376548773574,"RJ"
28.9,4,1.0084603697121,0.994051181814729,1.02307842481838,"RJ"
28.9,5,1.00128549009681,0.985264425663279,1.01756706784929,"RJ"
28.9,6,0.999340936520578,0.98246661083408,1.01650508667972,"RJ"
28.9,7,1.00329117233234,0.986884849429171,1.01997023975211,"RJ"
28.9,8,1.01250452467548,0.997236954953362,1.0280058389295,"RJ"
28.9,9,1.02605889385655,1.01100701954541,1.0413348604993,"RJ"
28.9,10,1.0430415446781,1.02543622990136,1.0609491182393,"RJ"
28.9,11,1.06251138424016,1.03925526116523,1.08628792542667,"RJ"
28.9,12,1.0834700501424,1.05247662211867,1.115376175475,"RJ"
29,0,1.0721334619665,1.04213227865461,1.10299832738339,"RJ"
29,1,1.05296094017098,1.03086083090304,1.07553484261741,"RJ"
29,2,1.03523913511648,1.0188614620105,1.05188007088022,"RJ"
29,3,1.01999753106139,1.00591317936116,1.03427908562853,"RJ"
29,4,1.00821368652846,0.993371959088668,1.02327716058732,"RJ"
29,5,1.00084332114497,0.984353791430041,1.01760907734735,"RJ"
29,6,0.998860065111371,0.981493485243924,1.01653392984706,"RJ"
29,7,1.00294763713312,0.986050509360628,1.02013431693591,"RJ"
29,8,1.01245776851978,0.996711467703366,1.02845283339424,"RJ"
29,9,1.02644483341684,1.01090354044416,1.04222505303048,"RJ"
29,10,1.04397317107792,1.02580569408482,1.06246240220263,"RJ"
29,11,1.06407706382761,1.04010540118407,1.08860120952646,"RJ"
29,12,1.08572999446529,1.05380037878993,1.11862706126109,"RJ"
29.1,0,1.07360740640837,1.04276448537217,1.10536260034166,"RJ"
29.1,1,1.0538881167289,1.03116155319211,1.07711556850051,"RJ"
29.1,2,1.03567090173621,1.01881698731538,1.05280362425981,"RJ"
29.1,3,1.02001264951873,1.00551441153545,1.0347199336402,"RJ"
29.1,4,1.0079154797899,0.99265001099456,1.02341570860637,"RJ"
29.1,5,1.00035858935056,0.983410518645171,1.01759874265541,"RJ"
29.1,6,0.998340262745638,0.980491693339702,1.01651374202282,"RJ"
29.1,7,1.00256282489411,0.985184367064599,1.02024783529047,"RJ"
29.1,8,1.01236214687084,0.996145372133651,1.0288429230181,"RJ"
29.1,9,1.02677014401728,1.01074761293799,1.04304666679431,"RJ"
29.1,10,1.0448292934247,1.02611035505037,1.06388971422549,"RJ"
29.1,11,1.06555032235183,1.04087863146318,1.090806800278,"RJ"
29.1,12,1.0878796366042,1.05503526066049,1.12174649309557,"RJ"
29.2,0,1.07496163396058,1.04329223181192,1.10759236889968,"RJ"
29.2,1,1.05471573652766,1.03137381802602,1.07858592630185,"RJ"
29.2,2,1.03602198397764,1.01869997490593,1.05363853708161,"RJ"
29.2,3,1.01996362512631,1.00505862504411,1.0350896660731,"RJ"
29.2,4,1.00756633388387,0.99188480467655,1.02349578538732,"RJ"
29.2,5,0.999831803147809,0.98243372611752,1.01753798552536,"RJ"
29.2,6,0.997781999293713,0.979460202420011,1.01644652396774,"RJ"
29.2,7,1.00213721542654,0.984285538612924,1.02031266248015,"RJ"
29.2,8,1.0122181839471,0.995538143532956,1.02917769506763,"RJ"
29.2,9,1.0270354029034,1.01053900329409,1.04380109563172,"RJ"
29.2,10,1.04561052261306,1.02634982262754,1.06523267300832,"RJ"
29.2,11,1.06693176048895,1.0415739189896,1.09290695627664,"RJ"
29.2,12,1.08991950684157,1.05617932102258,1.12473754006435,"RJ"
29.3,0,1.0761969732365,1.04371337046806,1.10969156664535,"RJ"
29.3,1,1.0554446240345,1.03149642462503,1.07994882755727,"RJ"
29.3,2,1.03629315347224,1.01850992923294,1.05438687352042,"RJ"
29.3,3,1.01985114412957,1.00454554354106,1.03538994610041,"RJ"
29.3,4,1.00716684022912,0.991075800245302,1.02351913325503,"RJ"
29.3,5,0.999263475371617,0.981422520009164,1.01742875556028,"RJ"
29.3,6,0.997185748187591,0.978397965989926,1.01633430460206,"RJ"
29.3,7,1.00167129282317,0.983353130203332,1.02033069102915,"RJ"
29.3,8,1.01202641065056,0.99488925413131,1.02945875794843,"RJ"
29.3,9,1.02724119858762,1.01027747962698,1.04448975786865,"RJ"
29.3,10,1.04631748814082,1.02652370579977,1.0664929409851,"RJ"
29.3,11,1.06822200794645,1.04219021463328,1.09490402254705,"RJ"
29.3,12,1.09185017791124,1.05723057184979,1.12760342232533,"RJ"
29.4,0,1.07731429848165,1.04402573374229,1.11166426286528,"RJ"
29.4,1,1.05607563457,1.03152816605037,1.08120726378494,"RJ"
29.4,2,1.03648520136892,1.01824635691395,1.05505074028716,"RJ"
29.4,3,1.01967590440353,1.00397489237537,1.03562246219243,"RJ"
29.4,4,1.00671759699177,0.990222453957353,1.02348751640865,"RJ"
29.4,5,0.998654123056986,0.980375998040197,1.01727302534168,"RJ"
29.4,6,0.996551986251893,0.977303928410368,1.01617913571466,"RJ"
29.4,7,1.00116554527292,0.982386242304507,1.0203038335414,"RJ"
29.4,8,1.0117873643196,0.994198175993353,1.02968773763235,"RJ"
29.4,9,1.02738813049336,1.00996281376826,1.04511409359755,"RJ"
29.4,10,1.04695083760027,1.02663161501258,1.06767222080774,"RJ"
29.4,11,1.06942172277019,1.0427264574783,1.09680042443592,"RJ"
29.4,12,1.09367226411341,1.05818699114622,1.13034750124391,"RJ"
29.5,0,1.07831452838627,1.04422714721673,1.11351464595429,"RJ"
29.5,1,1.05660965341625,1.03146783730886,1.0823642961134,"RJ"
29.5,2,1.03659893770299,1.01790877096465,1.05563228090533,"RJ"
29.5,3,1.01943861502746,1.00334640136782,1.03578892433594,"RJ"
29.5,4,1.00621920880289,0.989324221675283,1.02340271670436,"RJ"
29.5,5,0.998004267240039,0.979293254106184,1.01707278514688,"RJ"
29.5,6,0.995881193536223,0.976177030003028,1.01598308621957,"RJ"
29.5,7,1.00062046487675,0.981383974158701,1.02023401756534,"RJ"
29.5,8,1.01150158848284,0.993464384105282,1.02986627389239,"RJ"
29.5,9,1.02747680859952,1.00959478324607,1.04567556184821,"RJ"
29.5,10,1.04751123616734,1.02667316468266,1.06877225162109,"RJ"
29.5,11,1.07053159064419,1.04318157970963,1.0985986609217,"RJ"
29.5,12,1.0953864204131,1.05904653144665,1.13297326830995,"RJ"
29.6,0,1.07919862488265,1.0443154444399,1.11524700525065,"RJ"
29.6,1,1.05704759491932,1.03131424428449,1.0834230440596,"RJ"
29.6,2,1.03663519076426,1.0174966953838,1.05613366962878,"RJ"
29.6,3,1.01913999586079,1.00265980778615,1.03589106005599,"RJ"
29.6,4,1.00567228647782,0.988380562597919,1.02326652917088,"RJ"
29.6,5,0.997314432760623,0.978173383292187,1.0168300372732,"RJ"
29.6,6,0.995173853148981,0.975016212590634,1.01574823598057,"RJ"
29.6,7,1.00003654746509,0.980345428622165,1.02012318012383,"RJ"
29.6,8,1.01116963261447,0.992687359643124,1.02999601635833,"RJ"
29.6,9,1.02750785308565,1.00917317336994,1.04617563765309,"RJ"
29.6,10,1.04799936608933,1.0266479759067,1.06979480513139,"RJ"
29.6,11,1.07155232418399,1.04355451206172,1.10030129733769,"RJ"
29.6,12,1.09699334152319,1.05980712949248,1.13548433281675,"RJ"
29.7,0,1.07996759192884,1.04428848312661,1.11686571140243,"RJ"
29.7,1,1.05739040158677,1.03106621343597,1.0843866735211,"RJ"
29.7,2,1.03659480646503,1.01700967006273,1.05655710503126,"RJ"
29.7,3,1.01878077712061,1.00191485950305,1.03593061025692,"RJ"
29.7,4,1.00507744673744,0.987390943240118,1.02308075727872,"RJ"
29.7,5,0.996585148066593,0.977015487252941,1.01654678999964,"RJ"
29.7,6,0.99443045109268,0.973820425436297,1.01547666924047,"RJ"
29.7,7,0.999414292416632,0.979269717310971,1.01997326194194,"RJ"
29.7,8,1.01079205189099,0.991866593402966,1.03007862041272,"RJ"
29.7,9,1.02748189397796,1.00869777941256,1.04661580901602,"RJ"
29.7,10,1.0484159261715,1.02655567936279,1.07074168147638,"RJ"
29.7,11,1.07248466222418,1.04384418982066,1.10191095751917,"RJ"
29.7,12,1.09849376097327,1.06046671707776,1.13788440831257,"RJ"
29.8,0,1.08062247428019,1.04414416261477,1.11837519542813,"RJ"
29.8,1,1.05763904318132,1.03072260216877,1.08525838407716,"RJ"
29.8,2,1.03647864770821,1.01644725597789,1.05690480331073,"RJ"
29.8,3,1.01836169896094,1.00111131831415,1.03590932490604,"RJ"
29.8,4,1.0044353119313,0.986354841632283,1.02284720799357,"RJ"
29.8,5,0.995816945019852,0.975818679914576,1.01622505123132,"RJ"
29.8,6,0.993651476100819,0.972588631529802,1.01517046770774,"RJ"
29.8,7,0.998754202478751,0.978155966007454,1.01978620141787,"RJ"
29.8,8,1.01036940694944,0.991001589367199,1.03011574295377,"RJ"
29.8,9,1.02739957079642,1.00816840887645,1.04699757379724,"RJ"
29.8,10,1.04876163126289,1.02639591839137,1.07161470491137,"RJ"
29.8,11,1.07332936910095,1.04404955935613,1.10343031540104,"RJ"
29.8,12,1.09988845016557,1.06102323302636,1.14017729786844,"RJ"
29.9,0,1.08116435625037,1.04388044236362,1.11977992669309,"RJ"
29.9,1,1.05779451581148,1.03028230976002,1.08604139572333,"RJ"
29.9,2,1.03628759375632,1.01580904061324,1.05717899136334,"RJ"
29.9,3,1.01788351105409,1.00024896338675,1.03582895859017,"RJ"
29.9,4,1.00374650976299,0.985271751700725,1.02256768665322,"RJ"
29.9,5,0.995010358704204,0.97458209343947,1.01586682188529,"RJ"
29.9,6,0.99283741947638,0.971319814153318,1.01483170336822,"RJ"
29.9,7,0.998056783589533,0.977003320270855,1.01956392839374,"RJ"
29.9,8,1.00990226364738,0.990091868374814,1.03010903805747,"RJ"
29.9,9,1.02726153220314,1.00758488383001,1.04732243653069,"RJ"
29.9,10,1.04903721174189,1.02616835223718,1.07241571933106,"RJ"
29.9,11,1.07408723393038,1.04416958514341,1.10486208610814,"RJ"
29.9,12,1.10117821741901,1.06147463622525,1.14236687824239,"RJ"
30,0,1.08159436046326,1.04349536122191,1.12108439007919,"RJ"
30,1,1.05785784102005,1.02974428868572,1.0867389351932,"RJ"
30,2,1.03602253960162,1.01509464354786,1.05738189969278,"RJ"
30,3,1.0173469721743,0.999327594804065,1.03569126598084,"RJ"
30,4,1.00301167301766,0.984141187781559,1.02224399171574,"RJ"
30,5,0.994165927235099,0.9733048843829,1.01547408908964,"RJ"
30,6,0.991988774931972,0.970012983644787,1.01446243110431,"RJ"
30,7,0.997322544701461,0.975810951185147,1.01930835779386,"RJ"
30,8,1.00939119282459,0.989136971858472,1.03006015257676,"RJ"
30,9,1.02706843565226,1.00694704329453,1.04759190519281,"RJ"
30,10,1.0492434130018,1.02587265942842,1.07314658365207,"RJ"
30,11,1.07475906988304,1.0442032572193,1.10620901659692,"RJ"
30,12,1.10236390700268,1.0618189196014,1.14445708305744,"RJ"
30.1,0,1.08191364659727,1.04298705714361,1.12229306267626,"RJ"
30.1,1,1.05783006487138,1.02910755617426,1.08735422204625,"RJ"
30.1,2,1.03568439533805,1.01430372213457,1.05751575523098,"RJ"
30.1,3,1.01675284978389,0.998347037164317,1.03549799724954,"RJ"
30.1,4,1.00223143929198,0.982962689213356,1.0218779094343,"RJ"
30.1,5,0.993284191571329,0.971986239958684,1.01504881927901,"RJ"
30.1,6,0.991106038431708,0.96866718426466,1.01406468121605,"RJ"
30.1,7,0.996551997606849,0.97457806116787,1.01902138320671,"RJ"
30.1,8,1.00883677006664,0.988136465606499,1.02997072171992,"RJ"
30.1,9,1.02682094704156,1.00625474566103,1.04780748794451,"RJ"
30.1,10,1.04938099493691,1.02550854126393,1.07380916708656,"RJ"
30.1,11,1.07534571345577,1.04414959899961,1.10747387592315,"RJ"
30.1,12,1.10344639815979,1.06205412489153,1.14645188514868,"RJ"
30.2,0,1.08212341012352,1.04235378698637,1.12341039036554,"RJ"
30.2,1,1.0577122570382,1.02837120578881,1.08789045472223,"RJ"
30.2,2,1.03527408553526,1.01343597718723,1.05758277415374,"RJ"
30.2,3,1.01610191962226,0.997307143189896,1.0352508934787,"RJ"
30.2,4,1.00140645072646,0.981735824947464,1.0214712085201,"RJ"
30.2,5,0.992365695328738,0.970625384321491,1.01459295127924,"RJ"
30.2,6,0.99018970803482,0.967281501061554,1.01364045194915,"RJ"
30.2,7,0.995745656765073,0.973303889756606,1.01870487049472,"RJ"
30.2,8,1.00823957547044,0.987089943504446,1.02984236465401,"RJ"
30.2,9,1.02651974036584,1.00550787111362,1.0479706898701,"RJ"
30.2,10,1.04945073142935,1.02507572537511,1.07440534434135,"RJ"
30.2,11,1.0758480237412,1.0440076753706,1.1086594452258,"RJ"
30.2,12,1.10442660412334,1.06217835801746,1.14835527827179,"RJ"
30.3,0,1.08222488103931,1.04159394599785,1.124440764696,"RJ"
30.3,1,1.05750550988894,1.02753441882608,1.08835079677731,"RJ"
30.3,2,1.03479254861538,1.01249115858816,1.05758515478105,"RJ"
30.3,3,1.01539496529777,0.996207797298072,1.03495168211735,"RJ"
30.3,4,1.00053735374048,0.980460198110206,1.02102563485956,"RJ"
30.3,5,0.991410984595998,0.969221584766569,1.01410838948075,"RJ"
30.3,6,0.989240283741094,0.965855066625225,1.01319170214166,"RJ"
30.3,7,0.99490403913165,0.971987719284863,1.0183606515201,"RJ"
30.3,8,1.00760019341182,0.985997031208409,1.02967668018154,"RJ"
30.3,9,1.02616549737251,1.00470632403442,1.04808300973898,"RJ"
30.3,10,1.0494534098372,1.02457396932467,1.07493699078151,"RJ"
30.3,11,1.07626688169572,1.04377660095252,1.10976850753116,"RJ"
30.3,12,1.10530547112451,1.06218980484593,1.15017125839856,"RJ"
30.4,0,1.08221932259829,1.04070608657933,1.12538850046961,"RJ"
30.4,1,1.05721093757631,1.02659647531093,1.08873836352542,"RJ"
30.4,2,1.03424073623272,1.01146907072423,1.05752507065521,"RJ"
30.4,3,1.01463277788297,0.995048919082942,1.03460207253257,"RJ"
30.4,4,0.999624798769891,0.979135450448236,1.02054290635509,"RJ"
30.4,5,0.990420607752528,0.967774157743742,1.01359699720421,"RJ"
30.4,6,0.988258267338145,0.964387067611669,1.01272034410509,"RJ"
30.4,7,0.994027663989212,0.970628880356912,1.01799051807784,"RJ"
30.4,8,1.00691921231531,0.98485738970112,1.02947524253981,"RJ"
30.4,9,1.02575890721934,1.00385003536373,1.04814593681672,"RJ"
30.4,10,1.04938983048405,1.02400306420153,1.07540597760028,"RJ"
30.4,11,1.07660318940656,1.04345554842158,1.1108038374933,"RJ"
30.4,12,1.10608397739501,1.06208674708307,1.15190380485398,"RJ"
30.5,0,1.08210803003872,1.03968893591688,1.12625781445066,"RJ"
30.5,1,1.05682967512788,1.02555676436667,1.08905620930756,"RJ"
30.5,2,1.03361961265705,1.01036957765906,1.05740466389004,"RJ"
30.5,3,1.01381615551308,0.993830466657359,1.03420375170857,"RJ"
30.5,4,0.99866944000748,0.977761266587473,1.02002470795935,"RJ"
30.5,5,0.989395115288588,0.966282474582012,1.01306059036242,"RJ"
30.5,6,0.987244162250577,0.962876750925484,1.01222823685486,"RJ"
30.5,7,0.993117052780443,0.969226757031854,1.01759621612561,"RJ"
30.5,8,1.00619722442614,0.983670718682025,1.02923959737196,"RJ"
30.5,9,1.02530066613466,1.00293896488876,1.04816094775296,"RJ"
30.5,10,1.04926080615055,1.0233628381684,1.07581416703988,"RJ"
30.5,11,1.07685786935862,1.04304375676742,1.111768191196,"RJ"
30.5,12,1.1067631321644,1.06186757803187,1.15355686157093,"RJ"
30.6,0,1.08189232931109,1.03854141208899,1.12705280559567,"RJ"
30.6,1,1.05636287753954,1.02441479374954,1.08930731560329,"RJ"
30.6,2,1.03293015416075,1.00919260795196,1.05722603888249,"RJ"
30.6,3,1.01294590298828,0.99255243980444,1.03375838014454,"RJ"
30.6,4,0.99767193514628,0.976337378037317,1.01947268697161,"RJ"
30.6,5,0.988335059627616,0.964745966824193,1.01250093151945,"RJ"
30.6,6,0.986198473391082,0.961323429449032,1.01171717980111,"RJ"
30.6,7,0.992172728943013,0.967780791630927,1.01717944039712,"RJ"
30.6,8,1.00543482558456,0.982436759744058,1.02897125791753,"RJ"
30.6,9,1.02479147708017,1.00197310343393,1.04812950357344,"RJ"
30.6,10,1.04906716156818,1.02265315991714,1.07616340770891,"RJ"
30.6,11,1.0770318637017,1.04254053935709,1.11266429614726,"RJ"
30.6,12,1.10734397465344,1.06153081792773,1.15513431875206,"RJ"
30.7,0,1.08157357580654,1.03726263829552,1.12777743716405,"RJ"
30.7,1,1.05581171887258,1.02317019835353,1.08949458018079,"RJ"
30.7,2,1.03217334841025,1.00793815903907,1.05699125647164,"RJ"
30.7,3,1.01202283137967,0.991214882890398,1.03326758799985,"RJ"
30.7,4,0.996632945125882,0.974863566875386,1.01888844866151,"RJ"
30.7,5,0.987240994950855,0.963164131077722,1.01191972444093,"RJ"
30.7,6,0.985121707013495,0.959726487216399,1.01118890700196,"RJ"
30.7,7,0.991195217746562,0.966290489088697,1.01674182947844,"RJ"
30.7,8,1.00463261500257,0.981155299292787,1.02867170146702,"RJ"
30.7,9,1.02423204941651,1.00095247492676,1.04805304680294,"RJ"
30.7,10,1.04880973291549,1.02187394198671,1.07645553004283,"RJ"
30.7,11,1.07712613351863,1.04194529167477,1.11349484159954,"RJ"
30.7,12,1.10782757306454,1.06107512856344,1.15663999523168,"RJ"
30.8,0,1.08115315308722,1.03585195490446,1.1284355210183,"RJ"
30.8,1,1.05517739135504,1.02182274751662,1.08962080745683,"RJ"
30.8,2,1.03135019386217,1.00660630110116,1.05670232862237,"RJ"
30.8,3,1.01104775763929,0.989817887494165,1.03273297153207,"RJ"
30.8,4,0.995553133881803,0.973339669053631,1.01827355227959,"RJ"
30.8,5,0.98611347702431,0.961536533297881,1.01131860921994,"RJ"
30.8,6,0.984014370567852,0.958085383942417,1.01064508206947,"RJ"
30.8,7,0.990185046131775,0.964755420778217,1.01628496141757,"RJ"
30.8,8,1.00379119504313,0.979826171167744,1.0283423661212,"RJ"
30.8,9,1.02362309857175,0.999877138314189,1.04793299874447,"RJ"
30.8,10,1.0484893673174,1.02102514389921,1.07669234195291,"RJ"
30.8,11,1.07714165809513,1.04125749860792,1.11426246932683,"RJ"
30.8,12,1.10821502357045,1.06049932692219,1.1580776218233,"RJ"
30.9,0,1.08063247161999,1.03430892907785,1.12903070435702,"RJ"
30.9,1,1.0544611044881,1.02037235099205,1.08968870020559,"RJ"
30.9,2,1.03046169916451,1.00519718035329,1.05636121369918,"RJ"
30.9,3,1.01002150421439,0.98836159471429,1.03215608986749,"RJ"
30.9,4,0.99443316809802,0.971765577274299,1.01762950750655,"RJ"
30.9,5,0.984953063028097,0.959862812432808,1.01069915804905,"RJ"
30.9,6,0.982876972557492,0.95639965883248,1.01008729380255,"RJ"
30.9,7,0.989142742551597,0.963175227751972,1.0158103499257,"RJ"
30.9,8,1.00291117100201,0.97844925893114,1.02798464789007,"RJ"
30.9,9,1.02296534571297,0.998747189306408,1.04777075693839,"RJ"
30.9,10,1.04810692234753,1.02010677507122,1.07687562470715,"RJ"
30.9,11,1.07707943419176,1.04047674115722,1.11496976498349,"RJ"
30.9,12,1.10850744930196,1.05980239755496,1.1594508259208,"RJ"
31,0,1.08001296751447,1.03263336181265,1.12956645904981,"RJ"
31,1,1.05366408415825,1.01881906348481,1.08970085271829,"RJ"
31,2,1.02950888256322,1.00371102170476,1.05596981238324,"RJ"
31,3,1.00894489866594,0.986846197119792,1.03153846213835,"RJ"
31,4,0.993273716962734,0.97014124339345,1.01695777138386,"RJ"
31,5,0.983760311388214,0.958142683375234,1.01006287169405,"RJ"
31,6,0.981710022398215,0.954668933616981,1.00951705260346,"RJ"
31,7,0.988068836814627,0.961549623354065,1.01531944121486,"RJ"
31,8,1.00199315089217,0.977024497795442,1.02759989816042,"RJ"
31,9,1.02225951742106,0.997562761927438,1.04756769282247,"RJ"
31,10,1.04766326553413,1.01911889746098,1.07700712908393,"RJ"
31,11,1.0769404753186,1.03960270245768,1.11561925015934,"RJ"
31,12,1.10870599933582,1.05898350346667,1.16076311759271,"RJ"
31.1,0,1.07929610126685,1.0308252923119,1.13004607366323,"RJ"
31.1,1,1.05278757175582,1.01716308769427,1.08965974547502,"RJ"
31.1,2,1.02849277131462,1.00214813075236,1.05552996427013,"RJ"
31.1,3,1.00781877329179,0.985271940318798,1.03088156501313,"RJ"
31.1,4,0.992075451927465,0.968466680320241,1.01625974575773,"RJ"
31.1,5,0.982535781610774,0.956375939183163,1.00941117670737,"RJ"
31.1,6,0.980514030279552,0.952892914773938,1.00893578771454,"RJ"
31.1,7,0.986963859930716,0.959878395173982,1.01481361150209,"RJ"
31.1,8,1.00103774523093,0.975551876168331,1.02718942155375,"RJ"
31.1,9,1.02150634536888,0.996324029854639,1.04732514961135,"RJ"
31.1,10,1.04715927386977,1.01806162791566,1.07708857183476,"RJ"
31.1,11,1.07672581101331,1.03863517301236,1.11621337523149,"RJ"
31.1,12,1.10881184768372,1.05804199531285,1.16201787737191,"RJ"
31.2,0,1.0784833565104,1.02888499968206,1.1304726481865,"RJ"
31.2,1,1.05183282330057,1.01540477584514,1.08956774134886,"RJ"
31.2,2,1.02741440110385,1.00050889508585,1.05504344517097,"RJ"
31.2,3,1.00664396475445,0.983639124126605,1.03018683063905,"RJ"
31.2,4,0.990839046469522,0.966741963391569,1.01553677525735,"RJ"
31.2,5,0.981280034118759,0.954562452549947,1.00874542340092,"RJ"
31.2,6,0.979289507028156,0.951071394923947,1.00834484529117,"RJ"
31.2,7,0.985828343958834,0.958161406327736,1.01429416519433,"RJ"
31.2,8,1.00004556682985,0.974031436801063,1.0267544741888,"RJ"
31.2,9,1.02070656600299,0.99503120753266,1.0470444404101,"RJ"
31.2,10,1.04659583332513,1.01693514018822,1.07712163248758,"RJ"
31.2,11,1.07643648612296,1.03757405505747,1.116754513096,"RJ"
31.2,12,1.10882619228336,1.05697741875269,1.16321834589853,"RJ"
31.3,0,1.07757623877394,1.0268130020286,1.13084909138874,"RJ"
31.3,1,1.0508011085749,1.01354462972911,1.08942708332179,"RJ"
31.3,2,1.02627481546974,0.998793784899965,1.05451196512294,"RJ"
31.3,3,1.00542131371375,0.981948103322985,1.02945564500711,"RJ"
31.3,4,0.989565175857956,0.964967231213354,1.01479014581613,"RJ"
31.3,5,0.979993630091301,0.952702176522473,1.00806688457993,"RJ"
31.3,6,0.978036963973349,0.949204253401938,1.00774548730678,"RJ"
31.3,7,0.984662821857209,0.956398596067648,1.01376233375318,"RJ"
31.3,8,0.999017230587557,0.972463277533955,1.02629626235525,"RJ"
31.3,9,1.01986092022896,0.993684551050847,1.0467268465735,"RJ"
31.3,10,1.0459738383671,1.01573966659879,1.07710795051639,"RJ"
31.3,11,1.07607356009027,1.03641936599731,1.1172449538427,"RJ"
31.3,12,1.10875025399238,1.05578951985453,1.16436761552391,"RJ"
31.4,0,1.07657627424919,1.02461005309172,1.13117812067037,"RJ"
31.4,1,1.04969371026544,1.01158329931716,1.08923989365443,"RJ"
31.4,2,1.02507506523645,0.997003352923253,1.05393716710038,"RJ"
31.4,3,1.00415166446445,0.980199287996812,1.02868934674231,"RJ"
31.4,4,0.988254516923031,0.963142685971325,1.01402108373364,"RJ"
31.4,5,0.978677131305554,0.950795144483789,1.0073767550217,"RJ"
31.4,6,0.976756912814852,0.947291456029525,1.00713889126628,"RJ"
31.4,7,0.9834678273358,0.954589979736706,1.01321927522367,"RJ"
31.4,8,0.997953353285339,0.970847551640328,1.0258159415974,"RJ"
31.4,9,1.01897015310046,0.992284358776945,1.04637361631836,"RJ"
31.4,10,1.04529419148156,1.01447549932223,1.07704912289659,"RJ"
31.4,11,1.07563810624468,1.03517124086904,1.11768690041499,"RJ"
31.4,12,1.10858527558621,1.0544782485017,1.1654686239311,"RJ"
31.5,0,1.07548500856817,1.02227713662197,1.13146226421243,"RJ"
31.5,1,1.04851192311333,1.00952158003532,1.08900817441896,"RJ"
31.5,2,1.02381620795212,0.995138233687848,1.05332062640279,"RJ"
31.5,3,1.00283586457905,0.97839314348405,1.02788922631325,"RJ"
31.5,4,0.986907747829298,0.961268593225185,1.0132307552644,"RJ"
31.5,5,0.977331099981174,0.948841469432592,1.00667615166695,"RJ"
31.5,6,0.975449865492724,0.945333054129164,1.00652615068696,"RJ"
31.5,7,0.982243894711108,0.952735648096924,1.0126660743979,"RJ"
31.5,8,0.996854553385808,0.969184467777504,1.02531461619972,"RJ"
31.5,9,1.01803501351232,0.990830971743754,1.04598596359286,"RJ"
31.5,10,1.04455780270092,1.01314299128977,1.07694670205867,"RJ"
31.5,11,1.07513121109885,1.03382993381927,1.11808246527417,"RJ"
31.5,12,1.1083325207606,1.05304375979922,1.16652414977491,"RJ"
31.6,0,1.0743040055916,1.01981545874185,1.13170386518165,"RJ"
31.6,1,1.04725705307405,1.00736040882367,1.08873380927691,"RJ"
31.6,2,1.02249930733477,0.993199142177496,1.05266385068347,"RJ"
31.6,3,1.0014747645558,0.976530189912647,1.02705652564802,"RJ"
31.6,4,0.985525547852322,0.959345281210073,1.01242026670993,"RJ"
31.6,5,0.975956098627437,0.946841342606131,1.00596611447744,"RJ"
31.6,6,0.974116334059523,0.943329182836243,1.00590827629075,"RJ"
31.6,7,0.980991558763379,0.950835766072819,1.01210374357258,"RJ"
31.6,8,0.995721450834519,0.967474289560181,1.02479333905888,"RJ"
31.6,9,1.01705625389752,0.989324773789192,1.04556506720256,"RJ"
31.6,10,1.0437655891369,1.01174255669971,1.076802194246,"RJ"
31.6,11,1.07455397365088,1.03239581859654,1.11843366806598,"RJ"
31.6,12,1.10799327313967,1.05148641353173,1.16753681029443,"RJ"
31.7,0,1.07303484620911,1.01722643857138,1.13190508771683,"RJ"
31.7,1,1.04593041648708,1.00510085911894,1.08841856636337,"RJ"
31.7,2,1.02112543272587,0.99118687190178,1.05196828057153,"RJ"
31.7,3,1.00006921747211,0.974611001374585,1.02619243813654,"RJ"
31.7,4,0.984108597159122,0.957373139677929,1.01159066498178,"RJ"
31.7,5,0.974552689893032,0.944795031504657,1.00524760790199,"RJ"
31.7,6,0.972756830554721,0.941280058777284,1.00528619784004,"RJ"
31.7,7,0.979711354596207,0.948890570960798,1.01153322384989,"RJ"
31.7,8,0.994554666864677,0.965717334777394,1.02425311192153,"RJ"
31.7,9,1.01603462992832,0.987766191453916,1.04511207018947,"RJ"
31.7,10,1.04291847451857,1.0102746711388,1.07661705827594,"RJ"
31.7,11,1.07390750469294,1.03086938808453,1.11874243426584,"RJ"
31.7,12,1.10756883529033,1.04980677176838,1.16850906080556,"RJ"
31.8,0,1.07167912715251,1.01451169741391,1.13206792440344,"RJ"
31.8,1,1.04453333925603,1.00274413491502,1.08806410212493,"RJ"
31.8,2,1.01969565855165,0.989102292453171,1.05123529083146,"RJ"
31.8,3,0.998620078643512,0.97263620475111,1.02529810899355,"RJ"
31.8,4,0.982657576592376,0.955352618318599,1.01074293859566,"RJ"
31.8,5,0.973121436418549,0.94270287738442,1.00452152288397,"RJ"
31.8,6,0.971371866881384,0.939185977191225,1.00466076654008,"RJ"
31.8,7,0.978403817498572,0.946900370162621,1.01095538692352,"RJ"
31.8,8,0.993354823804955,0.963913974279343,1.02369488596148,"RJ"
31.8,9,1.01497090022166,0.986155693644041,1.0446280794568,"RJ"
31.8,10,1.04201738873599,1.00873987132236,1.0763927046968,"RJ"
31.8,11,1.07319292612655,1.02925125292004,1.11901059476053,"RJ"
31.8,12,1.10706052774387,1.0480055947492,1.16944319594193,"RJ"
31.9,0,1.07023845982257,1.01167304680399,1.13219420493795,"RJ"
31.9,1,1.04306715603969,1.00029156406257,1.0876719659516,"RJ"
31.9,2,1.01821106379254,0.986946346609725,1.05046619199809,"RJ"
31.9,3,0.997128205288164,0.970606478221863,1.02437463595202,"RJ"
31.9,4,0.981173167458446,0.953284224805996,1.00987801905183,"RJ"
31.9,5,0.971662900691686,0.94056529229223,1.00378867933737,"RJ"
31.9,6,0.969961954685138,0.93704730857639,1.00403275792549,"RJ"
31.9,7,0.977069482809337,0.944865538506166,1.0103710372871,"RJ"
31.9,8,0.992122544890475,0.962064630564335,1.02311956266656,"RJ"
31.9,9,1.01386582604888,0.984493791069624,1.04411416562919,"RJ"
31.9,10,1.04106326738965,1.00713875446725,1.07613049532716,"RJ"
31.9,11,1.07241137028506,1.02754213925604,1.11923988630711,"RJ"
31.9,12,1.10646968802539,1.04608383521918,1.17034135248107,"RJ"
32,0,1.06871446913054,1.00871247571309,1.13228560568912,"RJ"
32,1,1.0415332094545,0.997744590970184,1.08724360544192,"RJ"
32,2,1.01667273146091,0.984720047050155,1.0496622324208,"RJ"
32,3,0.995594456197151,0.968522549492203,1.02342307025292,"RJ"
32,4,0.979656051319254,0.951168522518412,1.00899678255265,"RJ"
32,5,0.970177644905206,0.93838275571781,1.00304982901547,"RJ"
32,6,0.968527605235443,0.934864494948277,1.00340287514609,"RJ"
32,7,0.975708885784219,0.942786515219439,1.00978091479883,"RJ"
32,8,0.990858454076998,0.960169776099097,1.02252799500172,"RJ"
32,9,1.01272017104984,0.982781035472269,1.0435713631352,"RJ"
32,10,1.04005705134588,1.00547197731685,1.07583174315897,"RJ"
32,11,1.07156397926368,1.02574288574399,1.11943195279639,"RJ"
32,12,1.10579766969192,1.04404263139872,1.17120551356978,"RJ"
32.1,0,1.06710879235494,1.00563213719318,1.13234365987895,"RJ"
32.1,1,1.03993284928875,0.995104768864834,1.08678037214463,"RJ"
32.1,2,1.01508174808725,0.982424472749579,1.0488246006495,"RJ"
32.1,3,0.994019691410562,0.966385193775387,1.02244441789492,"RJ"
32.1,4,0.978106909788076,0.949006127984184,1.00810005200633,"RJ"
32.1,5,0.968666230817647,0.936155810940773,1.00230565869535,"RJ"
32.1,6,0.967069329309173,0.932638045792971,1.00277175256702,"RJ"
32.1,7,0.974322561465265,0.940663800624448,1.0091856975362,"RJ"
32.1,8,0.989563175858351,0.95822993140757,1.02192098881366,"RJ"
32.1,9,1.01153470095159,0.981018018657511,1.04300067049679,"RJ"
32.1,10,1.03899968629847,1.00374025484212,1.07549771260109,"RJ"
32.1,11,1.07065190425742,1.0238544398198,1.1195883472379,"RJ"
32.1,12,1.10504584137984,1.04188329879442,1.17203751414757,"RJ"
32.2,0,1.06542307801454,1.00243433471564,1.13236976812849,"RJ"
32.2,1,1.03826743172912,0.992373751760949,1.08628352762907,"RJ"
32.2,2,1.01343920321522,0.980060765123831,1.04795442809481,"RJ"
32.2,3,0.992404771899507,0.964195231567561,1.02143964110644,"RJ"
32.2,4,0.976526424329268,0.94679770810439,1.00718859926535,"RJ"
32.2,5,0.967129219616828,0.933885061147417,1.00155679360311,"RJ"
32.2,6,0.965587637076538,0.930368533798273,1.00213995960144,"RJ"
32.2,7,0.972911044552834,0.938497952616232,1.00858600487533,"RJ"
32.2,8,0.98823733508715,0.956245662964282,1.02129930444101,"RJ"
32.2,9,1.01031018329163,0.979205371349432,1.04240305080855,"RJ"
32.2,10,1.03789212233668,1.00194435864625,1.07512962003599,"RJ"
32.2,11,1.06967630490746,1.02187785338498,1.11971053437578,"RJ"
32.2,12,1.10421558586232,1.03960732105995,1.1728390473608,"RJ"
32.3,0,1.06365898475819,0.999121508434923,1.13236520914163,"RJ"
32.3,1,1.03653831859978,0.989553286274867,1.08575424974863,"RJ"
32.3,2,1.01174618890548,0.977630123988006,1.04705279189752,"RJ"
32.3,3,0.990750559254116,0.961953526253727,1.02040966000205,"RJ"
32.3,4,0.974915276061975,0.944543977203373,1.00626314754887,"RJ"
32.3,5,0.965567171786141,0.931571165388881,1.00080380100848,"RJ"
32.3,6,0.964083037989338,0.928056590439818,1.00150800469858,"RJ"
32.3,7,0.971474869280129,0.936289582989479,1.0079824007328,"RJ"
32.3,8,0.986881556798832,0.954217580928312,1.02066365849411,"RJ"
32.3,9,1.00904738714588,0.977343761886281,1.04177943238809,"RJ"
32.3,10,1.03673531351974,1.00008511510341,1.07472863466,"RJ"
32.3,11,1.06863834865608,1.01981427797838,1.11979989384165,"RJ"
32.3,12,1.10330829911741,1.03721634011639,1.17361167176056,"RJ"
32.4,0,1.06181818027212,0.995696221575484,1.1323311503306,"RJ"
32.4,1,1.03474687661454,0.986645203407116,1.08519363897595,"RJ"
32.4,2,1.01000379924867,0.97513380339123,1.04612071794569,"RJ"
32.4,3,0.989057915377628,0.959660981582161,1.01935535438604,"RJ"
32.4,4,0.973274145567855,0.942245693955781,1.00532437400058,"RJ"
32.4,5,0.963980646973666,0.929214834447076,1.00004719392229,"RJ"
32.4,6,0.962556040671577,0.925702901493185,1.00087633941608,"RJ"
32.4,7,0.970014569290256,0.934039353670974,1.00737539691161,"RJ"
32.4,8,0.98549646603905,0.952146336753083,1.02001472576932,"RJ"
32.4,9,1.00774708286139,0.975433894776783,1.04113070957826,"RJ"
32.4,10,1.03553021745818,0.998163403263934,1.07429587957498,"RJ"
32.4,11,1.06753921011071,1.01766495953483,1.119857723749,"RJ"
32.4,12,1.10232538940746,1.03471214573389,1.17435681908465,"RJ"
32.5,0,1.05990234020556,0.99216114710853,1.13226865821863,"RJ"
32.5,1,1.03289447664229,0.983651410398973,1.08460272470451,"RJ"
32.5,2,1.0082131298877,0.972573107384842,1.0451591839828,"RJ"
32.5,3,0.987327702186633,0.957318539043235,1.01827756566732,"RJ"
32.5,4,0.971603712702842,0.939903658235709,1.00437291233652,"RJ"
32.5,5,0.962370203864106,0.926816826668569,0.99928743483704,"RJ"
32.5,6,0.961007152812431,0.923308202535603,1.00024536251322,"RJ"
32.5,7,0.968530677515868,0.931747972911021,1.00676545649853,"RJ"
32.5,8,0.984082687694434,0.950032620705669,1.01935314126432,"RJ"
32.5,9,1.00641004179388,0.973476509137183,1.04045774368123,"RJ"
32.5,10,1.03427779490194,0.99618015255942,1.0738324330984,"RJ"
32.5,11,1.06638007041724,1.01543123282507,1.11988524463575,"RJ"
32.5,12,1.10126827637032,1.03209666476426,1.17507580243627,"RJ"
32.6,0,1.05791314711504,0.988519054853473,1.13217870848706,"RJ"
32.6,1,1.0309824929862,0.980573882753224,1.08398247142744,"RJ"
32.6,2,1.0063752775494,0.96994938577559,1.0441691227556,"RJ"
32.6,3,0.985560781317525,0.95492717518646,1.01717709885212,"RJ"
32.6,4,0.969904656412979,0.937518707929726,1.00340935554119,"RJ"
32.6,5,0.960736400053566,0.924377943819589,0.998524939457049,"RJ"
32.6,6,0.959436881061589,0.920873274492802,0.999615424009555,"RJ"
32.6,7,0.967023726061363,0.929416191481162,1.00615299726523,"RJ"
32.6,8,0.982640846326777,0.947877159327239,1.01867950226286,"RJ"
32.6,9,1.00503703605019,0.971472377029115,1.03976136400458,"RJ"
32.6,10,1.03297900933557,0.994136340341452,1.07333933025867,"RJ"
32.6,11,1.06516211664309,1.01311451566746,1.11988360366558,"RJ"
32.6,12,1.10013839012313,1.02937195019779,1.17576982468792,"RJ"
32.7,0,1.05585228942812,0.984772799108935,1.13206219556363,"RJ"
32.7,1,1.02901230267679,0.977414656492863,1.083333784721,"RJ"
32.7,2,1.00449133958571,0.967264029909341,1.04315142515666,"RJ"
32.7,3,0.983758013839241,0.952487898906892,1.01605472458347,"RJ"
32.7,4,0.968177654554339,0.93509171575127,1.00243425857456,"RJ"
32.7,5,0.959079791927175,0.921899027007989,0.997760080372774,"RJ"
32.7,6,0.95784573092697,0.918398939278293,0.998986829161624,"RJ"
32.7,7,0.965494246087674,0.927044798919433,1.00553839503221,"RJ"
32.7,8,0.981171566010643,0.945680712863742,1.01799437045988,"RJ"
32.7,9,1.00362883823575,0.969422301717987,1.03904236899994,"RJ"
32.7,10,1.03163482658061,0.992032989287253,1.07281756444274,"RJ"
32.7,11,1.0638865411701,1.01071630299596,1.11985387900428,"RJ"
32.7,12,1.09893717037893,1.02654017019865,1.17643998695808,"RJ"
32.8,0,1.053721460427,0.980925306890548,1.13191994167635,"RJ"
32.8,1,1.02698528477934,0.974175820715853,1.082657516975,"RJ"
32.8,2,1.0025624135247,0.964518468524493,1.04210694332281,"RJ"
32.8,3,0.981920259972336,0.950001748729079,1.01491118119941,"RJ"
32.8,4,0.966423383717063,0.932623586089233,1.00144814105717,"RJ"
32.8,5,0.957400934539561,0.919380952710624,0.996993190640671,"RJ"
32.8,6,0.956234206674813,0.915886055564137,0.998359842318809,"RJ"
32.8,7,0.963942767699655,0.924634619858169,1.00492198696064,"RJ"
32.8,8,0.979675470174434,0.943444072693137,1.01729827410095,"RJ"
32.8,9,1.0021862212069,0.967327115870917,1.03830152747522,"RJ"
32.8,10,1.03024621440521,0.989871164704398,1.07226808916415,"RJ"
32.8,11,1.06255454109775,1.00823816086168,1.1197970842946,"RJ"
32.8,12,1.09766606557689,1.02360359725302,1.17708729702834,"RJ"
32.9,0,1.05152235725256,0.976979566828227,1.13175270532181,"RJ"
32.9,1,1.02490281971581,0.970859510489734,1.08195447282744,"RJ"
32.9,2,1.00058959663122,0.961714163708021,1.04103649365674,"RJ"
32.9,3,0.980048378814434,0.947469790113482,1.01374717678519,"RJ"
32.9,4,0.964642519053522,0.930115251918892,1.00045148990533,"RJ"
32.9,5,0.955700381498192,0.916824628937364,0.99622456723748,"RJ"
32.9,6,0.954602811232157,0.913335514714373,0.997734690627154,"RJ"
32.9,7,0.962369819836058,0.922186510463243,1.00430407474302,"RJ"
32.9,8,0.978153181444933,0.941168058772495,1.01659171011255,"RJ"
32.9,9,1.00070995782851,0.965187679712255,1.03753957986252,"RJ"
32.9,10,1.02881414214129,0.987651971765166,1.07169181992135,"RJ"
32.9,11,1.06116731765677,1.0056817204372,1.1197141731614,"RJ"
32.9,12,1.09632653202647,1.02056459754303,1.17771267758923,"RJ"
33,0,1.04925667992922,0.972938618754249,1.1315611891177,"RJ"
33,1,1.02276628860148,0.967467900116948,1.08122541427287,"RJ"
33,2,0.998573985477665,0.958852606980992,1.03994085974521,"RJ"
33,3,0.978143228072117,0.944893112807019,1.01256339119782,"RJ"
33,4,0.962835734110631,0.927567671798674,0.999444761892879,"RJ"
33,5,0.953978684849577,0.914230991556213,0.995454474364503,"RJ"
33,6,0.952952046091707,0.91074823690493,0.997111567557355,"RJ"
33,7,0.960775930162117,0.919701355007861,1.0036849276698,"RJ"
33,8,0.976605321495339,0.938853517125262,1.0158751462032,"RJ"
33,9,0.999200820736493,0.963004879153592,1.0367572395251,"RJ"
33,10,1.02733958030909,0.985376552699047,1.07108963611803,"RJ"
33,11,1.05972607563353,1.00304867208407,1.1196060436871,"RJ"
33,12,1.094920033066,1.01742562063921,1.17831697422368,"RJ"
33.1,0,1.04692613041114,0.968805543995477,1.13134604702753,"RJ"
33.1,1,1.02057707259661,0.964003196790336,1.08047106542573,"RJ"
33.1,2,0.996516675524626,0.955935315534696,1.03882079515307,"RJ"
33.1,3,0.976205663799264,0.942272828256107,1.01136047804484,"RJ"
33.1,4,0.961003700666304,0.924981826971746,0.998428386120651,"RJ"
33.1,5,0.952236394968338,0.911601000797706,0.994683146583681,"RJ"
33.1,6,0.951282411219077,0.908125167447148,0.996490636239798,"RJ"
33.1,7,0.959161624964747,0.917180062598562,1.0030647855542,"RJ"
33.1,8,0.975032510896804,0.936501317385914,1.015149022918,"RJ"
33.1,9,0.997659582105663,0.960779623913802,1.03595519408782,"RJ"
33.1,10,1.02582350024953,0.983046083969565,1.07046238301964,"RJ"
33.1,11,1.05823202280535,1.00034075953532,1.11947354280645,"RJ"
33.1,12,1.09344803823617,1.01418918958469,1.17890096305615,"RJ"
33.2,0,1.04453241165003,0.964583456368365,1.13110789095969,"RJ"
33.2,1,1.01833655227324,0.960467634648633,1.07969211692919,"RJ"
33.2,2,0.994418760711725,0.952963828633286,1.03767702607732,"RJ"
33.2,3,0.974236540141903,0.939610067097391,1.01013906660207,"RJ"
33.2,4,0.95914708857009,0.922358718587283,0.997402766378712,"RJ"
33.2,5,0.950474060449146,0.908935637951175,0.993910791772931,"RJ"
33.2,6,0.949594404962431,0.90546727332613,0.99587203259545,"RJ"
33.2,7,0.957527429050346,0.914623564066221,1.00244386150255,"RJ"
33.2,8,0.973435368973497,0.934112350416359,1.01441375563251,"RJ"
33.2,9,0.996087013422655,0.958512845643236,1.03513410677708,"RJ"
33.2,10,1.02426687376418,0.980661773459043,1.06981087372267,"RJ"
33.2,11,1.05668636938694,0.997559774235817,1.11931747057816,"RJ"
33.2,12,1.09191202246879,1.01085789142635,1.17946535801343,"RJ"
33.3,0,1.04207722668508,0.960275493863619,1.13084729675493,"RJ"
33.3,1,1.01604610699741,0.956863469233602,1.07888923000837,"RJ"
33.3,2,0.992281333058622,0.949939704194103,1.03651025385018,"RJ"
33.3,3,0.972236709089572,0.936905976738338,1.00889976365826,"RJ"
33.3,4,0.957266565587965,0.919699365052404,0.99636828339048,"RJ"
33.3,5,0.948692228001532,0.906235902260493,0.993137593893081,"RJ"
33.3,6,0.947888523964503,0.902775539959943,0.995255868256545,"RJ"
33.3,7,0.955873865645212,0.912032809030462,1.0018223445216,"RJ"
33.3,8,0.971814513661192,0.931687526005622,1.01366973647433,"RJ"
33.3,9,0.994483885264162,0.956205496064688,1.03429461775777,"RJ"
33.3,10,1.02267067276317,0.978224857682229,1.06913589111595,"RJ"
33.3,11,1.05509032748826,0.99470754987539,1.11913858429922,"RJ"
33.3,12,1.09031346529114,1.00743436823196,1.18001081765901,"RJ"
33.4,0,1.03956227775516,0.955884810998408,1.13056480958489,"RJ"
33.4,1,1.01370711432679,0.953192972343931,1.07806304017313,"RJ"
33.4,2,0.990105482276287,0.946864515552731,1.03532115728437,"RJ"
33.4,3,0.970207020233237,0.934161719037102,1.00764315527735,"RJ"
33.4,4,0.955362797251309,0.917004799522334,0.995325296931137,"RJ"
33.4,5,0.946891442347557,0.903502808022707,0.992363715563022,"RJ"
33.4,6,0.946165263077,0.900050968181365,0.994642233275367,"RJ"
33.4,7,0.954201456298579,0.909408763142069,1.0012004019584,"RJ"
33.4,8,0.970170561369395,0.929227770661805,1.0129173361634,"RJ"
33.4,9,0.992850967080388,0.953858545142218,1.03343734545617,"RJ"
33.4,10,1.02103586892092,0.975736599047045,1.06843818981606,"RJ"
33.4,11,1.05344511058387,0.991785957141639,1.11893760243529,"RJ"
33.4,12,1.08865385004643,1.00392130861812,1.18053795157738,"RJ"
33.5,0,1.03698926543371,0.951414571807446,1.13026094879108,"RJ"
33.5,1,1.01132094942411,0.949458427275792,1.07721416058062,"RJ"
33.5,2,0.987892295388576,0.943739848416226,1.03411039485713,"RJ"
33.5,3,0.968148320529758,0.931378468088538,1.00636980847134,"RJ"
33.5,4,0.953436446710047,0.914276067533347,0.994274147815779,"RJ"
33.5,5,0.945072246122349,0.900737381889381,0.991589300443213,"RJ"
33.5,6,0.944425115277389,0.897294571440231,0.994031198623074,"RJ"
33.5,7,0.952510720788256,0.906752405504801,1.0005781817711,"RJ"
33.5,8,0.968504126847015,0.926734025502966,1.01215690576443,"RJ"
33.5,9,0.991189026983819,0.951472979287437,1.0325628878593,"RJ"
33.5,10,1.01936343333995,0.97319828317801,1.06771849806125,"RJ"
33.5,11,1.05175193299393,0.98879689871244,1.11871520834752,"RJ"
33.5,12,1.08693466313047,1.00032143980173,1.18104732629616,"RJ"
33.6,0,1.0343598877865,0.946867943439684,1.12993621219773,"RJ"
33.6,1,1.00888898448621,0.945662124436039,1.07634318507219,"RJ"
33.6,2,0.985642856364176,0.940567298004961,1.03287860673273,"RJ"
33.6,3,0.966061454072942,0.928557408120957,1.00508027277938,"RJ"
33.6,4,0.951488174589973,0.911514224780412,0.993215159755358,"RJ"
33.6,5,0.943235179777498,0.89794066036756,0.990814475430597,"RJ"
33.6,6,0.942668571588051,0.894507373221514,0.993422818483351,"RJ"
33.6,7,0.950802177028878,0.904064726275258,0.999955814632245,"RJ"
33.6,8,0.966815823051582,0.924207244251453,1.01138877834698,"RJ"
33.6,9,0.989498831543283,0.949049799611373,1.03167182378254,"RJ"
33.6,10,1.01765433622265,0.970611216315329,1.06697751955126,"RJ"
33.6,11,1.05001200937719,0.985742304501833,1.11847205380266,"RJ"
33.6,12,1.0851573932451,0.99663752017733,1.18153947074457,"RJ"
33.7,0,1.03167583955254,0.942248090324562,1.12959107993503,"RJ"
33.7,1,1.00641258818908,0.941806357311176,1.0754506909012,"RJ"
33.7,2,0.983358245758941,0.937348466381035,1.03162641662553,"RJ"
33.7,3,0.963947261871166,0.925699731506282,1.00377508175027,"RJ"
33.7,4,0.949518638854234,0.908720335039321,0.99214864108063,"RJ"
33.7,5,0.941380781487299,0.895113687514962,0.9900393526703,"RJ"
33.7,6,0.940896120997807,0.891690404672018,0.992817132348022,"RJ"
33.7,7,0.949076340982764,0.901346724437292,0.999333415867868,"RJ"
33.7,8,0.965106261022011,0.921648391334404,1.0106132705503,"RJ"
33.7,9,0.987781145583348,0.946590020228671,1.03076471409898,"RJ"
33.7,10,1.01590954655123,0.967976722800236,1.06621593522236,"RJ"
33.7,11,1.04822655423583,0.982624127167505,1.11820876225831,"RJ"
33.7,12,1.08332353066843,0.992872332414626,1.18201488125445,"RJ"
33.8,0,1.02893881134829,0.937558168870324,1.12922601781017,"RJ"
33.8,1,1.00389312514882,0.937893418773294,1.07453724117097,"RJ"
33.8,2,0.981039540368666,0.934084959959171,1.03035443350767,"RJ"
33.8,3,0.961806581631583,0.92280663688452,1.00245475432747,"RJ"
33.8,4,0.947528494668986,0.90589546823121,0.991074886336145,"RJ"
33.8,5,0.939509587057846,0.892257512822186,0.989264031391248,"RJ"
33.8,6,0.939108250385812,0.888844702426829,0.992214166923386,"RJ"
33.8,7,0.947333726573373,0.898599405745709,0.998711087237641,"RJ"
33.8,8,0.963376049754919,0.919058440091505,1.00983068405203,"RJ"
33.8,9,0.986036731989059,0.944094666619558,1.0298421029249,"RJ"
33.8,10,1.01413003177581,0.965296142654867,1.06543440494956,"RJ"
33.8,11,1.04639678143247,0.979444337883348,1.11792593192023,"RJ"
33.8,12,1.08143456654228,0.989028677063582,1.18247402611694,"RJ"
33.9,0,1.0261504888953,0.932801322656552,1.12884148026423,"RJ"
33.9,1,1.00133195539865,0.933925597703034,1.07360338700269,"RJ"
33.9,2,0.978687812892281,0.93077838719449,1.02906325316698,"RJ"
33.9,3,0.959640247550904,0.919879327402045,1.0011197961372,"RJ"
33.9,4,0.945518394273193,0.903040698625962,0.989994177747744,"RJ"
33.9,5,0.937622129838954,0.889373189273459,0.988488599574172,"RJ"
33.9,6,0.937305444447793,0.885971306625476,0.99161393785731,"RJ"
33.9,7,0.945574845601349,0.895823780832687,0.998088918562667,"RJ"
33.9,8,0.961625796084485,0.916438371089748,1.00904130694082,"RJ"
33.9,9,0.984266351516031,0.941564774053808,1.02890451875732,"RJ"
33.9,10,1.01231675751066,0.962570829262923,1.06463356916978,"RJ"
33.9,11,1.04452390371942,0.976204922376607,1.11762413857236,"RJ"
33.9,12,1.07949199217704,0.985109366649769,1.18291734971255,"RJ"
34,0,1.0233125522715,0.927980678083683,1.12843791295187,"RJ"
34,1,0.998730433881994,0.929905175909113,1.07264966945362,"RJ"
34,2,0.976304131605524,0.92743035644034,1.02775345962199,"RJ"
34,3,0.957449090112761,0.91691900906202,0.999770700681099,"RJ"
34,4,0.943488986852577,0.90015710317986,0.988906786568164,"RJ"
34,5,0.93571894063891,0.886461771576479,0.987713135461325,"RJ"
34,6,0.935488185624641,0.883071259106942,0.991016451297848,"RJ"
34,7,0.943800207663161,0.893020863469375,0.997466989208336,"RJ"
34,8,0.959856104565849,0.913789170543815,1.00824541499439,"RJ"
34,9,0.982470762605895,0.939001386079858,1.02795247556037,"RJ"
34,10,1.01047068723879,0.959802147155495,1.0638140504216,"RJ"
34,11,1.0426091322802,0.972907877225942,1.11730393818327,"RJ"
34,12,1.0774972983741,0.981117220238716,1.1833452762362,"RJ"
34.1,0,1.02042667518619,0.923099340443353,1.12801575497978,"RJ"
34.1,1,0.996089909961654,0.925834425323933,1.07167662120607,"RJ"
34.1,2,0.973889560045045,0.92404247396854,1.02642562640148,"RJ"
34.1,3,0.955233935891616,0.913926889184263,0.998407950436195,"RJ"
34.1,4,0.941440918417695,0.89724576000195,0.987812974306199,"RJ"
34.1,5,0.933800547642041,0.883524314551402,0.986937708917852,"RJ"
34.1,6,0.933656954033335,0.880145601772214,0.99042170529463,"RJ"
34.1,7,0.942010320072311,0.89019166897448,0.99684536943041,"RJ"
34.1,8,0.958067577362052,0.911111828839758,1.00744327286505,"RJ"
34.1,9,0.980650721207103,0.936405553081209,1.02698647379829,"RJ"
34.1,10,1.00859278202468,0.956991469904782,1.06297645479901,"RJ"
34.1,11,1.04065367628351,0.969555206414051,1.11696586929564,"RJ"
34.1,12,1.07545197476604,0.977055058445607,1.18375821304093,"RJ"
34.2,0,1.01749452427878,0.918160390375127,1.12757544083809,"RJ"
34.2,1,0.993411726945181,0.921715605455166,1.07068476804715,"RJ"
34.2,2,0.971445156702965,0.920616342143824,1.02508031769679,"RJ"
34.2,3,0.952995607363219,0.910904174971198,0.997032017865444,"RJ"
34.2,4,0.939374831686128,0.894307746943038,0.986712993845447,"RJ"
34.2,5,0.931867476329074,0.880561871668694,0.986162382654969,"RJ"
34.2,6,0.931812227400191,0.877195375102957,0.989829691054396,"RJ"
34.2,7,0.940205687783118,0.887337212761261,0.996224121592839,"RJ"
34.2,8,0.956260814134499,0.908407339158956,1.00663513517603,"RJ"
34.2,9,0.978806980601109,0.933778330901414,1.02600700141392,"RJ"
34.2,10,1.00668400023536,0.954140178127024,1.06212137331769,"RJ"
34.2,11,1.03865874244963,0.966148918126569,1.116610455207,"RJ"
34.2,12,1.07335750917483,0.97292569886509,1.18415655362573,"RJ"
34.3,0,1.01451775844137,0.913166880677055,1.12711740205666,"RJ"
34.3,1,0.990697221626327,0.917550961073871,1.06967463015834,"RJ"
34.3,2,0.968971974731866,0.917153557743987,1.0237180893953,"RJ"
34.3,3,0.950734922721597,0.907852072175869,0.995643366342769,"RJ"
34.3,4,0.937291365968775,0.891344140300794,0.985607090459076,"RJ"
34.3,5,0.929920249400296,0.877575493725576,0.985387213325174,"RJ"
34.3,6,0.929954480996431,0.874221616824888,0.989240394061965,"RJ"
34.3,7,0.938386813317048,0.884458509014175,0.995603301266009,"RJ"
34.3,8,0.954436411936942,0.905676696198722,1.00582124753178,"RJ"
34.3,9,0.976940291233886,0.931120779538163,1.02501453475191,"RJ"
34.3,10,1.0047452972698,0.951249657594687,1.06124938319392,"RJ"
34.3,11,1.03662553462938,0.962691021787414,1.11623820595156,"RJ"
34.3,12,1.07121538698803,0.968731951895165,1.18454068029347,"RJ"
34.4,0,1.01149802816516,0.908121833439635,1.12664206861625,"RJ"
34.4,1,0.987947723842653,0.91334272012056,1.06864672323336,"RJ"
34.4,2,0.966471061660177,0.91365571041707,1.02233949000347,"RJ"
34.4,3,0.948452695702528,0.904771783867649,0.994242450996882,"RJ"
34.4,4,0.93519115706021,0.88835601363424,0.984495502727247,"RJ"
34.4,5,0.927959386701475,0.874566227650865,0.984612252499579,"RJ"
34.4,6,0.928084187576045,0.87122536070477,0.988653795077676,"RJ"
34.4,7,0.936554196691604,0.881556569486424,0.994982958214078,"RJ"
34.4,8,0.95259496511297,0.902920894985545,1.00500184744657,"RJ"
34.4,9,0.97505140055281,0.928433961906328,1.02400953942691,"RJ"
34.4,10,1.00277762529659,0.948321297456963,1.06036104903686,"RJ"
34.4,11,1.03455525339562,0.959183525319711,1.11584962009405,"RJ"
34.4,12,1.06902709055327,0.964476616929039,1.18491096650492,"RJ"
34.5,0,1.00843697491073,0.903028237474983,1.1261498701421,"RJ"
34.5,1,0.985164556049219,0.909093091811678,1.06760155944151,"RJ"
34.5,2,0.963943459117941,0.910124381267031,1.02094506146807,"RJ"
34.5,3,0.9461497354135,0.901664509290968,0.992829719478461,"RJ"
34.5,4,0.933074837133116,0.885344436680848,0.9833784633639,"RJ"
34.5,5,0.92598540515255,0.871535115428361,0.983837547537134,"RJ"
34.5,6,0.926201817315952,0.868207635470259,0.98806987102195,"RJ"
34.5,7,0.934708335351736,0.878632402409778,0.994363137279958,"RJ"
34.5,8,0.950737065196992,0.900140929776667,1.00417716519529,"RJ"
34.5,9,0.973141052848876,0.925718942669284,1.02299247113726,"RJ"
34.5,10,1.00078193299989,0.945356488566732,1.05945692395625,"RJ"
34.5,11,1.03244909564738,0.955628432620756,1.11544518634693,"RJ"
34.5,12,1.06679409859094,0.960162478889192,1.18526777895452,"RJ"
34.6,0,1.00533623050207,0.89788904601518,1.12564123690514,"RJ"
34.6,1,0.982349032908345,0.904804264929993,1.06653964825268,"RJ"
34.6,2,0.961390202572913,0.906561141559432,1.0195353399036,"RJ"
34.6,3,0.943826846170106,0.898531442812243,0.991405612655396,"RJ"
34.6,4,0.930943034636731,0.882310474369463,0.982256199959538,"RJ"
34.6,5,0.92399881867905,0.86848319312925,0.983063142355154,"RJ"
34.6,6,0.924307837758423,0.865169463842389,0.987488595757109,"RJ"
34.6,7,0.932849724103773,0.875687011508309,0.993743879176205,"RJ"
34.6,8,0.948863300818693,0.897337793045485,1.00334742459121,"RJ"
34.6,9,0.971209989104239,0.92297678713734,1.0219637764254,"RJ"
34.6,10,0.998759165333764,0.942356621911463,1.05853755058763,"RJ"
34.6,11,1.03030825422663,0.952027741239112,1.1150253850228,"RJ"
34.6,12,1.06451788562534,0.955792305078642,1.1856114793925,"RJ"
34.7,0,1.00219741654442,0.892707174656015,1.12511660065388,"RJ"
34.7,1,0.979502460895369,0.900478406283624,1.06546149713877,"RJ"
34.7,2,0.958812321076946,0.902967551539025,1.01811085623405,"RJ"
34.7,3,0.941484827338843,0.895373772950106,0.989970565240852,"RJ"
34.7,4,0.928796374199321,0.879255185922473,0.981128935646528,"RJ"
34.7,5,0.922000138146244,0.865411490044505,0.982289078110086,"RJ"
34.7,6,0.922402713755781,0.86211186167098,0.986909940776042,"RJ"
34.7,7,0.930978855051863,0.872721395107997,0.993125221189775,"RJ"
34.7,8,0.946974257610968,0.894512474546235,1.00251284369483,"RJ"
34.7,9,0.969258946845068,0.920208560231742,1.02092389338632,"RJ"
34.7,10,0.996710263284773,0.939323087144975,1.05760346203848,"RJ"
34.7,11,1.02813391754768,0.948383440241823,1.11459068933385,"RJ"
34.7,12,1.06219992143419,0.951368842325447,1.18594242621711,"RJ"
34.8,0,0.999022143865762,0.88748549952438,1.12457639529774,"RJ"
34.8,1,0.976626137920339,0.896117659319476,1.06436761216549,"RJ"
34.8,2,0.956210837022614,0.899345159351373,1.01667213675663,"RJ"
34.8,3,0.939124473186284,0.892192681484076,0.988525006358906,"RJ"
34.8,4,0.926635476534628,0.876179624040802,0.979996889693215,"RJ"
34.8,5,0.919989871295992,0.862321027908749,0.981515393796915,"RJ"
34.8,6,0.920486907417331,0.859035837163898,0.986333875806702,"RJ"
34.8,7,0.929096217536901,0.869736545334554,0.992507197808192,"RJ"
34.8,8,0.945070518121282,0.891665960453352,1.00167363545864,"RJ"
34.8,9,0.967288659999691,0.917415325512415,1.01987325232593,"RJ"
34.8,10,0.994636163642826,0.93625727121657,1.05665518275829,"RJ"
34.8,11,1.02592726923919,0.944697508259851,1.11414156655007,"RJ"
34.8,12,1.05984167051662,0.94689481439768,1.18626097585926,"RJ"
34.9,0,0.995812011981858,0.882226855649601,1.12402105746055,"RJ"
34.9,1,0.973721352965562,0.891724142878079,1.06325849848692,"RJ"
34.9,2,0.953586765910007,0.895695500061068,1.01521970363445,"RJ"
34.9,3,0.936746572734573,0.888989342636865,0.987069360052394,"RJ"
34.9,4,0.924460958352267,0.873084834165598,0.978860278032838,"RJ"
34.9,5,0.917968522686278,0.859212820207586,0.980742126775109,"RJ"
34.9,6,0.918560878058526,0.855942390201672,0.985760369340804,"RJ"
34.9,7,0.927202298077922,0.866733447392222,0.991889841274279,"RJ"
34.9,8,0.943152661726473,0.888799232570989,1.00083000831201,"RJ"
34.9,9,0.965299858762005,0.914598144267363,1.01881227637124,"RJ"
34.9,10,0.992537798780324,0.933160557093702,1.05569322933649,"RJ"
34.9,11,1.02368948779887,0.940971911700072,1.11367847902769,"RJ"
34.9,12,1.05744459157969,0.942372919667479,1.18656748398043,"RJ"
35,0,0.992568608584781,0.876934035520831,1.12345102692109,"RJ"
35,1,0.970789385738926,0.887299950077843,1.06213466075444,"RJ"
35,2,0.950941116123644,0.892020094759519,1.01375407532525,"RJ"
35,3,0.934351909623202,0.885764922325666,0.985604045737484,"RJ"
35,4,0.922273432272063,0.869971853810764,0.977719313733006,"RJ"
35,5,0.91593659363341,0.856087871560973,0.979969313228406,"RJ"
35,6,0.916625082152348,0.852832511729622,0.985189389094459,"RJ"
35,7,0.925297580315964,0.863713078916764,0.991273182076114,"RJ"
35,8,0.941221264550948,0.885913267608263,0.999982166690629,"RJ"
35,9,0.963293269460134,0.911758074661481,1.01774138203461,"RJ"
35,10,0.990416096439524,0.930034322574216,1.0547181112321,"RJ"
35,11,1.02142174626075,0.93720860311259,1.11320188511866,"RJ"
35,12,1.05501013704333,0.937805829004143,1.18686230650339,"RJ"
35.1,0,0.989293509054741,0.871609787814369,1.12286674695567,"RJ"
35.1,1,0.967831506342866,0.882847147317814,1.0609966034502,"RJ"
35.1,2,0.948274888719414,0.888320449755664,1.01227576695229,"RJ"
35.1,3,0.931941261977024,0.882520577477911,0.984129478609314,"RJ"
35.1,4,0.920073506742267,0.866841711960828,0.976574207411083,"RJ"
35.1,5,0.913894582156859,0.852947177175724,0.979196988565204,"RJ"
35.1,6,0.914679973282877,0.849707183220247,0.984620902407864,"RJ"
35.1,7,0.923382544960355,0.860676409396312,0.99065724937844,"RJ"
35.1,8,0.939276899388274,0.883009036515936,0.999130311514685,"RJ"
35.1,9,0.961269614430299,0.908896170942401,1.01666097973421,"RJ"
35.1,10,0.988271979528104,0.926879939183968,1.05373033143891,"RJ"
35.1,11,1.01912521187504,0.933409519702555,1.11271223997192,"RJ"
35.1,12,1.05253975256381,0.933196183877701,1.18714580049362,"RJ"
35.2,0,0.985988275995063,0.866256816276366,1.12226866459607,"RJ"
35.2,1,0.964848974958893,0.878367773389003,1.05984483115473,"RJ"
35.2,2,0.94558907722149,0.88459805584348,1.01078529062333,"RJ"
35.2,3,0.929515402280448,0.879257455407195,0.982646070002845,"RJ"
35.2,4,0.917861785961641,0.863695428528955,0.975425167600561,"RJ"
35.2,5,0.911842982926722,0.849791722360826,0.978425187765787,"RJ"
35.2,6,0.912726002101042,0.846567376199227,0.984054876590591,"RJ"
35.2,7,0.921457669737426,0.857624399654181,0.990042071401307,"RJ"
35.2,8,0.937320135626122,0.880087503880421,0.998274640619763,"RJ"
35.2,9,0.95922961189588,0.906013482700935,1.01557147427313,"RJ"
35.2,10,0.986106365922894,0.923698771155682,1.05273038709041,"RJ"
35.2,11,1.01680104580054,0.929576581976252,1.11220999623619,"RJ"
35.2,12,1.05003487657561,0.928546594655778,1.18741832490797,"RJ"
35.3,0,0.982654458790138,0.860877778747806,1.12165723081466,"RJ"
35.3,1,0.96184304154753,0.87386383868523,1.0586798487569,"RJ"
35.3,2,0.942884667429106,0.880854387640491,1.0092831557033,"RJ"
35.3,3,0.927075097257769,0.875976693245274,0.981154227712826,"RJ"
35.3,4,0.915638869805374,0.860534013870281,0.974272401073091,"RJ"
35.3,5,0.909782287213776,0.846622482099708,0.977653945682073,"RJ"
35.3,6,0.91076361628253,0.84341405182895,0.983491279218404,"RJ"
35.3,7,0.919523429341624,0.854558001388222,0.989427675751248,"RJ"
35.3,8,0.935351539174555,0.877149627371156,0.997415349144317,"RJ"
35.3,9,0.957173975851628,0.903111054183614,1.01447326527945,"RJ"
35.3,10,0.983920168281728,0.920492174484838,1.05171877000839,"RJ"
35.3,11,1.01445040280952,0.925711692511763,1.11169560467372,"RJ"
35.3,12,1.04749693985172,0.923859639077946,1.18768024122563,"RJ"
35.4,0,0.979293593186149,0.855475286320003,1.12103290064735,"RJ"
35.4,1,0.958814945563551,0.869337324505336,1.0575021616139,"RJ"
35.4,2,0.940162637233141,0.877090902991991,1.00776986904543,"RJ"
35.4,3,0.924621107759566,0.872679417426237,0.979654356276585,"RJ"
35.4,4,0.91340535375478,0.857358468346043,0.973116113120555,"RJ"
35.4,5,0.907712982842113,0.843440420674164,0.976883297295078,"RJ"
35.4,6,0.908793260487834,0.840248160544028,0.982930078387041,"RJ"
35.4,7,0.917580295389,0.851478156761691,0.988814089709889,"RJ"
35.4,8,0.93337167239762,0.874196357237626,0.996552629877322,"RJ"
35.4,9,0.955103415953,0.900189923654838,1.01336674760966,"RJ"
35.4,10,0.981714293863377,0.91726149605846,1.05069596719914,"RJ"
35.4,11,1.01207443100509,0.921816734845109,1.1111695146936,"RJ"
35.4,12,1.0449273650822,0.919137860893069,1.18793191397503,"RJ"
35.5,0,0.975907200894362,0.850051902610014,1.12039613326341,"RJ"
35.5,1,0.955765915686343,0.864790182439318,1.05631227566792,"RJ"
35.5,2,0.937423956442385,0.873309042436031,1.00624593518561,"RJ"
35.5,3,0.922154188655124,0.869366743219244,0.978146857223106,"RJ"
35.5,4,0.911161828830763,0.854169781934361,0.971956507801184,"RJ"
35.5,5,0.905635554144316,0.840246491335053,0.976113277934812,"RJ"
35.5,6,0.906815376324421,0.837070641733763,0.982371242927841,"RJ"
35.5,7,0.915628736373067,0.84838579804105,0.988201340484455,"RJ"
35.5,8,0.931381094048236,0.871228635852506,0.995686673569517,"RJ"
35.5,9,0.953018637410579,0.897251122806172,1.01225231171778,"RJ"
35.5,10,0.979489644355507,0.914008072852771,1.04966246130106,"RJ"
35.5,11,1.00967427155088,0.91789357246339,1.1106321748129,"RJ"
35.5,12,1.04232756647106,0.914383768646403,1.18817371116922,"RJ"
35.6,0,0.972496789216741,0.844610143146445,1.1197473919904,"RJ"
35.6,1,0.952697169565276,0.860224333831727,1.0551106975256,"RJ"
35.6,2,0.934669586619412,0.869510228724644,1.00471185650417,"RJ"
35.6,3,0.919675088730811,0.866039774306356,0.976632129291591,"RJ"
35.6,4,0.908908881530995,0.850968933883794,0.970793788153419,"RJ"
35.6,5,0.903550481919168,0.83704163601536,0.975343923466884,"RJ"
35.6,6,0.904830402310999,0.833882423466992,0.981814742589657,"RJ"
35.6,7,0.913669217622982,0.84528184727649,0.98758945542425,"RJ"
35.6,8,0.929380359206331,0.868247397297595,0.994817669211435,"RJ"
35.6,9,0.950920340889538,0.894295676210333,1.0111303439924,"RJ"
35.6,10,0.977247115710609,0.910733231195796,1.04861873098753,"RJ"
35.6,11,1.00725105841303,0.913944047896992,1.11008403305288,"RJ"
35.6,12,1.0396989493513,0.909599834604352,1.18840600466071,"RJ"
35.7,0,0.96906385069366,0.839152474857107,1.11908714430132,"RJ"
35.7,1,0.949609913579884,0.85564166931625,1.05389793450545,"RJ"
35.7,2,0.931900480925949,0.865695866397144,1.00316813335876,"RJ"
35.7,3,0.917184550594341,0.862699602402306,0.975110568622531,"RJ"
35.7,4,0.906647093770779,0.847756892406163,0.969628156380913,"RJ"
35.7,5,0.90145824339185,0.833826785081634,0.974575270449679,"RJ"
35.7,6,0.902838773843862,0.830684422255199,0.981260548191034,"RJ"
35.7,7,0.911702201264056,0.842167216021327,0.986978462206817,"RJ"
35.7,8,0.927370019220211,0.865253566989448,0.993945804281189,"RJ"
35.7,9,0.948809222414105,0.89132460081753,1.01000122706403,"RJ"
35.7,10,0.974987597989843,0.907438286091122,1.04756525132834,"RJ"
35.7,11,1.00480591811444,0.909969981903555,1.10952553727736,"RJ"
35.7,12,1.03704290981791,0.904788493805898,1.18862917042611,"RJ"
35.8,0,0.965609862773442,0.833681315650787,1.11841586177027,"RJ"
35.8,1,0.946505342614719,0.851044048416035,1.05267449465819,"RJ"
35.8,2,0.929117583977627,0.861867341401662,1.00161526419193,"RJ"
35.8,3,0.914683310584881,0.859347306913209,0.97358256892404,"RJ"
35.8,4,0.904377042827545,0.84453461440535,0.968459814011755,"RJ"
35.8,5,0.899359312176618,0.830602857120148,0.97380735626557,"RJ"
35.8,6,0.900840923165301,0.827477542850159,0.98070863174623,"RJ"
35.8,7,0.909728146180554,0.839042805086792,0.986368388997148,"RJ"
35.8,8,0.925350621651137,0.862248061341797,0.9930712649648,"RJ"
35.8,9,0.946685973277003,0.888338905491824,1.00886534008464,"RJ"
35.8,10,0.972711975214741,0.904124540599207,1.04650249411336,"RJ"
35.8,11,1.00233996950112,0.905973172736903,1.10895713547941,"RJ"
35.8,12,1.03436083437889,0.8999521432307,1.18884358878929,"RJ"
35.9,0,0.962136287503445,0.828199034086211,1.11773402000195,"RJ"
35.9,1,0.943384639848669,0.846433299204809,1.05144088676391,"RJ"
35.9,2,0.926321831708025,0.858026020761398,1.00005374561656,"RJ"
35.9,3,0.912172098688902,0.855983954631447,0.972048521616002,"RJ"
35.9,4,0.902099301288955,0.841303045239128,0.967288962034739,"RJ"
35.9,5,0.897254158241926,0.827370758754536,0.973040219229301,"RJ"
35.9,6,0.89883727933404,0.82426267807277,0.980158966568293,"RJ"
35.9,7,0.907747507980761,0.835909504329015,0.985759264582967,"RJ"
35.9,8,0.92332271022106,0.85923178746206,0.992194236351629,"RJ"
35.9,9,0.944551279953788,0.885339590585323,1.0077230589818,"RJ"
35.9,10,0.970421125226688,0.900793285272771,1.04543092814138,"RJ"
35.9,11,0.999854323520536,0.901955395494687,1.10837927602219,"RJ"
35.9,12,1.03165409962408,0.89509314107478,1.1890496445914,"RJ"
36,0,0.958644571242442,0.822707949121912,1.11704209853991,"RJ"
36,1,0.94024897655859,0.841811218024338,1.05019762031006,"RJ"
36,2,0.923514151241869,0.854173252282411,0.998484072481828,"RJ"
36,3,0.909651638461744,0.852610599464181,0.97050881595438,"RJ"
36,4,0.899814437004564,0.838063118511273,0.966115801015232,"RJ"
36,5,0.89514324787796,0.824131384491942,0.972273898676332,"RJ"
36,6,0.896828268197697,0.821040708670048,0.979611527352057,"RJ"
36,7,0.905760738964311,0.832768192465345,0.985151118488852,"RJ"
36,8,0.921286824763508,0.856205642879443,0.991314902607266,"RJ"
36,9,0.942405824022083,0.88232764754806,1.00657475668909,"RJ"
36,10,0.968115919554125,0.897445797642999,1.04435101947735,"RJ"
36,11,0.997350083011968,0.897918401538989,1.10779240783918,"RJ"
36,12,1.02892407191153,0.890213806125572,1.1892477273147,"RJ"
36.1,0,0.955136144393953,0.817210329941322,1.11634058075753,"RJ"
36.1,1,0.937099511937022,0.837179569254193,1.04894520545325,"RJ"
36.1,2,0.920695460777278,0.850310364299959,0.996906737922406,"RJ"
36.1,3,0.907122646954784,0.849228282193092,0.968963839137842,"RJ"
36.1,4,0.897523013040992,0.834815755891485,0.964940531192959,"RJ"
36.1,5,0.893027043666573,0.820885616595014,0.971508435033657,"RJ"
36.1,6,0.894814312367232,0.817812503197594,0.979066290239617,"RJ"
36.1,7,0.903768288091719,0.829619736917371,0.984543981071642,"RJ"
36.1,8,0.919243501177568,0.853170515302287,0.990433447126098,"RJ"
36.1,9,0.940250282085616,0.879304058571541,1.00542080335474,"RJ"
36.1,10,0.965797223287397,0.894083341753449,1.04326323168077,"RJ"
36.1,11,0.994828342508634,0.893863917984596,1.10719698059848,"RJ"
36.1,12,1.02617210707156,0.885316417228844,1.18943823116688,"RJ"
36.2,0,0.951612421160271,0.811708395847958,1.11562995373543,"RJ"
36.2,1,0.933937392923838,0.832540085130164,1.04768415296785,"RJ"
36.2,2,0.917866669476949,0.846438665460743,0.995322233393153,"RJ"
36.2,3,0.90458583464817,0.845838030263195,0.967413976398658,"RJ"
36.2,4,0.895225587640577,0.831561866960857,0.963763352563809,"RJ"
36.2,5,0.890906004453575,0.817634324977378,0.970743869875319,"RJ"
36.2,6,0.892795831193368,0.814578917925086,0.978523232870559,"RJ"
36.2,7,0.901770600956135,0.826464993678293,0.983937883599373,"RJ"
36.2,8,0.917193271384954,0.850127282402546,0.989550052665519,"RJ"
36.2,9,0.938085325703048,0.876269796264019,1.00426156653042,"RJ"
36.2,10,0.963465894961174,0.89070716773873,1.04216802600787,"RJ"
36.2,11,0.99229018805154,0.889793647250076,1.10659344483567,"RJ"
36.2,12,1.02339955012796,0.88040321284073,1.18962155513121,"RJ"
36.3,0,0.948074799316826,0.806204316225998,1.11491070812833,"RJ"
36.3,1,0.930763754051573,0.82789446560802,1.04641497418386,"RJ"
36.3,2,0.915028677368127,0.842559444538564,0.993731048691298,"RJ"
36.3,3,0.902041905389029,0.842440857598671,0.965859611079663,"RJ"
36.3,4,0.892922714183455,0.828302349080814,0.962584464947542,"RJ"
36.3,5,0.88878058532336,0.814378367120418,0.969980245964627,"RJ"
36.3,6,0.890773240744959,0.811340796762633,0.977982334418983,"RJ"
36.3,7,0.899768119757254,0.823304807202502,0.983332858315715,"RJ"
36.3,8,0.915136663290111,0.84707681162538,0.98866490146366,"RJ"
36.3,9,0.935911621321521,0.873225823355661,1.00309741134157,"RJ"
36.3,10,0.961122786444358,0.887318511445207,1.04106586159012,"RJ"
36.3,11,0.989736697014935,0.885709266667221,1.10598225205888,"RJ"
36.3,12,1.02060773503652,0.875476390658692,1.18979810298787,"RJ"
36.4,0,0.944524660006585,0.800700210561995,1.11418333802409,"RJ"
36.4,1,0.927579717304271,0.823244378269594,1.04513818091632,"RJ"
36.4,2,0.912182375251271,0.838673970281161,0.992133671968026,"RJ"
36.4,3,0.899491556335075,0.839037764443874,0.96430112469892,"RJ"
36.4,4,0.890614941153023,0.825038087283656,0.961404068043098,"RJ"
36.4,5,0.886651237575838,0.81111858800944,0.969217607284837,"RJ"
36.4,6,0.888746953789282,0.808098971206027,0.97744357561909,"RJ"
36.4,7,0.897761283277393,0.82014001031544,0.982728938491709,"RJ"
36.4,8,0.913074200743323,0.844019960022052,0.987778175342294,"RJ"
36.4,9,0.933729830214879,0.870173092431864,1.0019287006411,"RJ"
36.4,10,0.958768742837406,0.883918594091134,1.0399571955913,"RJ"
36.4,11,0.98716893794322,0.881612428144754,1.1053638548298,"RJ"
36.4,12,1.01779798444047,0.87053810732584,1.1899682833107,"RJ"
36.5,0,0.940963367554143,0.795198148523809,1.11344834079719,"RJ"
36.5,1,0.924386391989604,0.818591458268472,1.043854285388,"RJ"
36.5,2,0.909328644617253,0.834783491286168,0.990530589731072,"RJ"
36.5,3,0.896935477903552,0.835629737227805,0.962738897003561,"RJ"
36.5,4,0.888302812104749,0.821769954183,0.960222361473055,"RJ"
36.5,5,0.884518408705645,0.807855820087494,0.968455999059871,"RJ"
36.5,6,0.886717379774228,0.804854260299174,0.976906938780951,"RJ"
36.5,7,0.895750526859682,0.816971424142001,0.982126158466388,"RJ"
36.5,8,0.911006403506808,0.840957574104445,0.986890055796481,"RJ"
36.5,9,0.931540608426516,0.867112545693096,1.0007557951477,"RJ"
36.5,10,0.956404602376981,0.880508621963811,1.03884248334534,"RJ"
36.5,11,0.984587970399203,0.877504757882579,1.10473870682367,"RJ"
36.5,12,1.01497160944268,0.865590478203505,1.19013250944341,"RJ"
36.6,0,0.937392269299173,0.789700150093174,1.11270621695865,"RJ"
36.6,1,0.921184874624068,0.813937308312766,1.04256380014722,"RJ"
36.6,2,0.90646835757298,0.830889235904293,0.988922286839809,"RJ"
36.6,3,0.894374353725418,0.832217748450448,0.961173306014139,"RJ"
36.6,4,0.885986865638263,0.818498809902565,0.959039544818591,"RJ"
36.6,5,0.882382542383594,0.804590883225289,0.967695467766472,"RJ"
36.6,6,0.884684924812378,0.801607470612102,0.976372407797852,"RJ"
36.6,7,0.893736282388358,0.813799858051886,0.981524553677711,"RJ"
36.6,8,0.908933787223732,0.837890489719642,0.98600072407232,"RJ"
36.6,9,0.929344606716784,0.864045114739688,0.99957905357034,"RJ"
36.6,10,0.954031196347841,0.877089786151478,1.03772217847684,"RJ"
36.6,11,0.981994844823559,0.87338785613313,1.10410726287114,"RJ"
36.6,12,1.01212990939454,0.860635577207434,1.19029119945862,"RJ"
36.7,0,0.933812695448873,0.784208185748594,1.11195747000407,"RJ"
36.7,1,0.917976248831018,0.809283498682695,1.04126723798216,"RJ"
36.7,2,0.903602376775296,0.826992412168015,0.987309246494127,"RJ"
36.7,3,0.891808860604714,0.828802756589538,0.959604728060719,"RJ"
36.7,4,0.883667635372715,0.815225502021892,0.95785581764619,"RJ"
36.7,5,0.880244078440351,0.801324584705809,0.966936061139028,"RJ"
36.7,6,0.882649991666923,0.798359396233186,0.97583996814646,"RJ"
36.7,7,0.891718978271135,0.810626109620518,0.98092416068508,"RJ"
36.7,8,0.906856863390145,0.834819531943147,0.98511036123412,"RJ"
36.7,9,0.927142470514918,0.860971720380142,0.998398832720049,"RJ"
36.7,10,0.951649349001888,0.873663262307846,1.03659673300605,"RJ"
36.7,11,0.979390602405359,0.869263297006686,1.10346997898446,"RJ"
36.7,12,1.00927417170116,0.855675436703384,1.19044477610283,"RJ"
36.8,0,0.930225958949068,0.778724176695511,1.11120260626127,"RJ"
36.8,1,0.914761585251332,0.804631567280887,1.03996511183288,"RJ"
36.8,2,0.90073155537304,0.823094207744191,0.985691950218273,"RJ"
36.8,3,0.889239668483013,0.825385706026422,0.958033537811795,"RJ"
36.8,4,0.881345649925317,0.81195086553773,0.956671379527193,"RJ"
36.8,5,0.87810345285229,0.798057719222386,0.966177828168152,"RJ"
36.8,6,0.880612979739418,0.79511081877432,0.975309606880904,"RJ"
36.8,7,0.889699039423624,0.807450964604213,0.980325017184567,"RJ"
36.8,8,0.904776139329768,0.831745514989441,0.984219148222123,"RJ"
36.8,9,0.924934839875421,0.857893272461588,0.997215487610291,"RJ"
36.8,10,0.94925987748428,0.870230210447284,1.03546659744015,"RJ"
36.8,11,0.976776274963528,0.86513262831777,1.1028273123704,"RJ"
36.8,12,1.00640567164274,0.850712047458227,1.19059366672999,"RJ"
36.9,0,0.926633355373599,0.7732499951409,1.11044213473868,"RJ"
36.9,1,0.91154194146647,0.79998301971345,1.03865793470227,"RJ"
36.9,2,0.897856736957103,0.819195789909128,0.98407087784067,"RJ"
36.9,3,0.886667440408895,0.82196752698976,0.956460108297022,"RJ"
36.9,4,0.879021432893052,0.808675722839907,0.955486430051173,"RJ"
36.9,5,0.875961097729508,0.794791068889086,0.965420819093983,"RJ"
36.9,6,0.878574285059341,0.791862507387917,0.974781312621734,"RJ"
36.9,7,0.887676887255764,0.80427519692847,0.979727162017856,"RJ"
36.9,8,0.902692118171618,0.82866924213866,0.983327265901845,"RJ"
36.9,9,0.922722349438833,0.854810669721082,0.996029371546954,"RJ"
36.9,10,0.946863591766512,0.866791774768812,1.03433222085213,"RJ"
36.9,11,0.974152884839079,0.86099737146998,1.10217972143181,"RJ"
36.9,12,1.00352567221194,0.845747358643047,1.19073830322593,"RJ"
37,0,0.923036162831647,0.767787464609661,1.10967656697563,"RJ"
37,1,0.908318361933695,0.795339329400059,1.03734621956676,"RJ"
37,2,0.894978755518368,0.815298305544786,0.982446507470641,"RJ"
37,3,0.884092832512348,0.818549135515971,0.954884810924654,"RJ"
37,4,0.87669550283749,0.805400883700647,0.95430116883402,"RJ"
37,5,0.873817441305968,0.791525403262431,0.964665085395056,"RJ"
37,6,0.876534300275437,0.788615218794741,0.974255075540616,"RJ"
37,7,0.88565293966026,0.801099568688335,0.97913063517579,"RJ"
37,8,0.900605298830431,0.825591505678302,0.982434895105979,"RJ"
37,9,0.920505628396866,0.851724799656576,0.99484083620902,"RJ"
37,10,0.944461294586388,0.863349083507207,1.03319405094886,"RJ"
37,11,0.971521444797992,0.856859021376833,1.10152766575972,"RJ"
37,12,1.00063542396694,0.840783277884947,1.19087912192577,"RJ"
37.1,0,0.919435641892597,0.762338360300321,1.10890641689528,"RJ"
37.1,1,0.905091877933228,0.790701937711381,1.03603047928753,"RJ"
37.1,2,0.892098435413376,0.811402881154856,0.980819315472836,"RJ"
37.1,3,0.881516493984024,0.815131433425337,0.953308015494489,"RJ"
37.1,4,0.874368373272654,0.802127145276358,0.953115795521503,"RJ"
37.1,5,0.871672907931732,0.788261479373505,0.963910679773478,"RJ"
37.1,6,0.87449341464881,0.785369697321664,0.973730887341482,"RJ"
37.1,7,0.883627611002984,0.797924830159881,0.978535477797315,"RJ"
37.1,8,0.898516175989827,0.822513086858937,0.981542216669729,"RJ"
37.1,9,0.918285300461798,0.848636538416404,0.99365023172082,"RJ"
37.1,10,0.942053781394765,0.859903248809592,1.03205253412955,"RJ"
37.1,11,0.968882957944563,0.852719046416377,1.10087160611753,"RJ"
37.1,12,0.997736164899962,0.835821671364591,1.19101656352609,"RJ"
37.2,0,0.915833035528109,0.756904409477735,1.10813220066107,"RJ"
37.2,1,0.901863507527107,0.78607225413234,1.03471122652316,"RJ"
37.2,2,0.889216591337593,0.807510622899602,0.979189776440077,"RJ"
37.2,3,0.878939067059267,0.811715308312841,0.95173009020704,"RJ"
37.2,4,0.872040552655911,0.798855292121024,0.951930509789024,"RJ"
37.2,5,0.869527918067266,0.785000041769681,0.963157656137078,"RJ"
37.2,6,0.872452014047754,0.782126674948555,0.973208741238815,"RJ"
37.2,7,0.881601312115315,0.794751719821984,0.977941732164524,"RJ"
37.2,8,0.896425240088212,0.819434755862995,0.980649411460358,"RJ"
37.2,9,0.916061983840111,0.845546750706238,0.99245790671677,"RJ"
37.2,10,0.939641840308999,0.856455366636043,1.0309081155358,"RJ"
37.2,11,0.966238417645094,0.848578888417519,1.10021200441878,"RJ"
37.2,12,0.994829120321122,0.83086436395669,1.19115107299329,"RJ"
37.3,0,0.912229569070983,0.751487291900603,1.10735443653716,"RJ"
37.3,1,0.898634255529501,0.781451656449769,1.03338897364404,"RJ"
37.3,2,0.886334028306125,0.803622616648384,0.977558363165242,"RJ"
37.3,3,0.876361187006829,0.80830163355282,0.950151401669575,"RJ"
37.3,4,0.869712544381819,0.795586096210406,0.950745511338166,"RJ"
37.3,5,0.867382888279771,0.781741822565188,0.962406069579091,"RJ"
37.3,6,0.870410480944292,0.778886871363569,0.972688631933602,"RJ"
37.3,7,0.879574450288402,0.791580964387602,0.977349441694408,"RJ"
37.3,8,0.894332977307344,0.816357271785762,0.979756660401648,"RJ"
37.3,9,0.913836291210284,0.842456289712533,0.991264208399373,"RJ"
37.3,10,0.937226252072976,0.853006516682815,1.02976123909424,"RJ"
37.3,11,0.963588807461751,0.844439962676165,1.09954932369968,"RJ"
37.3,12,0.991915502757244,0.825913139410885,1.19128309946971,"RJ"
37.4,0,0.90862645019047,0.746088640281738,1.10657364475348,"RJ"
37.4,1,0.895405113488256,0.776841490963124,1.0320642326492,"RJ"
37.4,2,0.883451541641739,0.799739928048902,0.97592554661275,"RJ"
37.4,3,0.873783482122193,0.804891268316636,0.948572314899598,"RJ"
37.4,4,0.867384846778897,0.792320316976313,0.949560999890582,"RJ"
37.4,5,0.865238231241522,0.778487541499879,0.961655976355884,"RJ"
37.4,6,0.868369194412388,0.77565099402618,0.972170555587491,"RJ"
37.4,7,0.877547429269303,0.788413278843873,0.976758650927873,"RJ"
37.4,8,0.892239869563558,0.813281382627811,0.978864144493909,"RJ"
37.4,9,0.911608829704693,0.839365997041524,0.990069482591215,"RJ"
37.4,10,0.934807790023641,0.84955776232689,1.02861234755294,"RJ"
37.4,11,0.960935101096438,0.840303657999418,1.09888402808769,"RJ"
37.4,12,0.988996511865467,0.820969740570637,1.19141309617842,"RJ"
37.5,0,0.905024868883633,0.740710040779129,1.10579034737572,"RJ"
37.5,1,0.892177059677426,0.772243072717024,1.03073751508592,"RJ"
37.5,2,0.880569916970062,0.795863602612247,0.974291795890113,"RJ"
37.5,3,0.871206573725421,0.80148505760259,0.946993193326296,"RJ"
37.5,4,0.865057953109257,0.789058701350292,0.948377175179732,"RJ"
37.5,5,0.863094355730183,0.775237906005611,0.960907433863158,"RJ"
37.5,6,0.866328530127834,0.772419738237391,0.971654509795542,"RJ"
37.5,7,0.875520649258998,0.785249366500397,0.976169405516497,"RJ"
37.5,8,0.890146394501587,0.810207825298133,0.977972044830115,"RJ"
37.5,9,0.90938020089556,0.836276702672917,0.988874073781646,"RJ"
37.5,10,0.932387220063921,0.846110150590661,1.02746188251216,"RJ"
37.5,11,0.95827826234453,0.836171336776209,1.09821658276696,"RJ"
37.5,12,0.986073334361372,0.816035869627909,1.19154152032792,"RJ"
37.6,0,0.901425997482398,0.735353033515953,1.10500506818064,"RJ"
37.6,1,0.888951059100555,0.767657685754413,1.02940933197249,"RJ"
37.6,2,0.877689930221793,0.791994665812903,0.972657578219999,"RJ"
37.6,3,0.868631076163443,0.798083832277385,0.945414398790399,"RJ"
37.6,4,0.86273235157106,0.78580198381612,0.947194236940868,"RJ"
37.6,5,0.860951666631052,0.771993611279665,0.960160500611012,"RJ"
37.6,6,0.86428886036975,0.769193787216583,0.971140493557976,"RJ"
37.6,7,0.873494506912223,0.782089919045129,0.975581752207448,"RJ"
37.6,8,0.888053025490954,0.807137325627295,0.977080542608681,"RJ"
37.6,9,0.907151000784882,0.833189224927459,0.987678325168763,"RJ"
37.6,10,0.929965300641945,0.842664712125595,1.02631028445055,"RJ"
37.6,11,0.955619245058297,0.832044335072853,1.09754745394166,"RJ"
37.6,12,0.98314714396139,0.811113188411563,1.19166883301741,"RJ"
37.7,0,0.89783099067589,0.730019113127766,1.10421833253696,"RJ"
37.7,1,0.885728063504473,0.763086583389261,1.02808019372448,"RJ"
37.7,2,0.874812347641811,0.78813412320293,0.971023358913146,"RJ"
37.7,3,0.86605759681671,0.794688409128479,0.943836291542882,"RJ"
37.7,4,0.860408525303741,0.782550886470553,0.946012384899669,"RJ"
37.7,5,0.858810564941227,0.768755340364752,0.959415236198191,"RJ"
37.7,6,0.862250554023711,0.76597381218452,0.970628507251232,"RJ"
37.7,7,0.871469395339117,0.778935616607371,0.974995738826946,"RJ"
37.7,8,0.885960231624891,0.804070598390017,0.976189819143343,"RJ"
37.7,9,0.904921819798285,0.830104370447641,0.986482578697242,"RJ"
37.7,10,0.927542782736461,0.839222461213862,1.02515799274736,"RJ"
37.7,11,0.952958993119863,0.827923962752127,1.09687710879786,"RJ"
37.7,12,0.980219101339231,0.806203318707542,1.19179549914361,"RJ"
37.8,0,0.894240985547704,0.724709729335179,1.10343066729201,"RJ"
37.8,1,0.882509011403357,0.75853098849774,1.0267506100846,"RJ"
37.8,2,0.871937925805012,0.784282960539562,0.969389601342481,"RJ"
37.8,3,0.863486736110118,0.791299590926732,0.94225923024285,"RJ"
37.8,4,0.858086952395964,0.77930611909181,0.944831818759848,"RJ"
37.8,5,0.856671447775646,0.765523764235136,0.958671701285819,"RJ"
37.8,6,0.860213976586447,0.762760472452102,0.970118552598615,"RJ"
37.8,7,0.86944570410865,0.775787127827382,0.974411414262583,"RJ"
37.8,8,0.883868477721756,0.801008347336599,0.975300055870566,"RJ"
37.8,9,0.902693242782746,0.827022934190802,0.985287175092577,"RJ"
37.8,10,0.925120409848347,0.835784395786925,1.02400544570129,"RJ"
37.8,11,0.950298440423538,0.823811503614563,1.09620601546483,"RJ"
37.8,12,0.977290354096083,0.801307842609005,1.19192198730954,"RJ"
37.9,0,0.890657101627716,0.71942628754042,1.10264260066437,"RJ"
37.9,1,0.879294828112838,0.753992093826875,1.02542109005656,"RJ"
37.9,2,0.869067411638752,0.780442143925553,0.967756766918685,"RJ"
37.9,3,0.860919087528127,0.787918166498777,0.940683571954948,"RJ"
37.9,4,0.855768105896242,0.776068379215327,0.943652738190031,"RJ"
37.9,5,0.854534708374978,0.762299541888477,0.957929957570852,"RJ"
37.9,6,0.858179490172105,0.759554415514442,0.969610632640778,"RJ"
37.9,7,0.867423819253795,0.772645109932167,0.973828828444793,"RJ"
37.9,8,0.881778224328894,0.797951265232663,0.974411434354838,"RJ"
37.9,9,0.900465849008108,0.823945699433994,0.984092453892162,"RJ"
37.9,10,0.922698917998114,0.83235149746018,1.0228530805468,"RJ"
37.9,11,0.947638510867351,0.81970821556074,1.09553464297607,"RJ"
37.9,12,0.974362036744334,0.796428302894698,1.19204876973601,"RJ"
38,0,0.887080440958061,0.714170149446242,1.1018546621425,"RJ"
38,1,0.876086425793901,0.749471062319743,1.02409214184294,"RJ"
38,2,0.86620154245174,0.776612619961596,0.966125315067475,"RJ"
38,3,0.858355237634003,0.784544910808592,0.939109672146582,"RJ"
38,4,0.853452453826197,0.772838352216356,0.94247534281017,"RJ"
38,5,0.852400736115331,0.759083320443039,0.957190067759472,"RJ"
38,6,0.856147453520046,0.756356277149955,0.969104751706236,"RJ"
38,7,0.865404123278436,0.769510208817077,0.973248032327728,"RJ"
38,8,0.87968992772892,0.79490003390674,0.973524136292216,"RJ"
38,9,0.898240212172344,0.820873437789969,0.982898753473683,"RJ"
38,10,0.920279035729309,0.8289247315828,1.02170133346814,"RJ"
38,11,0.944980118353624,0.815615330773431,1.09486346123096,"RJ"
38,12,0.971435270704546,0.791566203433956,1.19217632217613,"RJ"
38.1,0,0.883512088172909,0.708942633695676,1.10106738238955,"RJ"
38.1,1,0.872884703506344,0.744969027456287,1.02276427278725,"RJ"
38.1,2,0.863341045969252,0.772795315910211,0.964495703208795,"RJ"
38.1,3,0.855795766093078,0.781180585047782,0.937537884685192,"RJ"
38.1,4,0.851140459196388,0.769616711399,0.941299832177709,"RJ"
38.1,5,0.850269916519746,0.755875735239896,0.956452095540607,"RJ"
38.1,6,0.854118222004152,0.753166681524088,0.968600915382105,"RJ"
38.1,7,0.863386995165964,0.766383059132821,0.972669077869742,"RJ"
38.1,8,0.877604039948375,0.791855324305229,0.972638343512395,"RJ"
38.1,9,0.896016900410494,0.817806909233711,0.981706411081192,"RJ"
38.1,10,0.917861484117704,0.825505047301962,1.02055063961176,"RJ"
38.1,11,0.942324166798432,0.811534055918534,1.09419294095712,"RJ"
38.1,12,0.96851116431544,0.78672300961677,1.19230512383333,"RJ"
38.2,0,0.879953110591661,0.703745016531232,1.10028129315439,"RJ"
38.2,1,0.86969054727157,0.740487093608913,1.0214379893203,"RJ"
38.2,2,0.860486640374513,0.768991139870528,0.962868386738086,"RJ"
38.2,3,0.853241245699967,0.777825936734113,0.935968561835825,"RJ"
38.2,4,0.848832580024682,0.76640411809132,0.940126405773704,"RJ"
38.2,5,0.848142631271453,0.752677409949862,0.955716105559727,"RJ"
38.2,6,0.852092147643617,0.749986241297438,0.968099130485198,"RJ"
38.2,7,0.861372810389551,0.763264284377596,0.972092018013691,"RJ"
38.2,8,0.875521008768723,0.78881779655434,0.971754237979589,"RJ"
38.2,9,0.893796476307227,0.814746862138961,0.980515762849249,"RJ"
38.2,10,0.91544697678618,0.822093377640725,1.01940143309755,"RJ"
38.2,11,0.939671550149765,0.807465572363786,1.09352355367425,"RJ"
38.2,12,0.965590812856626,0.781900148807503,1.19243565728322,"RJ"
38.3,0,0.876404558325202,0.698578532472173,1.09949692718877,"RJ"
38.3,1,0.866504830144477,0.736026336412025,1.02011379691093,"RJ"
38.3,2,0.857639034356124,0.765200980963403,0.961243819009798,"RJ"
38.3,3,0.850692242409652,0.774481699817874,0.93440205425918,"RJ"
38.3,4,0.846529269357102,0.763201221746176,0.938955262989083,"RJ"
38.3,5,0.846019258228845,0.749488956684829,0.954982163393059,"RJ"
38.3,6,0.850069579115203,0.746815557737958,0.967599405033619,"RJ"
38.3,7,0.859361940924063,0.760154496994,0.971516906667202,"RJ"
38.3,8,0.873441277739647,0.785788100028605,0.970872001792463,"RJ"
38.3,9,0.891579496912958,0.811694033324224,0.979327143825439,"RJ"
38.3,10,0.913036219925202,0.818690639588832,1.01825414702918,"RJ"
38.3,11,0.93702315241425,0.803411036414312,1.09285577165952,"RJ"
38.3,12,0.962675298583827,0.777099010820841,1.19256840839953,"RJ"
38.4,0,0.872867464394843,0.693444375008542,1.09871481817081,"RJ"
38.4,1,0.863328412294199,0.731587803144713,1.01879220002112,"RJ"
38.4,2,0.854798927161371,0.761425709526344,0.95962245132327,"RJ"
38.4,3,0.848149315372357,0.771148594795652,0.932838711010321,"RJ"
38.4,4,0.844230975291121,0.760008660047474,0.937786603111176,"RJ"
38.4,5,0.843900171442155,0.746310976113282,0.954250335522333,"RJ"
38.4,6,0.848050861766931,0.743655220837019,0.967101748218955,"RJ"
38.4,7,0.857354755259599,0.757054298470462,0.970943798683057,"RJ"
38.4,8,0.871365286194612,0.782766873425607,0.969991817183329,"RJ"
38.4,9,0.889366513763461,0.80864914810777,0.978140887991586,"RJ"
38.4,10,0.910629912318781,0.815297734205789,1.01710921350408,"RJ"
38.4,11,0.934379847692251,0.799371579564109,1.09219006791494,"RJ"
38.4,12,0.959765690776346,0.77232094841868,1.1927038662844,"RJ"
38.5,0,0.869342844863586,0.68834369731069,1.09793550063464,"RJ"
38.5,1,0.860162141093499,0.727172513125842,1.01747370206568,"RJ"
38.5,2,0.851967008655308,0.757666177317779,0.958004732911074,"RJ"
38.5,3,0.845613016972125,0.767827328831158,0.931278879538212,"RJ"
38.5,4,0.841938141001337,0.756827059021538,0.936620625310668,"RJ"
38.5,5,0.841785741171802,0.743144057579724,0.95352068931015,"RJ"
38.5,6,0.846036337633183,0.740505809429087,0.966606170379159,"RJ"
38.5,7,0.855351618416611,0.75396427944693,0.97037274983982,"RJ"
38.5,8,0.869293469268648,0.779754744846608,0.969113866516806,"RJ"
38.5,9,0.887158072902927,0.805612920371181,0.976957328283921,"RJ"
38.5,10,0.908228745375836,0.811915546735583,1.01596706362319,"RJ"
38.5,11,0.9317425002212,0.795348308762634,1.091526916137,"RJ"
38.5,12,0.956863045796515,0.767567277826688,1.19284252320318,"RJ"
11.7,0,1.14885269755079,0.881242089366858,1.49772978004036,"RS"
11.7,1,1.20701190101991,0.986421036467382,1.47693294784258,"RS"
11.7,2,1.2692175597881,1.07273931921821,1.50168189532612,"RS"
11.7,3,1.33695017831545,1.12559779178081,1.58798799389062,"RS"
11.7,4,1.41197277401582,1.15926999367237,1.71976081969165,"RS"
11.7,5,1.49639650520341,1.19884080398757,1.86780637874266,"RS"
11.7,6,1.59277205417001,1.26220139247161,2.00991920281218,"RS"
11.7,7,1.70372184705583,1.35924067632178,2.13550711268456,"RS"
11.7,8,1.83033395735387,1.48426501695895,2.25709179773476,"RS"
11.7,9,1.97320062858664,1.61515662982023,2.41061495137353,"RS"
11.7,10,2.13277038111228,1.71649853738421,2.64999322719007,"RS"
11.7,11,2.30925338169752,1.76828587527488,3.01571779509492,"RS"
11.7,12,2.50251328450611,1.78081137837429,3.51669627405834,"RS"
11.8,0,1.14545099222039,0.881512801634526,1.48841624664534,"RS"
11.8,1,1.20317514786607,0.985717097871309,1.46860639788915,"RS"
11.8,2,1.26485580480507,1.07119807108028,1.49352416713713,"RS"
11.8,3,1.33190372762676,1.12359348064252,1.5788339557218,"RS"
11.8,4,1.40599613469254,1.1569992866687,1.70857938595809,"RS"
11.8,5,1.4891372267663,1.19610191378194,1.85396382581619,"RS"
11.8,6,1.58374202678506,1.25845904376914,1.99310324783631,"RS"
11.8,7,1.69228370578252,1.35369567204262,2.11555979678634,"RS"
11.8,8,1.81577081404733,1.47608841309631,2.23362206483967,"RS"
11.8,9,1.95473635847738,1.60381688535645,2.38243796161566,"RS"
11.8,10,2.10957430492443,1.7021649943389,2.61449610513571,"RS"
11.8,11,2.28045293657013,1.7517029119233,2.96880570358899,"RS"
11.8,12,2.46721630214663,1.7627003686484,3.45331310405613,"RS"
11.9,0,1.14206058175286,0.881777883288121,1.47917338040956,"RS"
11.9,1,1.19935177067571,0.985008917017586,1.46033669845171,"RS"
11.9,2,1.26051019397832,1.06965548236499,1.48541841304853,"RS"
11.9,3,1.32687750062764,1.12159004713202,1.56973923420045,"RS"
11.9,4,1.40004607025583,1.15473043806022,1.6974775534033,"RS"
11.9,5,1.4819146659734,1.19336647617763,1.84023191623508,"RS"
11.9,6,1.57476509732883,1.25472496518767,1.97643721179498,"RS"
11.9,7,1.68092489477664,1.34817094276942,2.09580878228668,"RS"
11.9,8,1.80132697686922,1.46795548720776,2.21040685897688,"RS"
11.9,9,1.93644947155499,1.5925564602486,2.35460195571356,"RS"
11.9,10,2.08663657077637,1.68795116767961,2.57948941999713,"RS"
11.9,11,2.25201949703364,1.73527465903303,2.92264500528451,"RS"
11.9,12,2.4324270293995,1.74477117908389,3.39110441774944,"RS"
12,0,1.13868218351452,0.882037313879,1.47000256638945,"RS"
12,1,1.19554245093144,0.984296600639049,1.45212505158626,"RS"
12,2,1.25618137951287,1.06811176200113,1.47736567873614,"RS"
12,3,1.32187214030134,1.11958773711377,1.56070479997343,"RS"
12,4,1.39412324808063,1.1524636890303,1.68645628434008,"RS"
12,5,1.47472955945699,1.19063476223475,1.82661160459836,"RS"
12,6,1.56584212012479,1.25099955208991,1.95992200081992,"RS"
12,7,1.66964641570959,1.34266712587925,2.0762548659753,"RS"
12,8,1.7870035603717,1.45986718416927,2.18744674817684,"RS"
12,9,1.91834105784681,1.58137656680505,2.32710695951173,"RS"
12,10,2.0639579653422,1.67385842016033,2.54497180370336,"RS"
12,11,2.22395308963187,1.71900253821148,2.87723097257849,"RS"
12,12,2.3981440722184,1.72702525116061,3.33005842691144,"RS"
12.1,0,1.13531650606271,0.882291071226127,1.46090514907647,"RS"
12.1,1,1.19174786102443,0.983580253843287,1.44397262826972,"RS"
12.1,2,1.2518700040489,1.066567117015,1.46936698313317,"RS"
12.1,3,1.31688827902163,1.11758679433989,1.55173159544075,"RS"
12.1,4,1.38822832276007,1.15019927852472,1.67551650578767,"RS"
12.1,5,1.46758262687615,1.18790704007826,1.81310379856559,"RS"
12.1,6,1.556973924848,1.24728319445371,1.94355845844482,"RS"
12.1,7,1.65844923233156,1.33718484683325,2.05689876215307,"RS"
12.1,8,1.77280162040657,1.45182442355317,2.16474219218911,"RS"
12.1,9,1.90041211891159,1.5702783709852,2.29995285449937,"RS"
12.1,10,2.04153914746556,1.65988804327029,2.51094169123774,"RS"
12.1,11,2.19625356501902,1.70288787620092,2.83255861367681,"RS"
12.1,12,2.36436580680781,1.70946391077672,3.27016302196279,"RS"
12.2,0,1.13196424922705,0.88253913145903,1.45188243314472,"RS"
12.2,1,1.18796866434109,0.982859980161097,1.43588056889349,"RS"
12.2,2,1.24757670075747,1.06502175258194,1.46142331881917,"RS"
12.2,3,1.31192653866704,1.11558746049571,1.54282053519506,"RS"
12.2,4,1.38236193625774,1.14793744329419,1.66465911010841,"RS"
12.2,5,1.46047457114729,1.18518357494524,1.79970935984868,"RS"
12.2,6,1.54816131691702,1.24357627694127,1.92734736713816,"RS"
12.2,7,1.6473342711911,1.33172471932775,2.03774110494142,"RS"
12.2,8,1.75872215546424,1.4438281000216,2.14229354593839,"RS"
12.2,9,1.8826635702651,1.55926299331059,2.27313938316327,"RS"
12.2,10,2.01938065235997,1.64604125891701,2.47739732952305,"RS"
12.2,11,2.16892060486814,1.68693190741567,2.78862268805403,"RS"
12.2,12,2.33109039040093,1.69208837161459,3.21140579852486,"RS"
12.3,0,1.12862610419497,0.882781469067826,1.4429356842021,"RS"
12.3,1,1.18420551535358,0.98213588160118,1.42784998375947,"RS"
12.3,2,1.24330209343962,1.06347587208256,1.45353565241144,"RS"
12.3,3,1.30698753073799,1.11358997524839,1.53397250646369,"RS"
12.3,4,1.37652471806285,1.14567841793917,1.6538849556461,"RS"
12.3,5,1.45340607867785,1.18246462923467,1.78642910520285,"RS"
12.3,6,1.53940507788928,1.23987917897116,1.91128944982988,"RS"
12.3,7,1.63630242235802,1.32628734544957,2.01878245057607,"RS"
12.3,8,1.74476610801301,1.43587908372581,2.12010106294729,"RS"
12.3,9,1.86509624379474,1.54833150978233,2.2466661542697,"RS"
12.3,10,1.99748289577022,1.63231922111237,2.44433678614382,"RS"
12.3,11,2.14195372868196,1.67113577647573,2.74541772152718,"RS"
12.3,12,2.29831577183257,1.67489973849521,3.15377408309831,"RS"
12.4,0,1.12530275360153,0.883018056961111,1.43406612954343,"RS"
12.4,1,1.18045905971379,0.981408058711705,1.41988195357758,"RS"
12.4,2,1.23904679662836,1.06192967716401,1.44570492495794,"RS"
12.4,3,1.30207185647675,1.11159457629875,1.52518836955277,"RS"
12.4,4,1.37071728534826,1.14342243495737,1.64319486736549,"RS"
12.4,5,1.44637781960295,1.17975046255974,1.77326380741594,"RS"
12.4,6,1.53070596585988,1.23619227479338,1.8953853714307,"RS"
12.4,7,1.62535454014916,1.32087331583533,2.00002327968357,"RS"
12.4,8,1.7309343658377,1.42797822071116,2.09816489872361,"RS"
12.4,9,1.84771089016168,1.53748495280418,2.2205326480726,"RS"
12.4,10,1.97584617809234,1.61872301766026,2.41175795790252,"RS"
12.4,11,2.11535230050235,1.65550054073489,2.70293802094091,"RS"
12.4,12,2.26603970190237,1.65789901071839,3.09725495787148,"RS"
12.5,0,1.12199487162334,0.883248866532565,1.42527495890385,"RS"
12.5,1,1.17672993435095,0.98067661064942,1.41197752996335,"RS"
12.5,2,1.2348114156939,1.06038336780668,1.43793205233106,"RS"
12.5,3,1.29718010699006,1.10960149943662,1.51646895829278,"RS"
12.5,4,1.36494024313101,1.14116972479398,1.63258963749226,"RS"
12.5,5,1.43939044802498,1.17704133180291,1.76021419629508,"RS"
12.5,6,1.52206471586326,1.23251593356761,1.879635740343,"RS"
12.5,7,1.61449144385663,1.31548320983503,1.98146399953912,"RS"
12.5,8,1.7172277633765,1.42012633332761,2.07648511411047,"RS"
12.5,9,1.83050818118885,1.52672431211063,2.19473822144551,"RS"
12.5,10,1.95447068844933,1.60525367184469,2.3796585792063,"RS"
12.5,11,2.08911553551509,1.64002717280141,2.66117768846197,"RS"
12.5,12,2.23425974352472,1.64108708538645,3.04183528466415,"RS"
12.6,0,1.11870312407659,0.883473867737187,1.41656332521091,"RS"
12.6,1,1.17301876757264,0.979941635257025,1.40413773593438,"RS"
12.6,2,1.23059654695164,1.05883714239671,1.4302179256212,"RS"
12.6,3,1.29231286337453,1.10761097859981,1.50781508048477,"RS"
12.6,4,1.35919418443558,1.13892051589487,1.62207002615275,"RS"
12.6,5,1.43244460225572,1.17433749117406,1.74728095964998,"RS"
12.6,6,1.51348204027777,1.22885051944479,1.8640411099621,"RS"
12.6,7,1.60371391847778,1.31011759567983,1.96310494630429,"RS"
12.6,8,1.70364708305549,1.4123242206456,2.05506167859724,"RS"
12.6,9,1.81348871223334,1.51605053569933,2.16928211293478,"RS"
12.6,10,1.93335650872068,1.59191214411706,2.34803623028191,"RS"
12.6,11,2.06324250654679,1.62471656304961,2.62013063548212,"RS"
12.6,12,2.20297328166186,1.62446476070897,2.98750172801409,"RS"
12.7,0,1.11542816851898,0.883693029178154,1.40793234533344,"RS"
12.7,1,1.1693261791691,0.979203229149614,1.39636356640455,"RS"
12.7,2,1.22640277777313,1.057291197805,1.42256341152955,"RS"
12.7,3,1.28747069684441,1.10562324593716,1.49922751834691,"RS"
12.7,4,1.35347969045944,1.13667503476297,1.61163676201282,"RS"
12.7,5,1.42554090506111,1.17163919227166,1.73446474427194,"RS"
12.7,6,1.50495862923264,1.2251963916523,1.8486019801669,"RS"
12.7,7,1.59302271544669,1.30477703065431,1.9449463872433,"RS"
12.7,8,1.69019305661963,1.40457265887712,2.0338944735896,"RS"
12.7,9,1.79665300454172,1.50546453076741,2.14416344773219,"RS"
12.7,10,1.91250361752327,1.57869933378164,2.31688834521642,"RS"
12.7,11,2.03773215045127,1.60956952212067,2.57979059612901,"RS"
12.7,12,2.17217753303743,1.60803273928661,2.93424077741467,"RS"
12.8,0,1.11217065435551,0.883906318205406,1.39938310082553,"RS"
12.8,1,1.16565278052088,0.978461487811013,1.38865598867443,"RS"
12.8,2,1.22223068669973,1.05574572947295,1.41496935275908,"RS"
12.8,3,1.2826541688619,1.10363853187581,1.49070702896042,"RS"
12.8,4,1.34779733074108,1.13443350601803,1.60129054291519,"RS"
12.8,5,1.41867996390826,1.16894668414748,1.7217661569078,"RS"
12.8,6,1.49649515101723,1.22155390458289,1.83331879879897,"RS"
12.8,7,1.58241855336655,1.29946206127315,1.92698852291644,"RS"
12.8,8,1.67686636645974,1.39687240180187,2.01298329563728,"RS"
12.8,9,1.78000150758695,1.49496716465112,2.11938124256477,"RS"
12.8,10,1.89191189414189,1.56561608067803,2.28621221982175,"RS"
12.8,11,2.01258327438285,1.59458678341125,2.54015114038542,"RS"
12.8,12,2.14186955562833,1.59179163137205,2.88203876871321,"RS"
12.9,0,1.10893122294807,0.884113701027096,1.39091663866365,"RS"
12.9,1,1.16199917470959,0.977716505700957,1.38101594291663,"RS"
12.9,2,1.21808084355901,1.05420093150573,1.40743656840279,"RS"
12.9,3,1.27786383126988,1.10165706519299,1.48225434471451,"RS"
12.9,4,1.34214766333015,1.13219615246007,1.59103203651464,"RS"
12.9,5,1.41186237121477,1.16626021337486,1.7091857652281,"RS"
12.9,6,1.48809225249226,1.21792340788752,1.81819196312876,"RS"
12.9,7,1.57190211874262,1.29417322346243,1.9092314893496,"RS"
12.9,8,1.66366764693439,1.38922418119842,1.99232785961769,"RS"
12.9,9,1.76353460138573,1.48455926576818,2.09493441050024,"RS"
12.9,10,1.87158112240747,1.55266316685996,2.25600501932172,"RS"
12.9,11,1.98779456195459,1.57976900554847,2.50120568681775,"RS"
12.9,12,2.11204625793306,1.5757419581063,2.83088190468055,"RS"
13,0,1.10571050772872,0.884315142835193,1.38253397197514,"RS"
13,1,1.1583659566318,0.976968376374042,1.37344434265472,"RS"
13,2,1.2139538095837,1.05265699677347,1.39996585432844,"RS"
13,3,1.2731002264268,1.09967907309277,1.47387017374953,"RS"
13,4,1.33653123495979,1.12996319513668,1.58086188091027,"RS"
13,5,1.4050887046001,1.16358002412093,1.6967240987884,"RS"
13,6,1.4797505595028,1.21430524657257,1.80322182130833,"RS"
13,7,1.56147406671522,1.28891104274577,1.89167536017852,"RS"
13,8,1.65059748568627,1.3816287072803,1.97192780187443,"RS"
13,9,1.74725259879495,1.47424162456259,2.07082176566648,"RS"
13,10,1.85151099452141,1.53984131826915,2.2262637858601,"RS"
13,11,1.96336457927948,1.56511677484998,2.46294751491548,"RS"
13,12,2.08270440801529,1.55988415472872,2.78075627476368,"RS"
13.1,0,1.10250913431656,0.884510607946583,1.37423608075581,"RS"
13.1,1,1.15475371311591,0.97621719261156,1.36594207523404,"RS"
13.1,2,1.20985013753321,1.05111411702117,1.39255798355874,"RS"
13.1,3,1.26836388734385,1.09770478128804,1.46555520039761,"RS"
13.1,4,1.33094858122102,1.12773485341453,1.57078068527434,"RS"
13.1,5,1.39835952713878,1.16090635822299,1.68438164998333,"RS"
13.1,6,1.47147067729286,1.21069976110146,1.78840867380932,"RS"
13.1,7,1.55113502179248,1.28367603443534,1.87432014876674,"RS"
13.1,8,1.63765642495214,1.37408666913689,1.95178268330891,"RS"
13.1,9,1.73115574778634,1.46401499445135,2.0470420278836,"RS"
13.1,10,1.8317011148245,1.52715120640374,2.19698544582907,"RS"
13.1,11,1.93929178089305,1.55063060776804,2.4253697770436,"RS"
13.1,12,2.05384064232193,1.5442185737594,2.73164787403379,"RS"
13.2,0,1.09932772063811,0.884700059961151,1.3660239125749,"RS"
13.2,1,1.15116302304199,0.975463046567295,1.35851000228307,"RS"
13.2,2,1.20577037181758,1.0495724829878,1.38521370664593,"RS"
13.2,3,1.26365533782427,1.09573441408798,1.4573100856204,"RS"
13.2,4,1.32540022673897,1.12551134505535,1.56078903047692,"RS"
13.2,5,1.39167538761556,1.15823945526943,1.6721588749922,"RS"
13.2,6,1.46325319092118,1.20710728750105,1.77375277484534,"RS"
13.2,7,1.54088557858237,1.27846870382812,1.85716581029609,"RS"
13.2,8,1.62484496286572,1.36659873517926,1.93189199242438,"RS"
13.2,9,1.71524423369811,1.45388009277267,2.02359382720749,"RS"
13.2,10,1.81215100350919,1.51459344998044,2.16816681701732,"RS"
13.2,11,1.91557451555617,1.53631095331655,2.38846551001072,"RS"
13.2,12,2.02545147427523,1.5287454881527,2.68354262134309,"RS"
13.3,0,1.09616687705112,0.884883461938398,1.35789838326491,"RS"
13.3,1,1.14759445746444,0.974706029928526,1.35114896016359,"RS"
13.3,2,1.20171504862383,1.0480322845355,1.37793375203992,"RS"
13.3,3,1.25897509260463,1.09376819449168,1.44913546744287,"RS"
13.3,4,1.31988668535107,1.1232928862967,1.55088746970565,"RS"
13.3,5,1.3850368207821,1.15557955268542,1.66005619471567,"RS"
13.3,6,1.45509866567823,1.20352815747323,1.75925433377794,"RS"
13.3,7,1.53072630252376,1.27328954640743,1.84021224382871,"RS"
13.3,8,1.61216355475309,1.35916555359072,1.91225514832078,"RS"
13.3,9,1.69951818146288,1.44383760173553,2.00047570838368,"RS"
13.3,10,1.79286010027389,1.50216861658958,2.13980461557753,"RS"
13.3,11,1.89221103193686,1.52215819548005,2.35222764625616,"RS"
13.3,12,1.99753330263907,1.5134650944207,2.63642637670439,"RS"
13.4,0,1.09302720647178,0.885060776594313,1.34986037759431,"RS"
13.4,1,1.14404857973744,0.973946234093509,1.34385976040808,"RS"
13.4,2,1.19768469604458,1.04649371078946,1.37071882644883,"RS"
13.4,3,1.25432365749814,1.09180634428806,1.4410319613827,"RS"
13.4,4,1.31440846028691,1.12107969193791,1.54107652908004,"RS"
13.4,5,1.37844434761528,1.15292688582376,1.64807399570259,"RS"
13.4,6,1.44700764750404,1.19996269851187,1.74491351650501,"RS"
13.4,7,1.52065773061593,1.26813904805013,1.8234592943396,"RS"
13.4,8,1.59961261441976,1.35178775278231,1.89287150363973,"RS"
13.4,9,1.68397765781074,1.43388816937003,1.97768613521069,"RS"
13.4,10,1.77382776791836,1.48987722434274,2.11189546281325,"RS"
13.4,11,1.86919948417044,1.508172655604,2.31664902465944,"RS"
13.4,12,1.97008241965975,1.49837751572577,2.59028495790826,"RS"
13.5,0,1.08990930450517,0.885231966520294,1.3419107499206,"RS"
13.5,1,1.14052594564314,0.973183750366813,1.33664319014255,"RS"
13.5,2,1.19367983420896,1.04495695028944,1.3635696151908,"RS"
13.5,3,1.2497015295398,1.0898490841627,1.43300016087453,"RS"
13.5,4,1.30896604434975,1.11887197543147,1.53135670825959,"RS"
13.5,5,1.37189847557681,1.1502816880613,1.63621263106614,"RS"
13.5,6,1.43898066340678,1.19641123402556,1.73073044683094,"RS"
13.5,7,1.51068037214651,1.26301768523966,1.80690675471869,"RS"
13.5,8,1.58719251542906,1.34446594185318,1.87374034745846,"RS"
13.5,9,1.66862267344698,1.42403241047847,1.95522349481206,"RS"
13.5,10,1.75505329587928,1.47771974351219,2.0844358917854,"RS"
13.5,11,1.84653793729742,1.49435459476559,2.28172240097638,"RS"
13.5,12,1.94309501898225,1.4834828049414,2.54510415639282,"RS"
13.6,0,1.0868137595789,0.885396994426073,1.33405032482142,"RS"
13.6,1,1.13702710352246,0.972418670173983,1.32950001249294,"RS"
13.6,2,1.1897009754156,1.04342219115365,1.35648678253615,"RS"
13.6,3,1.24510919713344,1.08789663381199,1.42504063768819,"RS"
13.6,4,1.3035599200997,1.11666994898036,1.52172848104486,"RS"
13.6,5,1.36539969887428,1.14764419090128,1.62447242138862,"RS"
13.6,6,1.43101822188181,1.19287408346667,1.71670520781752,"RS"
13.6,7,1.50079470941728,1.25792592528529,1.79055436774154,"RS"
13.6,8,1.57490359237126,1.33720071105592,1.85486090813196,"RS"
13.6,9,1.65345318520354,1.41427090758693,1.93308610181652,"RS"
13.6,10,1.73653590370512,1.46569659816178,2.0574223537388,"RS"
13.6,11,1.82422437257871,1.48070421612443,2.2474404579061,"RS"
13.6,12,1.91656720334298,1.46878094768078,2.50086975238207,"RS"
13.7,0,1.08374115307995,0.885555823408703,1.32627989770104,"RS"
13.7,1,1.13355259440844,0.971651085297077,1.32243096697334,"RS"
13.7,2,1.18574862426782,1.04188962125593,1.34947097203846,"RS"
13.7,3,1.24054714020041,1.08594921206507,1.41715394234035,"RS"
13.7,4,1.29819056003826,1.11447382364166,1.51219229597117,"RS"
13.7,5,1.35894849872326,1.14501462408201,1.61285365561403,"RS"
13.7,6,1.42312081333109,1.18935156246684,1.70283784311471,"RS"
13.7,7,1.49100119846765,1.25286422654785,1.77440182800771,"RS"
13.7,8,1.56274614212291,1.32999263226707,1.83623235608242,"RS"
13.7,9,1.63846909816352,1.40460421189701,1.91127220244562,"RS"
13.7,10,1.7182747444698,1.45380816776892,2.03085122434946,"RS"
13.7,11,1.80225669268815,1.46722166725286,2.21379581479384,"RS"
13.7,12,1.89049499204054,1.45427186529258,2.45756752930878,"RS"
13.8,0,1.08069205949453,0.885708417249831,1.31860023536966,"RS"
13.8,1,1.13010295216215,0.970881088132725,1.31543676985395,"RS"
13.8,2,1.18182327781075,1.04035942841722,1.34252280685366,"RS"
13.8,3,1.23601583033006,1.08400703701426,1.40934060449869,"RS"
13.8,4,1.29285842679438,1.11228380943689,1.50274857689375,"RS"
13.8,5,1.35254534361049,1.14239321569239,1.60135659192763,"RS"
13.8,6,1.41528891048276,1.18584398297973,1.68912835827049,"RS"
13.8,7,1.48130026979549,1.24783303867233,1.75844878384597,"RS"
13.8,8,1.5507204250961,1.32284225946284,1.81785380653526,"RS"
13.8,9,1.62367026775846,1.39503284423787,1.88977997850874,"RS"
13.8,10,1.70026890812453,1.44205478883726,2.0047188097936,"RS"
13.8,11,1.78063272678243,1.45390704244533,2.18078103697462,"RS"
13.8,12,1.86487432818636,1.43995541782368,2.41518328753868,"RS"
13.9,0,1.07766704655091,0.885854740743586,1.31101207659273,"RS"
13.9,1,1.12667870361098,0.97010877197444,1.30851811450681,"RS"
13.9,2,1.17792542567053,1.03883180061224,1.33564289004569,"RS"
13.9,3,1.23151573093176,1.08207032615429,1.40160113337784,"RS"
13.9,4,1.28756397331181,1.11010011546964,1.49339772356399,"RS"
13.9,5,1.34619068955809,1.13978019229475,1.58998145862166,"RS"
13.9,6,1.40752296881067,1.18235165343116,1.67557672201872,"RS"
13.9,7,1.47169232907507,1.24283280282774,1.74269483918553,"RS"
13.9,8,1.53882666647705,1.31575012920026,1.79972432220104,"RS"
13.9,9,1.60905650183743,1.38555729601823,1.86860755130492,"RS"
13.9,10,1.68251742478748,1.43043675649992,1.97902135263933,"RS"
13.9,11,1.75935023544857,1.44076038500672,2.1483886447631,"RS"
13.9,12,1.83970108573722,1.42583140694873,2.37370285741252,"RS"
14,0,1.07466667536525,0.885994760057576,1.30351613260733,"RS"
14,1,1.12328036868933,0.969334231321026,1.30167567172708,"RS"
14,2,1.17405555019531,1.03730692619254,1.32883180487754,"RS"
14,3,1.22704729738846,1.08013929653112,1.3939360181263,"RS"
14,4,1.28230764303765,1.10792295005084,1.48414011219582,"RS"
14,5,1.33988498038855,1.13717577905553,1.57872845494643,"RS"
14,6,1.39982342695377,1.17887487887747,1.66218286754438,"RS"
14,7,1.46217775787183,1.23786395195464,1.72713955539231,"RS"
14,8,1.52706505745374,1.30871676110399,1.78184291590263,"RS"
14,9,1.59462756270788,1.3761780301785,1.84775298543158,"RS"
14,10,1.66501926797091,1.41895432611303,1.95375503756246,"RS"
14,11,1.73840691552956,1.42778168951941,2.11661112209544,"RS"
14,12,1.81497107631205,1.41189957886651,2.33311211162333,"RS"
14.1,0,1.07169150059024,0.886128443129607,1.29611308760279,"RS"
14.1,1,1.11990846058166,0.968557562212982,1.29491009002786,"RS"
14.1,2,1.17021412659818,1.03578499412688,1.32209011508638,"RS"
14.1,3,1.22261097721184,1.07821416490096,1.38634572820345,"RS"
14.1,4,1.27708987011222,1.10575252083235,1.47497609602151,"RS"
14.1,5,1.33362864799051,1.13458019988427,1.56759775194597,"RS"
14.1,6,1.3921907071352,1.17541396117246,1.64894669372507,"RS"
14.1,7,1.45275691435381,1.23292691102081,1.71178245306965,"RS"
14.1,8,1.5154357564323,1.30174265835909,1.76420855314708,"RS"
14.1,9,1.58038316914763,1.36689548214293,1.8272142924999,"RS"
14.1,10,1.6477733577457,1.40760771483956,1.92891599688768,"RS"
14.1,11,1.71780040482872,1.41497090408921,2.08544092482885,"RS"
14.1,12,1.79068005579563,1.39815962716331,2.29339697694595,"RS"
14.2,0,1.06874207056657,0.886255760102904,1.28880359916229,"RS"
14.2,1,1.11656348586767,0.967778862598926,1.28822199590613,"RS"
14.2,2,1.16640162310188,1.03426619426016,1.31541836514138,"RS"
14.2,3,1.21820721019877,1.07629514790008,1.37883071374585,"RS"
14.2,4,1.2719110795599,1.10358903494936,1.46590600583618,"RS"
14.2,5,1.32742211258515,1.13199367758172,1.5565894932773,"RS"
14.2,6,1.38462521558091,1.17196919914355,1.63586806634808,"RS"
14.2,7,1.44343013399933,1.22802209728564,1.69662301382244,"RS"
14.2,8,1.5039388902417,1.29482830820992,1.74682015464149,"RS"
14.2,9,1.56632299838774,1.35771006077195,1.80698943475711,"RS"
14.2,10,1.63077856384306,1.39639710322333,1.90450031595684,"RS"
14.2,11,1.69752828669363,1.40232793257009,2.05487048870502,"RS"
14.2,12,1.76682373073198,1.38461119564364,2.25454344533635,"RS"
14.3,0,1.06581892747716,0.88637668380271,1.2815882986622,"RS"
14.3,1,1.11324594466984,0.966998232734118,1.28161199407754,"RS"
14.3,2,1.16261850108519,1.03275071759213,1.30881708048293,"RS"
14.3,3,1.2138364285892,1.07438246222615,1.37139140592194,"RS"
14.3,4,1.26677168748107,1.10143269917216,1.45693015053007,"RS"
14.3,5,1.32126578299325,1.12941643399746,1.54570379601249,"RS"
14.3,6,1.37712734293764,1.16854088877792,1.62294681930203,"RS"
14.3,7,1.43419773030101,1.22314992057364,1.68166068198402,"RS"
14.3,8,1.4925745553266,1.28797418246565,1.72967659875264,"RS"
14.3,9,1.55244668806593,1.34862214931467,1.78707632861555,"RS"
14.3,10,1.6140337086936,1.3853226367534,1.88050403832602,"RS"
14.3,11,1.67758809448062,1.3898526367681,2.02489223698374,"RS"
14.3,12,1.7433977645107,1.37125388112868,2.21653758441809,"RS"
14.4,0,1.06292260750404,0.886491190257314,1.27446779162604,"RS"
14.4,1,1.109956330803,0.966215775613266,1.27508066767768,"RS"
14.4,2,1.15886521523111,1.03123875657704,1.30228676774167,"RS"
14.4,3,1.2094990572254,1.07247632483184,1.36402821727417,"RS"
14.4,4,1.26167210124508,1.09928372006809,1.44804881760787,"RS"
14.4,5,1.31516005690261,1.1268486901979,1.53494075142271,"RS"
14.4,6,1.36969746469026,1.16512932341914,1.61018275574208,"RS"
14.4,7,1.42505999546565,1.21831078355778,1.66689486630505,"RS"
14.4,8,1.48134281892798,1.28118073801271,1.71277672390961,"RS"
14.4,9,1.53875383815048,1.33963210636193,1.76747284808887,"RS"
14.4,10,1.59753757040373,1.37438442741886,1.85692317079323,"RS"
14.4,11,1.65797731590086,1.37754483862461,1.99549858775298,"RS"
14.4,12,1.72039778334918,1.35808723622326,2.17936554737358,"RS"
14.5,0,1.06005364098796,0.886599259266651,1.26744265802942,"RS"
14.5,1,1.10669513192609,0.965431597439828,1.26862857842731,"RS"
14.5,2,1.15514221367659,1.02973050544556,1.29582791493613,"RS"
14.5,3,1.20519551371236,1.07057695313152,1.35674154204773,"RS"
14.5,4,1.25661271968405,1.09714230417411,1.43926227369422,"RS"
14.5,5,1.30910532113593,1.12429066664521,1.52430042574321,"RS"
14.5,6,1.36233594157819,1.16173479397519,1.59757564922805,"RS"
14.5,7,1.41601720110995,1.21350508205333,1.65232494160345,"RS"
14.5,8,1.47024372025144,1.27444841733457,1.69611933094923,"RS"
14.5,9,1.52524401283425,1.33074026679995,1.74817682813566,"RS"
14.5,10,1.58128888566977,1.36358255525435,1.8337536882586,"RS"
14.5,11,1.63869339724939,1.36540432237952,1.96668196092202,"RS"
14.5,12,1.69781938207459,1.34511077205193,2.14301358225747,"RS"
14.6,0,1.05721255259054,0.886700875021733,1.26051345255254,"RS"
14.6,1,1.10346282969583,0.964645808134131,1.26225626675924,"RS"
14.6,2,1.15144993816386,1.02822616055023,1.28944099164727,"RS"
14.6,3,1.20092620857954,1.06868456522171,1.3495317565048,"RS"
14.6,4,1.25159393328759,1.0950086581809,1.43057076502449,"RS"
14.6,5,1.30310195191904,1.12174258338811,1.51378286091837,"RS"
14.6,6,1.35504312001087,1.15835758913853,1.58512524483424,"RS"
14.6,7,1.40706959895188,1.20873320532268,1.63795025037477,"RS"
14.6,8,1.45927727162288,1.2677776490394,1.67970318540371,"RS"
14.6,9,1.51191674239888,1.32194694276489,1.7291860679106,"RS"
14.6,10,1.56528635262988,1.35291706987647,1.81099153841933,"RS"
14.6,11,1.61973374751848,1.35343083671483,1.93843478490437,"RS"
14.6,12,1.67565812970886,1.33232396096526,2.10746804074976,"RS"
14.7,0,1.0543998614589,0.886796026778282,1.25368070477667,"RS"
14.7,1,1.1002598999226,0.963858521882634,1.25596425190407,"RS"
14.7,2,1.14778882419336,1.02672592073584,1.28312644916864,"RS"
14.7,3,1.19669154544364,1.06679938011632,1.34239921922351,"RS"
14.7,4,1.24661612439826,1.09288298912913,1.42197451791989,"RS"
14.7,5,1.29715031514927,1.11920466026519,1.5033880753259,"RS"
14.7,6,1.34781933248222,1.15499799561911,1.57283126023007,"RS"
14.7,7,1.39821742149748,1.20399553639223,1.62377010436205,"RS"
14.7,8,1.44844345963141,1.26116884839614,1.66352701973021,"RS"
14.7,9,1.49877152504897,1.3132524245988,1.71049833392378,"RS"
14.7,10,1.54952863365443,1.34238799201168,1.78863264630132,"RS"
14.7,11,1.60109574239675,1.34162409687938,1.91074950299695,"RS"
14.7,12,1.65390957486081,1.31972623921724,2.07271538636582,"RS"
14.8,0,1.05161608139295,0.886884709588006,1.24694491932103,"RS"
14.8,1,1.09708681272804,0.963069857730708,1.24975303193251,"RS"
14.8,2,1.14415930117811,1.02522998773609,1.27688472063047,"RS"
14.8,3,1.19249192117261,1.06492161799732,1.33534427138046,"RS"
14.8,4,1.24167966740788,1.0907655046187,1.41347373924619,"RS"
14.8,5,1.2912507666641,1.11667711712169,1.49311606447912,"RS"
14.8,6,1.34066489798383,1.15165629839126,1.5606933867307,"RS"
14.8,7,1.38946088272309,1.19929245238174,1.6097837860845,"RS"
14.8,8,1.43774224625946,1.2546224178795,1.64758953548184,"RS"
14.8,9,1.48580782871634,1.30465698180724,1.69211136310842,"RS"
14.8,10,1.53401435807504,1.33199531501592,1.76667291862979,"RS"
14.8,11,1.58277672815587,1.32998378679542,1.88361857946254,"RS"
14.8,12,1.63256925092907,1.30731700961527,2.03874220214075,"RS"
14.9,0,1.048861721015,0.886966925090994,1.24030657591623,"RS"
14.9,1,1.09394403270477,0.962279940221304,1.24362308375166,"RS"
14.9,2,1.14056179259952,1.02373856659786,1.27071622109635,"RS"
14.9,3,1.18832772605065,1.06305150048199,1.32836723701577,"RS"
14.9,4,1.23678492895441,1.08865641303187,1.40506861685476,"RS"
14.9,5,1.28540365250986,1.11416017404065,1.48296680170637,"RS"
14.9,6,1.33358012241701,1.14833278095526,1.54871129031632,"RS"
14.9,7,1.38080017875274,1.19462432484734,1.59599055032403,"RS"
14.9,8,1.42717356999973,1.24813874772461,1.63188940541984,"RS"
14.9,9,1.47302509283438,1.29616086401903,1.67402286579751,"RS"
14.9,10,1.51874212485303,1.32173900638665,1.74510824804118,"RS"
14.9,11,1.56477402542634,1.31850956114799,1.85703450532214,"RS"
14.9,12,1.61163268112005,1.29509564414378,2.00553519780493,"RS"
15,0,1.04613728394187,0.887042682372783,1.23376612941084,"RS"
15,1,1.09083201907788,0.96148890008189,1.23757486305269,"RS"
15,2,1.1369967161647,1.02225186613452,1.26462134763097,"RS"
15,3,1.18419934394431,1.06118925090744,1.3214684232798,"RS"
15,4,1.23193226811952,1.086555923771,1.3967593200053,"RS"
15,5,1.27960930921042,1.11165405158923,1.47294023880643,"RS"
15,6,1.32656529900334,1.14502772561474,1.53688461261935,"RS"
15,7,1.37223548853062,1.18999152013892,1.58238962556896,"RS"
15,8,1.41673734695919,1.24171821649201,1.61642527556645,"RS"
15,9,1.46042273008248,1.28776430194882,1.65623052860983,"RS"
15,10,1.50371050518784,1.31161900926803,1.72393451713858,"RS"
15,11,1.54708493286446,1.3072010474581,1.83098980386408,"RS"
15,12,1.59109538328514,1.2830614865633,1.97308121646778,"RS"
15.1,0,1.04344326895935,0.887111998889573,1.22732400970725,"RS"
15.1,1,1.08775122586826,0.960696874961955,1.23160880420764,"RS"
15.1,2,1.13346448396506,1.02077009940966,1.25860047933729,"RS"
15.1,3,1.18010715246947,1.05933509463361,1.31464812066032,"RS"
15.1,4,1.22712203662684,1.08446424751193,1.38854599976902,"RS"
15.1,5,1.27386806403603,1.10915897108152,1.46303630667891,"RS"
15.1,6,1.31962070869396,1.14174141377081,1.52521297187832,"RS"
15.1,7,1.36376697448868,1.18539439977284,1.56898021541389,"RS"
15.1,8,1.40643347194978,1.23536119164371,1.60119576719811,"RS"
15.1,9,1.44800012810086,1.27946750836291,1.63873201724587,"RS"
15.1,10,1.488918045066,1.30163524394966,1.70314760239306,"RS"
15.1,11,1.5297067307122,1.29605784814088,1.80547703587676,"RS"
15.1,12,1.57095287458133,1.27121385498651,1.94136724082632,"RS"
15.2,0,1.04078017019902,0.887174901465085,1.22098062162337,"RS"
15.2,1,1.08470210205779,0.959904010223339,1.22572532011282,"RS"
15.2,2,1.12996550263628,1.01929348425249,1.25265397736202,"RS"
15.2,3,1.1760515231594,1.05748925936547,1.30790660318901,"RS"
15.2,4,1.22235457904062,1.08238159647392,1.3804287894113,"RS"
15.2,5,1.26818023527184,1.10667515485849,1.45325491592859,"RS"
15.2,6,1.31274662057719,1.13847412623426,1.51369596385736,"RS"
15.2,7,1.35539478320906,1.18083332082123,1.5557614999149,"RS"
15.2,8,1.39626181956599,1.22906803013118,1.58619947877876,"RS"
15.2,9,1.43575665117573,1.27127067904911,1.62152497919423,"RS"
15.2,10,1.47436326775167,1.29178760936011,1.68274337789334,"RS"
15.2,11,1.51263668425225,1.28507954254988,1.78048880461174,"RS"
15.2,12,1.55120067595977,1.25955204443299,1.91038039891496,"RS"
15.3,0,1.03814847731743,0.887231427362413,1.21473634467669,"RS"
15.3,1,1.08168509175623,0.959110459785516,1.21992480197676,"RS"
15.3,2,1.12650017351964,1.01782224380634,1.24678218486766,"RS"
15.3,3,1.17203282163368,1.05565197549561,1.30124412862647,"RS"
15.3,4,1.21763023296501,1.08030818470711,1.37240780475284,"RS"
15.3,5,1.26254613248653,1.10420282658652,1.44359595744232,"RS"
15.3,6,1.30594329228471,1.13522614355665,1.50233316273016,"RS"
15.3,7,1.34711904608137,1.1763086363186,1.54273263689928,"RS"
15.3,8,1.38622224524914,1.2228390789962,1.57143498783256,"RS"
15.3,9,1.42369164189523,1.26317399379142,1.60460704634884,"RS"
15.3,10,1.46004467621925,1.28207598455578,1.66271771894611,"RS"
15.3,11,1.49587204716013,1.27426568900897,1.75601776048393,"RS"
15.3,12,1.53183431648665,1.2480753293648,1.88010796941268,"RS"
15.4,0,1.03554867567753,0.887281625434092,1.2085915327874,"RS"
15.4,1,1.07870063436995,0.958316387027807,1.21420761905052,"RS"
15.4,2,1.12306889282451,1.01635660711141,1.24098542697014,"RS"
15.4,3,1.16805140776793,1.05382347646813,1.29466093862439,"RS"
15.4,4,1.21294932924376,1.0782442283985,1.36448314450809,"RS"
15.4,5,1.25696605680059,1.10174221157545,1.4340593029376,"RS"
15.4,6,1.29921097039602,1.1319977463819,1.49112412192728,"RS"
15.4,7,1.33893987995485,1.17182069568727,1.52989276322865,"RS"
15.4,8,1.37631458633853,1.21667467598542,1.55690085275588,"RS"
15.4,9,1.41180442277618,1.25517761735019,1.58797583753782,"RS"
15.4,10,1.44596075552919,1.27250023020637,1.64306650552942,"RS"
15.4,11,1.47941006475574,1.26361582683322,1.73205660551563,"RS"
15.4,12,1.51284933750109,1.2367829662049,1.8505373865234,"RS"
15.5,0,1.03298124653238,0.887325557353389,1.20254651389763,"RS"
15.5,1,1.07574916477227,0.957521965750304,1.20857411829863,"RS"
15.5,2,1.11967205179224,1.01489680972292,1.23526401064056,"RS"
15.5,3,1.16410763586455,1.0520039991649,1.28815725886395,"RS"
15.5,4,1.20831219216039,1.07618994619756,1.35665489059998,"RS"
15.5,5,1.25144030115449,1.09929353711744,1.42464480548141,"RS"
15.5,6,1.29254989084127,1.1287892158194,1.48006837494546,"RS"
15.5,7,1.33085738778521,1.16736984518267,1.51724099601469,"RS"
15.5,8,1.36653866310925,1.21057515017981,1.54259561456804,"RS"
15.5,9,1.40009429786215,1.24728170044887,1.57162896096419,"RS"
15.5,10,1.43210997514789,1.26306019007786,1.62378562560164,"RS"
15.5,11,1.4632479771565,1.25312947834043,1.70859809753109,"RS"
15.5,12,1.49424129661449,1.22567419584049,1.82165624444518,"RS"
15.6,0,1.03044666721114,0.887363298929528,1.19660158950395,"RS"
15.6,1,1.07283111347558,0.956727381195014,1.20302462400901,"RS"
15.6,2,1.11631003686113,1.01344309436582,1.22961822457007,"RS"
15.6,3,1.16020185482415,1.05019378431514,1.28173329916936,"RS"
15.6,4,1.20371913963874,1.07414555956255,1.34892310844977,"RS"
15.6,5,1.24596915057651,1.09685703284784,1.41535229997812,"RS"
15.6,6,1.28596027930232,1.12560083384005,1.46916543611792,"RS"
15.6,7,1.32287165927615,1.1629564283597,1.50477643378636,"RS"
15.6,8,1.356894279797,1.20454082263999,1.52851779860027,"RS"
15.6,9,1.38856055429294,1.23948638076823,1.55556401655924,"RS"
15.6,10,1.41849079121256,1.25375569251433,1.60487097826823,"RS"
15.6,11,1.44738302233456,1.24280615085504,1.68563505410802,"RS"
15.6,12,1.47600577155621,1.21474824611386,1.79345230144341,"RS"
15.7,0,1.02794541130725,0.887394941509218,1.19075703410087,"RS"
15.7,1,1.06994690680508,0.955932831128451,1.19755943734077,"RS"
15.7,2,1.11298322983271,1.01199571162678,1.224048338997,"RS"
15.7,3,1.15633440831778,1.04839307692935,1.27538925359551,"RS"
15.7,4,1.19917048344389,1.0721112931286,1.34128784724085,"RS"
15.7,5,1.24055288245034,1.09443293112937,1.40618160362532,"RS"
15.7,6,1.27944235161204,1.12243288369665,1.4584148013441,"RS"
15.7,7,1.31498277151569,1.15858078656182,1.49249815760761,"RS"
15.7,8,1.34738122560971,1.19857200706868,1.51466591612255,"RS"
15.7,9,1.37720246384603,1.23179178394909,1.53977859824884,"RS"
15.7,10,1.40510164874222,1.24458655191982,1.58631847680875,"RS"
15.7,11,1.43181243908027,1.23264533870611,1.6631603562927,"RS"
15.7,12,1.45813836387018,1.20400433430303,1.76591348354306,"RS"
15.8,0,1.02547794886889,0.887420593466381,1.18501309453349,"RS"
15.8,1,1.06709696707416,0.95513852698649,1.19217883580879,"RS"
15.8,2,1.10969200803909,1.01055492068439,1.21855460549522,"RS"
15.8,3,1.15250563496004,1.04660212675861,1.26912530048873,"RS"
15.8,4,1.19466652938345,1.0700873750987,1.33374914015545,"RS"
15.8,5,1.23519176678229,1.09202146746096,1.39713251633608,"RS"
15.8,6,1.2729963141518,1.11928565037014,1.44781594877785,"RS"
15.8,7,1.30719078960704,1.15424325943384,1.48040523214458,"RS"
15.8,8,1.3379992757262,1.19266901049151,1.5010384659077,"RS"
15.8,9,1.36601928445034,1.22419802460478,1.52427029613336,"RS"
15.8,10,1.39194098379593,1.23555257024164,1.56812405156655,"RS"
15.8,11,1.41653346987459,1.2226465252214,1.641166952085,"RS"
15.8,12,1.44063470246726,1.19344166959487,1.73902788785434,"RS"
15.9,0,1.02304474659157,0.887440381781456,1.17936998925788,"RS"
15.9,1,1.0642817127615,0.954344695081889,1.18688307270505,"RS"
15.9,2,1.10643674451157,1.00912099007803,1.2131372567235,"RS"
15.9,3,1.14871586848282,1.04482118878,1.26294160251961,"RS"
15.9,4,1.19020757750913,1.06807403765879,1.32630700458305,"RS"
15.9,5,1.22988606646816,1.08962288091247,1.38820482112657,"RS"
15.9,6,1.26662236424712,1.11615942104294,1.43736833947241,"RS"
15.9,7,1.2994957672942,1.1499441854603,1.46849670668111,"RS"
15.9,8,1.32874819228203,1.18683213395745,1.48763393573235,"RS"
15.9,9,1.35501026167261,1.21670520734455,1.50903669858146,"RS"
15.9,10,1.37900722557929,1.22665353845664,1.55028365270322,"RS"
15.9,11,1.40154336367276,1.21280918471963,1.61964785969959,"RS"
15.9,12,1.42349044703816,1.18305945555334,1.71278378554622,"RS"
16,0,1.02064626801297,0.887454453710981,1.17382790750867,"RS"
16,1,1.06150155868967,0.953551577874344,1.18167237645649,"RS"
16,2,1.10321780815032,1.00769419851571,1.2077965061352,"RS"
16,3,1.14496543790981,1.04305052370934,1.25683830668716,"RS"
16,4,1.18579392231865,1.06607151741802,1.31896144229928,"RS"
16,5,1.22463603755974,1.08723741458688,1.37939828446752,"RS"
16,6,1.26032069056145,1.11305448560126,1.42707141798116,"RS"
16,7,1.29189774758226,1.14568390253065,1.45677161608147,"RS"
16,8,1.31962772534248,1.18106167326034,1.47445080381397,"RS"
16,9,1.34417463017707,1.20931342780916,1.49407539423832,"RS"
16,10,1.3662987985005,1.21788923806194,1.53279325282039,"RS"
16,11,1.38683937860195,1.20313278450283,1.59859617060956,"RS"
16,12,1.4067012913318,1.17285689258569,1.68716962448168,"RS"
16.1,0,1.01828297370998,0.88746297854742,1.16838700837393,"RS"
16.1,1,1.05875691620543,0.952759435302367,1.17654694992036,"RS"
16.1,2,1.10003556389519,1.00627483572101,1.20253254764856,"RS"
16.1,3,1.14125466773172,1.04129039854177,1.25081554429333,"RS"
16.1,4,1.18142585295787,1.06408005587535,1.31171243961435,"RS"
16.1,5,1.2194419295309,1.08486531611111,1.37071265659832,"RS"
16.1,6,1.25409147348805,1.10997113716766,1.41692461291258,"RS"
16.1,7,1.28439676335232,1.14146274853299,1.44522898169922,"RS"
16.1,8,1.31063761386308,1.1753579196829,1.46148754018363,"RS"
16.1,9,1.33351161515868,1.20202277372021,1.47938397394876,"RS"
16.1,10,1.35381412417713,1.20925944257185,1.51564884945076,"RS"
16.1,11,1.37241878457531,1.19361678685129,1.57800505237853,"RS"
16.1,12,1.39026296630383,1.16283318040946,1.66217403152819,"RS"
16.2,0,1.01595532149786,0.887466149468328,1.1630474197784,"RS"
16.2,1,1.05604819336158,0.951968546175601,1.17150696961845,"RS"
16.2,2,1.09689037289766,1.00486320331868,1.19734555527754,"RS"
16.2,3,1.1375838780822,1.03954108712105,1.24487343088714,"RS"
16.2,4,1.17710365342322,1.06209989991367,1.30455996748981,"RS"
16.2,5,1.21430398554316,1.08250683815713,1.36214767180248,"RS"
16.2,6,1.24793488554005,1.10690967266557,1.4069273374381,"RS"
16.2,7,1.27699283797127,1.13728106197785,1.433867812231,"RS"
16.2,8,1.30177758663758,1.16972116076487,1.44874260799374,"RS"
16.2,9,1.32302043375064,1.19483332594452,1.46496003259537,"RS"
16.2,10,1.34155162339498,1.20076391902275,1.49884646742088,"RS"
16.2,11,1.35827886582521,1.18426065102317,1.55786775128723,"RS"
16.2,12,1.37417124314044,1.15298752052341,1.63778581455669,"RS"
16.3,0,1.01366376663166,0.887464185472952,1.15780923737704,"RS"
16.3,1,1.05337579510041,0.951179209625442,1.16655258491233,"RS"
16.3,2,1.09378259269385,1.00345961575855,1.19223568272422,"RS"
16.3,3,1.13395338491441,1.03780287073825,1.239012066178,"RS"
16.3,4,1.17282760276436,1.06013130232243,1.29750398162251,"RS"
16.3,5,1.20922244271097,1.08016223899446,1.35370304864303,"RS"
16.3,6,1.2418510917385,1.10387039341731,1.39707898975155,"RS"
16.3,7,1.26968598589618,1.13313918265378,1.42268710451408,"RS"
16.3,8,1.29304736323374,1.16415168109663,1.43621446476008,"RS"
16.3,9,1.31270029640655,1.18774515957524,1.45080117085224,"RS"
16.3,10,1.32950971802014,1.19240242948765,1.48238216108759,"RS"
16.3,11,1.34441692335829,1.17506383526132,1.53817759476039,"RS"
16.3,12,1.35842193616198,1.14331911868512,1.6139939641421,"RS"
16.4,0,1.01140876200982,0.887457333403252,1.15267252336222,"RS"
16.4,1,1.05074012343878,0.950391746611,1.1616839171227,"RS"
16.4,2,1.09071257737861,1.00206440127643,1.1872030629334,"RS"
16.4,3,1.13036350017832,1.03607603876025,1.23323153391742,"RS"
16.4,4,1.16859797528703,1.05817452234993,1.29054442249493,"RS"
16.4,5,1.20419753236638,1.0778317830757,1.3453784901567,"RS"
16.4,6,1.23584024999862,1.10085360577731,1.38737895347877,"RS"
16.4,7,1.26247621327363,1.12903745231632,1.41168584426656,"RS"
16.4,8,1.2844466549171,1.15864976314021,1.42390156353753,"RS"
16.4,9,1.30255040825801,1.1807583450313,1.43690499685449,"RS"
16.4,10,1.31768683286584,1.18417473260256,1.46625201645031,"RS"
16.4,11,1.33083027733502,1.16602579880974,1.51892799359973,"RS"
16.4,12,1.3430109056117,1.13382718739866,1.59078765497777,"RS"
16.5,0,1.00919075837994,0.887445870045121,1.14763730518875,"RS"
16.5,1,1.04814157765472,0.949606501476542,1.15690105859671,"RS"
16.5,2,1.08768067778079,1.0006779028908,1.18224780761125,"RS"
16.5,3,1.12681453199856,1.03436088928847,1.22753190174906,"RS"
16.5,4,1.16441504075614,1.05622982628624,1.28368121539079,"RS"
16.5,5,1.19922948032337,1.07551574165633,1.33717368400564,"RS"
16.5,6,1.22990251151412,1.09785962180195,1.37782659803624,"RS"
16.5,7,1.25536351853388,1.12497621541211,1.40086300676897,"RS"
16.5,8,1.27597516556287,1.1532156880792,1.41180235402882,"RS"
16.5,9,1.29256997044799,1.17387294917688,1.42326912778374,"RS"
16.5,10,1.3060813975152,1.17608058510644,1.45045215314125,"RS"
16.5,11,1.31751626937644,1.15714600394202,1.50011244402879,"RS"
16.5,12,1.32793406033418,1.12451094841522,1.56815624701636,"RS"
16.6,0,1.00701020454677,0.887430104304202,1.1427035742228,"RS"
16.6,1,1.04558055447566,0.948823843555579,1.15220407172829,"RS"
16.6,2,1.08468724163943,0.999300479433226,1.17737000670975,"RS"
16.6,3,1.123306784853,1.03265772984801,1.22191322102678,"RS"
16.6,4,1.16027906459912,1.05429748807767,1.2769142703751,"RS"
16.6,5,1.19431850714157,1.07321439345005,1.32908830258552,"RS"
16.6,6,1.2240380211396,1.09488875995767,1.36842127893731,"RS"
16.6,7,1.24834789297999,1.1209558198397,1.39021755748629,"RS"
16.6,8,1.26763259255631,1.14784973669937,1.39991528362557,"RS"
16.6,9,1.28275818144084,1.16708903646282,1.40989119136999,"RS"
16.6,10,1.29469184810153,1.16811974339708,1.43497872629549,"RS"
16.6,11,1.30447226480106,1.14842391800469,1.481724529555,"RS"
16.6,12,1.31318736034849,1.11536963524991,1.54608928634914,"RS"
16.7,0,1.00486754758247,0.8874103794493,1.13787128432173,"RS"
16.7,1,1.04305744826824,0.948044168815714,1.14759298793741,"RS"
16.7,2,1.08173261378117,0.997932506610053,1.17256972787949,"RS"
16.7,3,1.119840559752,1.03096687810725,1.21637552660078,"RS"
16.7,4,1.15619030810935,1.05237778997363,1.27024348223795,"RS"
16.7,5,1.18946482838965,1.0709280253209,1.32112200308894,"RS"
16.7,6,1.21824691777118,1.09194134586878,1.35916233804497,"RS"
16.7,7,1.24142932137196,1.11697661774891,1.37974845262919,"RS"
16.7,8,1.25941862768175,1.14255219030165,1.38823879838086,"RS"
16.7,9,1.27311423830951,1.16040667009156,1.39676882730992,"RS"
16.7,10,1.28351662904743,1.16029196510473,1.41982792830301,"RS"
16.7,11,1.29169565479445,1.13985901547762,1.46375792265479,"RS"
16.7,12,1.29876681932097,1.10640249571784,1.52457650583543,"RS"
16.8,0,1.00276323303903,0.887387075414773,1.13314035035375,"RS"
16.8,1,1.04057265122977,0.947267901537279,1.14306780661536,"RS"
16.8,2,1.07881713629866,0.996574378092446,1.16784701589396,"RS"
16.8,3,1.1164161544182,1.02928866262758,1.21091883657217,"RS"
16.8,4,1.15214902864989,1.05047102320653,1.26366873040142,"RS"
16.8,5,1.18466865490814,1.06865693301341,1.31327442752318,"RS"
16.8,6,1.21252933472516,1.08901771310645,1.35004910377001,"RS"
16.8,7,1.23460778250602,1.11303896638014,1.36945463965352,"RS"
16.8,8,1.25133295800055,1.1373233316494,1.37677134391286,"RS"
16.8,9,1.26363733800052,1.15382591320781,1.38389968860186,"RS"
16.8,10,1.27255419476424,1.15259701068595,1.40499599044449,"RS"
16.8,11,1.27918385851448,1.13145078005437,1.44620638628696,"RS"
16.8,12,1.28466850694248,1.09760879449245,1.50360782549393,"RS"
16.9,0,1.00069770516303,0.887360611151737,1.12851064666799,"RS"
16.9,1,1.03812655358118,0.946495496017655,1.13862849404436,"RS"
16.9,2,1.07594114873005,0.995226506631078,1.16320189204896,"RS"
16.9,3,1.11303386346703,1.02762342364287,1.20554315201643,"RS"
16.9,4,1.14815547985738,1.04857748870545,1.25718987878905,"RS"
16.9,5,1.17993019307178,1.06640142192153,1.30554520268153,"RS"
16.9,6,1.20688540011498,1.08611820402006,1.34108089121374,"RS"
16.9,7,1.22788324978913,1.10914322894525,1.35933505769717,"RS"
16.9,8,1.24337526671831,1.13216344595156,1.36551136623871,"RS"
16.9,9,1.25432667857769,1.14734683011669,1.37128144279767,"RS"
16.9,10,1.26180301131335,1.14503464503974,1.39047918441297,"RS"
16.9,11,1.26693432513508,1.12319870674496,1.42906377523987,"RS"
16.9,12,1.27088855121502,1.08898781568919,1.48317335266714,"RS"
17,0,0.998671407112628,0.887331447016167,1.1239820055269,"RS"
17,1,1.03571954376174,0.945727438292012,1.13427498230078,"RS"
17,2,1.07310498823964,0.993889325191296,1.15863435354147,"RS"
17,3,1.10969397858786,1.02597151386792,1.20024845667662,"RS"
17,4,1.14420991184609,1.04669749784372,1.25080677565765,"RS"
17,5,1.17524964505151,1.06416180789751,1.29793394006743,"RS"
17,6,1.20131523722636,1.08324317061219,1.33225700225427,"RS"
17,7,1.2212556918088,1.10528977555159,1.3493886379534,"RS"
17,8,1.23554523404164,1.12707282188347,1.35445731253808,"RS"
17,9,1.24518146044499,1.14096948753136,1.35891177317159,"RS"
17,10,1.25126155803083,1.13760463914822,1.37627382372319,"RS"
17,11,1.25494453583125,1.11510230400354,1.41232403731785,"RS"
17,12,1.2574231406526,1.08053886547733,1.46326338197024,"RS"
17.1,0,0.996684781176914,0.887300087180316,1.11955421551514,"RS"
17.1,1,1.0333520086253,0.944964247860037,1.13000716815277,"RS"
17.1,2,1.07030898979947,0.992563288103851,1.15414437283289,"RS"
17.1,3,1.10639678872573,1.02433329933469,1.19503471662758,"RS"
17.1,4,1.14031257141225,1.0448313732209,1.24451925339142,"RS"
17.1,5,1.17062720907585,1.06193841810112,1.29044023577101,"RS"
17.1,6,1.19581896489063,1.08039297545811,1.32357672557594,"RS"
17.1,7,1.21472507289835,1.10147898417026,1.33961430398006,"RS"
17.1,8,1.22784253802469,1.12205175264715,1.34360763184602,"RS"
17.1,9,1.23620088754955,1.13469395585216,1.34678837980644,"RS"
17.1,10,1.24092832911697,1.13030677174413,1.36237626501066,"RS"
17.1,11,1.24321200570829,1.10716109588353,1.39598121437227,"RS"
17.1,12,1.24426852640116,1.07226127472262,1.44386839503554,"RS"
17.2,0,0.994738268997557,0.88726708205212,1.11522701994046,"RS"
17.2,1,1.03102433363824,0.944206479407079,1.12582491196386,"RS"
17.2,2,1.06755348637223,0.991248872225686,1.14973189700238,"RS"
17.2,3,1.10314258026385,1.02270916025507,1.18990187991245,"RS"
17.2,4,1.13646370223852,1.04297944947887,1.23832712825838,"RS"
17.2,5,1.16606307969201,1.05973159188989,1.28306367029785,"RS"
17.2,6,1.19039669785647,1.07756799267065,1.31503933664137,"RS"
17.2,7,1.20829135369779,1.09771124164994,1.33001097194415,"RS"
17.2,8,1.22026685540599,1.11710053707238,1.33296077567452,"RS"
17.2,9,1.22738416856543,1.12852031047917,1.33490898059726,"RS"
17.2,10,1.23080183519224,1.12314083100738,1.34878290922238,"RS"
17.2,11,1.23173428567807,1.09937462422246,1.38002944318267,"RS"
17.2,12,1.23142102428246,1.06415440166348,1.42497906006351,"RS"
17.3,0,0.992832311792868,0.887233030685616,1.11100011524396,"RS"
17.3,1,1.02873690307913,0.943454724507059,1.12172803661542,"RS"
17.3,2,1.06483880909506,0.989946578104547,1.14539684709657,"RS"
17.3,3,1.09993163720661,1.02109949190825,1.18484987615362,"RS"
17.3,4,1.13266354509871,1.04114207415187,1.23223020012967,"RS"
17.3,5,1.16155744802647,1.05754168175039,1.27580380834977,"RS"
17.3,6,1.18504854715993,1.074768608911,1.30664409760608,"RS"
17.3,7,1.20195449171036,1.09398694477721,1.32057755080151,"RS"
17.3,8,1.21281786243574,1.11221948076043,1.3225151985627,"RS"
17.3,9,1.21873051805899,1.12244863316015,1.32327131217274,"RS"
17.3,10,1.22088060482141,1.11610661629274,1.33549020270134,"RS"
17.3,11,1.22050896428541,1.09174245085889,1.36446295619367,"RS"
17.3,12,1.21887701676675,1.05621763462285,1.40658623119155,"RS"
17.4,0,0.990967350584267,0.887198583163802,1.10687314943862,"RS"
17.4,1,1.02649010024,0.94270961329344,1.11771632646198,"RS"
17.4,2,1.06216528746463,0.98865693114058,1.14113911748261,"RS"
17.4,3,1.09676424136339,1.01950470555049,1.17987861614028,"RS"
17.4,4,1.12891233806274,1.03931960854987,1.22622825216245,"RS"
17.4,5,1.15711050204523,1.05536905427068,1.26866019855834,"RS"
17.4,6,1.17977462049285,1.07199522444549,1.29839025717583,"RS"
17.4,7,1.19571444185491,1.09030650138405,1.31131294241159,"RS"
17.4,8,1.20549523569397,1.10740889727146,1.31226935855532,"RS"
17.4,9,1.21023915763664,1.11647901337577,1.31187313073487,"RS"
17.4,10,1.21116318600724,1.10920393989088,1.32249463816683,"RS"
17.4,11,1.2095336694872,1.08426415988336,1.34927608211319,"RS"
17.4,12,1.20663295487896,1.04845039475795,1.38868094769144,"RS"
17.5,0,0.98914382642521,0.887164442933885,1.1028457205966,"RS"
17.5,1,1.02428430762942,0.941971816083691,1.11378952633406,"RS"
17.5,2,1.05953324952333,0.987380482737403,1.13695857521222,"RS"
17.5,3,1.093640672533,1.01792522934479,1.17498799139529,"RS"
17.5,4,1.12521031670178,1.03751242867435,1.22032105044739,"RS"
17.5,5,1.15272242681361,1.05321409115316,1.26163237317134,"RS"
17.5,6,1.17457502256976,1.06924825424844,1.29027705040723,"RS"
17.5,7,1.18957115701438,1.08667033150297,1.30221604158763,"RS"
17.5,8,1.19829865290008,1.10266910935699,1.3022217176098,"RS"
17.5,9,1.20190931707591,1.11061154976389,1.30071221281733,"RS"
17.5,10,1.20164814765554,1.10243262882472,1.30979275559302,"RS"
17.5,11,1.1988060703875,1.07693935992525,1.33446324637784,"RS"
17.5,12,1.19468536004338,1.04085213884948,1.37125443300683,"RS"
17.6,0,0.987362180632625,0.887131369073617,1.09891737540702,"RS"
17.6,1,1.0221199071773,0.941242044941873,1.10994734060424,"RS"
17.6,2,1.05694302204659,0.986117811434563,1.13285505940495,"RS"
17.6,3,1.09056120868878,1.01636150930721,1.17017787372471,"RS"
17.6,4,1.12155771429374,1.03572092616511,1.21450834362234,"RS"
17.6,5,1.14839340475584,1.05107719026744,1.25471984769372,"RS"
17.6,6,1.16944985549332,1.0665281291505,1.28230369845254,"RS"
17.6,7,1.18352458858032,1.08307886856991,1.29328573608286,"RS"
17.6,8,1.19122779371385,1.09800045023836,1.29237074193214,"RS"
17.6,9,1.19374023544044,1.10484635158453,1.28978635596315,"RS"
17.6,10,1.19233408101321,1.0957925266829,1.29738114298804,"RS"
17.6,11,1.18832387893143,1.06976768647719,1.32001897149167,"RS"
17.6,12,1.18303082587147,1.0334223621319,1.3542980936419,"RS"
17.7,0,0.985622855020898,0.887100178466341,1.09508760782693,"RS"
17.7,1,1.01999728044148,0.940521055163404,1.10618943233254,"RS"
17.7,2,1.05439493073142,0.984869524012741,1.12882838065942,"RS"
17.7,3,1.08752612616453,1.01481401026636,1.16544811475356,"RS"
17.7,4,1.11795476202895,1.03394550927652,1.20878986245392,"RS"
17.7,5,1.14412361591419,1.04895876674159,1.24792212048411,"RS"
17.7,6,1.16439921911831,1.06383529703146,1.27446940825017,"RS"
17.7,7,1.17757468699387,1.07953256067446,1.28452090651379,"RS"
17.7,8,1.18428234052873,1.09340326493173,1.28271490224221,"RS"
17.7,9,1.18573116218006,1.09918354022705,1.27909337932267,"RS"
17.7,10,1.18321960108091,1.08928349549207,1.28525643707621,"RS"
17.7,11,1.17808485156078,1.06274880425829,1.30593787724429,"RS"
17.7,12,1.17166601989768,1.02616060116558,1.33780351791285,"RS"
17.8,0,0.983926292138472,0.887071747861629,1.09135585784925,"RS"
17.8,1,1.01791680881617,0.939809646665693,1.10251542250776,"RS"
17.8,2,1.05188930038618,0.983636256562587,1.12487832050192,"RS"
17.8,3,1.08453569984102,1.0132832168321,1.16079854545202,"RS"
17.8,4,1.11440168921622,1.03218660388098,1.20316531938944,"RS"
17.8,5,1.13991323820794,1.04685925409029,1.24123867230929,"RS"
17.8,6,1.15942321141432,1.06117022405626,1.26677337216261,"RS"
17.8,7,1.17172140228314,1.07603187185693,1.2759204262222,"RS"
17.8,8,1.17746197925738,1.08887791162018,1.27325267396949,"RS"
17.8,9,1.17788135821665,1.09362325076097,1.26863112417271,"RS"
17.8,10,1.17430334800214,1.08290541762951,1.27341532388642,"RS"
17.8,11,1.16808679083443,1.05588240961719,1.29221468081522,"RS"
17.8,12,1.16058768526804,1.01906643675144,1.32176247457395,"RS"
17.9,0,0.982272935507112,0.88704701579794,1.08772151041151,"RS"
17.9,1,1.01587887374225,0.939108665268193,1.09892488940148,"RS"
17.9,2,1.04942645512152,0.982418675507676,1.12100463088185,"RS"
17.9,3,1.08159020333338,1.01176963436871,1.15622897565675,"RS"
17.9,4,1.11089872348911,1.03044465449698,1.19763440808199,"RS"
17.9,5,1.13576244769205,1.04477910537754,1.23466896585887,"RS"
17.9,6,1.15452192882719,1.05853339595192,1.25921476756449,"RS"
17.9,7,1.1659646845974,1.07257728345074,1.26748316107774,"RS"
17.9,8,1.17076640011027,1.08442476307278,1.26398253738067,"RS"
17.9,9,1.17019009701668,1.08816563353119,1.25839745435836,"RS"
17.9,10,1.16558398843044,1.07665819777715,1.26185453924962,"RS"
17.9,11,1.15832754701655,1.04916823297544,1.27884419677124,"RS"
17.9,12,1.14979264238632,1.01213949688815,1.30616691133021,"RS"
18,0,0.98066322986389,0.887026984363722,1.08418389446959,"RS"
18,1,1.01388385691944,0.938419003845571,1.0954173680513,"RS"
18,2,1.0470067185427,0.981217478571828,1.11720703372418,"RS"
18,3,1.07868990917922,1.01027378996774,1.15173919359249,"RS"
18,4,1.10744609101268,1.02872012533864,1.19219680289188,"RS"
18,5,1.13167141881563,1.04271879441121,1.22821244522339,"RS"
18,6,1.14969546663923,1.0559253193231,1.25179275638371,"RS"
18,7,1.1603044847381,1.06916929546847,1.25920796922384,"RS"
18,8,1.16419529836755,1.08004420811021,1.25490297764072,"RS"
18,9,1.16265666565148,1.08281085579867,1.24839025665915,"RS"
18,10,1.15706021687634,1.07054176491796,1.25057086920893,"RS"
18,11,1.14880501963553,1.04260604131149,1.26582133696414,"RS"
18,12,1.13927779052242,1.00537945977136,1.29100895324917,"RS"
18.1,0,0.979097621405971,0.887012720773744,1.08074228226018,"RS"
18.1,1,1.01193214052047,0.93774160333815,1.09199234988946,"RS"
18.1,2,1.04463041394308,0.980033395680844,1.11348522054882,"RS"
18.1,3,1.07583508902755,1.00879623341485,1.14732896539965,"RS"
18.1,4,1.10404401669051,1.02701350138308,1.18685215836851,"RS"
18.1,5,1.12764032468029,1.04067881696586,1.22186853533964,"RS"
18.1,6,1.14494391932847,1.05334652300274,1.2445064845995,"RS"
18.1,7,1.15474075468698,1.06580842802921,1.25109370077014,"RS"
18.1,8,1.15774837514474,1.07573665311606,1.24601248480995,"RS"
18.1,9,1.15528036584611,1.07755910342676,1.23860744108151,"RS"
18.1,10,1.14873075703606,1.06455607437515,1.23956115034634,"RS"
18.1,11,1.13951715901682,1.03619564068479,1.25314111033667,"RS"
18.1,12,1.12904010938796,0.998786056833959,1.2762809010846,"RS"
18.2,0,0.977576558038255,0.88700535873832,1.07739588877484,"RS"
18.2,1,1.01002410740724,0.937077453604544,1.0886492825323,"RS"
18.2,2,1.04229786449908,0.978867189788729,1.10983885216728,"RS"
18.2,3,1.07302601382858,1.00733753814484,1.14299803467396,"RS"
18.2,4,1.10069272437217,1.02532528945129,1.1816001087169,"RS"
18.2,5,1.12366933729836,1.03865969202993,1.21563664140742,"RS"
18.2,6,1.14026738092678,1.050797559434,1.23735508170191,"RS"
18.2,7,1.1492734481316,1.06249522282386,1.24313919743548,"RS"
18.2,8,1.15142533815266,1.07150252359222,1.23730955377994,"RS"
18.2,9,1.14806051501772,1.07241058261326,1.2290469410801,"RS"
18.2,10,1.14059436310358,1.0587011098942,1.22882227003019,"RS"
18.2,11,1.13046196779253,1.02993687879934,1.24079862264486,"RS"
18.2,12,1.1190766606837,0.992359075825792,1.26197522952551,"RS"
18.3,0,0.976100489623955,0.887006099604408,1.07414387146723,"RS"
18.3,1,1.00816014134899,0.936427594102496,1.08538756974474,"RS"
18.3,2,1.04000939346636,0.977719657618615,1.10626755846632,"RS"
18.3,3,1.07026295402429,1.00589830217822,1.13874612202481,"RS"
18.3,4,1.09739243706116,1.0236560192979,1.17644026725404,"RS"
18.3,5,1.11975862785105,1.03666196307241,1.20951614828304,"RS"
18.3,6,1.1356659453772,1.04827900607855,1.23033766011799,"RS"
18.3,7,1.14390252098822,1.05923024461485,1.23534329214608,"RS"
18.3,8,1.14522590245217,1.06734226575645,1.22879268415167,"RS"
18.3,9,1.14099644730456,1.06736552166761,1.21970671371101,"RS"
18.3,10,1.13264982106795,1.05297688576753,1.21835116658818,"RS"
18.3,11,1.12163750239115,1.02382964760503,1.22878907610574,"RS"
18.3,12,1.10938458962357,0.986098363930511,1.2480845853842,"RS"
18.4,0,0.974669868238187,0.887016213249449,1.07098533021323,"RS"
18.4,1,1.00634062724268,0.935793114385401,1.08220657159281,"RS"
18.4,2,1.0377653243776,0.976591630308912,1.1027709382886,"RS"
18.4,3,1.06754617974,1.00447914903287,1.13457292465926,"RS"
18.4,4,1.09414337712323,1.02200624470423,1.17137222586061,"RS"
18.4,5,1.11590836694663,1.0346861993236,1.20350641985516,"RS"
18.4,6,1.13113970689048,1.04579146684593,1.22345331461074,"RS"
18.4,7,1.13862793192264,1.05601408276541,1.22770480859434,"RS"
18.4,8,1.13914979120409,1.06325634817918,1.22046038006033,"RS"
18.4,9,1.13408751458648,1.06242417283237,1.2105847397204,"RS"
18.4,10,1.12489594999768,1.0473834490006,1.20814482941142,"RS"
18.4,11,1.11304187451018,1.01787388593511,1.21710776897966,"RS"
18.4,12,1.0999611264402,0.980003830916821,1.2346017857376,"RS"
18.5,0,0.973285148424661,0.887037038711124,1.06791930754146,"RS"
18.5,1,1.00456595133537,0.935175154403729,1.07910560479527,"RS"
18.5,2,1.03556598124155,0.975483973955723,1.09934855941923,"RS"
18.5,3,1.06487596097684,1.00308072860335,1.13047811599894,"RS"
18.5,4,1.09094576649536,1.02037654456885,1.1663955544343,"RS"
18.5,5,1.11211872487862,1.0327329970638,1.19760679840972,"RS"
18.5,6,1.1266887603009,1.04333557353737,1.21670112165777,"RS"
18.5,7,1.13344964286889,1.05284735279312,1.22022256076476,"RS"
18.5,8,1.13319673641492,1.05924526345623,1.21231114995161,"RS"
18.5,9,1.12733308749796,1.05758681414718,1.20167902357265,"RS"
18.5,10,1.11733160331415,1.04192088151818,1.19820029899534,"RS"
18.5,11,1.10467325257511,1.0120695821768,1.20575009509741,"RS"
18.5,12,1.09080358787674,0.974075452320673,1.22151981603687,"RS"
18.6,0,0.971946787455539,0.887069984539053,1.06494478914877,"RS"
18.6,1,1.00283650144902,0.934574904602668,1.07608394328337,"RS"
18.6,2,1.03341168874368,0.97439759004325,1.09599995868696,"RS"
18.6,3,1.06225256780516,1.00170371800059,1.12646134533764,"RS"
18.6,4,1.08779982689511,1.01876752398905,1.16150980035142,"RS"
18.6,5,1.10838987188415,1.03080298091282,1.19181660399103,"RS"
18.6,6,1.12231320142156,1.04091198729707,1.21008013881738,"RS"
18.6,7,1.12836761954623,1.04973069794134,1.21289535243407,"RS"
18.6,8,1.12736647967881,1.05530952991306,1.20434350631525,"RS"
18.6,9,1.12073255643487,1.05285375135303,1.192987593423,"RS"
18.6,10,1.10995567005582,1.03658930240851,1.18851466692404,"RS"
18.6,11,1.09652986318762,1.00641677697212,1.19471154334262,"RS"
18.6,12,1.08190937866969,0.968313272654402,1.2088318282003,"RS"
18.7,0,0.970655245594581,0.88711652885772,1.06206070471198,"RS"
18.7,1,1.00115266720742,0.933993605809679,1.07314081897556,"RS"
18.7,2,1.0313027724484,0.973333415754778,1.09272464218748,"RS"
18.7,3,1.05967627055898,1.00034882234453,1.1225222375471,"RS"
18.7,4,1.08470578003076,1.01717981532607,1.15671448794428,"RS"
18.7,5,1.10472197840242,1.02889680511293,1.1861351337673,"RS"
18.7,6,1.11801312739923,1.03852140006274,1.20358940409076,"RS"
18.7,7,1.1233818319746,1.0466647907614,1.20572197665365,"RS"
18.7,8,1.12165877291638,1.05144969333557,1.19655596538251,"RS"
18.7,9,1.11428533255579,1.04822531983393,1.18450850104028,"RS"
18.7,10,1.10276707613526,1.03138887020268,1.17908507580553,"RS"
18.7,11,1.08860999256641,1.00091556594483,1.18398769710088,"RS"
18.7,12,1.07327599302774,0.96271740863832,1.19653113870558,"RS"
18.8,0,0.969410986363651,0.887178219133601,1.05926592900386,"RS"
18.8,1,0.999514840265565,0.933432548908255,1.07027542277111,"RS"
18.8,2,1.02923955900278,0.972292424157912,1.08952208563561,"RS"
18.8,3,1.05714734003149,0.999016775501683,1.1186603928392,"RS"
18.8,4,1.08166384781197,1.01561407924667,1.15200911800202,"RS"
18.8,5,1.10111521533353,1.0270151547966,1.18056166140911,"RS"
18.8,6,1.11378863706887,1.03616453600668,1.19722793528974,"RS"
18.8,7,1.11849225498891,1.04365033469756,1.19870121522331,"RS"
18.8,8,1.11607337911088,1.04766632872152,1.18894704679497,"RS"
18.8,9,1.10799084877913,1.04370188659207,1.17623982168589,"RS"
18.8,10,1.09576478559086,1.02631978518568,1.16990871916569,"RS"
18.8,11,1.08091198798376,0.995566102449185,1.17357423368746,"RS"
18.8,12,1.0649010161115,0.957288052449757,1.18461122669744,"RS"
18.9,0,0.968214476812684,0.88725667164343,1.05655928331683,"RS"
18.9,1,0.997923414541433,0.932893074297005,1.06748690576406,"RS"
18.9,2,1.02722237634201,0.971275624258947,1.08639173485157,"RS"
18.9,3,1.05466604767166,0.997708340760331,1.11487538659213,"RS"
18.9,4,1.07867425256114,1.01407100573288,1.14739316730334,"RS"
18.9,5,1.09756975429746,1.02515874723026,1.17509543649049,"RS"
18.9,6,1.10963983130794,1.03384215295766,1.1909947294203,"RS"
18.9,7,1.11369886875223,1.04068806566571,1.1918318381662,"RS"
18.9,8,1.11061007304227,1.04396004204574,1.18151527325306,"RS"
18.9,9,1.10184856077714,1.03928385225217,1.16817965395663,"RS"
18.9,10,1.08894780183534,1.02138229173493,1.16098284130989,"RS"
18.9,11,1.07343425920112,0.990368600335241,1.16346692376618,"RS"
18.9,12,1.05678212551892,0.952025474984227,1.17306573212739,"RS"
19,0,0.967066187793243,0.88735357064482,1.05393953719412,"RS"
19,1,0.996378786450288,0.932376571136147,1.06477438067583,"RS"
19,2,1.02525155389652,0.970284060922674,1.08333300638543,"RS"
19,3,1.05223266578196,0.996424311435608,1.11116676924855,"RS"
19,4,1.07573721722558,1.01255131505149,1.1428660881897,"RS"
19,5,1.09408576789356,1.02332833302418,1.16973568392244,"RS"
19,6,1.10556681339069,1.03155504379314,1.184888762093,"RS"
19,7,1.10900165926839,1.03777875361622,1.18511260321569,"RS"
19,8,1.10526864201982,1.04033147203146,1.1742591701536,"RS"
19,9,1.09585794796784,1.03497165308952,1.16032611959897,"RS"
19,10,1.08231516890294,1.01657668068143,1.15230473716177,"RS"
19,11,1.06617527990701,0.985323336725297,1.15366163077258,"RS"
19,12,1.04891709278154,0.946930029123067,1.16188845394223,"RS"
19.1,0,0.965966594235736,0.8874706672548,1.05140541046354,"RS"
19.1,1,0.99488135514154,0.931884476386501,1.06213692350183,"RS"
19.1,2,1.0233274228009,0.969318814655444,1.08034528828224,"RS"
19.1,3,1.04984746771733,0.995165511397256,1.10753406629314,"RS"
19.1,4,1.07285296559043,1.01105575867471,1.13842730818815,"RS"
19.1,5,1.09066342996048,1.02152469729851,1.16448160342964,"RS"
19.1,6,1.10156968934252,1.02930403779088,1.17890898697194,"RS"
19.1,7,1.10440061889413,1.03492320407024,1.17854225532561,"RS"
19.1,8,1.10004888661385,1.03678129191935,1.16717726522646,"RS"
19.1,9,1.09001851450617,1.03076576307564,1.15267736330418,"RS"
19.1,10,1.07586597269736,1.0119032916878,1.14387175208949,"RS"
19.1,11,1.05913358916058,0.980430654795257,1.14415431035501,"RS"
19.1,12,1.04130378487648,0.942002153001825,1.1510733483387,"RS"
19.2,0,0.964916175430452,0.887609778046316,1.04895557556459,"RS"
19.2,1,0.993431522738295,0.931418273649157,1.05957357536435,"RS"
19.2,2,1.0214503161046,0.968381001250975,1.07742794098847,"RS"
19.2,3,1.04751072808535,0.993932795513195,1.10397677831662,"RS"
19.2,4,1.07002172249243,1.00958512014288,1.13407622969288,"RS"
19.2,5,1.08730291583657,1.01974866079467,1.15933236908143,"RS"
19.2,6,1.09764856829455,1.02709000192821,1.17305433527459,"RS"
19.2,7,1.09989574685111,1.03212225961852,1.17211952621611,"RS"
19.2,8,1.09495062138712,1.03331021122476,1.16026808818136,"RS"
19.2,9,1.08432979027536,1.02666669593444,1.14523155249374,"RS"
19.2,10,1.06959934224263,1.00736251563696,1.13568128173053,"RS"
19.2,11,1.05230779284427,0.975690966554539,1.1349410098478,"RS"
19.2,12,1.03394016575936,0.937242373273652,1.14061452710094,"RS"
19.3,0,0.963915415312491,0.887772783377077,1.04658866015541,"RS"
19.3,1,0.992029694579647,0.930979491816929,1.05708334456127,"RS"
19.3,2,1.01962056898457,0.967471771300107,1.07458029839914,"RS"
19.3,3,1.04522272294772,0.992727050002527,1.10049438117302,"RS"
19.3,4,1.06724371403462,1.00814021586032,1.12981222971491,"RS"
19.3,5,1.08400440262101,1.01800108092129,1.15428712888821,"RS"
19.3,6,1.09380356283856,1.02491384211685,1.16732371533522,"RS"
19.3,7,1.09548704973813,1.02937680137062,1.16584313396806,"RS"
19.3,8,1.08997367562654,1.02991897747325,1.15353017037663,"RS"
19.3,9,1.07879133187989,1.02267500720115,1.13798687710598,"RS"
19.3,10,1.0635144509389,1.00295479702446,1.12773077182688,"RS"
19.3,11,1.04569656512887,0.971104755617825,1.12601786779082,"RS"
19.3,12,1.02682429792321,0.932651308362189,1.13050625603802,"RS"
19.4,0,0.962964802750755,0.887961625469342,1.04430324998185,"RS"
19.4,1,0.990676279465818,0.930569703551563,1.05466520879685,"RS"
19.4,2,1.01783851895981,0.966592309567521,1.07180166904269,"RS"
19.4,3,1.04298373002317,0.991549192692319,1.09708632623595,"RS"
19.4,4,1.06451916780201,1.00672189581539,1.12563465970913,"RS"
19.4,5,1.08076806943558,1.01628285272353,1.14934500447512,"RS"
19.4,6,1.0900347893825,1.02277650436101,1.16171601224501,"RS"
19.4,7,1.09117454204387,1.02668775034259,1.15971178267915,"RS"
19.4,8,1.08511789407596,1.02660837790346,1.14696204452226,"RS"
19.4,9,1.0734027236411,1.0187912962754,1.13094154939529,"RS"
19.4,10,1.05761051782538,0.998680636346887,1.12001771808294,"RS"
19.4,11,1.03929864995464,0.966672579961839,1.11738111351019,"RS"
19.4,12,1.01995434398868,0.928229671698822,1.12074295353804,"RS"
19.5,0,0.962064831841097,0.888178306263174,1.042097891987,"RS"
19.5,1,0.989371689906241,0.930190523603297,1.05231811757888,"RS"
19.5,2,1.01610450610801,0.965743834240216,1.0690913373993,"RS"
19.5,3,1.04079402889167,0.99040017317326,1.09375204075923,"RS"
19.5,4,1.06184831307828,1.00533104421583,1.12154284548794,"RS"
19.5,5,1.07759409768728,1.01459490976463,1.14450509084443,"RS"
19.5,6,1.08634236850663,1.02067897582615,1.15623008758202,"RS"
19.5,7,1.08695824666044,1.02405606877036,1.15372416219534,"RS"
19.5,8,1.08038313767041,1.02337924112623,1.14056224443056,"RS"
19.5,9,1.0681635785969,1.01501620845905,1.1240938037562,"RS"
19.5,10,1.05188680885265,0.994540592478407,1.11253966605916,"RS"
19.5,11,1.03311286253197,0.9623950746604,1.10902706677466,"RS"
19.5,12,1.01332856833082,0.923978274939847,1.111319189255,"RS"
19.6,0,0.961216002203782,0.888424885069206,1.03997109763607,"RS"
19.6,1,0.988116342370663,0.929843606991702,1.05004099476343,"RS"
19.6,2,1.01441887328424,0.964927596054317,1.06644856534638,"RS"
19.6,3,1.03865390120022,0.989280972850272,1.09049092834591,"RS"
19.6,4,1.05923138106359,1.00396858003114,1.11753608723001,"RS"
19.6,5,1.07448267133176,1.01293822490867,1.13976645623807,"RS"
19.6,6,1.08272642532054,1.01862228580614,1.1508647792441,"RS"
19.6,7,1.08283819539806,1.02148276133637,1.14787894793146,"RS"
19.6,8,1.07576928427283,1.02023243872798,1.1343293048276,"RS"
19.6,9,1.06307353950658,1.01135043696913,1.11744189658518,"RS"
19.6,10,1.0463426381665,0.990535285026945,1.1052942111148,"RS"
19.6,11,1.02713809086523,0.958272954591237,1.10095213754237,"RS"
19.6,12,1.0069453387479,0.919898031159902,1.10222968294393,"RS"
19.7,0,0.960418819285394,0.888703476050042,1.0379213464285,"RS"
19.7,1,0.986910657543407,0.929530647068779,1.04783274122719,"RS"
19.7,2,1.01278196634184,0.964144877308487,1.06387259372332,"RS"
19.7,3,1.03656363087017,0.988192604885171,1.08730236952908,"RS"
19.7,4,1.05666860509358,1.00263545743387,1.11361365959279,"RS"
19.7,5,1.07143397713787,1.0113138109941,1.13512814211154,"RS"
19.7,6,1.07918708982122,1.01660750657657,1.1456189013976,"RS"
19.7,7,1.07881442950124,1.01896887629687,1.14217480079442,"RS"
19.7,8,1.07127622941359,1.01716888680672,1.12826176123952,"RS"
19.7,9,1.05813227986232,1.00779472491525,1.11098410619363,"RS"
19.7,10,1.04097736940568,0.986665396661552,1.09827899841356,"RS"
19.7,11,1.02137329730342,0.954307017108492,1.0931528258121,"RS"
19.7,12,1.00080312817777,0.915989958019193,1.0934693034587,"RS"
19.8,0,0.959673794665338,0.889016245561921,1.03594708956668,"RS"
19.8,1,0.985755060580861,0.929253373486911,1.04569223764509,"RS"
19.8,2,1.01119413435557,0.96339699077383,1.06136264400598,"RS"
19.8,3,1.03452350430615,0.987136114029664,1.08418572246634,"RS"
19.8,4,1.0541602208596,1.00133266613267,1.10977481193601,"RS"
19.8,5,1.06844820495319,1.00972272138777,1.13058916322958,"RS"
19.8,6,1.07572449725227,1.01463575412282,1.14049124455413,"RS"
19.8,7,1.07488700016686,1.01651550649776,1.13661036722244,"RS"
19.8,8,1.06690388703384,1.01418954742849,1.1223581499672,"RS"
19.8,9,1.05333950490853,1.00434986723101,1.10471873278572,"RS"
19.8,10,1.03579041701583,0.982931675402272,1.09149172300581,"RS"
19.8,11,1.0158175201216,0.950498144675516,1.08562572159283,"RS"
19.8,12,0.994900516467388,0.91225518090337,1.08503306792611,"RS"
19.9,0,0.958981446367089,0.889365409390208,1.03404675374868,"RS"
19.9,1,0.984649981372329,0.929013550095486,1.04361834735013,"RS"
19.9,2,1.00965572984713,0.962685278511616,1.05891792007999,"RS"
19.9,3,1.03253381060663,0.986112576348191,1.0811403237488,"RS"
19.9,4,1.05170646663024,1.00006123159075,1.10601876866327,"RS"
19.9,5,1.06552554797081,1.00816605041032,1.12614850789353,"RS"
19.9,6,1.07233878846451,1.01270818873198,1.13548057578693,"RS"
19.9,7,1.0710559690644,1.01412379026757,1.13118427935292,"RS"
19.9,8,1.06265219023317,1.01129542999256,1.11661700816315,"RS"
19.9,9,1.04869495267048,1.0010167125486,1.09864409851513,"RS"
19.9,10,1.03078124758203,0.979334936864111,1.08493013000126,"RS"
19.9,11,1.01046987513674,0.946847307453433,1.07836750500457,"RS"
19.9,12,0.98923619220132,0.908694936036524,1.07691614110815,"RS"
20,0,0.958342299174344,0.889753229913524,1.0322187450514,"RS"
20,1,0.983595854804351,0.928812972790822,1.0416099192514,"RS"
20,2,1.00816710901305,0.962011110611434,1.0565376101007,"RS"
20,3,1.03059484177638,0.985123098831465,1.07816548932408,"RS"
20,4,1.04930758347431,0.998822215124114,1.10234472968732,"RS"
20,5,1.06266620299742,1.00664493362466,1.12180513830909,"RS"
20,6,1.06903011027819,1.01082601543914,1.13058563909725,"RS"
20,7,1.06732140885872,1.01179491217682,1.12589515533072,"RS"
20,8,1.0585210920225,1.0084875924942,1.11103687402376,"RS"
20,9,1.04419839499357,0.9977961650059,1.09275854763453,"RS"
20,10,1.02594938118243,0.975876066447036,1.07859201484549,"RS"
20,11,1.00532955736208,0.943355565842146,1.07137494652251,"RS"
20,12,0.983808954595112,0.905310573569682,1.06911383496288,"RS"
20.1,0,0.957756884952246,0.890182013231961,1.03046145286964,"RS"
20.1,1,0.982593121028613,0.928653467344315,1.03966579078607,"RS"
20.1,2,1.00672863195512,0.961375883863461,1.05422088842637,"RS"
20.1,3,1.02870689294063,0.984168818902892,1.07526051553152,"RS"
20.1,4,1.04696381548525,0.997616713875597,1.09875187102381,"RS"
20.1,5,1.05987037072278,1.00516054798042,1.11755799110206,"RS"
20.1,6,1.06579861584689,1.00899048431938,1.12580515593999,"RS"
20.1,7,1.06368340373587,1.00953010365438,1.12074159976757,"RS"
20.1,8,1.05451056608276,1.00576714267437,1.10561628710932,"RS"
20.1,9,1.03984963859475,0.994689185975681,1.08706044675153,"RS"
20.1,10,1.0212943927654,0.972556021464629,1.07247522371336,"RS"
20.1,11,1.00039584270405,0.940024072971767,1.06464490737526,"RS"
20.1,12,0.978617715459599,0.902103560649184,1.06162160841287,"RS"
20.2,0,0.957225742973848,0.890654106294766,1.02877325387706,"RS"
20.2,1,0.981642225733564,0.928536887233671,1.03778479088106,"RS"
20.2,2,1.00534066291349,0.960781020379369,1.0519669176107,"RS"
20.2,3,1.02687026256123,0.98325090382145,1.07242468024627,"RS"
20.2,4,1.04467541000718,0.9964458606615,1.09523934551665,"RS"
20.2,5,1.05713825599074,1.00371411180878,1.11340597798833,"RS"
20.2,6,1.06264446502345,1.00720289061895,1.12113782591614,"RS"
20.2,7,1.06014204993222,1.00733064345289,1.11572220436185,"RS"
20.2,8,1.05062060753041,1.00313523904687,1.10035378880355,"RS"
20.2,9,1.03564852612746,0.99169679570736,1.08154818520407,"RS"
20.2,10,1.01681591355287,0.969375833204841,1.0665776540314,"RS"
20.2,11,0.995668089705793,0.936854077144134,1.05817434010682,"RS"
20.2,12,0.973661501242413,0.899075484471671,1.05443506732776,"RS"
20.3,0,0.956749420251993,0.89117189406221,1.02715251597536,"RS"
20.3,1,0.980743620419882,0.928465111501494,1.03596574290099,"RS"
20.3,2,1.00400357050242,0.960227966176997,1.04977485043983,"RS"
20.3,3,1.02508525265478,0.98237054998593,1.06965724412786,"RS"
20.3,4,1.04244261786251,0.995310823689465,1.09180628369724,"RS"
20.3,5,1.05447006807193,1.00230688466371,1.10934798660262,"RS"
20.3,6,1.059567824728,1.00546457472035,1.11658232763803,"RS"
20.3,7,1.05669745626729,1.00519785795682,1.1108355486863,"RS"
20.3,8,1.04685123369028,1.00059309179467,1.09524792292264,"RS"
20.3,9,1.03159493726169,0.988820074872318,1.0762201755677,"RS"
20.3,10,1.01251363247239,0.966336608917486,1.0608972551406,"RS"
20.3,11,0.99114574134177,0.933846924225847,1.05196028931005,"RS"
20.3,12,0.968939455153076,0.896228055334829,1.04754996472587,"RS"
20.4,0,0.956328471876799,0.891737796735081,1.02559760219955,"RS"
20.4,1,0.979897762679903,0.92844004266461,1.03420746755959,"RS"
20.4,2,1.0027177279488,0.959718189744217,1.04764383199903,"RS"
20.4,3,1.02335216901285,0.981528982146771,1.06695745196722,"RS"
20.4,4,1.04026569358132,0.994212806147483,1.08845179477772,"RS"
20.4,5,1.05186602093818,1.00094016700716,1.10538288148886,"RS"
20.4,6,1.05656886931839,1.00377692193841,1.11213731977117,"RS"
20.4,7,1.05334974468077,1.00313312132896,1.10608020114929,"RS"
20.4,8,1.04320248487682,0.998141963528963,1.09029723648282,"RS"
20.4,9,1.02768878978066,0.986060166005196,1.07107485430587,"RS"
20.4,10,1.00838729762074,0.963439533724477,1.05543202910922,"RS"
20.4,11,0.986828326867611,0.931004059996307,1.04599989253773,"RS"
20.4,12,0.964450839378335,0.893563109695601,1.04096220119745,"RS"
20.5,0,0.955963461358928,0.892354267083421,1.02410687454908,"RS"
20.5,1,0.979105116481177,0.928463604696142,1.03250878577341,"RS"
20.5,2,1.00148351333371,0.95925318059753,1.0455730017538,"RS"
20.5,3,1.02167132142437,0.980727452532951,1.06432453412529,"RS"
20.5,4,1.03814489563265,0.99315304566561,1.08517496777732,"RS"
20.5,5,1.04932633353886,0.999615299738197,1.10150950525317,"RS"
20.5,6,1.05364778096319,1.00214136214643,1.10780144225444,"RS"
20.5,7,1.05009905077419,1.00113785549296,1.1014547201333,"RS"
20.5,8,1.03967442518447,0.995783169905923,1.08550028063316,"RS"
20.5,9,1.0239300406957,0.983418274834947,1.06611068257304,"RS"
20.5,10,1.00443671776182,0.96068587245048,1.05018003170452,"RS"
20.5,11,0.982715463729929,0.928327032456404,1.04029038139561,"RS"
20.5,12,0.960195037394551,0.891082613250238,1.0346678255501,"RS"
20.6,0,0.955654960978854,0.893023787903849,1.02267869771665,"RS"
20.6,1,0.978366152454262,0.928537741100787,1.03086852143822,"RS"
20.6,2,1.00030130983689,0.9588344478507,1.04356149563079,"RS"
20.6,3,1.02004302390031,0.979967239902488,1.06175770805484,"RS"
20.6,4,1.03608048665762,0.992132813653568,1.08197487277899,"RS"
20.6,5,1.04685123007929,0.99833366356727,1.09772667987838,"RS"
20.6,6,1.05080475001751,1.00055936923377,1.10357331769822,"RS"
20.6,7,1.04694552435746,0.999213529952235,1.09695765531169,"RS"
20.6,8,1.03626714328805,0.993518080098623,1.08085561175874,"RS"
20.6,9,1.02031868738102,0.980895671501146,1.06132614717905,"RS"
20.6,10,1.00066176386162,0.958076971373472,1.04513937352985,"RS"
20.6,11,0.978806859540666,0.925817494105778,1.03482908281964,"RS"
20.6,12,0.956171556384216,0.88878866405323,1.02866303567465,"RS"
20.7,0,0.955403552142323,0.893748869632105,1.02131144268961,"RS"
20.7,1,0.977681348184935,0.928664413101766,1.02928550411026,"RS"
20.7,2,0.999171505984362,0.958463518808312,1.041608448084,"RS"
20.7,3,1.0184675949007,0.979249648526125,1.05925617989654,"RS"
20.7,4,1.03407273370461,0.99115341451898,1.07885056231207,"RS"
20.7,5,1.04444094030119,0.997096678239712,1.09403320819708,"RS"
20.7,6,1.04803997540187,0.999032460398648,1.09945155295761,"RS"
20.7,7,1.04388933000105,0.997361661447612,1.09258754914281,"RS"
20.7,8,1.032980753254,0.991348117123581,1.07636179275678,"RS"
20.7,9,1.01685476873,0.978493691653036,1.05671976172083,"RS"
20.7,10,0.997062370663427,0.955614259896804,1.04030822133224,"RS"
20.7,11,0.975102314120829,0.92347720419896,1.0296134205376,"RS"
20.7,12,0.952380029763916,0.88668349569479,1.02294417962791,"RS"
20.8,0,0.955209825742211,0.894532048134469,1.02000349020174,"RS"
20.8,1,0.977051188510955,0.928845597955885,1.02775857157694,"RS"
20.8,2,0.998094495899342,0.958141937598423,1.0397129941327,"RS"
20.8,3,1.01694535756409,0.978576007114555,1.05681914613924,"RS"
20.8,4,1.03212190846665,0.990216184772578,1.07580107285512,"RS"
20.8,5,1.04209569976562,0.99590580161389,1.09042787551812,"RS"
20.8,6,1.04535366498435,0.997562195282322,1.09543474087542,"RS"
20.8,7,1.04093064759396,0.995583813458889,1.08834293853767,"RS"
20.8,8,1.02981539536352,0.989274758023917,1.07201739448617,"RS"
20.8,9,1.01353836633474,0.97621373743094,1.05229006788604,"RS"
20.8,10,0.993638538306081,0.953299252146507,1.03568479948342,"RS"
20.8,11,0.97160172161859,0.921308030993029,1.0246409167135,"RS"
20.8,12,0.948820219831333,0.884769480559115,1.01750775692655,"RS"
20.9,0,0.955074382527018,0.895375882698429,1.01875323401646,"RS"
20.9,1,0.976476165823537,0.929083287410762,1.02628657230369,"RS"
20.9,2,0.997070679556481,0.957871263857588,1.03787427135827,"RS"
20.9,3,1.01547663993962,0.977947667700201,1.05444579533389,"RS"
20.9,4,1.0302282875209,0.989322492028137,1.0728254264516,"RS"
20.9,5,1.0398157501382,0.994762528601816,1.08690945139958,"RS"
20.9,6,1.04274603596617,0.996150174952983,1.09152146218765,"RS"
20.9,7,1.03806967290817,0.993881595557744,1.08422235669528,"RS"
20.9,8,1.02677123694841,0.987299533913518,1.06782099738834,"RS"
20.9,9,1.01036960569067,0.974057278331996,1.04803563693057,"RS"
20.9,10,0.990390333988589,0.951133548499897,1.031267391635,"RS"
20.9,11,0.968305072706909,0.919311954001786,1.01990919377092,"RS"
20.9,12,0.945492020539147,0.883049133188032,1.01235042004491,"RS"
21,0,0.954997833476211,0.896282954239591,1.01755908402611,"RS"
21,1,0.975956780373713,0.929379486315957,1.02486836774619,"RS"
21,2,0.996100463039607,0.957653071480401,1.03609142184851,"RS"
21,3,1.01406177522171,0.977366004484946,1.05213530985019,"RS"
21,4,1.02839215257064,0.988473733906275,1.06992263242996,"RS"
21,5,1.03760133947698,0.99366838998174,1.08347669155924,"RS"
21,6,1.0402173152712,0.994798040750099,1.08771028758173,"RS"
21,7,1.03530661816996,0.992256662621964,1.08022433509714,"RS"
21,8,1.02384847324063,0.985424029889176,1.06377119327509,"RS"
21,9,1.00734865742806,0.972025851964599,1.0439550713298,"RS"
21,10,0.987317893684282,0.949118837053882,1.02705434254681,"RS"
21,11,0.965212456866025,0.917491066273629,1.01541597639001,"RS"
21,12,0.942395460404052,0.881525113776822,1.00746897610793,"RS"
21.1,0,0.954980800182656,0.897255863738286,1.01641946915548,"RS"
21.1,1,0.975493540583737,0.929736211397189,1.02350283451966,"RS"
21.1,2,0.995184258803086,0.957488947444424,1.03436359407891,"RS"
21.1,3,1.01270110198755,0.976832412665439,1.04988686766483,"RS"
21.1,4,1.0266137906896,0.987671336852335,1.06709168921811,"RS"
21.1,5,1.03545272252312,0.992624951093924,1.08012833991222,"RS"
21.1,6,1.03776773993936,0.993507473001801,1.08399977989586,"RS"
21.1,7,1.03264171263859,0.990710713923119,1.07634740565035,"RS"
21.1,8,1.0210473282366,0.983649884820012,1.05986658727649,"RS"
21.1,9,1.00447573857223,0.970121064698362,1.04004700660112,"RS"
21.1,10,0.984421423907881,0.947256895043608,1.02304406008489,"RS"
21.1,11,0.96232406475635,0.915847576712345,1.01115909367094,"RS"
21.1,12,0.939530705559377,0.8802002318309,1.00286038876945,"RS"
21.2,0,0.955023915242382,0.898297230915825,1.01533284006121,"RS"
21.2,1,0.97508696336372,0.930155490200372,1.02218886641959,"RS"
21.2,2,0.994322485936925,0.957380490719872,1.03268994472238,"RS"
21.2,3,1.01139496443745,0.976348307247505,1.04769964417024,"RS"
21.2,4,1.02489349456894,0.986916754879547,1.06433158624198,"RS"
21.2,5,1.03337016099437,0.991633810432301,1.07686313072364,"RS"
21.2,6,1.03539755752435,0.992280189629719,1.08038849644618,"RS"
21.2,7,1.03007520319295,0.989245492101847,1.07259010296684,"RS"
21.2,8,1.01836805557728,0.981978791025836,1.05610579993979,"RS"
21.2,9,1.0017511138346,0.968344592218813,1.03631011329291,"RS"
21.2,10,0.981701203538947,0.945549590224326,1.0192350173841,"RS"
21.2,11,0.959640190687525,0.914383812461852,1.0071364814556,"RS"
21.2,12,0.936898062960223,0.879077450013599,0.998521780265255,"RS"
21.3,0,0.955127822651931,0.899409693156788,1.0142976716227,"RS"
21.3,1,0.97473757443367,0.930639360209636,1.02092537629057,"RS"
21.3,2,0.993515570435772,0.957329311271874,1.03106964037999,"RS"
21.3,3,1.01014371263821,0.975915121860884,1.0455728139931,"RS"
21.3,4,1.02323156276691,0.986211468249284,1.06164130589663,"RS"
21.3,5,1.03135392388172,0.990696598145788,1.07367979086337,"RS"
21.3,6,1.03310702649598,0.991117944657071,1.07687499146698,"RS"
21.3,7,1.02760735492659,0.987862782046544,1.06895096676441,"RS"
21.3,8,1.01581093944496,0.980412493858066,1.05248746946857,"RS"
21.3,9,0.999175096936386,0.966698179998276,1.03274309913319,"RS"
21.3,10,0.979157585705314,0.943998882231298,1.01562575516837,"RS"
21.3,11,0.9571612351896,0.913102221377354,1.00334618479815,"RS"
21.3,12,0.934497983750371,0.878159888216484,0.994450433630176,"RS"
21.4,0,0.955293178213556,0.900595904680262,1.01331246522307,"RS"
21.4,1,0.974445908651129,0.931189868141051,1.01971129774266,"RS"
21.4,2,0.992763945471931,0.957337029161346,1.02950185922756,"RS"
21.4,3,1.00894770276962,0.975534307584946,1.04350555281261,"RS"
21.4,4,1.0216282999613,0.985556982100587,1.05901982557848,"RS"
21.4,5,1.02940428774915,0.989814974463871,1.07057704214902,"RS"
21.4,6,1.0308964166473,0.990022526636791,1.07345781864833,"RS"
21.4,7,1.02523845175176,0.986564409692571,1.06542854437441,"RS"
21.4,8,1.01337629547802,0.978952791198582,1.04901025408939,"RS"
21.4,9,0.99674805196719,0.965183643696414,1.02934471132924,"RS"
21.4,10,0.97679099973023,0.942606823934306,1.01221488422036,"RS"
21.4,11,0.95488770769257,0.912005374606509,0.999786360574659,"RS"
21.4,12,0.932331066800626,0.877450827884336,0.990643795068793,"RS"
21.5,0,0.955520649948531,0.90185853595954,1.01237575082288,"RS"
21.5,1,0.974212510344595,0.931809069411242,1.01854558671724,"RS"
21.5,2,0.992068051672561,0.957405273748705,1.02798579257431,"RS"
21.5,3,1.00780729737416,0.975207331795114,1.0414970391691,"RS"
21.5,4,1.02008401720492,0.984954825041086,1.05646611976698,"RS"
21.5,5,1.02752153703693,0.988990628061378,1.06755360376298,"RS"
21.5,6,1.02876600950689,0.988995757017029,1.07013553375489,"RS"
21.5,7,1.02296879701297,0.985352240759808,1.06202139333974,"RS"
21.5,8,1.01106447170466,0.977601532893125,1.04567283453225,"RS"
21.5,9,0.994470394780497,0.963802869505539,1.02611373900791,"RS"
21.5,10,0.974601953147061,0.941375562804647,1.00900108799104,"RS"
21.5,11,0.952820229320725,0.911095969304833,0.996455280222019,"RS"
21.5,12,0.930398062428733,0.876953716627185,0.987099476470029,"RS"
21.6,0,0.955810918518859,0.903200273386351,1.01148608883235,"RS"
21.6,1,0.974037933652946,0.932499027777643,1.01742722290659,"RS"
21.6,2,0.991428337401179,0.957535683002633,1.02652064633226,"RS"
21.6,3,1.00672286561011,0.974935677038568,1.03954645625523,"RS"
21.6,4,1.01859903218406,0.98440654771106,1.05397916214474,"RS"
21.6,5,1.0257059643684,0.988225274377244,1.06460819472959,"RS"
21.6,6,1.02671609875657,0.98803948846127,1.06690669730983,"RS"
21.6,7,1.0207987141107,0.984228179446651,1.05872808408707,"RS"
21.6,8,1.00887584949684,0.976360620136599,1.04247391661041,"RS"
21.6,9,0.992342594428424,0.962557814457049,1.02304901578551,"RS"
21.6,10,0.972591033785593,0.940307342313393,1.00598312533952,"RS"
21.6,11,0.950959535808567,0.910376831509658,0.993351332596662,"RS"
21.6,12,0.92869987631145,0.876672173151427,0.983815258057617,"RS"
21.7,0,0.956164677657667,0.90462381917234,1.01064207179141,"RS"
21.7,1,0.973922742871049,0.933261815144622,1.01635521103419,"RS"
21.7,2,0.990845259043661,0.957729902914005,1.02510564239681,"RS"
21.7,3,1.00569478350814,0.974720839946245,1.03765299368305,"RS"
21.7,4,1.01717366948026,0.983913721331424,1.0515579277458,"RS"
21.7,5,1.02395787086054,0.987520653901326,1.06173953643911,"RS"
21.7,6,1.02474699065481,0.987155603139658,1.06376987732858,"RS"
21.7,7,1.0187285471358,0.98319416709802,1.05554720265743,"RS"
21.7,8,1.00681084454549,0.975232004827765,1.03941223388524,"RS"
21.7,9,0.990365174637946,0.961450506705963,1.02014942245551,"RS"
21.7,10,0.97075891193407,0.939404503379972,1.00315983339314,"RS"
21.7,11,0.949306480545317,0.909850919196522,0.990473026945074,"RS"
21.7,12,0.927237573599857,0.876609992541072,0.980789091170515,"RS"
21.8,0,0.956582634608579,0.906131891477058,1.00984232587057,"RS"
21.8,1,0.973867512801791,0.934099511527121,1.01532858200538,"RS"
21.8,2,0.990319281298864,0.957989587012757,1.02374001994161,"RS"
21.8,3,1.00472343423152,0.974564330186247,1.03581584922266,"RS"
21.8,4,1.01580826083539,0.983477936245043,1.04920139512344,"RS"
21.8,5,1.02227756643848,0.986878530441983,1.0589463552068,"RS"
21.8,6,1.02285900446629,0.986346011006659,1.06072365208835,"RS"
21.8,7,1.01675866151525,0.982252180863791,1.05247735348082,"RS"
21.8,8,1.00486990785843,0.974217688910149,1.03648655040233,"RS"
21.8,9,0.98853871533101,0.96048304581051,1.01741388978257,"RS"
21.8,10,0.969106342581319,0.938669485889793,1.00053013051881,"RS"
21.8,11,0.947862037755366,0.909521325540606,0.987818995979819,"RS"
21.8,12,0.926012383249542,0.876771151918473,0.978019101170462,"RS"
21.9,0,0.957065510574392,0.907727224748038,1.0090855122091,"RS"
21.9,1,0.973872829114747,0.935014205160696,1.01434639394057,"RS"
21.9,2,0.989850877474058,0.958316395982939,1.0224230366331,"RS"
21.9,3,1.00380920834016,0.974467669461402,1.03403423051011,"RS"
21.9,4,1.01450314542025,0.983100800458675,1.04690854853071,"RS"
21.9,5,1.0206653701542,0.986300689384938,1.05622738485729,"RS"
21.9,6,1.0210524728977,0.985612648077908,1.05776661292205,"RS"
21.9,7,1.01488944466988,0.981404232361882,1.04951716218249,"RS"
21.9,8,1.00305352678207,0.973319723714494,1.03369566348691,"RS"
21.9,9,0.986863854191009,0.959657603022795,1.01484140139262,"RS"
21.9,10,0.967634167743455,0.938104830298389,0.998093019398214,"RS"
21.9,11,0.946627305822331,0.909391282403844,0.985387999057705,"RS"
21.9,12,0.925025702577873,0.877159816511266,0.975503590477913,"RS"
22,0,0.957614041175359,0.90941257025453,1.00837032811141,"RS"
22,1,0.973939288711702,0.936007992743733,1.01340773310678,"RS"
22,2,0.989440529785326,0.958711997368238,1.0211539697733,"RS"
22,3,1.0029525040585,0.974432390550807,1.0323073567255,"RS"
22,4,1.0132586701068,0.98278393819,1.04467838011014,"RS"
22,5,1.01912161050946,0.985788935950888,1.05358136932787,"RS"
22,6,1.01932774254036,0.984957474715751,1.05489736702824,"RS"
22,7,1.01312130668464,0.980652366357066,1.04666527841188,"RS"
22,8,1.00136222604833,0.972540209315479,1.03103840658911,"RS"
22,9,0.985341288278161,0.958976421604681,1.01243099675072,"RS"
22,10,0.966343318879865,0.93771317933739,0.995847590201953,"RS"
22,11,0.94560351076473,0.90946416406526,0.983178925460576,"RS"
22,12,0.924279102061156,0.877780346148602,0.973241041742748,"RS"
22.1,0,0.958228976917416,0.911190696791801,1.00769550812699,"RS"
22.1,1,0.974067500099281,0.937082979794061,1.01251171476637,"RS"
22.1,2,0.989088729663118,0.959178065356866,1.01993211738284,"RS"
22.1,3,1.00215372754749,0.974460036391544,1.03063446024561,"RS"
22.1,4,1.01207518974423,0.982528988420438,1.04250989209237,"RS"
22.1,5,1.01764662578342,0.985345093455095,1.05100706528822,"RS"
22.1,6,1.01768517431986,0.984382473928423,1.05211454029377,"RS"
22.1,7,1.01145468099227,0.979998659462147,1.04392037868974,"RS"
22.1,8,0.999796568848095,0.971881293911592,1.02851365217381,"RS"
22.1,9,0.983971775696464,0.958441817179809,1.01018177422199,"RS"
22.1,10,0.965234819403338,0.93749727983418,0.993793023861771,"RS"
22.1,11,0.944792009871691,0.909743491207819,0.981190797784427,"RS"
22.1,12,0.923774330385165,0.878637302204747,0.9712301211629,"RS"
22.2,0,0.958911083670705,0.913064391527207,1.00705982504535,"RS"
22.2,1,0.974258083768928,0.938241281097699,1.01165748396682,"RS"
22.2,2,0.988795978063132,0.959716280630501,1.01875679924019,"RS"
22.2,3,1.0014132931808,0.974552159192231,1.02901478828021,"RS"
22.2,4,1.01095306743897,0.982337603449412,1.04040209900903,"RS"
22.2,5,1.01624076436487,0.984971001566503,1.0485032447802,"RS"
22.2,6,1.01612514395304,0.983889649681668,1.04941678013144,"RS"
22.2,7,1.00989002507084,0.979445218862013,1.04128116927514,"RS"
22.2,8,0.998357157932595,0.971345173231577,1.02612031465525,"RS"
22.2,9,0.982756137314977,0.958056178127947,1.00809289421572,"RS"
22.2,10,0.964309787289451,0.937459984652142,0.991928595445358,"RS"
22.2,11,0.94419429550744,0.910232935169156,0.979422775449358,"RS"
22.2,12,0.923513319763217,0.879735455001269,0.969469681972573,"RS"
22.3,0,0.959661143158724,0.915036460952056,1.00646209084445,"RS"
22.3,1,0.974511672584472,0.93948502122189,1.0108442163008,"RS"
22.3,2,0.98856278578271,0.960328330256693,1.01762735789879,"RS"
22.3,3,1.00073162382542,0.97471031956421,1.02744760450676,"RS"
22.3,4,1.00989267483882,0.982211447439123,1.03835402993133,"RS"
22.3,5,1.0149043850895,0.984668514556381,1.04606869788861,"RS"
22.3,6,1.01464804241282,0.98348102521338,1.04680275834382,"RS"
22.3,7,1.00842782115607,0.978994181053009,1.03874638906206,"RS"
22.3,8,0.997044636744211,0.970934089963363,1.02385735338421,"RS"
22.3,9,0.981695258546286,0.957821966021032,1.00616358241997,"RS"
22.3,10,0.963569437790503,0.937604254751394,0.990253677645788,"RS"
22.3,11,0.943811999093812,0.910936322455558,0.977874158351959,"RS"
22.3,12,0.923498191536693,0.881079791669849,0.967958768132903,"RS"
22.4,0,0.960479953458502,0.917109731893653,1.00590115764099,"RS"
22.4,1,0.974828912177562,0.940816335057045,1.01007111867341,"RS"
22.4,2,0.988389673782954,0.961015907597262,1.01654315971029,"RS"
22.4,3,1.00010915112672,0.974936085648547,1.02593219072617,"RS"
22.4,4,1.00889439242137,0.982152194930046,1.03636473075519,"RS"
22.4,5,1.01363785758241,0.98443949951632,1.04370223546401,"RS"
22.4,6,1.01325427640115,0.983158641330928,1.04427117403492,"RS"
22.4,7,1.00706857696902,0.978647710579096,1.03631481252664,"RS"
22.4,8,0.995859690578162,0.970650333191139,1.0217237757061,"RS"
22.4,9,0.980790091185133,0.957741716090823,1.00439313314376,"RS"
22.4,10,0.963015086259546,0.937933161360226,0.988767744407857,"RS"
22.4,11,0.943646895280413,0.911857639507608,0.976544390693711,"RS"
22.4,12,0.923731262073737,0.882675524465062,0.966696618272566,"RS"
22.5,0,0.961368329512146,0.9192870525288,1.00537591870415,"RS"
22.5,1,0.975210461351225,0.942237368341954,1.00933743012379,"RS"
22.5,2,0.988277173516741,0.961780712195927,1.01550359589169,"RS"
22.5,3,0.999546315798316,0.975231032206836,1.02446784857241,"RS"
22.5,4,1.00795860978694,0.982161529295401,1.0344332665651,"RS"
22.5,5,1.0124415626059,0.984285834511672,1.0414026919329,"RS"
22.5,6,1.01194426883047,0.982924554655975,1.04182075660654,"RS"
22.5,7,1.00581282645997,0.978407998731509,1.0339852527606,"RS"
22.5,8,0.994803047776659,0.97049623781226,1.0197186401223,"RS"
22.5,9,0.980041655310295,0.957818037704881,1.00278091279722,"RS"
22.5,10,0.962648151090296,0.938449888234091,0.987470374727571,"RS"
22.5,11,0.943700906312561,0.913001037690902,0.975433065035193,"RS"
22.5,12,0.924215048982679,0.884528099499005,0.965682669945543,"RS"
22.6,0,0.962327103650175,0.92157129332157,1.00488530961282,"RS"
22.6,1,0.975656992491834,0.94375027811222,1.00864242276284,"RS"
22.6,2,0.988225827262866,0.962624449595562,1.01450808368693,"RS"
22.6,3,0.999043567916723,0.975596739629768,1.02305390132253,"RS"
22.6,4,1.00708572595605,0.982241141086458,1.03255872412612,"RS"
22.6,5,1.01131589241307,0.984209406617642,1.0391689282488,"RS"
22.6,6,1.0107184593141,0.982780835761315,1.03945026889633,"RS"
22.6,7,1.00466113056935,0.978277262158358,1.03175656464711,"RS"
22.6,8,0.993875480957131,0.970474183886341,1.01784105960665,"RS"
22.6,9,0.979451041252929,0.958053614809271,1.00132636355892,"RS"
22.6,10,0.962470156778963,0.93915773396027,0.986361256680351,"RS"
22.6,11,0.943976106607638,0.91437083846426,0.974539926648092,"RS"
22.6,12,0.924952277657654,0.886643205844999,0.964916564300211,"RS"
22.7,0,0.963356754041452,0.923964725145182,1.00442821062401,"RS"
22.7,1,0.976168854066453,0.945356702498953,1.00798527067138,"RS"
22.7,2,0.988235879438944,0.963548381613953,1.01355590652815,"RS"
22.7,3,0.998601075192981,0.976034392799302,1.02168951702261,"RS"
22.7,4,1.0062758558747,0.982392329402755,1.03074002901871,"RS"
22.7,5,1.01026092995761,0.984211677652616,1.03699963104792,"RS"
22.7,6,1.0095769242523,0.982729072588597,1.03715825084725,"RS"
22.7,7,1.00361360318086,0.978257162295644,1.02962728340881,"RS"
22.7,8,0.993077210025662,0.970585912639288,1.01608969616157,"RS"
22.7,9,0.979018669419588,0.958450394691587,1.00002833780513,"RS"
22.7,10,0.962481838523268,0.940059141102048,0.985439371826255,"RS"
22.7,11,0.944473667555321,0.91597037843348,0.973863925852031,"RS"
22.7,12,0.925944668143205,0.889025432759249,0.964397076697592,"RS"
22.8,0,0.96445550645256,0.926465812673846,1.00400296611282,"RS"
22.8,1,0.97674434847673,0.947055034632718,1.00736439530277,"RS"
22.8,2,0.988305703288461,0.964551018953425,1.01264541113886,"RS"
22.8,3,0.998217237524947,0.976542725151215,1.02037281895438,"RS"
22.8,4,1.00552733703486,0.982613959225797,1.02897502730477,"RS"
22.8,5,1.00927481726279,0.984291458809219,1.03489230516455,"RS"
22.8,6,1.00851744446142,0.982767825922021,1.03494173186709,"RS"
22.8,7,1.00266749881878,0.978345831023722,1.02759380303746,"RS"
22.8,8,0.992404861515434,0.97082902223862,1.01446020524652,"RS"
22.8,9,0.978740515466224,0.95900542898423,0.99888172440246,"RS"
22.8,10,0.962678568416815,0.94115070922895,0.984698855349426,"RS"
22.8,11,0.94518845735316,0.917796058057068,0.973398405964931,"RS"
22.8,12,0.927186713936175,0.891671323228191,0.964116687511504,"RS"
22.9,0,0.965620737255037,0.9290714975198,1.00360780704834,"RS"
22.9,1,0.97738101052253,0.948842381986343,1.0067780042985,"RS"
22.9,2,0.988432973697313,0.96562978660181,1.01177465427026,"RS"
22.9,3,0.99788979833222,0.97711949758491,1.01910160638155,"RS"
22.9,4,1.00483784993269,0.982903922621135,1.02726124234478,"RS"
22.9,5,1.00835498184447,0.984446500125482,1.03284411014815,"RS"
22.9,6,1.00753695844875,0.982894452659077,1.03279728550086,"RS"
22.9,7,1.00181902525826,0.978540014119851,1.02565183322844,"RS"
22.9,8,0.991853748464043,0.971199506095854,1.0129472391279,"RS"
22.9,9,0.978610931812395,0.959713893668033,0.997880057985267,"RS"
22.9,10,0.963053761027972,0.942426811532775,0.984132173745851,"RS"
22.9,11,0.946113044576654,0.919841635336781,0.973134786174766,"RS"
22.9,12,0.928670273458535,0.894574347418264,0.964065736173314,"RS"
23,0,0.966849821613519,0.931778610858144,1.0032410775057,"RS"
23,1,0.978076378695744,0.950715772810827,1.00622439421012,"RS"
23,2,0.988615373352267,0.966782047178805,1.01094177253343,"RS"
23,3,0.997616512502389,0.977762409008414,1.01787376651833,"RS"
23,4,1.00420509049234,0.983260041212134,1.02559630362642,"RS"
23,5,1.0074988719147,0.984674473036402,1.0308523321208,"RS"
23,6,1.00663243307005,0.983106230450507,1.03072162897817,"RS"
23,7,1.00106442939678,0.978836388012681,1.02379723933037,"RS"
23,8,0.991419236805713,0.971693305828238,1.01154561548679,"RS"
23,9,0.97862434007196,0.960570931851283,0.997017052281103,"RS"
23,10,0.963600918516394,0.943881800818795,0.983731998392344,"RS"
23,11,0.947240105672963,0.922100849778832,0.973064733657428,"RS"
23,12,0.930387335153645,0.897727952018074,0.964234868111663,"RS"
23.1,0,0.968140133184477,0.934583879595671,1.00290122475466,"RS"
23.1,1,0.978827995043614,0.952672161466463,1.00570194305487,"RS"
23.1,2,0.988850592704438,0.96800510570942,1.01014497643099,"RS"
23.1,3,0.997395146381671,0.978469101040029,1.01668726888599,"RS"
23.1,4,1.00362677000033,0.983680071300026,1.02397794043961,"RS"
23.1,5,1.00670395613614,0.984972976080596,1.02891437624297,"RS"
23.1,6,1.00580086287413,0.983400363464802,1.02871161466126,"RS"
23.1,7,1.00039999576766,0.979231564593655,1.02202603318576,"RS"
23.1,8,0.99109674243344,0.972306314091775,1.01025030756867,"RS"
23.1,9,0.978775225884443,0.961571653886305,0.996286588662705,"RS"
23.1,10,0.964313622370866,0.945510006622907,0.983491190761019,"RS"
23.1,11,0.948562412756965,0.924567416177364,0.973180143656185,"RS"
23.1,12,0.932330000605662,0.901125550061591,0.964615008385836,"RS"
23.2,0,0.969489042339085,0.93748392934613,1.00258678980355,"RS"
23.2,1,0.979633403687733,0.95470843108634,1.00520910298112,"RS"
23.2,2,0.98913632870007,0.969296212181291,1.00938254421989,"RS"
23.2,3,0.997223476599135,0.979237160782634,1.01554015932736,"RS"
23.2,4,1.00310061386815,0.984161707095356,1.02240397516824,"RS"
23.2,5,1.00596772210263,0.98533953854709,1.02702775878104,"RS"
23.2,6,1.00503926795479,0.983773985818841,1.02676422094079,"RS"
23.2,7,0.999822043221403,0.979722093385968,1.02033436304024,"RS"
23.2,8,0.990881726000987,0.973034374446573,1.00905643285329,"RS"
23.2,9,0.979058131008323,0.962711134117595,0.995682702654215,"RS"
23.2,10,0.96518552191264,0.947305728354728,0.983402785210367,"RS"
23.2,11,0.950072817681092,0.927235013626911,0.973473116988744,"RS"
23.2,12,0.93449046346161,0.904760505105506,0.965197332744824,"RS"
23.3,0,0.970893914460637,0.940475286876504,1.00229639873618,"RS"
23.3,1,0.980490149407399,0.956821395836165,1.00474439353942,"RS"
23.3,2,0.989470283567369,0.970652563792743,1.00865281624285,"RS"
23.3,3,0.997099288942807,0.980064123352466,1.01443055441047,"RS"
23.3,4,1.00262436044898,0.984702583718576,1.02087231696858,"RS"
23.3,5,1.00528767488616,0.985771623865152,1.0251900996252,"RS"
23.3,6,1.00434469189723,0.984224164738853,1.0248765436579,"RS"
23.3,7,0.999326921754205,0.980304463486632,1.01871850403581,"RS"
23.3,8,0.99076968795611,0.973873281099152,1.00795924236133,"RS"
23.3,9,0.979467645762679,0.963984407634644,0.995199571173446,"RS"
23.3,10,0.966210323294176,0.949263228514171,0.983459972742745,"RS"
23.3,11,0.95176423676936,0.930097274597746,0.973935938888685,"RS"
23.3,12,0.936860989196906,0.90862611539905,0.965973240482455,"RS"
23.4,0,0.972352108316176,0.943554382100371,1.00202875476269,"RS"
23.4,1,0.981395776286857,0.95900780282692,1.00430639550021,"RS"
23.4,2,0.989850163658823,0.972071306929156,1.00795418968869,"RS"
23.4,3,0.997020377286978,0.980947474183339,1.01335663619812,"RS"
23.4,4,1.00219575990778,0.98530027998265,1.01938095581869,"RS"
23.4,5,1.00466133564874,0.98626663274968,1.02339911524076,"RS"
23.4,6,1.00371419981678,0.98474790346598,1.02304578803163,"RS"
23.4,7,0.998911009480344,0.980975105295036,1.01717484926484,"RS"
23.4,8,0.990756163798791,0.974818778529831,1.00695411057396,"RS"
23.4,9,0.979998401806545,0.965386467031693,0.994831500483271,"RS"
23.4,10,0.967381778976042,0.951376725986851,0.983656085683756,"RS"
23.4,11,0.953629636189039,0.93314777409081,0.974561059103528,"RS"
23.4,12,0.939433895685533,0.912715598075249,0.96693432896732,"RS"
23.5,0,0.97386097450215,0.946717549688807,1.00178263091249,"RS"
23.5,1,0.98234782642603,0.961264333732648,1.00389374516452,"RS"
23.5,2,0.990273678348504,0.973549538903079,1.00728511374448,"RS"
23.5,3,0.996984542570112,0.981884651127491,1.01231664736011,"RS"
23.5,4,1.0018125731438,0.985952320972116,1.01792795692135,"RS"
23.5,5,1.00408624031846,0.986821906116897,1.02165261203417,"RS"
23.5,6,1.00314487648836,0.985342143923169,1.02126926106929,"RS"
23.5,7,0.998570709745093,0.981730392044109,1.01569990135949,"RS"
23.5,8,0.990836719558914,0.975866561016533,1.00603652594019,"RS"
23.5,9,0.980645065246559,0.966912259180437,0.994572914824292,"RS"
23.5,10,0.968693677666833,0.953640389427524,0.983984583240022,"RS"
23.5,11,0.955662017936924,0.936380018892569,0.975341073176033,"RS"
23.5,12,0.942201534541377,0.917022073396438,0.968072369734927,"RS"
23.6,0,0.975417853964002,0.949961030364131,1.00155686330316,"RS"
23.6,1,0.983343838714487,0.963587606161766,1.00350512911787,"RS"
23.6,2,0.990738538983937,0.975084309491431,1.00664408510478,"RS"
23.6,3,0.996989591822819,0.982873046374097,1.01130888660539,"RS"
23.6,4,1.00147257076503,0.986656180434171,1.01651145544273,"RS"
23.6,5,1.00355993832837,0.987434727786727,1.01994848011378,"RS"
23.6,6,1.00263382456471,0.986003769161974,1.01954436443551,"RS"
23.6,7,0.998302448375371,0.982566641152244,1.01429026459065,"RS"
23.6,8,0.99100694748839,0.977012272068931,1.00520208194577,"RS"
23.6,9,0.981402330064593,0.968556682024875,0.994418345700367,"RS"
23.6,10,0.970139834712983,0.956048330744014,0.984439037893093,"RS"
23.6,11,0.95785440642044,0.939787436953246,0.976268704839792,"RS"
23.6,12,0.945156273202295,0.921538549090279,0.969379286038024,"RS"
23.7,0,0.977020076589768,0.953280971937058,1.00135034492486,"RS"
23.7,1,0.984381347668425,0.965974174826691,1.00313927938224,"RS"
23.7,2,0.991242457892174,0.976672622301098,1.00602964380546,"RS"
23.7,3,0.997033337245394,0.983910008206226,1.01033170441166,"RS"
23.7,4,1.00117353211372,0.987409282998111,1.01512965156819,"RS"
23.7,5,1.0030799914174,0.988102326989395,1.01828468742461,"RS"
23.7,6,1.00217816288228,0.986729605609155,1.01786858775568,"RS"
23.7,7,0.998102671065547,0.983480115415666,1.01294263744939,"RS"
23.7,8,0.991262461963297,0.978251503788832,1.00444646871674,"RS"
23.7,9,0.98226491185813,0.970314581410127,0.994362421788491,"RS"
23.7,10,0.971714082927232,0.958594598696818,0.985013122588801,"RS"
23.7,11,0.960199835616956,0.943363366914621,0.977336789464578,"RS"
23.7,12,0.948290477733279,0.92625790481572,0.970847131759182,"RS"
23.8,0,0.978664959877831,0.956673430143577,1.00116201988481,"RS"
23.8,1,0.985457882330582,0.968420532553288,1.00279496892435,"RS"
23.8,2,0.991783147439798,0.9783114359923,1.00544036935221,"RS"
23.8,3,0.997113595334525,0.984992842616535,1.00938349903118,"RS"
23.8,4,1.00091324434264,0.988209006239915,1.01378080585646,"RS"
23.8,5,1.00264397249251,0.988821880694615,1.0166592742359,"RS"
23.8,6,1.00177502485304,0.987516425133828,1.01623950232859,"RS"
23.8,7,0.99796784089604,0.984467024061942,1.01165380568404,"RS"
23.8,8,0.991598895592173,0.979579796174274,1.00376546513081,"RS"
23.8,9,0.983227541887171,0.972180747959181,0.994399859444737,"RS"
23.8,10,0.973410263846317,0.961273172631978,0.985700598683113,"RS"
23.8,11,0.962691336797639,0.947101047815987,0.978538258491389,"RS"
23.8,12,0.951596496329656,0.931172876801281,0.972468071597542,"RS"
23.9,0,0.980349807679114,0.960134369333991,1.00099087806131,"RS"
23.9,1,0.986570965233057,0.970923111168679,1.00247100748206,"RS"
23.9,2,0.992358319146631,0.979997665387245,1.00487487711554,"RS"
23.9,3,0.997228186058791,0.986118814801423,1.00846271275167,"RS"
23.9,4,1.00068950154127,0.989052682608984,1.01246323487381,"RS"
23.9,5,1.00224946455122,0.989590515782171,1.01507034796029,"RS"
23.9,6,1.00142155694122,0.988360946956443,1.01465475522352,"RS"
23.9,7,0.997894435982691,0.985523523686068,1.01042063576599,"RS"
23.9,8,0.99201189552705,0.980992636385934,1.00315493140972,"RS"
23.9,9,0.984284961422416,0.974149914013307,0.994525453778455,"RS"
23.9,10,0.975222219410155,0.964077956366713,0.986495304607408,"RS"
23.9,11,0.965321926805014,0.950993609008966,0.979866124801434,"RS"
23.9,12,0.955066643505632,0.936276042700962,0.974234362449074,"RS"
24,0,0.982071909014102,0.963659663063191,1.00083595012045,"RS"
24,1,0.987718111423084,0.973478282303282,1.00216623767395,"RS"
24,2,0.992965682852983,0.981728182489924,1.00433181496632,"RS"
24,3,0.997374932082638,0.987285150552755,1.00756782839275,"RS"
24,4,1.0005001039117,0.989937601234074,1.01117530708952,"RS"
24,5,1.00189405966385,0.99040531107293,1.01351607828342,"RS"
24,6,1.00111491722381,0.989259839421107,1.01311206373698,"RS"
24,7,0.997878947255061,0.986645719090885,1.0092400687578,"RS"
24,8,0.992497119974354,0.98248545799527,1.00261080216633,"RS"
24,9,0.985431916390363,0.97621675065327,0.994734070267646,"RS"
24,10,0.977143784056421,0.96700277224905,0.987391145218135,"RS"
24,11,0.968084596876102,0.955034060313862,0.981313468967554,"RS"
24,12,0.958693184957656,0.941559806715835,0.976138335906728,"RS"
24.1,0,0.983828536965144,0.967245094628184,1.00069630285285,"RS"
24.1,1,0.98889682755189,0.9760823581406,1.00187953135951,"RS"
24.1,2,0.993602945940345,0.983499817441303,1.00380986012766,"RS"
24.1,3,0.997551658038572,0.988489037565561,1.00669736601859,"RS"
24.1,4,1.00034285699378,0.990861009625335,1.00991543901486,"RS"
24.1,5,1.00157535801483,0.991263299239339,1.01199469258302,"RS"
24.1,6,1.00085227403377,0.990209721652771,1.0116092101849,"RS"
24.1,7,0.997917876362073,0.987829664053739,1.00810911455764,"RS"
24.1,8,0.993050234903186,0.984053640234357,1.00212907988066,"RS"
24.1,9,0.986663152311836,0.978375864819596,0.995020636889317,"RS"
24.1,10,0.979168777225939,0.970041355414085,0.988382081797808,"RS"
24.1,11,0.970972302005515,0.959215282452,0.982873426340626,"RS"
24.1,12,0.962468323096042,0.947016385032179,0.978172381813468,"RS"
24.2,0,0.985616947644644,0.970886357596285,1.00057103479076,"RS"
24.2,1,0.990104611026841,0.978731592146149,1.00160978622035,"RS"
24.2,2,0.994267812605465,0.985309359432754,1.0033077162206,"RS"
24.2,3,0.997756189847357,0.989727626679443,1.00584987984896,"RS"
24.2,4,1.00021557093898,0.991820115289154,1.00868209156771,"RS"
24.2,5,1.00129096700264,0.992161468614332,1.01050447161721,"RS"
24.2,6,1.00063080468518,0.991207165120649,1.01014403700667,"RS"
24.2,7,0.998007733703607,0.989071362041279,1.00702484649499,"RS"
24.2,8,0.993666910948979,0.985692507267751,1.00170582878001,"RS"
24.2,9,0.987973409531263,0.980621796551042,0.995380136739621,"RS"
24.2,10,0.981290996275771,0.973187348260751,0.989462122676396,"RS"
24.2,11,0.973977950845374,0.96353001779017,0.984539174927438,"RS"
24.2,12,0.966384183242088,0.952637791629784,0.980328932807456,"RS"
24.3,0,0.987434379239752,0.974579056365106,1.00045927206886,"RS"
24.3,1,0.991338949227125,0.981422179805126,1.00135592253466,"RS"
24.3,2,0.994957983187815,0.98715355759928,1.00282411048253,"RS"
24.3,3,0.997986354086033,0.990998033070744,1.00502395535111,"RS"
24.3,4,1.00011605983291,0.992812087272189,1.00747376664592,"RS"
24.3,5,1.00103850039765,0.993096764917311,1.00904374546203,"RS"
24.3,6,1.00044769427944,0.992248695128955,1.00871444215805,"RS"
24.3,7,0.998145036586881,0.990366766894043,1.00598439625309,"RS"
24.3,8,0.994342820510884,0.987397327506841,1.00133716909892,"RS"
24.3,9,0.989357418734775,0.982949016361111,0.99580760111971,"RS"
24.3,10,0.98350420979825,0.976434295174031,0.990625314444206,"RS"
24.3,11,0.977094396141176,0.967970861434914,0.98630392402022,"RS"
24.3,12,0.970432800491563,0.958415824516843,0.982600449804394,"RS"
24.4,0,0.989278051134337,0.978318706793512,1.00036016449465,"RS"
24.4,1,0.992597318783301,0.984150259396803,1.00111688011917,"RS"
24.4,2,0.995671153550479,0.989029121912924,1.00235779113875,"RS"
24.4,3,0.998239977403628,0.992297337411859,1.00421820649631,"RS"
24.4,4,1.00004214106604,0.993834057650613,1.00628900389277,"RS"
24.4,5,1.00081557755769,0.994066092915551,1.00761088967877,"RS"
24.4,6,1.00030013459195,0.993330792255666,1.00731837477071,"RS"
24.4,7,0.998326307506616,0.991711783502265,1.00498494909486,"RS"
24.4,8,0.995073635041631,0.989163312987232,1.00101927169608,"RS"
24.4,9,0.990809896755931,0.985351922772966,0.996298103064333,"RS"
24.4,10,0.985802151345499,0.979775637518482,0.991865733729353,"RS"
24.4,11,0.980314425704931,0.972530252715869,0.988160903541534,"RS"
24.4,12,0.974606107248853,0.964342052450678,0.984979408367493,"RS"
24.5,0,0.991145163109015,0.982100736941108,1.00027288179634,"RS"
24.5,1,0.993877184921079,0.98691191283229,1.00089161541463,"RS"
24.5,2,0.996405014514566,0.990932724095769,1.00190752490864,"RS"
24.5,3,0.998514885984466,0.993622587013448,1.00343127316517,"RS"
24.5,4,0.999991634752427,0.994883122980224,1.00512637763854,"RS"
24.5,5,1.00061982270073,0.995066318039001,1.00620432169266,"RS"
24.5,6,1.00018532303859,0.994449893759592,1.00595383105712,"RS"
24.5,7,0.998548072548169,0.993102268493919,1.00402373936957,"RS"
24.5,8,0.995855022528951,0.990985618829619,1.00074835300576,"RS"
24.5,9,0.992325542668536,0.987824840033539,0.996846751291425,"RS"
24.5,10,0.988178513560204,0.983204708929763,0.993177479514912,"RS"
24.5,11,0.983630753928981,0.977200467098895,0.990103354071545,"RS"
24.5,12,0.978895921439376,0.970407802206393,0.987458285920541,"RS"
24.6,0,0.993032894620131,0.985920487952461,1.0001966100183,"RS"
24.6,1,0.995176000869757,0.989703166581183,1.00067909869205,"RS"
24.6,2,0.997157251347255,0.992860998571017,1.00147209462906,"RS"
24.6,3,0.998808905059009,0.99497079696473,1.00266181868707,"RS"
24.6,4,0.999962363196318,0.995956345722656,1.00398449400273,"RS"
24.6,5,1.00044886423455,0.996094267966029,1.00482249736462,"RS"
24.6,6,1.00010046172158,0.99560239497559,1.00461885044003,"RS"
24.6,7,0.998806859912985,0.994534030955689,1.00309804627861,"RS"
24.6,8,0.996682645167981,0.992859342804505,1.00052067030268,"RS"
24.6,9,0.993899034166633,0.990362016027905,0.997448684552065,"RS"
24.6,10,0.990626942714533,0.986714730931572,0.994554665972649,"RS"
24.6,11,0.987036013845811,0.981973608571123,0.992124517527771,"RS"
24.6,12,0.983293935410969,0.976604146458406,0.990029549764122,"RS"
24.7,0,0.994938404158636,0.989773215121203,1.0001305480352,"RS"
24.7,1,0.996491207335796,0.99251999271167,1.00047831135833,"RS"
24.7,2,0.997925543303646,0.994810543469895,1.0010502969785,"RS"
24.7,3,0.999119858462202,0.996338951286489,1.00190852749919,"RS"
24.7,4,0.999952150406366,0.997050755662552,1.00286198814209,"RS"
24.7,5,1.00030033414291,0.997146734197281,1.00346390773864,"RS"
24.7,6,1.00004275655427,0.996784650717265,1.00331151188676,"RS"
24.7,7,0.999099198565865,0.996002833207087,1.00220518987963,"RS"
24.7,8,0.997552157224356,0.994779525020951,1.00033251726005,"RS"
24.7,9,0.995525024232359,0.992957620415235,0.998099066361355,"RS"
24.7,10,0.993141033660164,0.990298808906071,0.99599141579209,"RS"
24.7,11,0.990522749741045,0.986841602541447,0.994217628470273,"RS"
24.7,12,0.987791705537914,0.982921892342693,0.992685645859351,"RS"
24.8,0,0.996858828689839,0.993654089168347,1.00007390415773,"RS"
24.8,1,0.997820232042015,0.99535831006794,1.00028824334065,"RS"
24.8,2,0.998707563222596,0.996777921711534,1.00064094028626,"RS"
24.8,3,0.999445568239318,0.997724004110971,1.00117010291166,"RS"
24.8,4,0.999958821657412,0.998163351330172,1.00175752163007,"RS"
24.8,5,1.00017186742815,0.998220473634365,1.00212707594807,"RS"
24.8,6,1.00000941646442,0.997992976706069,1.0020299304291,"RS"
24.8,7,0.999421617003671,0.997504391647558,1.00134252730904,"RS"
24.8,8,0.998459203087989,0.996741147759319,1.00018021978142,"RS"
24.8,9,0.997198138092865,0.995605743007785,0.998793080091847,"RS"
24.8,10,0.995714325193388,0.993949928446458,0.997481853985295,"RS"
24.8,11,0.994083410328495,0.991796189301351,0.996375906007915,"RS"
24.8,12,0.992380642544042,0.98935157077046,0.995418988347282,"RS"
24.9,0,0.998791283175094,0.997558197768581,1.00002589280307,"RS"
24.9,1,0.999160489332984,0.99821398560819,1.00010789052998,"RS"
24.9,2,0.999500977176777,0.998759662172392,1.00024284241157,"RS"
24.9,3,0.99978385429933,0.999122880902397,1.00044526496563,"RS"
24.9,4,0.999980203099685,0.999291101443574,1.00066977995376,"RS"
24.9,5,1.00006110160987,0.999312210179759,1.00081055426437,"RS"
24.9,6,0.999997652675873,0.999223651045254,1.00077225385047,"RS"
24.9,7,0.999770642145255,0.999034377696022,1.00050744920378,"RS"
24.9,8,0.999399415517774,0.998739135467801,1.00006013208788,"RS"
24.9,9,0.99891297046801,0.998300392414536,0.999525924412223,"RS"
24.9,10,0.998340295840142,0.997660952120879,0.999020102149315,"RS"
24.9,11,0.997710342497748,0.996828918092251,0.998592546283706,"RS"
24.9,12,0.997052002563987,0.995883426566788,0.998221949775752,"RS"
25,0,1.00073286017651,0.999985731204709,1.00148054735797,"RS"
25,1,1.00050937984717,0.999936252264381,1.00108283592613,"RS"
25,2,1.00030344417718,0.999854828677972,1.00075226096148,"RS"
25,3,1.00013253411585,0.999732748371565,1.00053247973151,"RS"
25,4,1.00001412141535,0.999597470114741,1.00043094638417,"RS"
25,5,0.999965676279695,0.999512921272471,1.00041863637391,"RS"
25,6,1.00000467806819,0.999536659522529,1.00047291575676,"RS"
25,7,1.00014279834246,0.999697376303868,1.00058841884191,"RS"
25,8,1.0003684140777,0.999968633043013,1.00076835494227,"RS"
25,9,1.00066408311097,1.00029280905491,1.00103549497111,"RS"
25,10,1.00101236006668,1.00060027316973,1.00142461667737,"RS"
25,11,1.00139578564623,1.00086071551947,1.00193114182681,"RS"
25,12,1.00179687896407,1.0010868520085,1.00250740951059,"RS"
25.1,0,1.00268062954577,0.999952636135715,1.00541606525636,"RS"
25.1,1,1.00186429025646,0.999772328833356,1.00396062897875,"RS"
25.1,2,1.00111261593237,0.999475729848937,1.00275218281732,"RS"
25.1,3,1.00048942247572,0.999031300515422,1.00194967261723,"RS"
25.1,4,1.00005840352236,0.998539318320959,1.00157979971923,"RS"
25.1,5,0.999883232711731,0.99823277915757,1.00153641508525,"RS"
25.1,6,1.00002770661422,0.998321351373802,1.0017369783987,"RS"
25.1,7,1.0005346065122,0.998909756218022,1.00216209982639,"RS"
25.1,8,1.00136180376501,0.9999021226986,1.0028236157088,"RS"
25.1,9,1.00244600264436,1.0010889508972,1.00380489397774,"RS"
25.1,10,1.00372386492234,1.00221646634996,1.00523353071994,"RS"
25.1,11,1.00513186660903,1.00317354360206,1.00709401251286,"RS"
25.1,12,1.00660619494657,1.00400595779429,1.00921316635495,"RS"
25.2,0,1.0046316381983,0.999925820620484,1.00935960213801,"RS"
25.2,1,1.00322259307363,0.999615118984393,1.0068430860429,"RS"
25.2,2,1.0019261366627,0.999104380130536,1.00475586264239,"RS"
25.2,3,1.00085233127528,0.998339679520753,1.00337130694838,"RS"
25.2,4,1.00011087632555,0.997494067756497,1.00273454978463,"RS"
25.2,5,0.999811413528882,0.996968751088107,1.00266218126859,"RS"
25.2,6,1.00006395289539,0.997124556973782,1.00301201378099,"RS"
25.2,7,1.00094258338965,0.99814206033515,1.00375096397234,"RS"
25.2,8,1.00237517383137,0.999857019045014,1.00489967062805,"RS"
25.2,9,1.00425321869467,1.00190957034135,1.00660234926691,"RS"
25.2,10,1.00646808712155,1.00386276295236,1.00908017288631,"RS"
25.2,11,1.00891059520104,1.00552411819501,1.01230847742978,"RS"
25.2,12,1.01147069696318,1.00697146297629,1.0159900339095,"RS"
25.3,0,1.00658290997386,0.999904490609202,1.01330593488398,"RS"
25.3,1,1.00458164652851,0.999463617413048,1.00972588392367,"RS"
25.3,2,1.00274164296989,0.998739615187382,1.00675970719085,"RS"
25.3,3,1.00121906936452,0.997656652354763,1.00479420699808,"RS"
25.3,4,1.000169366515,0.996460476416868,1.00389206134105,"RS"
25.3,5,0.999747862424733,0.995719478680396,1.00379254380705,"RS"
25.3,6,1.00011063169467,0.995944524715912,1.00429416579605,"RS"
25.3,7,1.00136324090275,0.997391780864954,1.00535051468108,"RS"
25.3,8,1.00340409679792,0.999829754950497,1.0069912167404,"RS"
25.3,9,1.00608018232846,1.00274988797978,1.0094215371226,"RS"
25.3,10,1.00923823057282,1.0055332221379,1.01295689055819,"RS"
25.3,11,1.01272386038696,1.00790547936128,1.01756527610803,"RS"
25.3,12,1.01638094896532,1.00997548932393,1.02282703326903,"RS"
25.4,0,1.00853144558477,0.999887841589169,1.01724976985092,"RS"
25.4,1,1.00593879451337,0.99931681221749,1.01260465743749,"RS"
25.4,2,1.00355676376217,0.998380270157907,1.0087600969253,"RS"
25.4,3,1.00158744243911,0.996980992966684,1.00621517554371,"RS"
25.4,4,1.00023170041163,0.995437314997284,1.00504917731666,"RS"
25.4,5,0.999690223941034,0.994483619530336,1.0049240874528,"RS"
25.4,6,1.00016495766717,0.99477952108344,1.00557954938185,"RS"
25.4,7,1.00179308566818,0.996656427991373,1.00695621711402,"RS"
25.4,8,1.00444412766549,0.99981677527429,1.00909289637083,"RS"
25.4,9,1.00792130479353,1.00360512153218,1.01225605057269,"RS"
25.4,10,1.01202742436299,1.00722187729243,1.01685589913515,"RS"
25.4,11,1.01656342709572,1.01031061468376,1.02285493816381,"RS"
25.4,12,1.02132732752064,1.01301007797173,1.02971286527473,"RS"
25.5,0,1.01047422265306,0.999875055106276,1.02118574659088,"RS"
25.5,1,1.0072913665983,0.999173682298094,1.01547500219363,"RS"
25.5,2,1.0043691202354,0.998025177654889,1.01075338805856,"RS"
25.5,3,1.00195525298045,0.996311480446696,1.00763099560492,"RS"
25.5,4,1.00029570385996,0.994423364821559,1.00620272064931,"RS"
25.5,5,0.999636143300693,0.993259844797825,1.00605337488146,"RS"
25.5,6,1.00022414508832,0.993627827982182,1.00686425263403,"RS"
25.5,7,1.0022286186091,0.995933527122804,1.00856350007711,"RS"
25.5,8,1.00549080332113,0.999814534138832,1.01119929851209,"RS"
25.5,9,1.00977095656904,1.00447048304202,1.01509940007635,"RS"
25.5,10,1.01482872120531,1.00892273272822,1.0207692819036,"RS"
25.5,11,1.02042093369674,1.01273245487149,1.02816778204137,"RS"
25.5,12,1.02630001782646,1.01606718345055,1.03663590729662,"RS"
25.6,0,1.01240819583759,0.999865295168971,1.0251084420586,"RS"
25.6,1,1.00863667811715,0.999033194681976,1.01833247769816,"RS"
25.6,2,1.0051763259104,0.997673165736849,1.01273591479679,"RS"
25.6,3,1.00232030024396,0.995646897193615,1.00903843231259,"RS"
25.6,4,1.00035920216826,0.993417415799276,1.00734949624129,"RS"
25.6,5,0.999583266296258,0.992046836829566,1.0071769488754,"RS"
25.6,6,1.00028540767961,0.992487740124398,1.00814433908407,"RS"
25.6,7,1.00266633469504,0.995220616223249,1.01016775812576,"RS"
25.6,8,1.00653964214251,0.999819492346634,1.01330496050494,"RS"
25.6,9,1.01162346672828,1.00534117632009,1.01794501462807,"RS"
25.6,10,1.0176350963606,1.01062976074999,1.02468899053234,"RS"
25.6,11,1.02428789015597,1.01516386984055,1.03349391471641,"RS"
25.6,12,1.03128901065213,1.01913866829852,1.04358421142775,"RS"
25.7,0,1.01433029705249,0.999857704505746,1.02901237534313,"RS"
25.7,1,1.00997203032477,0.99889430175153,1.0211726108055,"RS"
25.7,2,1.00597598672687,0.997323055835522,1.01470399180062,"RS"
25.7,3,1.00268038029557,0.994986027079361,1.01043423492165,"RS"
25.7,4,1.00042002009586,0.992418264398746,1.00848629303991,"RS"
25.7,5,0.999529239233858,0.99084328680581,1.008291334651,"RS"
25.7,6,1.00034595851198,0.991357562447911,1.00941585016035,"RS"
25.7,7,1.00310272280407,0.994515243208631,1.01176435390831,"RS"
25.7,8,1.00758614380126,0.999828114927576,1.01540437003397,"RS"
25.7,9,1.01347312261825,1.00621239462346,1.02078624330001,"RS"
25.7,10,1.02043944704053,1.01233689907521,1.02860684622642,"RS"
25.7,11,1.02815567689026,1.01759766525891,1.03882323241447,"RS"
25.7,12,1.03628410024319,1.02221629823933,1.05054550418195,"RS"
25.8,0,1.01623743577794,0.999851400645587,1.03289201296283,"RS"
25.8,1,1.01129471062614,0.998755938354939,1.02399089954342,"RS"
25.8,2,1.0067657011942,0.996973660623968,1.01665391688151,"RS"
25.8,3,1.00303328609667,0.994327653597971,1.011815138981,"RS"
25.8,4,1.00047598188775,0.991424711623102,1.00960988625707,"RS"
25.8,5,0.999471708932565,0.989647892396483,1.00939304234518,"RS"
25.8,6,1.00040300998684,0.990235607554498,1.01067480784936,"RS"
25.8,7,1.00353426570795,0.993814963392432,1.01334862076566,"RS"
25.8,8,1.00862578926705,0.999836868802551,1.01749196745762,"RS"
25.8,9,1.01531416986,1.00707931855818,1.0236163572442,"RS"
25.8,10,1.02323459230266,1.01403804859902,1.03251454157102,"RS"
25.8,11,1.03201554433898,1.02002657954527,1.04414542239879,"RS"
25.8,12,1.04127488322107,1.02529173791655,1.05750718778865,"RS"
25.9,0,1.01812649946459,0.999845471788912,1.03674177476384,"RS"
25.9,1,1.01260199287804,0.998617018775353,1.02678281733875,"RS"
25.9,2,1.00754306059943,0.996623781809195,1.01858197395134,"RS"
25.9,3,1.00337680763758,0.993670557986494,1.01317786867412,"RS"
25.9,4,1.00052491135658,0.990435560976566,1.01071703974164,"RS"
25.9,5,0.999408322779174,0.988459355411767,1.01047856967695,"RS"
25.9,6,1.00045377389473,0.989120193151288,1.01191721757431,"RS"
25.9,7,1.00395744018029,0.993117336964702,1.0149158656055,"RS"
25.9,8,1.00965404101366,0.999842220549312,1.01956214849094,"RS"
25.9,9,1.01714081267398,1.00793711419432,1.02642855217615,"RS"
25.9,10,1.02601327344662,1.01572707149395,1.03640364309707,"RS"
25.9,11,1.03585861327191,1.02244328131215,1.04944996588227,"RS"
25.9,12,1.04625075851225,1.02835654717256,1.06445634317898,"RS"
26,0,1.01999435403262,0.999838972434282,1.04055604046462,"RS"
26,1,1.01389113776392,0.998476433533889,1.02954381767221,"RS"
26,2,1.0083056492727,0.996272207832262,1.02048443624397,"RS"
26,3,1.00370873211964,0.993013517304644,1.01451913934434,"RS"
26,4,1.00056463201191,0.989449616407538,1.01180450851859,"RS"
26,5,0.999336728838363,0.987276379431894,1.01154440479982,"RS"
26,6,1.00049546155169,0.988009639478553,1.01313907130889,"RS"
26,7,1.00436871722832,0.992419926488162,1.01646137206909,"RS"
26,8,1.01066634342857,0.999840634256316,1.0216092672599,"RS"
26,9,1.01894721453438,1.00878093138191,1.02921595136131,"RS"
26,10,1.02876815492102,1.01739778963492,1.04026559460031,"RS"
26,11,1.03967587585243,1.0248403672432,1.05472614211829,"RS"
26,12,1.05120092834126,1.03140217786104,1.07137973475795,"RS"
26.1,0,1.02183784446662,0.999830918723565,1.04432915689106,"RS"
26.1,1,1.01515939324243,0.998333045999796,1.0322693391926,"RS"
26.1,2,1.00905104491053,0.995917711457737,1.02235756982843,"RS"
26.1,3,1.00402684418603,0.992355302459446,1.01583566021945,"RS"
26.1,4,1.00059296723682,0.988465680214658,1.01286904150922,"RS"
26.1,5,0.999254576018219,0.986097667400273,1.01258702936171,"RS"
26.1,6,1.00052528401335,0.986902266706711,1.01433635094435,"RS"
26.1,7,1.00476456244856,0.991720294394749,1.01798040400956,"RS"
26.1,8,1.01165812342741,0.999828569450084,1.02362763974585,"RS"
26.1,9,1.02072749915657,1.00960590225643,1.03197160912575,"RS"
26.1,10,1.03149182575037,1.01904398333995,1.04409172124507,"RS"
26.1,11,1.04345819747506,1.02721036039491,1.05996303372496,"RS"
26.1,12,1.05611440032153,1.03441997118119,1.07826381705767,"RS"
26.2,0,1.02365379550727,0.999820283465277,1.04805544594938,"RS"
26.2,1,1.0164039950704,0.998185688779118,1.03495481132237,"RS"
26.2,2,1.00977681895697,0.995559047233182,1.0241976374346,"RS"
26.2,3,1.00432892620151,0.991694676160349,1.0171241373509,"RS"
26.2,4,1.00060774051183,0.987482550901314,1.0139073844478,"RS"
26.2,5,0.999159514291074,0.984921919163493,1.01360292178923,"RS"
26.2,6,1.00054045236675,0.985796392284724,1.01550503192867,"RS"
26.2,7,1.00514143650661,0.991016000465363,1.0194682093005,"RS"
26.2,8,1.0126247912747,0.999802479081303,1.02561154763925,"RS"
26.2,9,1.02247575182137,1.010407139922,1.0346885149123,"RS"
26.2,10,1.03417680149118,1.02065939041668,1.04787323448414,"RS"
26.2,11,1.04719631939576,1.02954570891214,1.06514953329732,"RS"
26.2,12,1.06097999067781,1.03740115552155,1.08509474336641,"RS"
26.3,0,1.02543901244084,0.999805990792465,1.05172921338687,"RS"
26.3,1,1.01762216740049,0.99803315985084,1.03759566038831,"RS"
26.3,2,1.01048053704317,0.995194948797897,1.02600090261352,"RS"
26.3,3,1.0046127585809,0.991030390789442,1.01838127678362,"RS"
26.3,4,1.00060677568621,0.986499020963368,1.01491628301001,"RS"
26.3,5,0.999049194969616,0.983747828940867,1.01458856081443,"RS"
26.3,6,1.00053817809989,0.984690328221246,1.01664108719722,"RS"
26.3,7,1.00549579574154,0.990304599274941,1.02092002399477,"RS"
26.3,8,1.01356174161213,0.999758807554386,1.02755524262178,"RS"
26.3,9,1.02418602104006,1.01117973730041,1.03735959790325,"RS"
26.3,10,1.03681552672602,1.02223770550426,1.05160123782546,"RS"
26.3,11,1.05088086217304,1.03183878514635,1.07027435136094,"RS"
26.3,12,1.06578632863294,1.04033684480006,1.09185837642728,"RS"
26.4,0,1.0271902819874,0.999786910407771,1.05534475839358,"RS"
26.4,1,1.01881112345424,0.997874218416912,1.04018731631408,"RS"
26.4,2,1.01115975948527,0.994824126018531,1.02776363425595,"RS"
26.4,3,1.00487612016669,0.990361186170344,1.01960378797355,"RS"
26.4,4,1.00058789729652,0.985513874593929,1.01589248617001,"RS"
26.4,5,0.998921271038201,0.982574082705254,1.01554042926237,"RS"
26.4,6,1.00051567354888,0.983582378278901,1.01774049141527,"RS"
26.4,7,1.0058240928949,0.98958363758411,1.02233107685337,"RS"
26.4,8,1.01446435469534,0.999693988784636,1.02945295109615,"RS"
26.4,9,1.0258523205634,1.01191876613356,1.03997773223075,"RS"
26.4,10,1.03940037810384,1.02377257970011,1.05526673347598,"RS"
26.4,11,1.0545023299373,1.03408188516452,1.07532602572017,"RS"
26.4,12,1.07052186199089,1.04321803728563,1.09854030129913,"RS"
26.5,0,1.02890437328864,0.999761851364129,1.0588963841019,"RS"
26.5,1,1.01996806627088,0.997707580429633,1.042725219913,"RS"
26.5,2,1.01181204184097,0.994445261927375,1.02948211149419,"RS"
26.5,3,1.00511678865556,0.989685787218183,1.02078838747084,"RS"
26.5,4,1.00054893093241,0.984525885287984,1.01683274980338,"RS"
26.5,5,0.998773397539278,0.981399355455781,1.01645501811938,"RS"
26.5,6,1.00047015242284,0.982470835060947,1.01879922555349,"RS"
26.5,7,1.00612277796467,0.988850651657723,1.02369659426562,"RS"
26.5,8,1.01532799784053,0.999604444266466,1.03129887938359,"RS"
26.5,9,1.0274686317379,1.01261927612621,1.04253574279557,"RS"
26.5,10,1.0419236679345,1.02525762045964,1.05886062989261,"RS"
26.5,11,1.05805111550446,1.03626722863557,1.08029293225284,"RS"
26.5,12,1.07517486394632,1.04603561488509,1.10512584047053,"RS"
26.6,0,1.03057803899601,0.999729555325022,1.06237840904439,"RS"
26.6,1,1.02109018953217,0.997531913756686,1.04520483082325,"RS"
26.6,2,1.01243493552492,0.994057009437109,1.03115262901448,"RS"
26.6,3,1.00533254107387,0.989002901451757,1.02193180288799,"RS"
26.6,4,1.00048770364968,0.983533813328503,1.01773384055468,"RS"
26.6,5,0.998603232014823,0.980222308361764,1.01732883090273,"RS"
26.6,6,1.00039883040617,0.981353976968265,1.0198132818189,"RS"
26.6,7,1.00638829918417,0.988103164489438,1.02501180558221,"RS"
26.6,8,1.01614802708139,0.999486581135244,1.03308721940879,"RS"
26.6,9,1.02902890621212,1.01327629421557,1.04502641171513,"RS"
26.6,10,1.04437764834439,1.02668639175692,1.0623737502694,"RS"
26.6,11,1.06151750634944,1.03838695907962,1.08516329720193,"RS"
26.6,12,1.07973344114921,1.04878034287707,1.111600071315,"RS"
26.7,0,1.03220801645987,0.999688689243231,1.06578517963485,"RS"
26.7,1,1.02217467846379,0.997345832940633,1.04762163612984,"RS"
26.7,2,1.01302598848293,0.993657987803559,1.03277150280878,"RS"
26.7,3,1.00552115430223,0.988311216347477,1.02303077717353,"RS"
26.7,4,1.00040204443033,0.982536403134285,1.01859253998918,"RS"
26.7,5,0.998408435002634,0.97904158575573,1.01815838835381,"RS"
26.7,6,1.00029892583826,0.980230065003137,1.02077866896479,"RS"
26.7,7,1.00661710412587,0.987338682910221,1.02627194888393,"RS"
26.7,8,1.01691978903717,0.999336790204413,1.03481215489312,"RS"
26.7,9,1.03052706899549,1.01388482395318,1.04744248542127,"RS"
26.7,10,1.04675451599968,1.02805241449258,1.06579684198935,"RS"
26.7,11,1.06489169145294,1.04043314446418,1.08992521101344,"RS"
26.7,12,1.08418554305094,1.0514428700722,1.11794784597279,"RS"
26.8,0,1.03379102902035,0.999637837391661,1.06911108374165,"RS"
26.8,1,1.0232187108133,0.997147893505881,1.0499711597217,"RS"
26.8,2,1.01358274592513,0.993246778805556,1.0343350763972,"RS"
26.8,3,1.00568040564889,0.987609396513017,1.02408207321343,"RS"
26.8,4,1.00028978468968,0.981532380448282,1.01940564905006,"RS"
26.8,5,0.998186670587331,0.977855811951737,1.01894023347831,"RS"
26.8,6,1.00016766047028,0.979097339394618,1.02169141800457,"RS"
26.8,7,1.00680564093013,0.986554694557203,1.02747227720981,"RS"
26.8,8,1.01763862299222,0.999151443958398,1.03646786807689,"RS"
26.8,9,1.03195702187145,1.01443984498377,1.04977668242796,"RS"
26.8,10,1.04904641740265,1.02934916713461,1.06912058706841,"RS"
26.8,11,1.06816376903414,1.04239777812893,1.09456664376745,"RS"
26.8,12,1.08851897255557,1.05401372937629,1.12415381374073,"RS"
26.9,0,1.03532378740019,0.999575492674164,1.07235056542755,"RS"
26.9,1,1.02421945790509,0.996936585762115,1.05224897243535,"RS"
26.9,2,1.01410275111804,0.992821922608387,1.03583972755487,"RS"
26.9,3,1.00580807347209,0.986896080656776,1.02508247878378,"RS"
26.9,4,1.00014875883028,0.980520449343461,1.02016999284362,"RS"
26.9,5,0.997935607005844,0.976663587863425,1.01967093695868,"RS"
26.9,6,1.00000226029893,0.977954016018474,1.02254758835623,"RS"
26.9,7,1.00695035965848,0.985748664677748,1.02860806526968,"RS"
26.9,8,1.01829986318727,0.998926894480652,1.03804854699233,"RS"
26.9,9,1.03331264716647,1.01493631260467,1.05202170178936,"RS"
26.9,10,1.05124545476542,1.03057008657586,1.07233561361826,"RS"
26.9,11,1.07132375517951,1.04427278001925,1.0990754622473,"RS"
26.9,12,1.09272139799729,1.05648333873027,1.13020244604728,"RS"
27,0,1.0368029912001,0.999500047138299,1.07549814093478,"RS"
27,1,1.02517408577226,0.996710328048924,1.05445070304057,"RS"
27,2,1.01458354623565,0.992381913274444,1.03728187557911,"RS"
27,3,1.00590193785107,0.986169878327259,1.02602881188058,"RS"
27,4,0.999976804842462,0.979499289021387,1.02088242577694,"RS"
27,5,0.997652917307157,0.975463487394189,1.0203471029657,"RS"
27,6,0.999799956476775,0.976798282582635,1.02334327444561,"RS"
27,7,1.0070477137713,0.984918032741838,1.02967461666714,"RS"
27,8,1.01889884132209,0.998659471294806,1.03954839330918,"RS"
27,9,1.03458781187563,1.01536915738834,1.05417023226778,"RS"
27,10,1.0533436924645,1.03170856919116,1.0754325083532,"RS"
27,11,1.07436159337629,1.04604999820604,1.10343944868943,"RS"
27,12,1.09678036646137,1.05884200239734,1.13607806408469,"RS"
27.1,0,1.03822533059398,0.999409781627167,1.0785484161782,"RS"
27.1,1,1.02607975645061,0.996467459390541,1.05657205027215,"RS"
27.1,2,1.01502267334418,0.991925193915068,1.03865798925456,"RS"
27.1,3,1.00595978137403,0.985429366428237,1.02691792655823,"RS"
27.1,4,0.999771765018261,0.978467550408656,1.0215398371773,"RS"
27.1,5,0.997336280137857,0.9742540536033,1.02096537550998,"RS"
27.1,6,0.999557986383707,0.975628294591716,1.02407461292578,"RS"
27.1,7,1.007094161837,0.984060208902798,1.03066727180954,"RS"
27.1,8,1.01943088940913,0.998345479199604,1.04096163095231,"RS"
27.1,9,1.03577637232458,1.01573328499501,1.05621496244572,"RS"
27.1,10,1.0553331643043,1.03275797226143,1.07840183043255,"RS"
27.1,11,1.07726716523518,1.04772121089032,1.10764632158939,"RS"
27.1,12,1.10068331879726,1.06107991282178,1.14176486958155,"RS"
27.2,0,1.03958818617681,0.99930301153079,1.08149738804734,"RS"
27.2,1,1.02693424056196,0.996206439578015,1.05860983481022,"RS"
27.2,2,1.01541821385083,0.991450392488348,1.03996544540389,"RS"
27.2,3,1.00597988083991,0.984673330272224,1.02774746663941,"RS"
27.2,4,0.999531966155342,0.977424082977944,1.02213989686287,"RS"
27.2,5,0.9969838957501,0.973034036826961,1.02152324663419,"RS"
27.2,6,0.999274204789794,0.97444249347388,1.02473870243328,"RS"
27.2,7,1.00708694322886,0.983173064855336,1.03158248275576,"RS"
27.2,8,1.01989234544378,0.997981943776383,1.04228378357102,"RS"
27.2,9,1.03687346804439,1.01602462331286,1.05815013146914,"RS"
27.2,10,1.05720750628855,1.03371295756679,1.08123604640087,"RS"
27.2,11,1.08003230411918,1.04927973617057,1.11168617646055,"RS"
27.2,12,1.10442001542269,1.06318900683174,1.14724998342584,"RS"
27.3,0,1.04089131071928,0.999178485541747,1.08434552625846,"RS"
27.3,1,1.02773738751141,0.995926364229964,1.06056449113631,"RS"
27.3,2,1.01577008166521,0.990956910212235,1.04120456517647,"RS"
27.3,3,1.0059621847951,0.983901356828269,1.02851765597714,"RS"
27.3,4,0.999257368725159,0.976368492280208,1.02268282605023,"RS"
27.3,5,0.996595720387071,0.971802980711165,1.02202097504064,"RS"
27.3,6,0.998948545951676,0.973240385052621,1.0253357883469,"RS"
27.3,7,1.00702593485719,0.982256124808232,1.0324203716958,"RS"
27.3,8,1.02028296298239,0.997568410210932,1.04351472430047,"RS"
27.3,9,1.03787862604666,1.01624264359847,1.05997524232029,"RS"
27.3,10,1.0589658803144,1.03457272810638,1.08393417418088,"RS"
27.3,11,1.0826556428303,1.05072431837389,1.11555735453644,"RS"
27.3,12,1.10798838749992,1.06516745853661,1.15253076593352,"RS"
27.4,0,1.04213497157834,0.999035013490333,1.08709433035011,"RS"
27.4,1,1.02848949551878,0.99562644266004,1.06243727272485,"RS"
27.4,2,1.01607858457715,0.990444299062335,1.04237632647661,"RS"
27.4,3,1.00590699980127,0.983113193964223,1.02922928759515,"RS"
27.4,4,0.998948282247774,0.975300535393653,1.02316940716433,"RS"
27.4,5,0.996172085263065,0.970560587266014,1.02245942857906,"RS"
27.4,6,0.998581388866029,0.97202169036411,1.02586680942899,"RS"
27.4,7,1.00691157991774,0.981309254320638,1.03318186933267,"RS"
27.4,8,1.02060323320202,0.997104954222677,1.04465528449254,"RS"
27.4,9,1.03879232770393,1.01638757403788,1.06169096086994,"RS"
27.4,10,1.06060865986628,1.03533746506554,1.08649669053763,"RS"
27.4,11,1.08513731719453,1.05205487418765,1.11926005578118,"RS"
27.4,12,1.11138818664305,1.06701479024247,1.1576069167036,"RS"
27.5,0,1.04331944872318,0.998871360604364,1.08974540167559,"RS"
27.5,1,1.02919087167658,0.995305853369108,1.06422949966274,"RS"
27.5,2,1.01634403638961,0.989912091775877,1.04348174841629,"RS"
27.5,3,1.00581463656724,0.982308576674276,1.02988318249036,"RS"
27.5,4,0.998605019486273,0.974219957313221,1.02360044819177,"RS"
27.5,5,0.995713324905921,0.96930654505892,1.02283950361125,"RS"
27.5,6,0.998173117232319,0.970786116196376,1.02633273729652,"RS"
27.5,7,1.00674432993337,0.98033230660052,1.03386794358292,"RS"
27.5,8,1.02085366262852,0.996591645723018,1.04570633817225,"RS"
27.5,9,1.03961508133782,1.01645964783891,1.06329800660845,"RS"
27.5,10,1.06213626244231,1.03600736488944,1.08892415076152,"RS"
27.5,11,1.08747752989278,1.05327134096981,1.12279460384141,"RS"
27.5,12,1.11461925953128,1.06873054650517,1.16247832325998,"RS"
27.6,0,1.04444503451525,0.998686248649681,1.09230044130328,"RS"
27.6,1,1.02984183177047,0.994963744935037,1.06594255706634,"RS"
27.6,2,1.01656675677692,0.989359802569665,1.04452189011507,"RS"
27.6,3,1.00568540983484,0.98148722775982,1.03048018858395,"RS"
27.6,4,0.99822789634477,0.973126491717191,1.0239767815616,"RS"
27.6,5,0.995219777046511,0.968040530104319,1.0231621237158,"RS"
27.6,6,0.997724119303534,0.969533356071495,1.02673457494391,"RS"
27.6,7,1.00652464452058,0.979325123492868,1.03447959796434,"RS"
27.6,8,1.02103477276599,0.996028549682877,1.04666880033632,"RS"
27.6,9,1.0403474216668,1.01645910388294,1.06479715084868,"RS"
27.6,10,1.06354914880778,1.03658263981611,1.09121718663012,"RS"
27.6,11,1.08967654956165,1.05437367741543,1.12616144361193,"RS"
27.6,12,1.11768154696597,1.07031429514802,1.16714505831717,"RS"
27.7,0,1.0455120334858,0.998478356978571,1.09476124797672,"RS"
27.7,1,1.03044270009857,0.994599236807168,1.06757789357956,"RS"
27.7,2,1.01674707114273,0.988786927743534,1.04549784960897,"RS"
27.7,3,1.00551963826499,0.980648858371078,1.03102117980947,"RS"
27.7,4,0.997817231766781,0.972019861571108,1.02429926318732,"RS"
27.7,5,0.994691782508679,0.966762206572402,1.02342823857192,"RS"
27.7,6,0.997234787737342,0.96826309103888,1.02707335545191,"RS"
27.7,7,1.00625299115602,0.978287536281351,1.03501787016454,"RS"
27.7,8,1.0211470997238,0.995415726819493,1.04754362542176,"RS"
27.7,9,1.04098990924572,1.01638618719801,1.06618921508453,"RS"
27.7,10,1.06484782222746,1.03706351822275,1.09337650450356,"RS"
27.7,11,1.09173470985015,1.05536186401458,1.12936113889665,"RS"
27.7,12,1.12057508284767,1.07176562803841,1.17160737706926,"RS"
27.8,0,1.04652076211107,0.998246323582352,1.09712971603965,"RS"
27.8,1,1.03099380928994,0.994211420076558,1.06913701988288,"RS"
27.8,2,1.01688531047789,0.988192946222576,1.04641076281555,"RS"
27.8,3,1.00531764432391,0.979793168456681,1.03150705529098,"RS"
27.8,4,0.997373347634018,0.970899779620119,1.02456877161915,"RS"
27.8,5,0.994129685099671,0.965471227374584,1.02363882296508,"RS"
27.8,6,0.996705519447732,0.966974990341401,1.02735014082095,"RS"
27.8,7,1.00592984494289,0.977219366364212,1.03548383073049,"RS"
27.8,8,1.02119119384158,0.994753234158953,1.04833180588882,"RS"
27.8,9,1.04154312989744,1.01624114930557,1.0674750694536,"RS"
27.8,10,1.06603282767786,1.03745024484016,1.09540288350113,"RS"
27.8,11,1.09365240843424,1.05623590336772,1.13239437010278,"RS"
27.8,12,1.12329999307592,1.07308416170855,1.17586571442386,"RS"
27.9,0,1.04747154858532,0.997988746223608,1.09940783325216,"RS"
27.9,1,1.03149550012215,0.993799358277005,1.07062150715906,"RS"
27.9,2,1.01698181121824,0.987577320078287,1.04726180251562,"RS"
27.9,3,1.00507975416975,0.978919847155847,1.03193873857693,"RS"
27.9,4,0.996896568665617,0.969765948806892,1.02478620726987,"RS"
27.9,5,0.993533831501099,0.964167234667838,1.02379487587267,"RS"
27.9,6,0.996136715457194,0.965668711999359,1.02756602088451,"RS"
27.9,7,1.00555568837754,0.976120425848617,1.03587858183518,"RS"
27.9,8,1.02116761931246,0.994041125515329,1.04903437087845,"RS"
27.9,9,1.04200769413739,1.01602424847907,1.06865563126753,"RS"
27.9,10,1.06710475104053,1.03774308087453,1.0972971737221,"RS"
27.9,11,1.09543010599071,1.0569958204065,1.13526193192451,"RS"
27.9,12,1.12585649437417,1.07426953788285,1.17992068212467,"RS"
28,0,1.04836473259187,0.997704183709204,1.1015976784385,"RS"
28,1,1.03194812133826,0.99336208826082,1.07203298547262,"RS"
28,2,1.01703691510246,0.986939495059771,1.04805217732065,"RS"
28,3,1.00480629753953,0.978028573159228,1.03231717690391,"RS"
28,4,0.996387222317854,0.968618062642816,1.02495249168648,"RS"
28,5,0.992904571160473,0.962849860309204,1.02389741959849,"RS"
28,6,0.9955287807495,0.964343903345822,1.02772211226929,"RS"
28,7,1.0051310111162,0.974990518096272,1.03620325608922,"RS"
28,8,1.02107695380466,0.993279451916537,1.04965238491475,"RS"
28,9,1.04238423659134,1.01573574994222,1.06973186358353,"RS"
28,10,1.06806421827739,1.0379423040661,1.09906029448418,"RS"
28,11,1.09706832513242,1.05764166255625,1.13796473098452,"RS"
28,12,1.12824489304292,1.07532142395958,1.18377306572224,"RS"
28.1,0,1.04920066507221,0.997391157355081,1.10370141891689,"RS"
28.1,1,1.0323520294631,0.992898621185531,1.0733731420274,"RS"
28.1,2,1.01705096902996,0.98627890115988,1.04878313060161,"RS"
28.1,3,1.0044976076364,0.977119015058495,1.03264334047049,"RS"
28.1,4,0.99584563868436,0.967455805553545,1.02506856684708,"RS"
28.1,5,0.992242256183325,0.961518726284325,1.02394749893268,"RS"
28.1,6,0.994882124123131,0.963000201538842,1.02781955737714,"RS"
28.1,7,1.00465630974222,0.973829438245172,1.03645901537301,"RS"
28.1,8,1.02091978808194,0.992468261999526,1.05018694663082,"RS"
28.1,9,1.04267341540728,1.01537592602768,1.07070477379768,"RS"
28.1,10,1.06891189458919,1.03804820870627,1.10069323256021,"RS"
28.1,11,1.09856764930661,1.05817349986735,1.14050378341013,"RS"
28.1,12,1.13046558364357,1.07623951348377,1.18742382136285,"RS"
28.2,0,1.04997970799345,0.997048152686314,1.10572130766974,"RS"
28.2,1,1.0327075886191,0.992407943642045,1.07464371927292,"RS"
28.2,2,1.01702432491889,0.985594953236693,1.04945593935923,"RS"
28.2,3,1.00415402101737,0.976190831700534,1.03291822170553,"RS"
28.2,4,0.995272150396881,0.966278853215265,1.02513539446667,"RS"
28.2,5,0.99154724122597,0.960173445128563,1.02394618031869,"RS"
28.2,6,0.994197158045423,0.961637234070375,1.02785952336914,"RS"
28.2,7,1.00413208753359,0.972636973726675,1.03664704967088,"RS"
28.2,8,1.02069672562296,0.991607602392042,1.05063918750144,"RS"
28.2,9,1.0428759116616,1.01494505631185,1.0715754122456,"RS"
28.2,10,1.06964848355823,1.0380611056299,1.10219704039884,"RS"
28.2,11,1.09992872165816,1.05859142513713,1.14288021232727,"RS"
28.2,12,1.13251904761586,1.07702352664064,1.19087407237362,"RS"
28.3,0,1.0507022341143,0.996673621409968,1.1076596802181,"RS"
28.3,1,1.03301517034166,0.991889018950393,1.07584651283389,"RS"
28.3,2,1.01695733956441,0.984887051707414,1.05007191301888,"RS"
28.3,3,1.00377587748153,0.975243672559062,1.0331428345184,"RS"
28.3,4,0.994667092526606,0.965086872894714,1.02515395529918,"RS"
28.3,5,0.990819883388937,0.958813620355401,1.02389455101292,"RS"
28.3,6,0.993474298507459,0.960254619287633,1.02784320113668,"RS"
28.3,7,1.00355885423123,0.971412904793,1.03676857589256,"RS"
28.3,8,1.02040838223991,0.990697518094357,1.05101027057009,"RS"
28.3,9,1.04299242876039,1.01444342773798,1.07234487079992,"RS"
28.3,10,1.07027472627627,1.03798132219587,1.10357283431889,"RS"
28.3,11,1.10115224385951,1.05889555403915,1.14509524525967,"RS"
28.3,12,1.13440585183194,1.07767321079343,1.19412510562743,"RS"
28.4,0,1.05136862674951,0.996265983693287,1.10951895116943,"RS"
28.4,1,1.03327515339427,0.991340788645643,1.07698336924133,"RS"
28.4,2,1.01685037449715,0.984154583329251,1.05063239213618,"RS"
28.4,3,1.00336351995863,0.974277178134266,1.03331821352078,"RS"
28.4,4,0.994030802486096,0.963879523803533,1.02512524842529,"RS"
28.4,5,0.990060542111088,0.957438846904078,1.02379371822533,"RS"
28.4,6,0.992713964879789,0.95885196693955,1.02777180424711,"RS"
28.4,7,1.0029371258078,0.970157005067213,1.03682483667055,"RS"
28.4,8,1.02005538569672,0.989738052871485,1.05130138916058,"RS"
28.4,9,1.04302369183636,1.01387133473701,1.07301428145627,"RS"
28.4,10,1.07079140045879,1.03780920226596,1.1048217926696,"RS"
28.4,11,1.10223897490927,1.05908602527366,1.14715021142415,"RS"
28.4,12,1.1361266470897,1.07818834108531,1.19717836767553,"RS"
28.5,0,1.05197927953324,0.995823630775151,1.11130161041252,"RS"
28.5,1,1.03348792358338,0.990762174173383,1.07805618344668,"RS"
28.5,2,1.016703795842,0.983396922079788,1.05113874700095,"RS"
28.5,3,1.00291729439837,0.973290980389367,1.03344541321133,"RS"
28.5,4,0.993363619931831,0.962656457475695,1.02505029051756,"RS"
28.5,5,0.989269579064473,0.95604871161628,1.02364480823148,"RS"
28.5,6,0.991916579768999,0.957428878758786,1.02764656785385,"RS"
28.5,7,1.00226742423744,0.968869042125483,1.03681709912397,"RS"
28.5,8,1.01963837532691,0.988729249664276,1.05151376556557,"RS"
28.5,9,1.04297044714172,1.01322907935356,1.07358481490188,"RS"
28.5,10,1.07119931954654,1.03754510619038,1.10594515395115,"RS"
28.5,11,1.10318972990118,1.05916300075061,1.14904653891512,"RS"
28.5,12,1.1376821665485,1.07856872112193,1.2000354606391,"RS"
28.6,0,1.05253459618117,0.995344927934191,1.11301021893739,"RS"
28.6,1,1.0336538735732,0.990152078811253,1.07906689610308,"RS"
28.6,2,1.01651797417733,0.982613430147607,1.05159237612941,"RS"
28.6,3,1.00243754966014,0.972284703231717,1.03352550711594,"RS"
28.6,4,0.992665886667427,0.961417318175391,1.02493011507565,"RS"
28.6,5,0.988447358049941,0.954642793750139,1.02344896544794,"RS"
28.6,6,0.991082568875202,0.95598494908789,1.02746874756285,"RS"
28.6,7,1.0015502772664,0.967548778119598,1.03674665358155,"RS"
28.6,8,1.01915800165155,0.987671151026109,1.05164864970622,"RS"
28.6,9,1.04283346143785,1.01251697138292,1.07405767906203,"RS"
28.6,10,1.07149933179564,1.03718941080636,1.1069442148912,"RS"
28.6,11,1.10400537876534,1.05912666581443,1.15078575177368,"RS"
28.6,12,1.13907322411012,1.07881418374853,1.2026981378538,"RS"
28.7,0,1.05303499025185,0.99482821783227,1.11464740426338,"RS"
28.7,1,1.03377340270039,0.98950938982995,1.08001749060147,"RS"
28.7,2,1.01629328439456,0.981803459042306,1.05199470463567,"RS"
28.7,3,1.00192463740337,0.971257963044993,1.03355958687711,"RS"
28.7,4,0.991937946547526,0.960161743341647,1.02476577162564,"RS"
28.7,5,0.987594244893542,0.953220665538457,1.02320735146451,"RS"
28.7,6,0.990212360850485,0.954519765556836,1.02723961824833,"RS"
28.7,7,1.0007862181846,0.966195970446285,1.03661481225761,"RS"
28.7,8,1.0186149259974,0.986563799590598,1.05170731775813,"RS"
28.7,9,1.04261352138209,1.01173532852401,1.07443411762107,"RS"
28.7,10,1.07169231935693,1.03674250945541,1.10782032847477,"RS"
28.7,11,1.10468684498359,1.05897722951861,1.15236946693797,"RS"
28.7,12,1.14030071274804,1.07892459193333,1.20516829926334,"RS"
28.8,0,1.05348088490711,0.994271824246984,1.11621585546307,"RS"
28.8,1,1.03384691678891,0.988832980904059,1.08090998985159,"RS"
28.8,2,1.01603010555826,0.980966350831524,1.05234718247541,"RS"
28.8,3,1.0013789119786,0.970210369278133,1.03354876128724,"RS"
28.8,4,0.991180145382397,0.958889364075071,1.02455832487819,"RS"
28.8,5,0.986710607343743,0.951781892797094,1.0229211440275,"RS"
28.8,6,0.989306387158363,0.953032909817924,1.02696047281234,"RS"
28.8,7,0.999975785598408,0.964810372468674,1.03642290787625,"RS"
28.8,8,1.01800982011555,0.985407238574643,1.05169107074019,"RS"
28.8,9,1.04231143291213,1.01088447655192,1.07471540851536,"RS"
28.8,10,1.07177919734592,1.03620481202341,1.10857490192538,"RS"
28.8,11,1.10523510428075,1.05871492495635,1.15379939107296,"RS"
28.8,12,1.14136560278782,1.078899839767,1.20744798656059,"RS"
28.9,0,1.05387271267194,0.993674056201361,1.11771831777548,"RS"
28.9,1,1.03387482796499,0.988121714779659,1.08174645280212,"RS"
28.9,2,1.0157288207668,0.980101439510993,1.05265128255609,"RS"
28.9,3,1.00080073031912,0.969141525095862,1.03349415526098,"RS"
28.9,4,0.990392830843271,0.957599805671357,1.02430885384116,"RS"
28.9,5,0.985796814969488,0.950326035588472,1.02259153596925,"RS"
28.9,6,0.988365081934285,0.951523958343006,1.02663262088334,"RS"
28.9,7,0.999119523204575,0.963391734294189,1.03617229223985,"RS"
28.9,8,1.01734336580078,0.984201512320236,1.05160123306344,"RS"
28.9,9,1.04192802062874,1.00996474951316,1.07490286239657,"RS"
28.9,10,1.07176091290409,1.0355767450074,1.10920939463623,"RS"
28.9,11,1.10565118329372,1.05834000965287,1.15507731727893,"RS"
28.9,12,1.14226894014179,1.07873985358638,1.20953937807599,"RS"
29,0,1.05421091519378,0.993033212492909,1.11915758680795,"RS"
29,1,1.03385755447236,0.987374446202023,1.08252897069696,"RS"
29,2,1.01538981701355,0.979208052511978,1.05290849870968,"RS"
29,3,1.00019045183341,0.968051028094927,1.03339690874293,"RS"
29,4,0.989576352368441,0.956292688205535,1.02401845088285,"RS"
29,5,0.984853239059134,0.948852648944389,1.02221973408024,"RS"
29,6,0.987388881847237,0.949992483287003,1.02625738745029,"RS"
29,7,0.998217979565503,0.961939803612184,1.03586433473914,"RS"
29,8,1.01661625451184,0.982946666877643,1.05143915103823,"RS"
29,9,1.04146412717706,1.00897648994597,1.07499782106397,"RS"
29,10,1.07163844425282,1.03485875161167,1.1097253160512,"RS"
29,11,1.10593615822,1.05785276602346,1.15620512167881,"RS"
29,12,1.14301184450091,1.07844459322846,1.21144478341558,"RS"
29.1,0,1.05449594300148,0.992347586617653,1.12053650233244,"RS"
29.1,1,1.03379552048777,0.986590025102773,1.08325966306951,"RS"
29.1,2,1.01501348504878,0.978285512348755,1.05312034352563,"RS"
29.1,3,0.999548438298239,0.966938471089368,1.03325817554746,"RS"
29.1,4,0.988731061070138,0.954967627170294,1.02368822074275,"RS"
29.1,5,0.983880252520278,0.9473612836515,1.02180695792025,"RS"
29.1,6,0.986378225962482,0.948438053420767,1.02583611142947,"RS"
29.1,7,0.997271707885909,0.960454326593724,1.03550042080281,"RS"
29.1,8,1.01582918699291,0.98164275063181,1.05120619133846,"RS"
29.1,9,1.04092061262713,1.00792004912752,1.07500165586542,"RS"
29.1,10,1.0714127997406,1.03405129187568,1.11012422349547,"RS"
29.1,11,1.10609115344778,1.05725350190073,1.15718475988583,"RS"
29.1,12,1.14359550748676,1.07801405341924,1.21316663785207,"RS"
29.2,0,1.05472825526406,0.991615472077775,1.12185794168924,"RS"
29.2,1,1.03368915593701,0.985767300041565,1.08394067348016,"RS"
29.2,2,1.01460021924219,0.977333138406833,1.05328834604377,"RS"
29.2,3,0.998875053752622,0.965803442967446,1.03307912212831,"RS"
29.2,4,0.987857309642223,0.953624234171119,1.02331927948725,"RS"
29.2,5,0.982878229780511,0.945851487102119,1.0213544385665,"RS"
29.2,6,0.985333555605484,0.946860235135437,1.02537014416206,"RS"
29.2,7,0.996281265790989,0.958935048855032,1.03508195028561,"RS"
29.2,8,1.01498287289641,0.98028981497319,1.05090373942242,"RS"
29.2,9,1.04029835385404,1.00679578734931,1.07491576606682,"RS"
29.2,10,1.07108501688476,1.03315484283533,1.11040771995673,"RS"
29.2,11,1.10611734016901,1.05654255113318,1.15801826335372,"RS"
29.2,12,1.14402119076681,1.07744826530001,1.21470749647463,"RS"
29.3,0,1.05490831954936,0.990835168054005,1.12312481281832,"RS"
29.3,1,1.0335388963114,0.984905121892859,1.08457416500753,"RS"
29.3,2,1.01415041744627,0.97635024887065,1.05341404930876,"RS"
29.3,3,0.998170664392486,0.964645529622026,1.03286092627634,"RS"
29.3,4,0.986955452268705,0.952262117680356,1.0229127534084,"RS"
29.3,5,0.981847546689122,0.944322804212174,1.02086341729692,"RS"
29.3,6,0.98425531422705,0.94525859351949,1.02486084784186,"RS"
29.3,7,0.995247215106165,0.957381716485227,1.03461033579479,"RS"
29.3,8,1.0140780304074,0.978887915013476,1.0505331979104,"RS"
29.3,9,1.0395982439183,1.00560407422156,1.07474157719045,"RS"
29.3,10,1.07065616140866,1.03216989871889,1.11057745181787,"RS"
29.3,11,1.10601593497746,1.05572027425658,1.15870773561253,"RS"
29.3,12,1.14429022413571,1.07674729809186,1.216070028105,"RS"
29.4,0,1.05503661158272,0.990004985416164,1.12434004694636,"RS"
29.4,1,1.03334518248481,0.984002347763527,1.0851623155082,"RS"
29.4,2,1.01366448086036,0.975336162787313,1.05349900778976,"RS"
29.4,3,0.997435638466234,0.9634643149554,1.0326047757447,"RS"
29.4,4,0.986025844533108,0.950880883851702,1.02246977786427,"RS"
29.4,5,0.980788580419761,0.942774778407389,1.02033514420783,"RS"
29.4,6,0.983143947269726,0.943632693508767,1.02430959387284,"RS"
29.4,7,0.99417012163851,0.955794077138065,1.0340870009555,"RS"
29.4,8,1.01311538586982,0.97743711034608,1.05009598491993,"RS"
29.4,9,1.03882119144669,1.00434528900691,1.07448053932305,"RS"
29.4,10,1.07012732627508,1.03109697117816,1.11063510654304,"RS"
29.4,11,1.10578819845354,1.05478705923823,1.15925534839441,"RS"
29.4,12,1.14440400356571,1.07591126089695,1.21725700898921,"RS"
29.5,0,1.05511361500585,0.989123253037337,1.12550659096545,"RS"
29.5,1,1.03310846053147,0.983057845122137,1.08570731266489,"RS"
29.5,2,1.01314281389564,0.974290202260674,1.0535447846716,"RS"
29.5,3,0.996670346171142,0.962259381958635,1.03231186680142,"RS"
29.5,4,0.985068843328722,0.949480137395934,1.02199149606048,"RS"
29.5,5,0.979701709374112,0.941206952677931,1.01977087676592,"RS"
29.5,6,0.9819999020355,0.941982101108756,1.02371776115775,"RS"
29.5,7,0.993050554959922,0.95417188118652,1.03351337861678,"RS"
29.5,8,1.01209567341462,0.975937465850539,1.04959353236006,"RS"
29.5,9,1.03796812001421,1.00301982098345,1.07413412539492,"RS"
29.5,10,1.06949963071698,1.02993658955503,1.11058241031901,"RS"
29.5,11,1.10543543373736,1.05374332229352,1.15966333765456,"RS"
29.5,12,1.14436398922911,1.07494030463323,1.21827131627666,"RS"
29.6,0,1.05513982113603,0.988188324369207,1.12662739954719,"RS"
29.6,1,1.03282918154438,0.982070496115749,1.08621134884792,"RS"
29.6,2,1.01258582404092,0.973211694767681,1.05355294902554,"RS"
29.6,3,0.995875159550648,0.96103031386461,1.03198340271059,"RS"
29.6,4,0.984084806769735,0.948059482518025,1.02147905777274,"RS"
29.6,5,0.978587313086565,0.939618870700899,1.01917187829534,"RS"
29.6,6,0.98082362755483,0.940306384687406,1.02308673431971,"RS"
29.6,7,0.99188908819214,0.952514882938046,1.03289090900076,"RS"
29.6,8,1.01101963459018,0.974389052539377,1.04902728418692,"RS"
29.6,9,1.03703996752758,1.00162806983651,1.07370382943156,"RS"
29.6,10,1.06877421926641,1.02868930118312,1.11042112565452,"RS"
29.6,11,1.10495898509203,1.05258950877268,1.15993399949351,"RS"
29.6,12,1.14417170349549,1.07383462409682,1.21911592130012,"RS"
29.7,0,1.05511572872572,0.987198584228463,1.12770542704382,"RS"
29.7,1,1.03250780145469,0.981039202045151,1.08667661581961,"RS"
29.7,2,1.01199392172945,0.972099975586528,1.05352507287065,"RS"
29.7,3,0.995050452392561,0.959776695372909,1.03162059214403,"RS"
29.7,4,0.983074094103296,0.946618523915031,1.02093361801122,"RS"
29.7,5,0.977445772129935,0.938010078029129,1.01853941640168,"RS"
29.7,6,0.979615574457042,0.938605116335698,1.02241790185978,"RS"
29.7,7,0.990686297793676,0.950822841907445,1.03222103779841,"RS"
29.7,8,1.00988801799503,0.972791948445243,1.04839869462317,"RS"
29.7,9,1.03603768561054,1.00017044607822,1.07319116478003,"RS"
29.7,10,1.06795226078248,1.02735567172354,1.1101530489407,"RS"
29.7,11,1.10436023645867,1.051326094115,1.16006968598807,"RS"
29.7,12,1.14382872890688,1.07259446014419,1.2197938826729,"RS"
29.8,0,1.0550418437227,0.986152455736903,1.12874361923484,"RS"
29.8,1,1.03214478085186,0.97996288796471,1.0871052993163,"RS"
29.8,2,1.01136752020663,0.970954390323681,1.05346272813899,"RS"
29.8,3,0.994196600128202,0.958498113943688,1.03122464752659,"RS"
29.8,4,0.982037065622491,0.945156867833394,1.02035633562833,"RS"
29.8,5,0.976277468022234,0.936380123343865,1.01787476133546,"RS"
29.8,6,0.978376194842129,0.936877873292116,1.02171265425468,"RS"
29.8,7,0.989442763348729,0.949095524143276,1.03150521421633,"RS"
29.8,8,1.00870157891319,0.971146239545535,1.04770922634485,"RS"
29.8,9,1.0349622389916,0.998647371493592,1.07259766231246,"RS"
29.8,10,1.06703494747932,1.02593628553345,1.10978000797602,"RS"
29.8,11,1.10364061000489,1.04995358486609,1.16007280093939,"RS"
29.8,12,1.14333670613339,1.0712201019836,1.22030833922118,"RS"
29.9,0,1.05491867903094,0.985048407351409,1.12974490498453,"RS"
29.9,1,1.03174058480486,0.978840507368617,1.08749957354656,"RS"
29.9,2,1.01070703539878,0.969774297524471,1.05336748356008,"RS"
29.9,3,0.993313979732522,0.957194161156575,1.03079678331914,"RS"
29.9,4,0.980974082580292,0.943674123183463,1.01974837187218,"RS"
29.9,5,0.975082783134518,0.934728559767867,1.01717918429868,"RS"
29.9,6,0.977105942153983,0.935124239426081,1.02097238199983,"RS"
29.9,7,0.98815906735818,0.947332703602762,1.03074488898004,"RS"
29.9,8,1.00746107895221,0.96945202072101,1.04696034863971,"RS"
29.9,9,1.03381460489448,0.997059279611213,1.07192486860949,"RS"
29.9,10,1.06602349395481,1.02443174606549,1.10930385945984,"RS"
29.9,11,1.10280156466828,1.04847251975313,1.15994579554757,"RS"
29.9,12,1.14269733191232,1.06971188956316,1.22066250277237,"RS"
30,0,1.05474675427221,0.98388495991435,1.1307121878808,"RS"
30,1,1.03129568268436,0.977671046921374,1.08786159564868,"RS"
30,2,1.01001288578297,0.968559071349624,1.05324090148281,"RS"
30,3,0.992402969625203,0.955864434129552,1.03033821424455,"RS"
30,4,0.979885507104457,0.942169902708233,1.0191108888889,"RS"
30,5,0.973862100599832,0.93305494623453,1.01645395569912,"RS"
30,6,0.975805271055094,0.933343806774279,1.02019847360404,"RS"
30,7,0.986835795032708,0.945534163569187,1.02994151230008,"RS"
30,8,1.0061672856841,0.967709396744246,1.04615353554169,"RS"
30,9,1.03259577243171,0.995406616196428,1.07117434412695,"RS"
30,10,1.06491913622097,1.02284267629559,1.10872648645908,"RS"
30,11,1.10184459469661,1.04688347081136,1.15969116402346,"RS"
30,12,1.14191235697335,1.0680702160401,1.22085965082231,"RS"
30.1,0,1.05452659554868,0.98266069365063,1.13164833793063,"RS"
30.1,1,1.0308105479861,0.97645353118708,1.08819350015319,"RS"
30.1,2,1.00928549225788,0.967308104297951,1.05308453465461,"RS"
30.1,3,0.991463949572779,0.954508536991643,1.02985015346286,"RS"
30.1,4,0.978771702113429,0.940643824202436,1.01844504817782,"RS"
30.1,5,0.972615804223261,0.931358848907627,1.01570034335786,"RS"
30.1,6,0.974474637302736,0.931536177122764,1.01939231354313,"RS"
30.1,7,0.985473534088114,0.94369969810483,1.02909653180819,"RS"
30.1,8,1.00482097228942,0.965918483293162,1.04529026394685,"RS"
30.1,9,1.03130674200182,0.993689839764339,1.07034766134938,"RS"
30.1,10,1.0637231307368,1.02116971917639,1.10804979585284,"RS"
30.1,11,1.10077122818614,1.04518704455424,1.15931143914935,"RS"
30.1,12,1.14098358395265,1.06629553031369,1.22090311910664,"RS"
30.2,0,1.05425873520644,0.981374255034599,1.13255618338989,"RS"
30.2,1,1.03028565815537,0.975187027309538,1.08849739349918,"RS"
30.2,2,1.00852527801595,0.966020809953494,1.05289992298004,"RS"
30.2,3,0.990497300591792,0.953126082402147,1.02933381070321,"RS"
30.2,4,0.977633031233234,0.939095511777222,1.0177520090044,"RS"
30.2,5,0.97134427839312,0.929639842645243,1.01491961067669,"RS"
30.2,6,0.973114497626689,0.929700963626621,1.01855528018098,"RS"
30.2,7,0.98407287454292,0.941829113531551,1.02821139047187,"RS"
30.2,8,1.00342291720452,0.964079407984203,1.04437201171682,"RS"
30.2,9,1.02994852469037,0.99190942210963,1.06944640293439,"RS"
30.2,10,1.06243675344443,1.01941353811251,1.10727571576057,"RS"
30.2,11,1.09958302561972,1.04338388317838,1.15880918780142,"RS"
30.2,12,1.13991286529851,1.06438833960187,1.22079629410361,"RS"
30.3,0,1.05394371160025,0.980024363448632,1.1334385028071,"RS"
30.3,1,1.02972149441278,0.973870649593558,1.08877534865457,"RS"
30.3,2,1.0077326684165,0.964696625733732,1.0526885902824,"RS"
30.3,3,0.989503404853009,0.951716693108061,1.02879039036098,"RS"
30.3,4,0.976469858715392,0.937524597164858,1.01703292677663,"RS"
30.3,5,0.970047907993281,0.927897512500543,1.01411301477283,"RS"
30.3,6,0.971725309608494,0.927837792457976,1.01768874366743,"RS"
30.3,7,0.982634408518292,0.939922229930308,1.02728752449624,"RS"
30.3,8,1.00197390377222,0.962192311419192,1.04340025577605,"RS"
30.3,9,1.02852214167534,0.990065848849785,1.06847215985219,"RS"
30.3,10,1.06106129880922,1.01757481745398,1.10640619295949,"RS"
30.3,11,1.09828157840611,1.04147466579331,1.15818700644764,"RS"
30.3,12,1.13870210117098,1.0623492120393,1.220542605498,"RS"
30.4,0,1.05358206885946,0.978609817555496,1.13429801735995,"RS"
30.4,1,1.02911854158129,0.972503563937158,1.08902939989107,"RS"
30.4,2,1.00690809086022,0.96333501561418,1.05245204109328,"RS"
30.4,3,0.988482645586722,0.950280003530323,1.02822108956957,"RS"
30.4,4,0.975282549355873,0.935930721056968,1.01628895139152,"RS"
30.4,5,0.968727078316665,0.926131455251056,1.01328180458956,"RS"
30.4,6,0.970307531562298,0.925946304472198,1.01679406382337,"RS"
30.4,7,0.98115873004036,0.937978882650099,1.02632636122313,"RS"
30.4,8,1.00047471989605,0.960257348239338,1.04237647021015,"RS"
30.4,9,1.02702862363706,0.988159619977933,1.06742652952506,"RS"
30.4,10,1.05959807886469,1.01565426300326,1.10544319029766,"RS"
30.4,11,1.09686850742188,1.03946010966495,1.15744751663603,"RS"
30.4,12,1.13735323733833,1.0601787792728,1.22014551863722,"RS"
30.5,0,1.05317435665537,0.977129501308655,1.13513738356169,"RS"
30.5,1,1.02847728791471,0.971084992064787,1.08926153776438,"RS"
30.5,2,1.00605197466485,0.961935472803772,1.0521917574959,"RS"
30.5,3,0.987435406989139,0.948815661368554,1.0276270962575,"RS"
30.5,4,0.974071468415088,0.934313534469058,1.01552122555894,"RS"
30.5,5,0.967382174979912,0.924341280947292,1.01242721899189,"RS"
30.5,6,0.968861622417291,0.924026156881281,1.01587258802422,"RS"
30.5,7,0.979646434844987,0.935998923816108,1.02532931703781,"RS"
30.5,8,0.998926157698158,0.958274688179391,1.04130212437251,"RS"
30.5,9,1.02546901017325,0.986191250421206,1.06631111397162,"RS"
30.5,10,1.05804842226303,1.01365260253096,1.10438868410946,"RS"
30.5,11,1.09534546155752,1.03734097146083,1.15659336048886,"RS"
30.5,12,1.13586826307261,1.05787773902813,1.21960852701266,"RS"
30.6,0,1.0527211299699,0.97558238952853,1.13595918641035,"RS"
30.6,1,1.02779822492749,0.969614215513161,1.08947370434851,"RS"
30.6,2,1.00516475094213,0.96049752234493,1.05190919604863,"RS"
30.6,3,0.986362074129909,0.947323329213129,1.02700958720185,"RS"
30.6,4,0.972836981538948,0.932672700123294,1.01473088311119,"RS"
30.6,5,0.966013583839237,0.922526614470723,1.01155048485763,"RS"
30.6,6,0.967388041601772,0.922077024922676,1.01492564909378,"RS"
30.6,7,0.97809812018504,0.933982223826285,1.02429779529449,"RS"
30.6,8,0.997329013181034,0.956244517114515,1.04017868100732,"RS"
30.6,9,1.0238443492192,0.984161270600159,1.06512751796141,"RS"
30.6,10,1.0564136733317,1.01157058629488,1.1032446616403,"RS"
30.6,11,1.09371411626888,1.03511804848424,1.15562719621929,"RS"
30.6,12,1.13424920904677,1.05544685762083,1.21893514480044,"RS"
30.7,0,1.05222294886596,0.973967552978282,1.13676593304835,"RS"
30.7,1,1.02708184722611,0.968090579323898,1.08966778877047,"RS"
30.7,2,1.00424685247606,0.95902072361227,1.05160578481494,"RS"
30.7,3,0.985263032860778,0.945802686152683,1.02636972609032,"RS"
30.7,4,0.971579454680994,0.931007893840783,1.01391904730687,"RS"
30.7,5,0.96462169090749,0.920687097090463,1.0106528151744,"RS"
30.7,6,0.965887248928857,0.920098603511223,1.01395456322087,"RS"
30.7,7,0.976514384640229,0.931928672825118,1.02323318427207,"RS"
30.7,8,0.995684085893246,0.954167038092143,1.03900759439704,"RS"
30.7,9,1.02215569647377,0.982070226984563,1.06387734718508,"RS"
30.7,10,1.05469519113706,1.00940898755684,1.1020131184883,"RS"
30.7,11,1.0919761721355,1.03279217988353,1.15455169368747,"RS"
30.7,12,1.13249814523584,1.05288697238245,1.21812889949667,"RS"
30.8,0,1.05168037825939,0.972284162879854,1.13756004699264,"RS"
30.8,1,1.02632865234198,0.966513495400772,1.08984562308809,"RS"
30.8,2,1.0032987136025,0.957504672684344,1.05128292052552,"RS"
30.8,3,0.984138669725399,0.944253429364599,1.02570866160435,"RS"
30.8,4,0.970299254025619,0.929318805934032,1.0130868291387,"RS"
30.8,5,0.963206882272435,0.918822388007417,1.00973540715411,"RS"
30.8,6,0.964359704483855,0.918090608861428,1.01296062791179,"RS"
30.8,7,0.974895827929542,0.929838182143062,1.02213685517186,"RS"
30.8,8,0.99399217859923,0.952042472340811,1.03779030854282,"RS"
30.8,9,1.02040411483113,0.979918682640634,1.06256220644602,"RS"
30.8,10,1.05289434855553,1.00716860309107,1.1006960560703,"RS"
30.8,11,1.09013335342697,1.03036424782256,1.15336953001362,"RS"
30.8,12,1.13061717882434,1.05019899397309,1.21719332468288,"RS"
30.9,0,1.0510939876926,0.970531494819527,1.13834386298712,"RS"
30.9,1,1.02553914056592,0.964882445494013,1.09000897854889,"RS"
30.9,2,1.00232077009019,0.955949004563884,1.05094196589758,"RS"
30.9,3,0.982989371870325,0.942675275675596,1.02502752553631,"RS"
30.9,4,0.968996745912374,0.927605142589718,1.01223532565523,"RS"
30.9,5,0.961769544016251,0.916932165874222,1.00879944037661,"RS"
30.9,6,0.962805868513336,0.916052780067044,1.01194511999175,"RS"
30.9,7,0.973243050726345,0.927710685689932,1.02101016016938,"RS"
30.9,8,0.992254096953311,0.949871060247816,1.03652825538633,"RS"
30.9,9,1.01859067381887,0.977707217764568,1.0611836978794,"RS"
30.9,10,1.051012531353,1.00485025367802,1.09929547912022,"RS"
30.9,11,1.08818740667867,1.02783517859758,1.15208338526588,"RS"
30.9,12,1.12860845212224,1.0473839085505,1.21613195295749,"RS"
31,0,1.05046435111015,0.968708932002021,1.13911962251935,"RS"
31,1,1.02471381478432,0.96319698377953,1.09015956226269,"RS"
31,2,1.00131345902311,0.954353395223489,1.05058424713419,"RS"
31,3,0.981815526957181,0.941067963079355,1.02432743095402,"RS"
31,4,0.967672296761396,0.925866627231513,1.01136561830663,"RS"
31,5,0.960310062136274,0.915016130279066,1.00784607497457,"RS"
31,6,0.961226201315897,0.913984880624851,1.01090929366854,"RS"
31,7,0.971556654476179,0.925546141290592,1.01985443053193,"RS"
31,8,0.990470649178054,0.947653062297527,1.03522285308164,"RS"
31,9,1.01671644904256,0.975436430197153,1.05974341920445,"RS"
31,10,1.04905113727302,1.00245478457694,1.09781339322777,"RS"
31,11,1.08614009927807,1.02520594368581,1.15069593824099,"RS"
31,12,1.12647414049159,1.04444277976657,1.21494830906856,"RS"
31.1,0,1.04979204663616,0.966815967822671,1.13988947003269,"RS"
31.1,1,1.023853180317,0.961456739007111,1.09029901431423,"RS"
31.1,2,1.00027721868427,0.952717563455716,1.05021105162532,"RS"
31.1,3,0.980617523076049,0.939431252198068,1.02360947042569,"RS"
31.1,4,0.966326272999949,0.924103001852485,1.01047877132536,"RS"
31.1,5,0.958828822466987,0.913074003181324,1.00687644987178,"RS"
31.1,6,0.959621163134657,0.911886699889664,1.00985437867153,"RS"
31.1,7,0.9698372412173,0.923344531951482,1.01867097481377,"RS"
31.1,8,0.988642645747058,0.945388759962213,1.03387550432566,"RS"
31.1,9,1.01478252163707,0.973106935914129,1.05824296201601,"RS"
31.1,10,1.04701157513447,0.999983065970839,1.09625180242554,"RS"
31.1,11,1.08399321806276,1.02247756071088,1.14920986235542,"RS"
31.1,12,1.12421645028597,1.04137675056227,1.21364590328253,"RS"
31.2,0,1.04907765635375,0.964852207738406,1.1406554498542,"RS"
31.2,1,1.02295774475678,0.95966141619832,1.09042890533552,"RS"
31.2,2,0.999212488441011,0.951041272508924,1.0498236258691,"RS"
31.2,3,0.97939574866007,0.937764927675033,1.0228747143184,"RS"
31.2,4,0.96495904099009,0.92231402830644,1.00957583015222,"RS"
31.2,5,0.957326210603269,0.911105530287054,1.0058916810869,"RS"
31.2,6,0.957991214051487,0.909758054447931,1.00878157847886,"RS"
31.2,7,0.96808541340401,0.921105867046895,1.01746107714012,"RS"
31.2,8,0.986770899072303,0.943078456537464,1.03248759475536,"RS"
31.2,9,1.01278997772501,0.970719369486982,1.05668391012154,"RS"
31.2,10,1.04489526393918,0.997435993376818,1.09461270683267,"RS"
31.2,11,1.08174856793132,1.01965109431052,1.14762782166455,"RS"
31.2,12,1.1218376168048,1.03818704473367,1.21222822502194,"RS"
31.3,0,1.04832176608659,0.96281737042953,1.14141950384695,"RS"
31.3,1,1.02202801781091,0.957810797881866,1.09055073455053,"RS"
31.3,2,0.998119708631731,0.949324331493063,1.04942317362944,"RS"
31.3,3,0.978150592401274,0.936068799485814,1.02212420918262,"RS"
31.3,4,0.963570966957477,0.920499489547639,1.00865781991867,"RS"
31.3,5,0.955802611824907,0.909110482352666,1.00489286011436,"RS"
31.3,6,0.956336813883002,0.907598789397823,1.00769206864489,"RS"
31.3,7,0.966301773732802,0.918830183414452,1.01622599559072,"RS"
31.3,8,0.984856223196141,0.94072247791456,1.03106049141972,"RS"
31.3,9,1.01073990788235,0.968274384508909,1.05506783792918,"RS"
31.3,10,1.0427036319902,0.994814488015456,1.09289810036286,"RS"
31.3,11,1.07940797046821,1.01672765689249,1.14595246702677,"RS"
31.3,12,1.11933990226441,1.03487496824296,1.21069873680348,"RS"
31.4,0,1.04752496518258,0.960711288255537,1.14218346978441,"RS"
31.4,1,1.02106451114434,0.955904744861326,1.09066592829777,"RS"
31.4,2,0.996999320454137,0.94756659654267,1.04901085434289,"RS"
31.4,3,0.976882443167667,0.934342704156108,1.02135897623469,"RS"
31.4,4,0.962162416921316,0.918659190808551,1.00772574399552,"RS"
31.4,5,0.954258411022385,0.907088656405491,1.00388105239396,"RS"
31.4,6,0.954658422078311,0.90540877952447,1.00658699523956,"RS"
31.4,7,0.964486924971366,0.916517546350007,1.01496696069305,"RS"
31.4,8,0.98289943348804,0.938321173282555,1.02959554133411,"RS"
31.4,9,1.00863340661167,0.965772653980818,1.05339630889287,"RS"
31.4,10,1.04043811602097,0.992119497132504,1.09110996850481,"RS"
31.4,11,1.07697326258357,1.01370840926504,1.14418643242866,"RS"
31.4,12,1.11672559378782,1.03144191025086,1.20906086850539,"RS"
31.5,0,1.0466878462998,0.958533907018949,1.14294908043358,"RS"
31.5,1,1.02006773822478,0.953943196517212,1.09077583902894,"RS"
31.5,2,0.995851765855015,0.945767971727693,1.04858778178427,"RS"
31.5,3,0.975591689921565,0.932586505875326,1.02058000994843,"RS"
31.5,4,0.96073375662547,0.91679296070562,1.00678058261844,"RS"
31.5,5,0.952693992623959,0.905039876870665,1.00285729587967,"RS"
31.5,6,0.952956497618557,0.903187930359924,1.00546747341003,"RS"
31.5,7,0.962641469790486,0.914168050493042,1.01368517403403,"RS"
31.5,8,0.980901346346157,0.935874915753384,1.02809407012384,"RS"
31.5,9,1.00647157182307,0.963214870652418,1.0516708740199,"RS"
31.5,10,1.03810016033622,0.989351994266687,1.08925028618237,"RS"
31.5,11,1.07444629516906,1.01059456112959,1.14233233148629,"RS"
31.5,12,1.113997001415,1.02788934384895,1.20731801199019,"RS"
31.6,0,1.04581100519477,0.956285285061161,1.14371796332363,"RS"
31.6,1,1.01903821416983,0.951926170652184,1.09088174477541,"RS"
31.6,2,0.994677487421563,0.943928409706244,1.04815502299711,"RS"
31.6,3,0.974278721639207,0.930800097495909,1.01978827676594,"RS"
31.6,4,0.959285351470716,0.914900652263615,1.00582329159947,"RS"
31.6,5,0.951109740524012,0.902963996594521,1.00182259971753,"RS"
31.6,6,0.951231498918251,0.900936179118568,1.00433458607414,"RS"
31.6,7,0.960766010598863,0.911781820594692,1.01238180699852,"RS"
31.6,8,0.978862778903835,0.933384102903889,1.02655738076354,"RS"
31.6,9,1.00425550432308,0.960601747313721,1.04989307044622,"RS"
31.6,10,1.03569121596482,0.98651297945755,1.0873210157017,"RS"
31.6,11,1.07182893177066,1.00738737142391,1.14039275413669,"RS"
31.6,12,1.11115645613537,1.024218826474,1.20547351610576,"RS"
31.7,0,1.0448950405131,0.953965591723344,1.1444916411676,"RS"
31.7,1,1.01797645559598,0.949853762894547,1.09098484906755,"RS"
31.7,2,0.993476928274273,0.942047912116917,1.04771359749141,"RS"
31.7,3,0.972943927231638,0.928983401409608,1.01898471393628,"RS"
31.7,4,0.957817566448177,0.912982143849787,1.0048548011336,"RS"
31.7,5,0.94950603801271,0.900860897755668,1.00077794304168,"RS"
31.7,6,0.9494838837284,0.898653495499928,1.00318938275363,"RS"
31.7,7,0.958861149380875,0.909359012161709,1.01105799964131,"RS"
31.7,8,0.976784548741098,0.930849157229417,1.02498675241772,"RS"
31.7,9,1.00198630731175,0.957934017032604,1.04806442008424,"RS"
31.7,10,1.03321273982515,0.983603479387751,1.08532410479218,"RS"
31.7,11,1.06912304727927,1.00408814850582,1.13837026353178,"RS"
31.7,12,1.10820630794422,1.02043199998911,1.20353068208412,"RS"
31.8,0,1.04394055358257,0.951575105213281,1.14527153289704,"RS"
31.8,1,1.01688298046965,0.947726145680978,1.09108628128628,"RS"
31.8,2,0.99225053196142,0.940126529711797,1.04726447670777,"RS"
31.8,3,0.971587695466895,0.927136370293323,1.01817022848971,"RS"
31.8,4,0.956330766073922,0.911037340009887,1.00387601470826,"RS"
31.8,5,0.94788326770696,0.898730492656089,0.999724273896024,"RS"
31.8,6,0.947714109041465,0.896339882352293,1.00203287855404,"RS"
31.8,7,0.956927487537332,0.90689981197092,1.00971485969817,"RS"
31.8,8,0.974667473601215,0.928270526504406,1.02338343938755,"RS"
31.8,9,0.999665085888021,0.955212433334447,1.04618642834772,"RS"
31.8,10,1.03066619390337,0.980624547454608,1.08326148474722,"RS"
31.8,11,1.0663305266401,1.00069825016856,1.13626739314575,"RS"
31.8,12,1.10514892392456,1.01653059042066,1.20149275935335,"RS"
31.9,0,1.04294814820877,0.949114209925566,1.14605895526252,"RS"
31.9,1,1.01575830796026,0.945543566844454,1.09118709742121,"RS"
31.9,2,0.990998742355146,0.938164362234704,1.04680858374344,"RS"
31.9,3,0.970210414893482,0.925258987718593,1.01734569635337,"RS"
31.9,4,0.954825314324749,0.909066172199098,1.00288780812282,"RS"
31.9,5,0.946241811482666,0.896572724385805,0.998662508288294,"RS"
31.9,6,0.945922630998125,0.893995376192017,1.00086605329627,"RS"
31.9,7,0.954965625729218,0.904404438450123,1.00835346174022,"RS"
31.9,8,0.972512371112411,0.925648684046273,1.02174867016762,"RS"
31.9,9,0.997292946563682,0.952437770320345,1.04426058295772,"RS"
31.9,10,1.02805304444507,0.977577263766324,1.08113506867056,"RS"
31.9,11,1.06345326358156,0.99721908348088,1.13408664410497,"RS"
31.9,12,1.10198668635606,1.01251640734342,1.19936294177416,"RS"
32,0,1.04191843047333,0.946583393267694,1.14685512494831,"RS"
32,1,1.01460295829541,0.943306347837607,1.09128828120535,"RS"
32,2,0.989722003549169,0.936161558052343,1.04634679333267,"RS"
32,3,0.968812473765157,0.923351268620369,1.0165119616128,"RS"
32,4,0.953301574575135,0.907068599401966,1.00189102862407,"RS"
32,5,0.9445820504083,0.894387567356039,0.997593529381392,"RS"
32,6,0.944109904795884,0.891620047575002,0.999689850803533,"RS"
32,7,0.952976163724457,0.901873141922769,1.00697484647431,"RS"
32,8,0.970320058514781,0.92298412887981,1.0200836466157,"RS"
32,9,0.994870996786002,0.94961082272084,1.04228835283287,"RS"
32,10,1.0253747611606,0.974462735058859,1.07894674983302,"RS"
32,11,1.06049315936452,0.993652104446461,1.13183048274773,"RS"
32,12,1.09872199085231,1.0083913429104,1.19714436430829,"RS"
32.1,0,1.04085200853475,0.943983242048268,1.1476611611453,"RS"
32.1,1,1.01341745261811,0.941014881625096,1.09139074559305,"RS"
32.1,2,0.98842075975814,0.934118313549005,1.04587993207095,"RS"
32.1,3,0.967394259967035,0.921413259622378,1.01566983592216,"RS"
32.1,4,0.951759909535395,0.905044608636631,1.00088649416232,"RS"
32.1,5,0.942904364679785,0.892175027697239,0.996518186825888,"RS"
32.1,6,0.942276384599509,0.88921400131844,0.998505178345653,"RS"
32.1,7,0.95095970024773,0.899306204715212,1.00558002019082,"RS"
32.1,8,0.968091352392468,0.920277385800279,1.01838954323764,"RS"
32.1,9,0.992400344469194,0.946732405882688,1.04027118706721,"RS"
32.1,10,1.02263281644441,0.971282094530148,1.07669840014389,"RS"
32.1,11,1.05745212155258,0.989998817479296,1.12950133841896,"RS"
32.1,12,1.09535724452794,1.00415737052814,1.19484010012177,"RS"
32.2,0,1.03974949243194,0.941314438485822,1.14847808852426,"RS"
32.2,1,1.0122023128462,0.938669630281088,1.09149533454532,"RS"
32.2,2,0.987095455218648,0.932034872298011,1.04540877886999,"RS"
32.2,3,0.965956160943013,0.919445039218003,1.0148200980641,"RS"
32.2,4,0.950200681191006,0.902994215339863,0.999874992771721,"RS"
32.2,5,0.941209133556689,0.889935143519772,0.995437296235792,"RS"
32.2,6,0.940422523453309,0.886777376572574,0.997312906240917,"RS"
32.2,7,0.948916832833341,0.89670394112676,1.00416995435863,"RS"
32.2,8,0.96582706841116,0.917529005334348,1.01666750658828,"RS"
32.2,9,0.989882097534888,0.943803355686742,1.03821051399747,"RS"
32.2,10,1.0198286846089,0.968036501589081,1.0743918687403,"RS"
32.2,11,1.05433206280416,0.986260774693403,1.12710160150335,"RS"
32.2,12,1.0918948641968,0.999816543181675,1.19245315812174,"RS"
32.3,0,1.03861149389059,0.938577755897664,1.14930684055042,"RS"
32.3,1,1.01095806153392,0.936271122329527,1.09160282508501,"RS"
32.3,2,0.985746534091896,0.929911524025332,1.04493406562807,"RS"
32.3,3,0.964498563624522,0.917446717807284,1.0139634936589,"RS"
32.3,4,0.948624250743144,0.900917463630727,0.99885728207711,"RS"
32.3,5,0.939496735299743,0.887667985036634,0.994351638808341,"RS"
32.3,6,0.938548773195267,0.884310346743807,0.996113867614328,"RS"
32.3,7,0.946848157681163,0.894066697264163,1.00274558536579,"RS"
32.3,8,0.96352802106095,0.914739563599008,1.0149186547884,"RS"
32.3,9,0.987317363461715,0.940824528395614,1.03610774036186,"RS"
32.3,10,1.01696384113292,0.964727141517401,1.0720289806972,"RS"
32.3,11,1.0511348996869,0.982439575007279,1.12463362169792,"RS"
32.3,12,1.08833727460237,0.995370991417955,1.18998648092161,"RS"
32.4,0,1.03743862613223,0.935774054127857,1.15014826308068,"RS"
32.4,1,1.00968522173569,0.933819949865634,1.09171392958369,"RS"
32.4,2,0.984374440368058,0.927748603382634,1.04445647809861,"RS"
32.4,3,0.963021854360619,0.915418437592199,1.01310073502071,"RS"
32.4,4,0.947030978550405,0.898814426451968,0.997834088928107,"RS"
32.4,5,0.937767547109674,0.885373654548954,0.99326196108704,"RS"
32.4,6,0.936655584373018,0.881813119272065,0.994908858309331,"RS"
32.4,7,0.944754269515678,0.891394850743548,1.00130781440299,"RS"
32.4,8,0.961195023404619,0.911909662059578,1.01314407715689,"RS"
32.4,9,0.984707248844146,0.937796800430416,1.03396425055105,"RS"
32.4,10,1.01403976192527,0.961355225043528,1.0696115358596,"RS"
32.4,11,1.04786255151519,0.97853686306539,1.12209970652332,"RS"
32.4,12,1.08468690668161,0.990822920999434,1.18744294322517,"RS"
32.5,0,1.03623150368623,0.932904274772022,1.15100311818619,"RS"
32.5,1,1.00838431687208,0.93131676549707,1.0918292982419,"RS"
32.5,2,0.982979617772337,0.925546488548408,1.04397665693841,"RS"
32.5,3,0.961526418849414,0.913360372333935,1.01223250115712,"RS"
32.5,4,0.945421224071723,0.896685205589536,0.996806109160261,"RS"
32.5,5,0.936021945067359,0.883052286296531,0.992168974865745,"RS"
32.5,6,0.934743406161682,0.879285935266766,0.993698636948694,"RS"
32.5,7,0.942635761448105,0.888688810264048,0.999857507485481,"RS"
32.5,8,0.958828886831355,0.909039927188801,1.01134483395614,"RS"
32.5,9,0.982052858960689,0.934721068076492,1.03178140595194,"RS"
32.5,10,1.01105792260352,0.957921987828068,1.06714130779805,"RS"
32.5,11,1.04451693921113,0.974554327980834,1.11950212007108,"RS"
32.5,12,1.0809461958633,0.986174610243607,1.18482535061688,"RS"
32.6,0,1.0349907422047,0.929969436254285,1.15187208814519,"RS"
32.6,1,1.00705587059807,0.928762279142421,1.09194952172526,"RS"
32.6,2,0.98156250967272,0.92330559967683,1.04349519891598,"RS"
32.6,3,0.96001264207084,0.911272726977252,1.01135943790716,"RS"
32.6,4,0.943795345810491,0.894529931571929,0.995774007481514,"RS"
32.6,5,0.934260304075303,0.880704046176999,0.991073357230221,"RS"
32.6,6,0.93281268628355,0.876729069007116,0.992483925138874,"RS"
32.6,7,0.94049322484165,0.885949015058607,0.998395495608213,"RS"
32.6,8,0.956430420815965,0.906131010029974,1.00952195624775,"RS"
32.6,9,0.979355297351539,0.93159824711866,1.02956054438384,"RS"
32.6,10,1.0080197977883,0.954428689861623,1.06462004288711,"RS"
32.6,11,1.04109998418971,0.970493701905107,1.11684308198199,"RS"
32.6,12,1.07711758040172,0.981428407066982,1.18213643874206,"RS"
32.7,0,1.03371695828028,0.926970628808575,1.15275577955438,"RS"
32.7,1,1.0057004066735,0.92615725472337,1.09207513392027,"RS"
32.7,2,0.980123558989454,0.92102639721459,1.04301265825971,"RS"
32.7,3,0.958480908220776,0.909155737148322,1.01048215821119,"RS"
32.7,4,0.942153701259882,0.892348763452211,0.994738417481129,"RS"
32.7,5,0.932482997800436,0.878329131338475,0.989975750732335,"RS"
32.7,6,0.930863870929634,0.874142827313676,0.991265407810944,"RS"
32.7,7,0.938327249179865,0.883175934228441,0.996922575027634,"RS"
32.7,8,0.954000432683609,0.90318358566784,1.00767644585519,"RS"
32.7,9,0.976615665405788,0.928429272407133,1.02730297962615,"RS"
32.7,10,1.00492686041338,0.950876614776308,1.06204945950624,"RS"
32.7,11,1.03761360726847,0.966356758432573,1.11412476664933,"RS"
32.7,12,1.07320349974678,0.976586725754856,1.17937887285788,"RS"
32.8,0,1.03241076926701,0.923909009412682,1.15365472751051,"RS"
32.8,1,1.00431844883596,0.923502506784996,1.09220661477544,"RS"
32.8,2,0.978663208106242,0.918709380106097,1.04252954812564,"RS"
32.8,3,0.956931600646518,0.907009668533551,1.00960124250543,"RS"
32.8,4,0.94049664684936,0.890141888476737,0.993699941757101,"RS"
32.8,5,0.930690398618225,0.875927769651708,0.988876763690879,"RS"
32.8,6,0.928897404683062,0.871527548799191,0.990043733690097,"RS"
32.8,7,0.936138421938135,0.880370065968594,0.995439507662774,"RS"
32.8,8,0.951539727380064,0.900198352611727,1.00580927542872,"RS"
32.8,9,0.973835061958262,0.925215097355805,1.02501000103606,"RS"
32.8,10,1.00178058105168,0.947267069073126,1.05943124736111,"RS"
32.8,11,1.03405972760224,0.962145310848738,1.11134930263868,"RS"
32.8,12,1.06920639295125,0.971652043480553,1.1765552477333,"RS"
32.9,0,1.03107279310409,0.920785796719339,1.15456939981831,"RS"
32.9,1,1.0029105206758,0.920798897076423,1.09234439319569,"RS"
32.9,2,0.977181898783175,0.916355083907359,1.04204634216448,"RS"
32.9,3,0.955365101783601,0.904834816147848,1.00871723923237,"RS"
32.9,4,0.938824537892406,0.887909521645627,0.992659152157016,"RS"
32.9,5,0.928882877558118,0.873500219068751,0.987776970612,"RS"
32.9,6,0.926913730444339,0.868883603007608,0.98881951588482,"RS"
32.9,7,0.933927328458285,0.877531936692803,0.99394702160745,"RS"
32.9,8,0.949049107247562,0.897176032096112,1.00392138860761,"RS"
32.9,9,0.971014582896062,0.921956693375225,1.02268287325409,"RS"
32.9,10,0.998582427257414,0.943601381268158,1.05676706692307,"RS"
32.9,11,1.03044026164322,0.957861210232834,1.10851877231489,"RS"
32.9,12,1.06512869711602,0.966626896599696,1.17366808787433,"RS"
33,0,1.02970364814289,0.917602266024056,1.15550020118519,"RS"
33,1,1.00147714551361,0.91804733112139,1.09248884996047,"RS"
33,2,0.975680072071404,0.913964078828294,1.04156347616819,"RS"
33,3,0.953781793093979,0.902631503501591,1.00783066545822,"RS"
33,4,0.937137728535429,0.885651905170937,0.991616590126388,"RS"
33,5,0.927060804250294,0.871046766876079,0.986676912721349,"RS"
33,6,0.924913289358455,0.866211389450926,0.9875933325861,"RS"
33,7,0.931694551826325,0.874662100066491,0.99244581174475,"RS"
33,8,0.946529371806204,0.894117367304322,1.002013700274,"RS"
33,9,0.968155320774875,0.918655049243034,1.02032283599492,"RS"
33,10,0.995333862924535,0.939880900961141,1.05405854898336,"RS"
33,11,1.02675712212689,0.953506343426337,1.1056352116652,"RS"
33,12,1.06097284587388,0.961513876746489,1.17071984804907,"RS"
33.1,0,1.02830395297687,0.914359744304846,1.15644747736763,"RS"
33.1,1,1.00001884627996,0.915248754805573,1.0926403206389,"RS"
33.1,2,0.974158168229549,0.911536967722541,1.04108134977715,"RS"
33.1,3,0.952182055005562,0.90040008167614,1.00694200758716,"RS"
33.1,4,0.935436571707884,0.883369307839312,0.990572767157733,"RS"
33.1,5,0.925224546873734,0.868567728850747,0.985577098599303,"RS"
33.1,6,0.922896520743845,0.863511336554073,0.986365727866455,"RS"
33.1,7,0.929440672753314,0.871761135957218,0.990936540454504,"RS"
33.1,8,0.943981317540972,0.891023122521615,1.00008709689211,"RS"
33.1,9,0.965258364445095,0.915311170415148,1.01793110392024,"RS"
33.1,10,0.992036347661629,0.936106997830708,1.0513072943183,"RS"
33.1,11,1.02301221708396,0.949082630880092,1.10270061030677,"RS"
33.1,12,1.05674126791267,0.956315626760006,1.16771291408576,"RS"
33.2,0,1.02687432627474,0.9110596053643,1.15741151923924,"RS"
33.2,1,0.99853614539758,0.912404151004514,1.09279909847815,"RS"
33.2,2,0.972616626641872,0.909074384042797,1.04060032822977,"RS"
33.2,3,0.950566266853106,0.898140928318155,1.00605172216244,"RS"
33.2,4,0.933721419073581,0.881062024286546,0.989528165332929,"RS"
33.2,5,0.9233744721056,0.866063448328802,0.984478004910095,"RS"
33.2,6,0.920863862023203,0.860783900518413,0.985137212568197,"RS"
33.2,7,0.92716626945936,0.868829649312209,0.989419838404111,"RS"
33.2,8,0.94140573769434,0.887894082224241,0.99814243692639,"RS"
33.2,9,0.962324798687814,0.911926078281396,1.01550886659015,"RS"
33.2,10,0.988691336183358,0.932281060561098,1.04851487346071,"RS"
33.2,11,1.01920744887872,0.944592024393447,1.09971691166556,"RS"
33.2,12,1.05243638553817,0.951034836469042,1.1646496039167,"RS"
33.3,0,1.02541538661676,0.907703265099916,1.15839256675436,"RS"
33.3,1,0.997029564665786,0.90951453627308,1.09296543724418,"RS"
33.3,2,0.971055885738194,0.906576989778554,1.04012074413792,"RS"
33.3,3,0.948934806820464,0.895854446563254,1.00516023674367,"RS"
33.3,4,0.931992620983196,0.878730374191983,0.988483237950933,"RS"
33.3,5,0.921510945071935,0.863534295195502,0.983380077215251,"RS"
33.3,6,0.918815748656135,0.858029564114668,0.983908265270113,"RS"
33.3,7,0.924871917560734,0.865868268972788,0.987896305412887,"RS"
33.3,8,0.938803422064499,0.884731050111352,0.99618055133149,"RS"
33.3,9,0.959355703860698,0.908500809369676,1.01305728848894,"RS"
33.3,10,0.98530027771858,0.928404495705662,1.04568282657271,"RS"
33.3,11,1.01534471327404,0.9400365047594,1.09668601331329,"RS"
33.3,12,1.04806061327733,0.94567423836418,1.16153216883999,"RS"
33.4,0,1.0239277523342,0.904292176924181,1.15939081278602,"RS"
33.4,1,0.995499625147416,0.906580957614409,1.09313955399684,"RS"
33.4,2,0.969476382915577,0.904045473391811,1.03964289927231,"RS"
33.4,3,0.947288051884191,0.893541063899571,1.00426795084977,"RS"
33.4,4,0.930250526427964,0.87637470140114,0.987438410232477,"RS"
33.4,5,0.919634329299653,0.860980664807199,0.982283730861492,"RS"
33.4,6,0.916752614073646,0.855248835416121,0.982679333321688,"RS"
33.4,7,0.922558189960114,0.862877646435538,0.986366511380086,"RS"
33.4,8,0.936175156809191,0.881534848086859,0.994202244107266,"RS"
33.4,9,0.956352155553789,0.905036414503014,1.01057750912114,"RS"
33.4,10,0.981864615435217,0.924478726492895,1.04281266341412,"RS"
33.4,11,1.01142589852308,0.935418079330147,1.09360976744834,"RS"
33.4,12,1.04361635652218,0.940236603185503,1.15836279497166,"RS"
33.5,0,1.02241204135201,0.900827827351766,1.16040640682095,"RS"
33.5,1,0.993946847058075,0.903604489343465,1.09332163178438,"RS"
33.5,2,0.967878554461763,0.901480547764893,1.03916706634396,"RS"
33.5,3,0.945626377758506,0.891201230981744,1.003375236957,"RS"
33.5,4,0.928495482994572,0.873995372985117,0.986394080093151,"RS"
33.5,5,0.917744986669845,0.858402976854769,0.981189351933169,"RS"
33.5,6,0.914674889614475,0.852442246482846,0.981450833934106,"RS"
33.5,7,0.920225656739933,0.859858454569972,0.984830997266807,"RS"
33.5,8,0.933521724255145,0.878306315198384,0.992208292911409,"RS"
33.5,9,0.953315224255244,0.901533957914167,1.00807064317299,"RS"
33.5,10,0.978385785881948,0.920505191581107,1.03990586340055,"RS"
33.5,11,1.00745288448811,0.930738779517555,1.09048998150643,"RS"
33.5,12,1.03910601021485,0.934724735453741,1.15514360486084,"RS"
33.6,0,1.02086887103473,0.89731173176732,1.16143945849799,"RS"
33.6,1,0.992371749657815,0.900586230057591,1.09351182224487,"RS"
33.6,2,0.966262835480378,0.898882948173049,1.03869349076899,"RS"
33.6,3,0.943950158841608,0.888835420405623,1.00248244154184,"RS"
33.6,4,0.926727836821234,0.871592778245524,0.985350618976144,"RS"
33.6,5,0.915843277372375,0.855801674178507,0.980097298259337,"RS"
33.6,6,0.912583004463241,0.84961035200749,0.980223155317455,"RS"
33.6,7,0.917874885058835,0.856811386302228,0.983290276122209,"RS"
33.6,8,0.930843902713123,0.875046306540473,0.990199449722633,"RS"
33.6,9,0.950245975027006,0.897994516322593,1.00553778073478,"RS"
33.6,10,0.974865218446766,0.916485343768058,1.03696387574505,"RS"
33.6,11,1.00342754178643,0.926000658243112,1.08732841888673,"RS"
33.6,12,1.034531957574,0.929141468971716,1.15187665924151,"RS"
33.7,0,1.01929885803566,0.893745430383831,1.16249004098023,"RS"
33.7,1,0.99077485114521,0.897527299723893,1.09371024810476,"RS"
33.7,2,0.964629659817902,0.896253430293027,1.03822239240543,"RS"
33.7,3,0.94225976816334,0.886444125453636,1.00158988615878,"RS"
33.7,4,0.924947932554944,0.869167327673641,0.984308372735915,"RS"
33.7,5,0.913929559861769,0.853177221544157,0.979007900465727,"RS"
33.7,6,0.910477385590422,0.846753727932784,0.978996657853952,"RS"
33.7,7,0.915506439051229,0.85373715327404,0.981744834144782,"RS"
33.7,8,0.928142466298555,0.871755692129159,0.988176441547264,"RS"
33.7,9,0.94714546719044,0.894419177978761,1.00297998757882,"RS"
33.7,10,0.971304334832444,0.912420648662115,1.03398811967666,"RS"
33.7,11,0.999351730963497,0.921205787351699,1.08412679977927,"RS"
33.7,12,1.02989656886275,0.923489662321716,1.14856395889546,"RS"
33.8,0,1.01770261814925,0.89013048439833,1.16355819415387,"RS"
33.8,1,0.989156668553853,0.894428836890947,1.09391700556704,"RS"
33.8,2,0.962979459992394,0.893592768257304,1.03775396725259,"RS"
33.8,3,0.940555577334207,0.884027858820315,1.00069786854341,"RS"
33.8,4,0.923156113309918,0.866719451872402,0.983267662564168,"RS"
33.8,5,0.912004190814398,0.850530104389516,0.977921463062181,"RS"
33.8,6,0.90835845769414,0.843872970050482,0.977771675297429,"RS"
33.8,7,0.913120879729916,0.850636484485785,0.980195131769791,"RS"
33.8,8,0.925418184757747,0.868435355754794,0.986139971162264,"RS"
33.8,9,0.94401475402188,0.890809041680815,1.00039830548813,"RS"
33.8,10,0.967704548548909,0.908312583321553,1.03097998472926,"RS"
33.8,11,0.995227301693404,0.916356255003171,1.08088680207951,"RS"
33.8,12,1.02520220019852,0.917772194383014,1.14520744660221,"RS"
33.9,0,1.01608076616682,0.886468472348884,1.16464392764982,"RS"
33.9,1,0.987517717651265,0.891291996030157,1.09413216658367,"RS"
33.9,2,0.961312667123993,0.890901752762238,1.03728838910442,"RS"
33.9,3,0.938837956495743,0.881587151326949,0.999806663731895,"RS"
33.9,4,0.921352720627202,0.864249600449573,0.982228785949757,"RS"
33.9,5,0.910067525086931,0.84786082755064,0.976838265556483,"RS"
33.9,6,0.906226643143749,0.840968692590918,0.976548515989853,"RS"
33.9,7,0.910718764891805,0.847510124931962,0.978641604774502,"RS"
33.9,8,0.922671823299658,0.865086193819846,0.984090717887938,"RS"
33.9,9,0.940854882458116,0.887165215768672,0.99779375263073,"RS"
33.9,10,0.964067264422533,0.904162634868669,1.02794083109412,"RS"
33.9,11,0.991056092006676,0.911454163055265,1.07761006237676,"RS"
33.9,12,1.02045119240469,0.911991959892089,1.14180900915329,"RS"
34,0,1.01443391573555,0.882760986674354,1.16574722368669,"RS"
34,1,0.985858512840232,0.888117945010182,1.09435578100881,"RS"
34,2,0.959629710867173,0.88818118923699,1.03682581115022,"RS"
34,3,0.937107274272205,0.879122550633703,0.998916525188513,"RS"
34,4,0.919538094435454,0.861758240890199,0.981192017664409,"RS"
34,5,0.908119915676072,0.845169913976212,0.975758563585982,"RS"
34,6,0.904082361925225,0.838041526811738,0.975327464086288,"RS"
34,7,0.908300649026668,0.844358834236897,0.977084665393336,"RS"
34,8,0.91990414243322,0.861709114168081,0.982029338383831,"RS"
34,9,0.937666892811765,0.883488817100555,0.995167323974402,"RS"
34,10,0.960393878122326,0.899972299085345,1.0248719900293,"RS"
34,11,0.986839927545438,0.906501624450746,1.07429817700321,"RS"
34,12,1.01564586990427,0.906151865066355,1.13837047940972,"RS"
34.1,0,1.01276267922077,0.879009630476266,1.16686803973545,"RS"
34.1,1,0.984179567062562,0.884907862706142,1.09458787863105,"RS"
34.1,2,0.957931019344753,0.885431896078791,1.03636636751701,"RS"
34.1,3,0.935363897723627,0.876634619956912,0.998027685933437,"RS"
34.1,4,0.917712573012889,0.859245857415994,0.980157610766574,"RS"
34.1,5,0.906161713679564,0.84245790343811,0.974682590058944,"RS"
34.1,6,0.901926031588333,0.835092119593705,0.974108780780321,"RS"
34.1,7,0.905867083228949,0.841183385297889,0.975524703435656,"RS"
34.1,8,0.917115897810166,0.858305034911212,0.979956467461659,"RS"
34.1,9,0.934451818496512,0.879780970016893,0.992519991736888,"RS"
34.1,10,0.956685775702987,0.895743078996537,1.02177476431941,"RS"
34.1,11,0.982580620845909,0.901500760620942,1.07095270313131,"RS"
34.1,12,1.01078853965548,0.900254823310335,1.13489363838339,"RS"
34.2,0,1.01106766757157,0.87521601448032,1.16800631100838,"RS"
34.2,1,0.982481391705268,0.881662936743826,1.09482847108451,"RS"
34.2,2,0.956217019083676,0.88265470295886,1.03591017474915,"RS"
34.2,3,0.93360819230019,0.874123936798537,0.997140359663799,"RS"
34.2,4,0.915876492950384,0.856712949838898,0.97912579761615,"RS"
34.2,5,0.904193268258454,0.839725351245623,0.973610556298142,"RS"
34.2,6,0.899758067195576,0.832121132050798,0.972892705522707,"RS"
34.2,7,0.9034186151126,0.837984562942405,0.97396208739953,"RS"
34.2,8,0.914307840073367,0.854874883258713,0.977872718909485,"RS"
34.2,9,0.931210685762182,0.876042805296405,0.989852705866667,"RS"
34.2,10,0.952944333164774,0.891476483448072,1.01865042877909,"RS"
34.2,11,0.978279970648177,0.896453698917098,1.06757515990784,"RS"
34.2,12,1.00588149012937,0.894303751021289,1.13138021732484,"RS"
34.3,0,1.00934949018973,0.871381754193581,1.16916195277592,"RS"
34.3,1,0.980764496509179,0.878384361377863,1.09507755363954,"RS"
34.3,2,0.954488134952532,0.879850449202201,1.03545733322208,"RS"
34.3,3,0.931840521797932,0.871591091694071,0.99625474186171,"RS"
34.3,4,0.914030189115737,0.854160032415535,0.978096790893298,"RS"
34.3,5,0.902214926600606,0.836972826970121,0.972542653179822,"RS"
34.3,6,0.897578881272907,0.829129238161092,0.971679457226659,"RS"
34.3,7,0.900955788728912,0.834763162605268,0.97239716557542,"RS"
34.3,8,0.911480714710622,0.851419594356122,0.975778686321717,"RS"
34.3,9,0.927944513439586,0.872275459108998,0.987166394549489,"RS"
34.3,10,0.94917091603013,0.887174025684825,1.01550023079411,"RS"
34.3,11,0.973939761233176,0.891362570080037,1.06416702961373,"RS"
34.3,12,1.00092699032913,0.888301563509359,1.12783189980143,"RS"
34.4,0,1.00760875480198,0.867508467252161,1.17033486251667,"RS"
34.4,1,0.979029389479966,0.87507333550174,1.09533510687529,"RS"
34.4,2,0.95274479010083,0.87701998224345,1.03500792848789,"RS"
34.4,3,0.930061248315776,0.86903668698448,0.995371010883627,"RS"
34.4,4,0.912173994619069,0.851587632708759,0.977070784615154,"RS"
34.4,5,0.900227033885477,0.834200913186364,0.971479052261832,"RS"
34.4,6,0.895388883762189,0.826117123424188,0.970469235453963,"RS"
34.4,7,0.898479144487353,0.831519989031188,0.970830267134381,"RS"
34.4,8,0.90863526191388,0.847940110136687,0.973674943929962,"RS"
34.4,9,0.92465431269511,0.868480071969911,0.984461964736122,"RS"
34.4,10,0.945366878936982,0.882837221935134,1.01232539089377,"RS"
34.4,11,0.969561761786758,0.886229505757775,1.06072975883967,"RS"
34.4,12,0.995927288851201,0.882251171045372,1.12425032375219,"RS"
34.5,0,1.00584606733556,0.863597770953238,1.17152492190625,"RS"
34.5,1,0.977276576801602,0.871731060786661,1.09560109823687,"RS"
34.5,2,0.950987405900019,0.874164156160062,1.0345620325513,"RS"
34.5,3,0.928270732213877,0.866461335617005,0.994489329026184,"RS"
34.5,4,0.910308240779374,0.848996290461938,0.976047955144734,"RS"
34.5,5,0.898229933250112,0.831410204235965,0.97041990689534,"RS"
34.5,6,0.893188481975404,0.823085483550262,0.969262221576783,"RS"
34.5,7,0.89598921907936,0.828255855007281,0.96926170319603,"RS"
34.5,8,0.905772216443866,0.844437378190822,0.971562047430162,"RS"
34.5,9,0.921341086794977,0.864657787699321,0.981740302686938,"RS"
34.5,10,0.941533565248636,0.878467590006989,1.00912710334909,"RS"
34.5,11,0.965147725790727,0.881056636079766,1.05726475966827,"RS"
34.5,12,0.990884612987817,0.876155475047538,1.12063708350706,"RS"
34.6,0,1.00406203179712,0.85965127996451,1.17273199865204,"RS"
34.6,1,0.975506562752226,0.868358739945522,1.0958754834809,"RS"
34.6,2,0.94921640188624,0.871283830283295,1.03411970507578,"RS"
34.6,3,0.926469332073279,0.863865659979018,0.993609843564283,"RS"
34.6,4,0.908433257092198,0.846386556491004,0.97502846218696,"RS"
34.6,5,0.896223965756382,0.828601305017865,0.969365353315223,"RS"
34.6,6,0.890978080550585,0.820035023185074,0.968058579910728,"RS"
34.6,7,0.893486545405088,0.824971580129668,0.967691767872099,"RS"
34.6,8,0.902892307500062,0.840912350657345,0.969440534801909,"RS"
34.6,9,0.918005830879109,0.860809752391337,0.979002274529208,"RS"
34.6,10,0.937672306680149,0.874066647901155,1.00590653679112,"RS"
34.6,11,0.960699390440665,0.875846087295517,1.05377341085462,"RS"
34.6,12,0.985801167870846,0.870017364416448,1.11699373175999,"RS"
34.7,0,1.002257250155,0.85567060420366,1.17395594818071,"RS"
34.7,1,0.973719849622426,0.864957575117731,1.09615820801346,"RS"
34.7,2,0.947432195704814,0.86837986788675,1.03368099451968,"RS"
34.7,3,0.924657404656883,0.861250290768415,0.992732687757902,"RS"
34.7,4,0.906549371198445,0.843758991598796,0.97401244976726,"RS"
34.7,5,0.894209470359443,0.82577482981004,0.968315511704875,"RS"
34.7,6,0.888758081409464,0.816966454674639,0.966858458815434,"RS"
34.7,7,0.890971652503078,0.82166798960758,0.966120739282044,"RS"
34.7,8,0.89999625859601,0.837365983140057,0.967310927116246,"RS"
34.7,9,0.914649531744551,0.856937113396091,0.976248726823252,"RS"
34.7,10,0.933784422941079,0.869635912446055,1.00266483484431,"RS"
34.7,11,0.956218476090395,0.870599979484393,1.05025705899759,"RS"
34.7,12,0.980679135656585,0.863839712026054,1.1133217814871,"RS"
34.8,0,1.00043232222474,0.851657346880017,1.17519661518636,"RS"
34.8,1,0.971916937635926,0.861528766370138,1.09644920812517,"RS"
34.8,2,0.945635203056455,0.865453134951639,1.03324593920339,"RS"
34.8,3,0.922835304871705,0.858615865903412,0.991857981824732,"RS"
34.8,4,0.904656908854305,0.841114165515586,0.973000047188792,"RS"
34.8,5,0.892186783877398,0.822931401126033,0.967270487231763,"RS"
34.8,6,0.886528883716828,0.813880496872572,0.965661991759532,"RS"
34.8,7,0.888445065482835,0.818345913107849,0.964548880537725,"RS"
34.8,8,0.897084787439889,0.833799233652769,0.965173729328719,"RS"
34.8,9,0.911273167638346,0.853041018318278,0.97348048713384,"RS"
34.8,10,0.929871221394473,0.865176897958842,0.99940311677021,"RS"
34.8,11,0.951706685722839,0.865320424342465,1.04671701969569,"RS"
34.8,12,0.975520674751228,0.857625371376618,1.10962270780255,"RS"
34.9,0,0.998587845557984,0.847613102690396,1.17645383504692,"RS"
34.9,1,0.970098324872675,0.85807351030909,1.09674841212821,"RS"
34.9,2,0.943825837645198,0.862504499007403,1.03281456830872,"RS"
34.9,3,0.921003385732426,0.85596302947401,0.990985833876307,"RS"
34.9,4,0.902756193902294,0.838452655869166,0.971991369964871,"RS"
34.9,5,0.890156240962177,0.820071648609296,0.966230371050691,"RS"
34.9,6,0.884290883841557,0.810777873992571,0.964469298347487,"RS"
34.9,7,0.885907305460271,0.815006183642117,0.962976440694725,"RS"
34.9,8,0.894158605820332,0.830213061595457,0.963029431054828,"RS"
34.9,9,0.907877708059803,0.849122614035264,0.970698364603549,"RS"
34.9,10,0.925933996731967,0.860691114936668,0.996122478117042,"RS"
34.9,11,0.94716570444708,0.860009523051398,1.04315457868147,"RS"
34.9,12,0.970327919076631,0.851377173414135,1.10589794974641,"RS"
35,0,0.996724415334646,0.843539456161011,1.17772743511664,"RS"
35,1,0.968264507194323,0.854592998798356,1.09705574140033,"RS"
35,2,0.942004511128037,0.859534828045917,1.03238690281223,"RS"
35,3,0.919161998326232,0.853292430736871,0.990116340815871,"RS"
35,4,0.900847548243394,0.835775047187324,0.970986520723734,"RS"
35,5,0.888118174071596,0.817196207967792,0.96519524127228,"RS"
35,6,0.882044475319336,0.807659314507882,0.963280485306371,"RS"
35,7,0.883358889496014,0.811649636498556,0.961403655668389,"RS"
35,8,0.891218419497421,0.826608426763813,0.960878507325486,"RS"
35,9,0.904464113572072,0.845183045737547,0.967903150525032,"RS"
35,10,0.921974030664838,0.856180068781782,0.992823991371165,"RS"
35,11,0.942597199021347,0.854669364233483,1.03957099292981,"RS"
35,12,0.965102977375985,0.845097923519267,1.10214891199973,"RS"
35.1,0,0.994842624258442,0.83943798012737,1.17901723590259,"RS"
35.1,1,0.966415978172083,0.851088417777624,1.09737111134126,"RS"
35.1,2,0.940171633066261,0.856544989507139,1.03196295635457,"RS"
35.1,3,0.917311491778915,0.850604723154786,0.989249589196716,"RS"
35.1,4,0.898931291810297,0.833081929935041,0.969985590083245,"RS"
35.1,5,0.886072913442612,0.814305719950723,0.964165163894697,"RS"
35.1,6,0.879790048817032,0.804525550099107,0.962095647431116,"RS"
35.1,7,0.880800330536532,0.808277108219465,0.959830749113106,"RS"
35.1,8,0.888264928098824,0.822986288394076,0.958721419320416,"RS"
35.1,9,0.901033335622918,0.841223455994062,0.965095618909481,"RS"
35.1,10,0.917992591630853,0.851645258563657,0.989508706606791,"RS"
35.1,11,0.938002817401675,0.849302021996109,1.03596749173583,"RS"
35.1,12,0.959847932558947,0.838790398667543,1.09837696652373,"RS"
35.2,0,0.992943062455666,0.835310234344158,1.18032305213277,"RS"
35.2,1,0.964553229016962,0.847560946176197,1.09769443224634,"RS"
35.2,2,0.938327610878489,0.853535849333812,1.03154273604809,"RS"
35.2,3,0.915452213222256,0.847900563481526,0.98838565604018,"RS"
35.2,4,0.897007742541727,0.830373899588262,0.968988657493661,"RS"
35.2,5,0.884020787065743,0.811400829368834,0.96314019369716,"RS"
35.2,6,0.877527992098708,0.801377314651235,0.960914868487292,"RS"
35.2,7,0.878232137358063,0.804889435625631,0.958257933263835,"RS"
35.2,8,0.885298825021017,0.819347604244635,0.956558615077838,"RS"
35.2,9,0.897586316374624,0.837244983844532,0.962276527048827,"RS"
35.2,10,0.913990934516749,0.847088175820972,0.986177652130697,"RS"
35.2,11,0.933384188315948,0.843909554068206,1.03234527775924,"RS"
35.2,12,0.954564841085795,0.832457344761411,1.09458345412077,"RS"
35.3,0,0.991026317377275,0.831157764217293,1.18164469372339,"RS"
35.3,1,0.962676748512359,0.844011754916546,1.09802561010298,"RS"
35.3,2,0.936472849795375,0.850508271092605,1.03112624322543,"RS"
35.3,3,0.913584507762651,0.845180610892409,0.987524609612909,"RS"
35.3,4,0.89507721635785,0.827651555745641,0.967995792046982,"RS"
35.3,5,0.881962120660659,0.808482184159218,0.962120375094203,"RS"
35.3,6,0.875258689993272,0.798215343300325,0.959738222070865,"RS"
35.3,7,0.875654814513311,0.801487454887973,0.956685409739214,"RS"
35.3,8,0.882320797335533,0.815693329715585,0.954390530179099,"RS"
35.3,9,0.894123988542904,0.83324876392076,0.959446616069504,"RS"
35.3,10,0.909970300396159,0.842510303405843,0.982831835119054,"RS"
35.3,11,0.928742920863011,0.838494000030456,1.02870552803219,"RS"
35.3,12,0.949255732390063,0.826101474133653,1.09076968591586,"RS"
35.4,0,0.989092973704246,0.826982099650575,1.18298196665257,"RS"
35.4,1,0.96078702294901,0.840442006002488,1.09836454731475,"RS"
35.4,2,0.934607752815991,0.847463115158924,1.0307134741315,"RS"
35.4,3,0.911708718450998,0.842445526160563,0.986666510163339,"RS"
35.4,4,0.893140027136747,0.824915501279277,0.96700705325183,"RS"
35.4,5,0.87989723765292,0.805550434495192,0.961105742950052,"RS"
35.4,6,0.872982524363734,0.79504037152993,0.958565772424787,"RS"
35.4,7,0.873068862280883,0.798072000646632,0.955113370305972,"RS"
35.4,8,0.8793315257002,0.812024417007047,0.952217588407235,"RS"
35.4,9,0.890647275244726,0.829235925598503,0.956606611475887,"RS"
35.4,10,0.9059319162828,0.837913114372371,0.97947224224384,"RS"
35.4,11,0.924080604136537,0.833057379640411,1.02504939492877,"RS"
35.4,12,0.943922608339177,0.819725463220761,1.0869369447584,"RS"
35.5,0,0.987143613256199,0.822784753999606,1.18433467374746,"RS"
35.5,1,0.958884536062267,0.836852851686846,1.09871114335811,"RS"
35.5,2,0.932732720665874,0.844401237962547,1.03030442056191,"RS"
35.5,3,0.909825186253809,0.839695970878562,0.98581141061768,"RS"
35.5,4,0.891196486691954,0.822166341525061,0.966022491773183,"RS"
35.5,5,0.87782645915186,0.802606231941443,0.960096323352883,"RS"
35.5,6,0.870699874078057,0.791853134316968,0.957397575212577,"RS"
35.5,7,0.870474776617444,0.794643905177351,0.953541997604673,"RS"
35.5,8,0.876331684275283,0.80834181431683,0.950040202378734,"RS"
35.5,9,0.88715708985495,0.825207592181267,0.953757223681748,"RS"
35.5,10,0.901876994898726,0.833298070911145,0.976099840286667,"RS"
35.5,11,0.919398806873303,0.827601691253066,1.02137800709445,"RS"
35.5,12,0.938567442732489,0.813331950404032,1.0830864865444,"RS"
35.6,0,0.985178814903252,0.818567223125971,1.18570261539144,"RS"
35.6,1,0.95696976897171,0.833245433713634,1.09906529537671,"RS"
35.6,2,0.930848151756713,0.841323491291145,1.02989907045046,"RS"
35.6,3,0.907934250025566,0.836932606724819,0.984959357235952,"RS"
35.6,4,0.889246904751046,0.819404683512941,0.965042150136584,"RS"
35.6,5,0.875750103929597,0.799650228654283,0.959092134348998,"RS"
35.6,6,0.868411114981596,0.788654365326496,0.956233678249372,"RS"
35.6,7,0.86787304911255,0.791203997604714,0.951971465837076,"RS"
35.6,8,0.873321940644502,0.804646465077675,0.947858774148041,"RS"
35.6,9,0.883654335871652,0.821164880117125,0.950899148528364,"RS"
35.6,10,0.897806734457444,0.828666623331056,0.97271557673817,"RS"
35.6,11,0.914699077125527,0.82212891033685,1.01769247033471,"RS"
35.6,12,0.933192180836162,0.806923534015459,1.07921954146038,"RS"
35.7,0,0.983199154481119,0.814330984544985,1.18708559015783,"RS"
35.7,1,0.955043200123063,0.829620882629977,1.09942689871768,"RS"
35.7,2,0.928954442147677,0.83823072164877,1.02949740840863,"RS"
35.7,3,0.906036246482286,0.834156094773886,0.984110390228859,"RS"
35.7,4,0.887291588935276,0.816631135237094,0.964066063396802,"RS"
35.7,5,0.873668488401175,0.796683076626625,0.958093186637278,"RS"
35.7,6,0.866116619871092,0.785444796154555,0.955074122191159,"RS"
35.7,7,0.865264166946129,0.787753103161587,0.950401941415654,"RS"
35.7,8,0.870302955740847,0.800939307234155,0.945673695784569,"RS"
35.7,9,0.880139906790026,0.817108898249422,0.948033067788101,"RS"
35.7,10,0.89372231846168,0.824020209089409,0.969320380381416,"RS"
35.7,11,0.909982941956898,0.816640988084562,1.01399386846204,"RS"
35.7,12,0.927798738954277,0.800502770504864,1.07533731515039,"RS"
35.8,0,0.981205204709414,0.810077496660661,1.18848339537587,"RS"
35.8,1,0.953105305232406,0.825980317163178,1.09979584741448,"RS"
35.8,2,0.927051985508375,0.835123769666364,1.0290994162199,"RS"
35.8,3,0.904131510176301,0.831367094849637,0.983264544336489,"RS"
35.8,4,0.885330844740232,0.813846304965761,0.96309425977111,"RS"
35.8,5,0.871581926605796,0.793705426976999,0.957099484224499,"RS"
35.8,6,0.863816758470211,0.782225155618057,0.953918941183125,"RS"
35.8,7,0.862648612848588,0.784292042493873,0.948833583575988,"RS"
35.8,8,0.867275383777131,0.797221272559011,0.943485349922213,"RS"
35.8,9,0.876614685984751,0.813040747101972,0.945159649652545,"RS"
35.8,10,0.889624915515572,0.819360251871028,0.965915161858088,"RS"
35.8,11,0.905251907161904,0.811139850118267,1.01028326410147,"RS"
35.8,12,0.922389004035532,0.794072172764219,1.07144098980822,"RS"
35.9,0,0.979197535113149,0.805808198081874,1.18989582763496,"RS"
35.9,1,0.951156557232669,0.82232484365857,1.10017203462034,"RS"
35.9,2,0.92514117308342,0.832003469561421,1.02870507329174,"RS"
35.9,3,0.902220373472233,0.828566264920106,0.982421849369966,"RS"
35.9,4,0.883364975517528,0.811050800590236,0.962126761237645,"RS"
35.9,5,0.869490730189169,0.790717929281745,0.956111025042301,"RS"
35.9,6,0.861511897406616,0.778996169090515,0.952768163468218,"RS"
35.9,7,0.860026865063504,0.780821631009561,0.947266544952956,"RS"
35.9,8,0.864239872181222,0.793493286008591,0.941294110281518,"RS"
35.9,9,0.873079546600696,0.808961518199191,0.942279549204445,"RS"
35.9,10,0.885515679151076,0.814688160716771,0.962500814216446,"RS"
35.9,11,0.900507457008082,0.805627395286859,1.00656169945465,"RS"
35.9,12,0.916964833314901,0.787634208604703,1.06753172519735,"RS"
36,0,0.977176711947401,0.801524507014055,1.19132268323218,"RS"
36,1,0.949197426222391,0.818655555573992,1.10055535299642,"RS"
36,2,0.923222393658597,0.828870648643958,1.02831435706783,"RS"
36,3,0.900303166524159,0.825754260532672,0.981582330717333,"RS"
36,4,0.881394282457502,0.808245229012331,0.961163584099452,"RS"
36,5,0.867395208386929,0.787721230949334,0.955127801526776,"RS"
36,6,0.859202400190545,0.775758557882245,0.951621811957183,"RS"
36,7,0.857399397312867,0.777342678270851,0.945700972121747,"RS"
36,8,0.861197061535888,0.789756265116823,0.939100342164856,"RS"
36,9,0.869535351451833,0.804872293421364,0.939393408872924,"RS"
36,10,0.881395747668345,0.81000532920161,0.959078213440349,"RS"
36,11,0.895751054000778,0.8001054945546,1.00283019702316,"RS"
36,12,0.911528053989549,0.781191299381664,1.0636106596011,"RS"
36.1,0,0.975143298125137,0.797227820721093,1.19276375856813,"RS"
36.1,1,0.947228379416719,0.814973533026967,1.10094569505822,"RS"
36.1,2,0.921296033528619,0.825726126866055,1.02792724340337,"RS"
36.1,3,0.898380217253955,0.822931734288147,0.980746009815031,"RS"
36.1,4,0.879419064572917,0.805430195569467,0.960204739515011,"RS"
36.1,5,0.865295668009133,0.784715976635624,0.954149801161805,"RS"
36.1,6,0.856888627194882,0.772513038663586,0.950479904761431,"RS"
36.1,7,0.854766678764846,0.773855987428096,0.944137006104864,"RS"
36.1,8,0.858147585523191,0.786011119427064,0.936904402925075,"RS"
36.1,9,0.865982952928245,0.80077414439511,0.936501858871585,"RS"
36.1,10,0.87726624398985,0.805313134662186,0.955648218958815,"RS"
36.1,11,0.890984138669996,0.794575989978711,0.999089760291882,"RS"
36.1,12,0.90608046292834,0.774745818762434,1.0596789107063,"RS"
36.2,0,0.973097853148162,0.792919515052439,1.19421885049574,"RS"
36.2,1,0.945249881100645,0.811279842390888,1.10134295348396,"RS"
36.2,2,0.919362476466451,0.822570716412306,1.02754370690588,"RS"
36.2,3,0.896451851330803,0.820099335352263,0.979912904586415,"RS"
36.2,4,0.877439618683658,0.802606303496389,0.959250233996184,"RS"
36.2,5,0.863192413425828,0.781702807698749,0.953177006987354,"RS"
36.2,6,0.854570935636697,0.769260322929567,0.949342455690184,"RS"
36.2,7,0.852129174004047,0.770362354694129,0.942574782846347,"RS"
36.2,8,0.855092070873363,0.782258749961008,0.934706642408208,"RS"
36.2,9,0.862423192911084,0.796668131918915,0.933605517619287,"RS"
36.2,10,0.873128275527991,0.800612937473555,0.952211674135811,"RS"
36.2,11,0.886208129378917,0.7890406937738,0.995341374373304,"RS"
36.2,12,0.900623826414227,0.768300091631721,1.05573757642321,"RS"
36.3,0,0.971040933041183,0.788600944030734,1.1956877566263,"RS"
36.3,1,0.943262392584447,0.807575535936725,1.10174702138804,"RS"
36.3,2,0.917422103694202,0.819405221328611,1.02716372124404,"RS"
36.3,3,0.894518392151856,0.817257709002995,0.979083029848799,"RS"
36.3,4,0.875456239402408,0.799774153422417,0.958300069874607,"RS"
36.3,5,0.861085746553647,0.778682361692249,0.952209398074045,"RS"
36.3,6,0.852249679560251,0.766001116504415,0.948209474713427,"RS"
36.3,7,0.849487343004215,0.766862568857552,0.941014433654547,"RS"
36.3,8,0.852031137318084,0.778500048723754,0.932507403370953,"RS"
36.3,9,0.85885690269536,0.792555305423484,0.930704992143517,"RS"
36.3,10,0.868982934065976,0.795906080374625,0.948769406740152,"RS"
36.3,11,0.881424422153654,0.783501387460758,0.991586006614207,"RS"
36.3,12,0.895159879918791,0.761856393129179,1.05178773564529,"RS"
36.4,0,0.968973090288937,0.784273439495602,1.19717027559666,"RS"
36.4,1,0.941266372161326,0.803861651516994,1.10215779256266,"RS"
36.4,2,0.915475293855554,0.81623043718687,1.02678725942688,"RS"
36.4,3,0.892580160824043,0.814407496212151,0.978256397690545,"RS"
36.4,4,0.873469219121294,0.796934342903025,0.957354245737659,"RS"
36.4,5,0.858975966843465,0.775655271894957,0.951246949965407,"RS"
36.4,6,0.849925209821425,0.762736119084223,0.947080968392199,"RS"
36.4,7,0.846841641103361,0.763357410833453,0.939456085614785,"RS"
36.4,8,0.848965397548125,0.77473589824404,0.930307021873683,"RS"
36.4,9,0.855284902920413,0.788436702466511,0.927800878466399,"RS"
36.4,10,0.864831295651684,0.791193887841627,0.945322229395538,"RS"
36.4,11,0.876634390533798,0.777959821097548,0.987824607165932,"RS"
36.4,12,0.889690327908214,0.755416947813645,1.04783044895187,"RS"
36.5,0,0.966894873776398,0.779938310799538,1.19866620730131,"RS"
36.5,1,0.939262275067215,0.800139212288937,1.10257516169057,"RS"
36.5,2,0.913522422989722,0.813047150783243,1.02641429405549,"RS"
36.5,3,0.890637476147011,0.811549333259596,0.97743301781973,"RS"
36.5,4,0.871478847999495,0.794087465984502,0.956412756835213,"RS"
36.5,5,0.856863371269061,0.772622166876168,0.950289635089199,"RS"
36.5,6,0.847597874073576,0.759466023816108,0.945956940277818,"RS"
36.5,7,0.844192518981271,0.759847653250036,0.937899861973298,"RS"
36.5,8,0.845895457175243,0.770967171148589,0.928105827649836,"RS"
36.5,9,0.851708003507951,0.784313348261377,0.924893761973504,"RS"
36.5,10,0.860674420504284,0.786477665508824,0.941870940010914,"RS"
36.5,11,0.871839385443311,0.77241771258923,0.984058109519807,"RS"
36.5,12,0.884216843679924,0.748983928948538,1.04386675925727,"RS"
36.6,0,0.964806828731992,0.775596844552102,1.20017535309268,"RS"
36.6,1,0.937250553442741,0.796409226474068,1.10299902453143,"RS"
36.6,2,0.911563864506935,0.809856139867745,1.0260447975495,"RS"
36.6,3,0.888690654597181,0.80868385137855,0.976612897885937,"RS"
36.6,4,0.869485413951801,0.791234112800374,0.955475595458397,"RS"
36.6,5,0.854748254316798,0.769583670094521,0.949337423139296,"RS"
36.6,6,0.845268016754784,0.756191516912155,0.944837391281612,"RS"
36.6,7,0.841540422639361,0.7563340600696,0.936345882493861,"RS"
36.6,8,0.842821914698301,0.767194729769453,0.925904144452576,"RS"
36.6,9,0.848127003607493,0.780186255239166,0.921984217765689,"RS"
36.6,10,0.856513352933346,0.781758699635506,0.93841632219145,"RS"
36.6,11,0.867040735081304,0.766876747074414,0.980287431009275,"RS"
36.6,12,0.878741069229171,0.742559457902861,1.03989769240949,"RS"
36.7,0,0.962709496673834,0.771250304408895,1.20169751595277,"RS"
36.7,1,0.93523165629732,0.792672687151432,1.10342927808428,"RS"
36.7,2,0.909599989165413,0.806658172903083,1.02567874235017,"RS"
36.7,3,0.886740010312918,0.805811676430335,0.975796043776654,"RS"
36.7,4,0.867489202638109,0.788374869198265,0.954542751291645,"RS"
36.7,5,0.852630907976309,0.766540399529063,0.948390281429572,"RS"
36.7,6,0.842935979076483,0.752913277296467,0.94372232001674,"RS"
36.7,7,0.838885793382846,0.75281738624232,0.934794263788494,"RS"
36.7,8,0.839745361473509,0.763419425783212,0.923702290379656,"RS"
36.7,9,0.844542691549096,0.776056422643313,0.919072810994327,"RS"
36.7,10,0.85234912127017,0.777038256618235,0.934959145630541,"RS"
36.7,11,0.862239744832247,0.761338576385327,0.976513473280382,"RS"
36.7,12,0.873264615144769,0.736145603662313,1.03592425774203,"RS"
36.8,0,0.960603415358925,0.766899930902062,1.20323250063909,"RS"
36.8,1,0.933206029475362,0.788930572082102,1.10386582072844,"RS"
36.8,2,0.907631165049825,0.803454008850737,1.02531610110212,"RS"
36.8,3,0.88478585508079,0.802933428607046,0.974982459889795,"RS"
36.8,4,0.865490497453848,0.785510316395822,0.953614211739324,"RS"
36.8,5,0.850511621732153,0.763492967340949,0.947448175221273,"RS"
36.8,6,0.840602099013448,0.749631976283649,0.942611723113642,"RS"
36.8,7,0.836229067805188,0.74929837739129,0.933245119623639,"RS"
36.8,8,0.83666638168873,0.759642099880841,0.921500578177429,"RS"
36.8,9,0.84095584480322,0.771924836156134,0.916160097180308,"RS"
36.8,10,0.848182737811091,0.772317582547192,0.931500166483338,"RS"
36.8,11,0.857437697195147,0.755804818578572,0.972737122732284,"RS"
36.8,12,0.867789060533218,0.729744382445083,1.03194744858183,"RS"
36.9,0,0.958489118735308,0.762546941309279,1.20478011380728,"RS"
36.9,1,0.931174115624571,0.785183843562626,1.10430855234484,"RS"
36.9,2,0.905657757551227,0.800244396982427,1.0249568468153,"RS"
36.9,3,0.882828498322918,0.800049722160604,0.97417214938379,"RS"
36.9,4,0.863489579521315,0.782641030664355,0.952689962228242,"RS"
36.9,5,0.848390682556463,0.760441979564236,0.946511068025303,"RS"
36.9,6,0.838266711295127,0.746348277287094,0.941505595510668,"RS"
36.9,7,0.833570677774775,0.745777769527296,0.931698561203179,"RS"
36.9,8,0.833585552341777,0.755863581467068,0.919299315524994,"RS"
36.9,9,0.837367229947581,0.767792467556394,0.91324662251728,"RS"
36.9,10,0.844015198772476,0.767597902805401,0.928040127722364,"RS"
36.9,11,0.852635851731214,0.750277057533682,0.968959250929484,"RS"
36.9,12,0.862315952970453,0.723357757416941,1.02796824271664,"RS"
37,0,0.95636713689713,0.758192529558413,1.20634016411309,"RS"
37,1,0.929136354166309,0.781433448305299,1.10475737441966,"RS"
37,2,0.90368012934844,0.797030076715187,1.024600953009,"RS"
37,3,0.880868247085394,0.797161165156706,0.973365114406648,"RS"
37,4,0.861486727681927,0.779767583038837,0.951769986487307,"RS"
37,5,0.846268374902537,0.757388035824265,0.945578921880873,"RS"
37,6,0.835930147398283,0.743062835555464,0.940403930721356,"RS"
37,7,0.830911050423814,0.742256288791832,0.93015469742963,"RS"
37,8,0.830503443222631,0.752084688388016,0.917098805299433,"RS"
37,9,0.833777602640864,0.763660274407074,0.910332924159642,"RS"
37,10,0.839847484257156,0.762880421709564,0.924579759475863,"RS"
37,11,0.847835445029557,0.744756842616548,0.965180714987492,"RS"
37,12,0.856846808480424,0.716987638500407,1.02398760282486,"RS"
37.1,0,0.954237996042602,0.753837866165263,1.20791246229568,"RS"
37.1,1,0.927093181268012,0.777680317343281,1.10521219013216,"RS"
37.1,2,0.901698640390876,0.793811777468408,1.02424839383932,"RS"
37.1,3,0.878905406027751,0.794268359252253,0.972561356305363,"RS"
37.1,4,0.859482218489354,0.776890539052923,0.95085426680561,"RS"
37.1,5,0.844144980699389,0.754331729082155,0.944651697611891,"RS"
37.1,6,0.83359273554095,0.739776297935812,0.939306721079805,"RS"
37.1,7,0.828250608139387,0.738734651226901,0.928613635144835,"RS"
37.1,8,0.82742061689949,0.748306226685933,0.914899345823126,"RS"
37.1,9,0.830187707603135,0.759529199772401,0.907419530495833,"RS"
37.1,10,0.835680558232012,0.758166322191155,0.921119779349538,"RS"
37.1,11,0.843037690690424,0.739245688404823,0.961402357933597,"RS"
37.1,12,0.851383111539718,0.710635882272854,1.02000647687072,"RS"
37.2,0,0.952102218434807,0.749484098201961,1.20949682124438,"RS"
37.2,1,0.925045029817626,0.773925365958735,1.10567290442825,"RS"
37.2,2,0.899713647882777,0.790590218541301,1.02389914421164,"RS"
37.2,3,0.876940277413496,0.791371899494856,0.97176087581697,"RS"
37.2,4,0.857476326203548,0.774010458497681,0.949942784270191,"RS"
37.2,5,0.842020779347227,0.751273645403971,0.943729355062458,"RS"
37.2,6,0.831254800677661,0.736489302661845,0.93821395796555,"RS"
37.2,7,0.825589768556631,0.735213562570168,0.927075479351403,"RS"
37.2,8,0.824337628708606,0.744528990379833,0.912701231094109,"RS"
37.2,9,0.826598278602826,0.755400171963217,0.904506961407503,"RS"
37.2,10,0.831515368516468,0.753456765516417,0.917660892732421,"RS"
37.2,11,0.838243779325521,0.73374507447241,0.957625009044409,"RS"
37.2,12,0.845926315107461,0.704304291948551,1.01602579846775,"RS"
37.3,0,0.949960322365336,0.745132349293798,1.21109305605068,"RS"
37.3,1,0.922992329400048,0.7701694936323,1.10613942408118,"RS"
37.3,2,0.897725506268865,0.787366109009335,1.02355317987929,"RS"
37.3,3,0.874973161101657,0.788472374143094,0.970963673242518,"RS"
37.3,4,0.855469322785632,0.771127895202748,0.949035518984684,"RS"
37.3,5,0.839896047713856,0.74821436375316,0.942811853312777,"RS"
37.3,6,0.828916664495939,0.733202479165862,0.937125632009271,"RS"
37.3,7,0.822928944554025,0.731693718074106,0.925540333416137,"RS"
37.3,8,0.821255026747806,0.740753761270861,0.910504751000405,"RS"
37.3,9,0.82301003845013,0.751274104309712,0.901595728515153,"RS"
37.3,10,0.827352846781588,0.748752891043855,0.914203793087598,"RS"
37.3,11,0.833454878574925,0.728256445230219,0.95384948416179,"RS"
37.3,12,0.840477840679683,0.697994617439803,1.01204648721307,"RS"
37.4,0,0.94781282212072,0.740783719642415,1.21270098404712,"RS"
37.4,1,0.920935506275545,0.766413584012329,1.10661165774086,"RS"
37.4,2,0.895734567221373,0.784140147638289,1.0232104775298,"RS"
37.4,3,0.873004354539364,0.785570364506264,0.970169748605142,"RS"
37.4,4,0.853461477893652,0.768243396838668,0.948132450270029,"RS"
37.4,5,0.837771060131987,0.745154455804914,0.941899150876748,"RS"
37.4,6,0.82657864541403,0.729916447912974,0.93604173328062,"RS"
37.4,7,0.820268544250715,0.728175802347784,0.924008299256603,"RS"
37.4,8,0.818173351873638,0.736981308771244,0.908310191519289,"RS"
37.4,9,0.819423698996675,0.747151894960555,0.898686335410877,"RS"
37.4,10,0.823193908559531,0.744055816017831,0.910749162228548,"RS"
37.4,11,0.828672133140115,0.722781209820391,0.950076585988767,"RS"
37.4,12,0.835039078367381,0.691708555492486,1.0080694489953,"RS"
37.5,0,0.945660227951621,0.736439286073437,1.2143204248345,"RS"
37.5,1,0.918874983360125,0.762658504902445,1.10708951597291,"RS"
37.5,2,0.893741179628449,0.780913022814681,1.02287101485975,"RS"
37.5,3,0.871034152755432,0.782666444802394,0.969379101793394,"RS"
37.5,4,0.851453058879183,0.765357504739202,0.947233556848382,"RS"
37.5,5,0.835646088397439,0.742094485781166,0.940991205882455,"RS"
37.5,6,0.824241058579858,0.726631820256268,0.934962251459404,"RS"
37.5,7,0.817608971005878,0.724660489220041,0.922479477511995,"RS"
37.5,8,0.815093137702073,0.733212389755691,0.906117834902358,"RS"
37.5,9,0.815839961141321,0.743034426707426,0.895779277878809,"RS"
37.5,10,0.81903945326308,0.739366635396812,0.907297670581873,"RS"
37.5,11,0.82389666483264,0.717320742061271,0.946307104366944,"RS"
37.5,12,0.829611386997486,0.685447749891438,1.00409557627828,"RS"
37.6,0,0.943503046044747,0.732100102106786,1.21595120029893,"RS"
37.6,1,0.91681118020785,0.758905108266079,1.10757291128868,"RS"
37.6,2,0.891745689583919,0.777685412491389,1.02253477063941,"RS"
37.6,3,0.86906284835494,0.779761182033364,0.968591732690901,"RS"
37.6,4,0.849444330784762,0.762470753742452,0.946338817011333,"RS"
37.6,5,0.833521401768226,0.73903501030496,0.940087976236713,"RS"
37.6,6,0.821904215871178,0.723349198311637,0.933887175991287,"RS"
37.6,7,0.814950623420048,0.721148441622804,0.920953967699351,"RS"
37.6,8,0.812014910612668,0.729447748434152,0.903927959847315,"RS"
37.6,9,0.812259514841942,0.738922566833969,0.892875044103928,"RS"
37.6,10,0.814890364214971,0.734686421714886,0.903849977437187,"RS"
37.6,11,0.819129572637963,0.711876380440459,0.942541816536885,"RS"
37.6,12,0.824196094235946,0.679213791731325,1.00012574836304,"RS"
37.7,0,0.94134177849747,0.727767198048014,1.21759313461984,"RS"
37.7,1,0.914744512995044,0.755154230246764,1.10806175816708,"RS"
37.7,2,0.889748440378377,0.774457984147364,1.02220172476796,"RS"
37.7,3,0.86709073151479,0.776855135876057,0.967807641293379,"RS"
37.7,4,0.847435556342153,0.759583672049677,0.945448208773462,"RS"
37.7,5,0.831397266964512,0.735976578273018,0.939189419774775,"RS"
37.7,6,0.819568425896913,0.720069174851045,0.932816496229119,"RS"
37.7,7,0.812293895338403,0.717640311493364,0.919431868356156,"RS"
37.7,8,0.808939189756146,0.725688116244858,0.901740841657288,"RS"
37.7,9,0.80868303913304,0.734817166988177,0.889974114869819,"RS"
37.7,10,0.810747508686764,0.730016224975106,0.900406731184925,"RS"
37.7,11,0.81437193279398,0.706449428153359,0.938781487382891,"RS"
37.7,12,0.818794496732162,0.673008219748773,0.996160831630164,"RS"
37.8,0,0.939176923295099,0.723441581099153,1.21924605427008,"RS"
37.8,1,0.912675394506392,0.751406691203019,1.10855597306937,"RS"
37.8,2,0.887749772491605,0.771231394760458,1.02187185832039,"RS"
37.8,3,0.865118089980242,0.773948858588479,0.967026827813974,"RS"
37.8,4,0.845426995971426,0.756696781100733,0.944561710012245,"RS"
37.8,5,0.829273948169419,0.73291973074536,0.938295494396267,"RS"
37.8,6,0.817233993999656,0.716792333213073,0.931750201560956,"RS"
37.8,7,0.809639175855952,0.714136739694515,0.917913277170299,"RS"
37.8,8,0.805866487065287,0.721934211766612,0.89955675238853,"RS"
37.8,9,0.805111202149055,0.730719063077229,0.887076963746036,"RS"
37.8,10,0.806611737946966,0.725357072573275,0.896968569542829,"RS"
37.8,11,0.809624798883764,0.7010411531847,0.935026869663495,"RS"
37.8,12,0.813407860283985,0.666832520711699,0.992201679764542,"RS"
37.9,0,0.937008974290784,0.719124235487653,1.22090978800914,"RS"
37.9,1,0.910604234122902,0.747663295756792,1.10905547444754,"RS"
37.9,2,0.885750023586287,0.768006290792377,1.02154515358678,"RS"
37.9,3,0.863145209062394,0.771042894929872,0.966249292777835,"RS"
37.9,4,0.843418907780828,0.753810595465113,0.943679298595275,"RS"
37.9,5,0.827151707030675,0.729865000850896,0.937406158188329,"RS"
37.9,6,0.814901222259301,0.713519247229647,0.930688281525744,"RS"
37.9,7,0.80698684932459,0.710638355951454,0.916398291098314,"RS"
37.9,8,0.802797307269083,0.718186740649323,0.897375960987254,"RS"
37.9,9,0.801544661153215,0.726629075183821,0.884184057265657,"RS"
37.9,10,0.80248388731815,0.720709969250793,0.893536119771858,"RS"
37.9,11,0.80488920194205,0.695652788430584,0.93127870422898,"RS"
37.9,12,0.808037420022511,0.660688129861954,0.9882491339644,"RS"
38,0,0.934838421188011,0.714816122612107,1.22258416687046,"RS"
38,1,0.908531437811694,0.74392483285447,1.1095601827472,"RS"
38,2,0.883749528503014,0.764783308184935,1.02122159410472,"RS"
38,3,0.861172371636608,0.768137782093901,0.965475037106769,"RS"
38,4,0.841411547567457,0.750925622747608,0.942800952495688,"RS"
38,5,0.825030802663098,0.726812913707973,0.936521369536927,"RS"
38,6,0.812570409497811,0.710250481167884,0.929630725917622,"RS"
38,7,0.804337295361992,0.707145778804436,0.914887006472768,"RS"
38,8,0.799732147910062,0.714446395561826,0.895198733416376,"RS"
38,9,0.797984062571791,0.722548007503016,0.881295855093645,"RS"
38,10,0.798364776242801,0.716075897075204,0.890109998882252,"RS"
38,11,0.800166150574996,0.690285531858727,0.927537720227119,"RS"
38,12,0.802684380615911,0.654576431407558,0.984304023136433,"RS"
38.1,0,0.932665749525652,0.710518181203539,1.22426902414347,"RS"
38.1,1,0.906457408117607,0.740192075839562,1.11007002040561,"RS"
38.1,2,0.881748619256551,0.761563072366756,1.02090116468569,"RS"
38.1,3,0.859199858141875,0.765234049654037,0.964704062194789,"RS"
38.1,4,0.839405168818707,0.748042363507674,0.941926649896659,"RS"
38.1,5,0.822911491651885,0.723763986358885,0.935641087227215,"RS"
38.1,6,0.810241851285077,0.706986589686098,0.928577524879717,"RS"
38.1,7,0.801690888862303,0.703659615576213,0.913379519099627,"RS"
38.1,8,0.796671499364727,0.710713856156041,0.893025332772875,"RS"
38.1,9,0.794430042033606,0.718476648298714,0.878412810186592,"RS"
38.1,10,0.794255208357607,0.711455815447103,0.886690813830433,"RS"
38.1,11,0.795456631092755,0.68494054670458,0.923804635298289,"RS"
38.1,12,0.797349916491542,0.648498759060928,0.980367164078626,"RS"
38.2,0,0.93049144066555,0.706231327501135,1.22596419535136,"RS"
38.2,1,0.904382544156587,0.736465782536205,1.11058491184542,"RS"
38.2,2,0.879747625033361,0.758346198269708,1.02058385143586,"RS"
38.2,3,0.85722794658108,0.762332219520309,0.963936369975294,"RS"
38.2,4,0.837400022714483,0.745161311191608,0.941056369285795,"RS"
38.2,5,0.820794028056715,0.720718727717449,0.934765270533785,"RS"
38.2,6,0.807915839945861,0.703728117803,0.927528668988255,"RS"
38.2,7,0.799048000008582,0.700180462353337,0.911875924346365,"RS"
38.2,8,0.793615844867014,0.706989789046597,0.890856019396445,"RS"
38.2,9,0.790883224414659,0.714415769878789,0.875535368944406,"RS"
38.2,10,0.790155971575954,0.706850661132119,0.883279161707457,"RS"
38.2,11,0.790761607654397,0.679618961701166,0.920080155761041,"RS"
38.2,12,0.792035172075583,0.642456396619709,0.976439361652321,"RS"
38.3,0,0.928315971782577,0.701956455441352,1.22766951822502,"RS"
38.3,1,0.902307241610844,0.732746695342745,1.11110478346483,"RS"
38.3,2,0.877746872190357,0.755133290354347,1.02026964177202,"RS"
38.3,3,0.855256912522184,0.759432805906664,0.96317196298059,"RS"
38.3,4,0.835396358130166,0.742282952076714,0.940190089540166,"RS"
38.3,5,0.818678663416627,0.717677638528754,0.933893879301609,"RS"
38.3,6,0.805592664567803,0.700475600879233,0.926484149327766,"RS"
38.3,7,0.796408994286975,0.696708903980449,0.910376317221561,"RS"
38.3,8,0.790565660534722,0.703274847805047,0.888691050970095,"RS"
38.3,9,0.78734422388772,0.710366128588024,0.872663971354513,"RS"
38.3,10,0.786067838178337,0.702261348316688,0.879875629919644,"RS"
38.3,11,0.786082022424727,0.674321871340503,0.916364976789141,"RS"
38.3,12,0.786741262049463,0.636450578586924,0.972521408944946,"RS"
38.4,0,0.926139815857159,0.697694436859433,1.22938483267388,"RS"
38.4,1,0.900231892725732,0.72903554133464,1.11162956362447,"RS"
38.4,2,0.875746684254869,0.75192494264374,1.01995852443316,"RS"
38.4,3,0.853287029100287,0.756536315308202,0.962410844394398,"RS"
38.4,4,0.83339442164033,0.739407765226673,0.93932779000272,"RS"
38.4,5,0.81656564675569,0.714641211340279,0.933026874018393,"RS"
38.4,6,0.803272611010468,0.697229564610405,0.925443957558115,"RS"
38.4,7,0.793774232502573,0.693245514066732,0.908880792446638,"RS"
38.4,8,0.787521415398821,0.699569672967856,0.886530682613307,"RS"
38.4,9,0.783813643976753,0.70632846481796,0.869799051129073,"RS"
38.4,10,0.781991564910438,0.697688768686371,0.876480796362033,"RS"
38.4,11,0.781418795742545,0.66905033616458,0.912659782581028,"RS"
38.4,12,0.781469271622342,0.630482490827321,0.968614087424694,"RS"
38.5,0,0.923963441670212,0.693446121702414,1.2311099807541,"RS"
38.5,1,0.89815688630836,0.72533303237606,1.11215918263169,"RS"
38.5,2,0.873747381925814,0.748721738765059,1.01965048948815,"RS"
38.5,3,0.851318567020571,0.753643246487618,0.961653018097955,"RS"
38.5,4,0.831394457523185,0.736536222457354,0.938469450550741,"RS"
38.5,5,0.814455224589419,0.71160993048361,0.93216421587905,"RS"
38.5,6,0.800955961915418,0.69399052503083,0.924408085974016,"RS"
38.5,7,0.791144070796915,0.689790855003753,0.90738944452041,"RS"
38.5,8,0.784483571435571,0.695874892057377,0.884375166968326,"RS"
38.5,9,0.780292077616032,0.702303503032825,0.866941035835738,"RS"
38.5,10,0.77792789308862,0.693133791525544,0.873095229585264,"RS"
38.5,11,0.776772826299891,0.66380538308395,0.908965246522585,"RS"
38.5,12,0.776220256818938,0.624553271256959,0.964718167088369,"RS"
38.6,0,0.921787313800461,0.689212338252769,1.23284480663468,"RS"
38.6,1,0.89608260772787,0.721639865239539,1.11269357272252,"RS"
38.6,2,0.87174928307604,0.745524251998404,1.01934552833999,"RS"
38.6,3,0.849351794562111,0.750754090470201,0.960898488710283,"RS"
38.6,4,0.829396707765742,0.733668788312392,0.937615051656999,"RS"
38.6,5,0.812347640931953,0.70858427206601,0.93130586684294,"RS"
38.6,6,0.79864299671728,0.690758988527259,0.923376527557683,"RS"
38.6,7,0.788518860667112,0.686345477993939,0.905902367777021,"RS"
38.6,8,0.781452583601395,0.692191119615065,0.882224754280139,"RS"
38.6,9,0.776780107213801,0.6982919518107,0.864090347022439,"RS"
38.6,10,0.773877548712555,0.688597263837259,0.869719488956453,"RS"
38.6,11,0.772144991331858,0.658588005722043,0.905282031344045,"RS"
38.6,12,0.770995244781974,0.618664010563178,0.960834406603504,"RS"
38.7,0,0.919611892624106,0.684993893361902,1.23458915656185,"RS"
38.7,1,0.894009438917392,0.717956721733112,1.11323266804165,"RS"
38.7,2,0.869752702755837,0.742333045332323,1.019043633727,"RS"
38.7,3,0.847386977582528,0.747869330546812,0.960147261623138,"RS"
38.7,4,0.827401412069688,0.730805920047855,0.936764574444178,"RS"
38.7,5,0.810243137303966,0.705564703971179,0.930451789684465,"RS"
38.7,6,0.796333991655812,0.687535451861897,0.922349276025198,"RS"
38.7,7,0.785898948986546,0.682909923089013,0.904419656437842,"RS"
38.7,8,0.778428899870409,0.688518957246207,0.880079692470652,"RS"
38.7,9,0.773278304720348,0.694294503899154,0.861247400336657,"RS"
38.7,10,0.769841242584761,0.684080010482167,0.866354124814613,"RS"
38.7,11,0.76753614681651,0.653399164783439,0.901610789271807,"RS"
38.7,12,0.765795234088553,0.612815752952265,0.956963553445765,"RS"
38.8,0,0.917437634316807,0.680791572692732,1.23634287882219,"RS"
38.8,1,0.891937758377631,0.71428426883442,1.11377640462096,"RS"
38.8,2,0.867757953197591,0.73914867152557,1.01874479972142,"RS"
38.8,3,0.845424379523484,0.744989442284277,0.959399343031136,"RS"
38.8,4,0.825408807857959,0.727948067625382,0.935918000733136,"RS"
38.8,5,0.808141952741301,0.702551685868559,0.929601948037614,"RS"
38.8,6,0.794029219788914,0.684320402204066,0.921326325867134,"RS"
38.8,7,0.783284678027109,0.679484719237711,0.902941404657832,"RS"
38.8,8,0.775412961274563,0.684858993675484,0.877940227207548,"RS"
38.8,9,0.769787231700359,0.690311836284558,0.858412605639627,"RS"
38.8,10,0.765819670436785,0.679582834335412,0.862999678621142,"RS"
38.8,11,0.762947127684499,0.648239788444351,0.897952162175859,"RS"
38.8,12,0.760621195079776,0.607009496922232,0.953106344032553,"RS"
38.9,0,0.915264990857932,0.676606140970693,1.23810582370469,"RS"
38.9,1,0.88986794118206,0.710623158831267,1.11432472035663,"RS"
38.9,2,0.865765343821568,0.735971673174645,1.01844902172561,"RS"
38.9,3,0.843464261417004,0.742114893542674,0.95865473995749,"RS"
38.9,4,0.823419130281998,0.725095673713224,0.935075313085538,"RS"
38.9,5,0.806044323804312,0.699545669230572,0.928756306434948,"RS"
38.9,6,0.791728951006599,0.681114317169892,0.920307672383953,"RS"
38.9,7,0.780676385482947,0.676070384342175,0.901467706566864,"RS"
38.9,8,0.772405201946309,0.681211804812723,0.875806601968291,"RS"
38.9,9,0.766307439409403,0.686344610274334,0.855586367115901,"RS"
38.9,10,0.761813513061772,0.675106516460429,0.859656683105851,"RS"
38.9,11,0.758378748037935,0.643110772763701,0.894306781713497,"RS"
38.9,12,0.755474070202925,0.601246196058276,0.949263503853676,"RS"
39,0,0.913094410037058,0.672438342242469,1.23987784346225,"RS"
39,1,0.887800358983712,0.706974029468185,1.11487755498532,"RS"
39,2,0.863775181242809,0.732802582786715,1.01815629646628,"RS"
39,3,0.841506881892607,0.739246144499038,0.957913460275802,"RS"
39,4,0.821432612229687,0.722249173694616,0.934236494841307,"RS"
39,5,0.803950484587911,0.696547097357243,0.927914830341539,"RS"
39,6,0.789433452045884,0.677917664869476,0.919293311716653,"RS"
39,7,0.778074404495687,0.672667425322431,0.899998656306465,"RS"
39,8,0.769406049163724,0.677577953828196,0.873679058099687,"RS"
39,9,0.762839468874428,0.682393471591447,0.852769083378658,"RS"
39,10,0.757823436453204,0.670651816298641,0.856325662409015,"RS"
39,11,0.753831801378118,0.638012982113201,0.890675269469913,"RS"
39,12,0.750354774365538,0.595526759848581,0.945435747599846,"RS"
39.1,0,0.910926335462672,0.668288900141886,1.24165879227274,"RS"
39.1,1,0.885735380023526,0.703337504098562,1.11543485005953,"RS"
39.1,2,0.861787769279113,0.72964192285753,1.01786662198697,"RS"
39.1,3,0.839552497185234,0.736383647677025,0.957175512728258,"RS"
39.1,4,0.819449484333947,0.719408995682989,0.933401530151382,"RS"
39.1,5,0.801860666732296,0.693556405407664,0.927077486184309,"RS"
39.1,6,0.787142986506587,0.674730903960971,0.918283240873089,"RS"
39.1,7,0.775479063681084,0.669276338188404,0.898534348062373,"RS"
39.1,8,0.766415923398039,0.673957991236902,0.871557834873413,"RS"
39.1,9,0.759383850978127,0.678459050480415,0.849961147571157,"RS"
39.1,10,0.753850091949543,0.666219471874072,0.853007132219864,"RS"
39.1,11,0.749307060841697,0.632947249624949,0.887058237096241,"RS"
39.1,12,0.745264195300752,0.589852054518263,0.941623779289695,"RS"
39.2,0,0.908761206573041,0.664158518162349,1.24344852619991,"RS"
39.2,1,0.883673369140235,0.699714191841949,1.11599654892242,"RS"
39.2,2,0.859803408960104,0.72649020595398,1.01757999763901,"RS"
39.2,3,0.837601361143961,0.733527847982115,0.956440906940621,"RS"
39.2,4,0.817469974981984,0.716575560543539,0.932570404006182,"RS"
39.2,5,0.799775099434352,0.690574020437829,0.926244241377181,"RS"
39.2,6,0.784857814868017,0.671554483711113,0.917277457750379,"RS"
39.2,7,0.772890687157082,0.665897608118949,0.897074876093323,"RS"
39.2,8,0.76343523836348,0.670352454991253,0.869443169537896,"RS"
39.2,9,0.755941106547057,0.6745419618242,0.847162947464668,"RS"
39.2,10,0.749894116384556,0.661810200011935,0.849701599911928,"RS"
39.2,11,0.744805279444878,0.627914377655116,0.883456286445559,"RS"
39.2,12,0.740203193943248,0.584222903879358,0.937828292395956,"RS"
39.3,0,0.906599458649218,0.660047879935318,1.24524690315436,"RS"
39.3,1,0.881614687781764,0.696104687746153,1.11656259668226,"RS"
39.3,2,0.857822398537352,0.723347934800973,1.01729642407128,"RS"
39.3,3,0.835653725241495,0.730679182741963,0.955709653434311,"RS"
39.3,4,0.815494310325182,0.713749281920687,0.931743102260162,"RS"
39.3,5,0.797694009459711,0.687600361444346,0.925415064342446,"RS"
39.3,6,0.782578194506522,0.668388844061691,0.916275961153777,"RS"
39.3,7,0.770309594573241,0.662531709547416,0.895620334756405,"RS"
39.3,8,0.760464401069374,0.666761870581631,0.867335297366857,"RS"
39.3,9,0.752511746443356,0.670642805271331,0.844374865553244,"RS"
39.3,10,0.74595613224308,0.65742469657029,0.846409564675612,"RS"
39.3,11,0.74032719033527,0.622915138262333,0.879870009707319,"RS"
39.3,12,0.735172604815193,0.578640090194873,0.934049969971378,"RS"
39.4,0,0.904441522830153,0.655957649514283,1.24705378285479,"RS"
39.4,1,0.879559694018121,0.692509572953781,1.11713294018664,"RS"
39.4,2,0.855845033495537,0.720215602372313,1.01701590321884,"RS"
39.4,3,0.833709838584415,0.727838081751531,0.954981763635906,"RS"
39.4,4,0.813522714289625,0.71093056627103,0.930919611652836,"RS"
39.4,5,0.795617621155465,0.684635839413622,0.924589924528694,"RS"
39.4,6,0.780304379713906,0.665234415701556,0.915278750812348,"RS"
39.4,7,0.76773610114149,0.659179106253284,0.894170818529339,"RS"
39.4,8,0.75750381187444,0.66318675114432,0.865234451704896,"RS"
39.4,9,0.749096271659966,0.666762165372643,0.841597279145624,"RS"
39.4,10,0.742036747822005,0.653063636683902,0.843131517648363,"RS"
39.4,11,0.735873507050988,0.617950273699511,0.876299989540645,"RS"
39.4,12,0.730173236421575,0.573104355055005,0.930289484774875,"RS"
39.5,0,0.902287826129861,0.651888471663781,1.24886902678967,"RS"
39.5,1,0.877508742555752,0.688929414872899,1.11770752799667,"RS"
39.5,2,0.853871606564638,0.717093691985307,1.01673843829073,"RS"
39.5,3,0.831769947924176,0.725004967322655,0.954257249884318,"RS"
39.5,4,0.811555408587233,0.708119812901376,0.930099919826592,"RS"
39.5,5,0.793546156463509,0.681680857376104,0.923768792425656,"RS"
39.5,6,0.778036621716659,0.662091620143733,0.914285827391773,"RS"
39.5,7,0.765170517668194,0.655840251459432,0.892726422029967,"RS"
39.5,8,0.754553864543217,0.659627597576314,0.863140864010369,"RS"
39.5,9,0.7456951734192,0.66290061172705,0.838830560454589,"RS"
39.5,10,0.738136557396247,0.648727675019469,0.839867942042756,"RS"
39.5,11,0.731444923786638,0.613020496917824,0.872746799206878,"RS"
39.5,12,0.725205871654314,0.567616400263748,0.926547499398393,"RS"
39.6,0,0.900138791456628,0.647840972152993,1.2506924981794,"RS"
39.6,1,0.875462184753331,0.685364767351486,1.11828631036123,"RS"
39.6,2,0.851902407733128,0.713982677398834,1.01646403375708,"RS"
39.6,3,0.829834297668833,0.722180254337733,0.953536125435913,"RS"
39.6,4,0.809592612727515,0.7053174140115,0.929284015341606,"RS"
39.6,5,0.791479834934512,0.678735810465194,0.922951639576244,"RS"
39.6,6,0.775775168696018,0.658960869807257,0.913297192504567,"RS"
39.6,7,0.762613150587474,0.652515587934647,0.891287240033263,"RS"
39.6,8,0.751614946304537,0.656084898656556,0.861054763895878,"RS"
39.6,9,0.742308933274567,0.659058699135783,0.836075076684028,"RS"
39.6,10,0.734256141389485,0.644417446041412,0.836619313272797,"RS"
39.6,11,0.727042115665803,0.608126492081687,0.869211002701726,"RS"
39.6,12,0.720271268204596,0.562176888734205,0.922824666394887,"RS"
