"exposure","lag","RR","RR_low","RR_high","state"
23,0,1.10744089614618,0.998362655722576,1.22843671227807,"GO"
23,1,1.0244671387224,0.946855866346644,1.10844000193143,"GO"
23,2,0.952771894017763,0.896910639740062,1.012112290577,"GO"
23,3,0.895584775811516,0.84959537764558,0.944063623425172,"GO"
23,4,0.855391159125182,0.809651977091773,0.90371425725128,"GO"
23,5,0.834596448406261,0.785611602858106,0.8866356214168,"GO"
23,6,0.836287214527891,0.784959805040665,0.890970850598635,"GO"
23,7,0.863662014134607,0.812664328451465,0.917859992797254,"GO"
23,8,0.916008134244295,0.867309685036456,0.967440945809852,"GO"
23,9,0.992449830208458,0.944644416425122,1.04267452213207,"GO"
23,10,1.0925921685226,1.03714305076708,1.1510057805758,"GO"
23,11,1.21572252868933,1.1381238170581,1.29861201796407,"GO"
23,12,1.35995417990462,1.24602325956962,1.48430244558908,"GO"
24,0,1.10224789068148,0.997516361581052,1.21797542306583,"GO"
24,1,1.02180119696482,0.947147621330189,1.10233892014892,"GO"
24,2,0.95215397935846,0.898312782046273,1.00922219802217,"GO"
24,3,0.896510260910503,0.85209426885501,0.943241466695722,"GO"
24,4,0.857362115875342,0.81312681338106,0.904003884316337,"GO"
24,5,0.837120371189146,0.78971722783482,0.887368910237867,"GO"
24,6,0.838841246202246,0.789178840617538,0.891628868026318,"GO"
24,7,0.865649975113216,0.816357690345772,0.917918564711654,"GO"
24,8,0.916796845193451,0.869813686134152,0.966317808923314,"GO"
24,9,0.991330562535795,0.945319216935291,1.03958140976289,"GO"
24,10,1.08874162718504,1.03549905714282,1.14472178664866,"GO"
24,11,1.2081989633583,1.13384652147964,1.28742709653079,"GO"
24,12,1.34773882168258,1.23881266537778,1.46624262266193,"GO"
25,0,1.09708841385397,0.996646206302505,1.20765320752878,"GO"
25,1,1.0191494051964,0.947421648006429,1.09630755461177,"GO"
25,2,0.951542039428187,0.899703802477625,1.00636704024786,"GO"
25,3,0.897440989852614,0.854589022658515,0.942441698773693,"GO"
25,4,0.859340969811082,0.816604758752036,0.904313738661531,"GO"
25,5,0.839654705994911,0.79383141221686,0.888123113357981,"GO"
25,6,0.841405654273795,0.793406919256089,0.892308168559597,"GO"
25,7,0.867645294305682,0.820054253335156,0.917998234469398,"GO"
25,8,0.917589628862245,0.872311702024684,0.965217737009938,"GO"
25,9,0.990216980870988,0.945980622998389,1.03652193857561,"GO"
25,10,1.08491056282265,1.03384046427862,1.13850344418996,"GO"
25,11,1.20072983515863,1.12956169402268,1.27638193174345,"GO"
25,12,1.33564352918464,1.23161087039179,1.44846369899716,"GO"
26,0,1.09197008659218,0.995751916741,1.19748568892012,"GO"
26,1,1.01651788227562,0.947678242613477,1.09035805458241,"GO"
26,2,0.950940858730279,0.901084208585246,1.00355605856468,"GO"
26,3,0.898380671840133,0.85707984661069,0.941671694565618,"GO"
26,4,0.8613306502592,0.820085317203848,0.904650374189696,"GO"
26,5,0.842201901114979,0.797952966538591,0.888904574562267,"GO"
26,6,0.843982710920076,0.797642490489663,0.893015135007068,"GO"
26,7,0.869650402305262,0.823752584044677,0.918105553631484,"GO"
26,8,0.918389418687205,0.874802843429156,0.964147671320328,"GO"
26,9,0.989112872934071,0.946628482373728,1.03350394967055,"GO"
26,10,1.08110393247043,1.03216765230697,1.13236033912776,"GO"
26,11,1.19332144930529,1.12526978071425,1.26548860173619,"GO"
26,12,1.32367586449256,1.22441788961753,1.43098023076699,"GO"
27,0,1.08690038541557,0.994833138721709,1.18748803375657,"GO"
27,1,1.01391268383794,0.947917644430622,1.08450236841508,"GO"
27,2,0.950355209921373,0.902454475022744,1.0007984336295,"GO"
27,3,0.899333031741856,0.859566927590019,0.940938833290903,"GO"
27,4,0.863334113599839,0.823567962488606,0.905020381624585,"GO"
27,5,0.844764434259145,0.80208065056526,0.889719692011334,"GO"
27,6,0.846574715854333,0.801883940298185,0.893756207734177,"GO"
27,7,0.87166775208216,0.827451189548028,0.918247117917599,"GO"
27,8,0.919199158414878,0.877286173379908,0.963114566795669,"GO"
27,9,0.988022009670147,0.947262598501797,1.03053524243075,"GO"
27,10,1.07732662290642,1.03048094736225,1.12630190339168,"GO"
27,11,1.18597994868035,1.12097116007238,1.25475880983507,"GO"
27,12,1.31184308782657,1.2172336617353,1.41380602687654,"GO"
28,0,1.08188664561364,0.993889444408279,1.17767496228314,"GO"
28,1,1.01133980370127,0.948140042045007,1.0787522445993,"GO"
28,2,0.949789854472591,0.903815049790429,0.998103282157383,"GO"
28,3,0.90030181053983,0.862050438192186,0.940250493649878,"GO"
28,4,0.865354343683698,0.827052143877926,0.905430383894602,"GO"
28,5,0.847344812961672,0.806213178141631,0.890574914327334,"GO"
28,6,0.849183996693177,0.806129595292901,0.894537881316449,"GO"
28,7,0.873699819290189,0.831148521372273,0.918429564149825,"GO"
28,8,0.920021802372728,0.879760711675048,0.962125388879388,"GO"
28,9,0.986948145684281,0.947882736851708,1.02762357030037,"GO"
28,10,1.0735834518957,1.02878063218655,1.12033740928289,"GO"
28,11,1.17871131735709,1.11666615887041,1.24420388191143,"GO"
28,12,1.30015216598785,1.21005807043453,1.39695415949408,"GO"
29,0,1.07693606492628,0.992920343903853,1.16806075639358,"GO"
29,1,1.00880517562841,0.948345583079157,1.07311923051339,"GO"
29,2,0.949249543569757,0.905166363451711,0.995479651421517,"GO"
29,3,0.901290765931213,0.864530545802377,0.939614046833878,"GO"
29,4,0.867394352351635,0.830537294452853,0.905887029416502,"GO"
29,5,0.849945575061108,0.810349224531365,0.891476734593946,"GO"
29,6,0.851812909387628,0.810377729386262,0.895366699118121,"GO"
29,7,0.87574910264325,0.834842981979578,0.918659565133911,"GO"
29,8,0.920860315834745,0.882225441967889,0.961187108124832,"GO"
29,9,0.985895019819562,0.948488634624703,1.02477663371223,"GO"
29,10,1.06987916965186,1.02706696145579,1.11447595980744,"GO"
29,11,1.17152138442958,1.11235507393255,1.23383475864741,"GO"
29,12,1.28860978116687,1.20289097307667,1.38043696834117,"GO"
30,0,1.07205570770883,0.99192530256252,1.1586592634163,"GO"
30,1,1.00631467544036,0.948534388545678,1.0676146676762,"GO"
30,2,0.94873901925179,0.906508842249543,0.992936510599495,"GO"
30,3,0.902303673086512,0.86700742512783,0.939036846593757,"GO"
30,4,0.86945718005836,0.834022842666068,0.9063969825317,"GO"
30,5,0.852569289255374,0.81448743702764,0.892431681492892,"GO"
30,6,0.854463838718862,0.81462657376044,0.896249244985812,"GO"
30,7,0.877818124362755,0.838532934558935,0.918943821646147,"GO"
30,8,0.921717675482389,0.884679322381233,0.960306691706035,"GO"
30,9,0.984866355877289,0.949080014901097,1.02200206906695,"GO"
30,10,1.06621846051076,1.02534018323421,1.10872647353786,"GO"
30,11,1.16441582813332,1.10803820165614,1.22366198095052,"GO"
30,12,1.27722234008705,1.19573223869585,1.36426605658524,"GO"
31,0,1.06725250956561,0.990903765870078,1.14948389380067,"GO"
31,1,1.0038741234745,0.948706573285482,1.06224968199777,"GO"
31,2,0.948263015786575,0.907842926260358,0.99048273781534,"GO"
31,3,0.903344325565498,0.869481275132984,0.938526215422609,"GO"
31,4,0.871545896601924,0.837508228085502,0.906966910187901,"GO"
31,5,0.855218555733688,0.818626449796324,0.89344630661908,"GO"
31,6,0.857139198860045,0.818874331146824,0.897192131048386,"GO"
31,7,0.879909430697171,0.842216717168968,0.919289050486146,"GO"
31,8,0.922596869961521,0.887121300754802,0.959491090720706,"GO"
31,9,0.983865863478341,0.949656606561057,1.01930743242373,"GO"
31,10,1.06260594481128,1.02360056823188,1.10309766230266,"GO"
31,11,1.15740018024273,1.10371587724843,1.21369566646577,"GO"
31,12,1.26599598345442,1.18858179768609,1.34845227584918,"GO"
32,0,1.06253328243702,0.989855194192534,1.14054761030712,"GO"
32,1,1.00148928738219,0.948862274273516,1.05703516720508,"GO"
32,2,0.947826261283749,0.909169093950246,0.988127101500761,"GO"
32,3,0.904416536392221,0.871952341488092,0.93808942574056,"GO"
32,4,0.873663601960831,0.84099292239989,0.90760346378781,"GO"
32,5,0.857896006886983,0.822764904113486,0.894527166816434,"GO"
32,6,0.859841434005646,0.823119195653648,0.898201980389703,"GO"
32,7,0.882025592514873,0.845892662509101,0.919701967320047,"GO"
32,8,0.923500900536049,0.889550335877785,0.958747221931314,"GO"
32,9,0.982897239064819,0.950218171564407,1.01670017630868,"GO"
32,10,1.05904618097801,1.0218484487901,1.09759799975435,"GO"
32,11,1.15047983073211,1.09938852592599,1.20394547487799,"GO"
32,12,1.25493659568584,1.18143970582891,1.33300569755832,"GO"
33,0,1.05790472012588,0.988779110171236,1.13186290583223,"GO"
33,1,0.999165885260662,0.949001688925157,1.0519817592732,"GO"
33,2,0.947433479544117,0.910487894726349,0.985878234472144,"GO"
33,3,0.905524139290639,0.874420945802394,0.937733674809929,"GO"
33,4,0.875813427240618,0.844476456936249,0.908313254957755,"GO"
33,5,0.86060430809848,0.826901475367881,0.895680800168073,"GO"
33,6,0.862573019069696,0.827359379619711,0.899285403120707,"GO"
33,7,0.884169205971573,0.849559124850268,0.920189262785193,"GO"
33,8,0.924432781839026,0.891965426312903,0.958081942336243,"GO"
33,9,0.981964167041218,0.950764541413579,1.01418761780842,"GO"
33,10,1.05554366780137,1.0200842697064,1.09223567868196,"GO"
33,11,1.14366003268747,1.09505672849561,1.1944205595299,"GO"
33,12,1.24404981488986,1.17430622552133,1.31793556765009,"GO"
34,0,1.0533734042499,0.987675162027755,1.12344176652469,"GO"
34,1,0.996909589114571,0.949125125874352,1.04709979935791,"GO"
34,2,0.947089392145577,0.911799991275969,0.983744598921801,"GO"
34,3,0.906670990082533,0.876887523039127,0.937466051983681,"GO"
34,4,0.877998535731881,0.847958458084153,0.90910282384473,"GO"
34,5,0.863346158616185,0.831034908395609,0.896913694078536,"GO"
34,6,0.865336460454488,0.831593149208684,0.900448964141229,"GO"
34,7,0.886342893253603,0.85321451590658,0.920757570077705,"GO"
34,8,0.925395542722048,0.894365648655993,0.957502014725993,"GO"
34,9,0.981070321054432,0.951295664800822,1.01177689594052,"GO"
34,10,1.05210284691048,1.018308653061,1.08701855488488,"GO"
34,11,1.13694590745706,1.09072130373068,1.18512950289135,"GO"
34,12,1.233341043076,1.16718192707672,1.30325024167018,"GO"
35,0,1.04894581060819,0.986543206462516,1.11529561643612,"GO"
35,1,0.994726028643275,0.949233070965367,1.04239928245876,"GO"
35,2,0.946798720765781,0.9131062136096,0.98173444039993,"GO"
35,3,0.907860968249508,0.87935266856312,0.937293496837523,"GO"
35,4,0.88022212408179,0.851438692107388,0.909978598465357,"GO"
35,5,0.866124292509125,0.83516406286429,0.898232243736201,"GO"
35,6,0.86813429689129,0.835818870656263,0.90169914068485,"GO"
35,7,0.888549303398426,0.85685735163875,0.921413422035607,"GO"
35,8,0.926392227203826,0.896750207249761,0.957014062205441,"GO"
35,9,0.980219365412074,0.951811668485795,1.0094749162483,"GO"
35,10,1.04872810543486,1.01652247902154,1.08195407561241,"GO"
35,11,1.13034245002946,1.08638340966115,1.17608023371519,"GO"
35,12,1.22281545657006,1.16006781265859,1.28895709760262,"GO"
36,0,1.04462831595099,0.98538341508007,1.10743523971117,"GO"
36,1,0.992620795350274,0.949326271316421,1.03788978892948,"GO"
36,2,0.946566189742012,0.914407626704157,0.979855728885553,"GO"
36,3,0.909097978661096,0.88181719619907,0.937222746809667,"GO"
36,4,0.882487423581268,0.854917120800881,0.910946843653739,"GO"
36,5,0.868941479709203,0.839287970476968,0.899642699191934,"GO"
36,6,0.870969100354672,0.840035069187557,0.903042267635679,"GO"
36,7,0.890791113193773,0.860486312090533,0.92216319562038,"GO"
36,8,0.927425895518935,0.899118497412529,0.956624509621742,"GO"
36,9,0.979414956638715,0.952312933265971,1.00728828075225,"GO"
36,10,1.04542377885095,1.01472698405725,1.0770491911205,"GO"
36,11,1.1238545346287,1.08204466516695,1.16727992444804,"GO"
36,12,1.21247801661456,1.1529654646098,1.27506242458972,"GO"
37,0,1.04042720514287,0.984196408190999,1.09987067641414,"GO"
37,1,0.990599446972086,0.949405840152183,1.03358039611818,"GO"
37,2,0.946396528869144,0.91570561338876,0.978116085300564,"GO"
37,3,0.910385953471108,0.884282208412429,0.937260273239541,"GO"
37,4,0.884797701570109,0.858393969255478,0.912013598351304,"GO"
37,5,0.871800527140667,0.843405905651622,0.901151099405137,"GO"
37,6,0.873843477052163,0.844240502558331,0.904484468670532,"GO"
37,7,0.893071028156903,0.86410031628826,0.923013041771829,"GO"
37,8,0.928499625267791,0.901470184056847,0.956339510024286,"GO"
37,9,0.978660745169806,0.952800186369802,1.00522320192388,"GO"
37,10,1.04219415401012,1.01292387695286,1.07231024894029,"GO"
37,11,1.11748692051672,1.07770729195714,1.15873486877698,"GO"
37,12,1.2023334801354,1.14587721848095,1.26157128716713,"GO"
38,0,1.03634867871113,0.982983419211902,1.09261108872762,"GO"
38,1,0.988667512224445,0.949473384504442,1.02947956802206,"GO"
38,2,0.946294476436904,0.917001973520299,0.976522692418362,"GO"
38,3,0.911728854184656,0.886749179189262,0.937412205233571,"GO"
38,4,0.887156262962452,0.861869806549981,0.913184600425914,"GO"
38,5,0.874704279939249,0.847517470963213,0.902763191978198,"GO"
38,6,0.87676006849098,0.848434250842378,0.906031571612163,"GO"
38,7,0.89539178359554,0.867698613873199,0.923968798972361,"GO"
38,8,0.929616512669028,0.903805297040118,0.956164854816696,"GO"
38,9,0.977960377183215,0.953274610592272,1.00328540035921,"GO"
38,10,1.03904347234503,1.01111547136169,1.06774287210627,"GO"
38,11,1.11124425799431,1.07337427500945,1.15045034120503,"GO"
38,12,1.19238641065734,1.1388063587903,1.24848736692215,"GO"
39,0,1.03239886077249,0.981746491455627,1.08566459569824,"GO"
39,1,0.986830495864488,0.949531156666381,1.02559502206025,"GO"
39,2,0.946264782508063,0.918299039450185,0.975082190166666,"GO"
39,3,0.913130673898467,0.889220049315308,0.937684241663572,"GO"
39,4,0.889566451895179,0.86534563942273,0.914465198975603,"GO"
39,5,0.877655622763149,0.851622697915412,0.904484338021107,"GO"
39,6,0.879721552623677,0.852615823374614,0.907689007092916,"GO"
39,7,0.897756145752137,0.871280894363389,0.925035889630773,"GO"
39,8,0.930779673915563,0.906124343582931,0.956105867268394,"GO"
39,9,0.97731749656852,0.953737968898042,1.00147998742521,"GO"
39,10,1.0359759332515,1.00930483133392,1.06335182489703,"GO"
39,11,1.10513109459247,1.0690495368075,1.14243044329111,"GO"
39,12,1.18264118935282,1.13175733239511,1.23581278664566,"GO"
40,0,1.02858380733242,0.980488706617912,1.07903807720117,"GO"
40,1,0.985093884068404,0.949582228290462,1.02193357406868,"GO"
40,2,0.946312212439663,0.919599806205479,0.973800556904809,"GO"
40,3,0.914595439717374,0.891697332494488,0.938081552864787,"GO"
40,4,0.892031653501941,0.868823017827264,0.915860255221286,"GO"
40,5,0.880657481198129,0.855722162452325,0.906319402745914,"GO"
40,6,0.882730645074657,0.856785282556098,0.909461690832559,"GO"
40,7,0.900166913033193,0.87484741363787,0.926219199700487,"GO"
40,8,0.931992246635734,0.908428436505694,0.956167280639369,"GO"
40,9,0.976735747034372,0.954192741007089,0.999811336363651,"GO"
40,10,1.03299569764381,1.00749592340044,1.05914087250008,"GO"
40,11,1.09915188144708,1.06473811737811,1.13467794452935,"GO"
40,12,1.17310202621027,1.12473597042751,1.22354792598619,"GO"
41,0,1.02490951495327,0.979214440546975,1.07273695152513,"GO"
41,1,0.983463150124873,0.949630683154614,1.01850096549172,"GO"
41,2,0.946441550649814,0.920908072688612,0.972682980377464,"GO"
41,3,0.916127215350143,0.894184229120154,0.938608675229083,"GO"
41,4,0.894555295815714,0.872304149740533,0.917374034629973,"GO"
41,5,0.883712823259115,0.85981711298275,0.908272634029633,"GO"
41,6,0.885790100449553,0.860943382463325,0.911353891599083,"GO"
41,7,0.902626917325449,0.878399135329337,0.927522943855102,"GO"
41,8,0.933257391461047,0.910719434838571,0.956353104368594,"GO"
41,9,0.976218774354477,0.954642265761749,0.998282948054596,"GO"
41,10,1.03010689168131,1.00569376569376,1.05511264411322,"GO"
41,11,1.09331097985057,1.06044634856944,1.12719412941006,"GO"
41,12,1.16377297130987,1.11774970541046,1.21169124196196,"GO"
42,0,1.02138192978874,0.977929636953299,1.06676493592022,"GO"
42,1,0.98194376044553,0.949681820963906,1.01530168040834,"GO"
42,2,0.946657604633172,0.922228587661139,0.971733724588352,"GO"
42,3,0.917730103888103,0.896684742632556,0.93926940377037,"GO"
42,4,0.897140851802946,0.875792020746368,0.919010094757196,"GO"
42,5,0.88682466099082,0.863909606613258,0.910347533261721,"GO"
42,6,0.888902713729608,0.865091717900296,0.91336908922636,"GO"
42,7,0.905139025400909,0.881937882331809,0.928950521024874,"GO"
42,8,0.934578293702193,0.913000090659812,0.956666484477654,"GO"
42,9,0.975770228752974,0.955090880168279,0.996897320549093,"GO"
42,10,1.02731361066507,1.00390456179852,1.05126851178659,"GO"
42,11,1.08761266797527,1.05618200786328,1.11997866535652,"GO"
42,12,1.15465792619636,1.11080776611001,1.20023911175648,"GO"
43,0,1.01800695698381,0.976642083949972,1.06112380522865,"GO"
43,1,0.980541180894679,0.949742360445784,1.01233876414552,"GO"
43,2,0.946965209228707,0.923567191619442,0.97095600149802,"GO"
43,3,0.91940825077037,0.899203791502677,0.940066689634411,"GO"
43,4,0.899791841532562,0.879290511959119,0.920771175256581,"GO"
43,5,0.889996052170024,0.868002646946684,0.912546725133295,"GO"
43,6,0.892071321753294,0.869232876857254,0.915509829738474,"GO"
43,7,0.907706140412723,0.885466490775607,0.930504367953276,"GO"
43,8,0.935958165135149,0.91527419312065,0.957109567239464,"GO"
43,9,0.975393767430238,0.955544043459188,0.99565583402895,"GO"
43,10,1.02461992310351,1.00213580529861,1.04760849903754,"GO"
43,11,1.08206114776389,1.05195443513981,1.1130295081122,"GO"
43,12,1.14576065534041,1.10392132987731,1.18918571803661,"GO"
44,0,1.01479047044123,0.975361672549788,1.05581316949459,"GO"
44,1,0.979260883441449,0.949820626103289,1.0096136591313,"GO"
44,2,0.947369231144016,0.924930943390212,0.970351858733048,"GO"
44,3,0.921165846939782,0.901747308341223,0.941002551068545,"GO"
44,4,0.902511834483319,0.882804508111965,0.922659098246405,"GO"
44,5,0.893230102112325,0.872100314538532,0.914871835290851,"GO"
44,6,0.895298804787501,0.873370586657085,0.917777587314888,"GO"
44,7,0.910331203484088,0.888988956005833,0.93218582125035,"GO"
44,8,0.937400245899351,0.917546698055595,0.957683377722668,"GO"
44,9,0.97509305723038,0.956008433059551,0.994558664316366,"GO"
44,10,1.02202987494661,1.00039634111539,1.04413123314582,"GO"
44,11,1.07666055198374,1.04777459610435,1.10634286086707,"GO"
44,12,1.13708479768163,1.09710361179286,1.1785229974822,"GO"
45,0,1.01173832295719,0.974100611801128,1.05083029590501,"GO"
45,1,0.978108353138718,0.949926700277321,1.00712607635983,"GO"
45,2,0.94787457374101,0.926328219009196,0.969922095761807,"GO"
45,3,0.92300713219406,0.904322316885975,0.942078007114497,"GO"
45,4,0.905304451993211,0.88633998654255,0.924674688316551,"GO"
45,5,0.896529965586279,0.876207879405407,0.917323386477155,"GO"
45,6,0.898588088190779,0.877509841933836,0.92017264496874,"GO"
45,7,0.913017195392486,0.892510557942732,0.93399500057886,"GO"
45,8,0.938907806510064,0.919823830065316,0.958387726335532,"GO"
45,9,0.97487177745203,0.956491999696202,0.993604737702286,"GO"
45,10,1.0195474939886,0.998696372278355,1.04083395249253,"GO"
45,11,1.07141495144207,1.04365507918006,1.09991320032235,"GO"
45,12,1.12863387824807,1.0903698727655,1.16824067038693,"GO"
46,0,1.00885635673073,0.972873573715753,1.04617000195482,"GO"
46,1,0.977089095434225,0.950072521720847,1.00487392129523,"GO"
46,2,0.948486182088534,0.92776877083422,0.969666220607931,"GO"
46,3,0.924936398737103,0.906936978088563,0.943293042821791,"GO"
46,4,0.908173369854874,0.889904077811371,0.926817721458271,"GO"
46,5,0.89989884883805,0.880331884408962,0.919900724354366,"GO"
46,6,0.901942144171219,0.881657001663882,0.922694006736091,"GO"
46,7,0.915767138351657,0.896037952431249,0.935930726381961,"GO"
46,8,0.940484149987305,0.922113144220611,0.959221156233436,"GO"
46,9,0.974733622804239,0.957003971545411,0.992791737207533,"GO"
46,10,1.01717679443991,0.997047405784832,1.03771257529387,"GO"
46,11,1.06632836236105,1.03961001862484,1.09373337694424,"GO"
46,12,1.12041131984883,1.08373733519353,1.15832636274474,"GO"
47,0,1.00615041425343,0.971697743955873,1.04182464392787,"GO"
47,1,0.976208643820482,0.950271914577366,1.00285329035917,"GO"
47,2,0.949209048288139,0.929263737298711,0.969582456721272,"GO"
47,3,0.926957994935717,0.909600598448956,0.944646612854514,"GO"
47,4,0.911122321061214,0.893505090110286,0.929086910779108,"GO"
47,5,0.903340011729854,0.884480189377226,0.922601983167837,"GO"
47,6,0.905363993641736,0.885819843364765,0.92533935328132,"GO"
47,7,0.918584097893913,0.899579216437333,0.937990484312567,"GO"
47,8,0.942132614103824,0.924423537058404,0.960180941933358,"GO"
47,9,0.974682306509694,0.957554802232937,0.992116165474523,"GO"
47,10,1.01492178166926,0.99546213804354,1.03476182924564,"GO"
47,11,1.0614047539117,1.0356549447164,1.08779478857686,"GO"
47,12,1.1124204548381,1.07722500429877,1.14876582274263,"GO"
48,0,1.00362634958782,0.970592762057293,1.03778421698916,"GO"
48,1,0.975472567831386,0.950540537738514,1.00105854807143,"GO"
48,2,0.950048217080027,0.930825598206591,0.969667805135515,"GO"
48,3,0.929076329287585,0.912323597067844,0.946136687044722,"GO"
48,4,0.914155098705729,0.897152492513596,0.931479933972335,"GO"
48,5,0.906856769995646,0.88866196868193,0.925424098554267,"GO"
48,6,0.908856708175612,0.890007565602232,0.928105049800194,"GO"
48,7,0.921471184855501,0.903143838499581,0.940170444975465,"GO"
48,8,0.943856573754885,0.926765201310896,0.961263144710434,"GO"
48,9,0.974721563557716,0.958156063976998,0.991573463012814,"GO"
48,10,1.01278645711774,0.993954287782863,1.0319754342115,"GO"
48,11,1.05664805590731,1.03180657061379,1.082087617826,"GO"
48,12,1.10466453695063,1.07085340427146,1.13954322256327,"GO"
49,0,1.00129004004515,0.969580547119132,1.03403657104357,"GO"
49,1,0.974886481394699,0.950895753370054,0.999482486106209,"GO"
49,2,0.951008791736954,0.932468076410002,0.969918161105295,"GO"
49,3,0.931295874606712,0.915117432165035,0.947760337170658,"GO"
49,4,0.917275559042323,0.90085685617882,0.933993503457768,"GO"
49,5,0.910452497617729,0.892887659445254,0.928362870345153,"GO"
49,6,0.912423412065372,0.894230734916236,0.930986210134009,"GO"
49,7,0.924431557467923,0.906742651404139,0.942465542035789,"GO"
49,8,0.945659443452791,0.929149525167408,0.96246272399517,"GO"
49,9,0.97485515410992,0.958820293937128,0.991158173751579,"GO"
49,10,1.01077482338709,0.992538390672356,1.02934632372368,"GO"
49,11,1.05206216665786,1.02808253313707,1.07660111599742,"GO"
49,12,1.09714675321035,1.06464424874829,1.13064152602641,"GO"
50,0,0.99914739827515,0.968685019301632,1.03056773211969,"GO"
50,1,0.974456051551004,0.951356423363829,0.998116555566924,"GO"
50,2,0.95209594025476,0.93420599301448,0.97032847811708,"GO"
50,3,0.933621172433126,0.91799449229581,0.949513859756938,"GO"
50,4,0.920487624709705,0.904629757154716,0.936623475562726,"GO"
50,5,0.91413062932815,0.897168862916827,0.931413072851312,"GO"
50,6,0.916067284488191,0.898501179436621,0.933976814850429,"GO"
50,7,0.927468423558287,0.910387710707569,0.944869605092904,"GO"
50,8,0.947544679949347,0.931588943598421,0.963773697262064,"GO"
50,9,0.975086867061711,0.959560807436228,0.990864144250089,"GO"
50,10,1.00889088950511,0.991229573899845,1.0268668870742,"GO"
50,11,1.04765096098789,1.02450110960504,1.07132391148115,"GO"
50,12,1.08987023591576,1.05862007270757,1.12204289504644,"GO"
51,0,0.99720438478294,0.967931741081875,1.02736230544402,"GO"
51,1,0.974187007551164,0.951942651489891,0.996951154774022,"GO"
51,2,0.953314901849069,0.936055088633942,0.970892966795145,"GO"
51,3,0.936056837674147,0.920967961317798,0.951392925876359,"GO"
51,4,0.923795288125786,0.908483648639345,0.939364990929176,"GO"
51,5,0.917894663238967,0.901518206829314,0.934568604849147,"GO"
51,6,0.919791561781221,0.902831837629071,0.937069874879095,"GO"
51,7,0.930585042861923,0.914092129154574,0.947375537298699,"GO"
51,8,0.949515784989671,0.934096754937256,0.965189335236596,"GO"
51,9,0.975420523763227,0.960391494973713,0.990684739669182,"GO"
51,10,1.00713867637173,0.990043329860829,1.02452921286424,"GO"
51,11,1.04341829842156,1.021080934145,1.0662443192053,"GO"
51,12,1.08283807470709,1.0528038561,1.11372910465858,"GO"
52,0,0.995467020890317,0.967347511948197,1.02440392665558,"GO"
52,1,0.974085150345882,0.952675495118731,0.995975948773728,"GO"
52,2,0.954670993768677,0.938031826574872,0.971605312872106,"GO"
52,3,0.938607563485106,0.924051668584983,0.953392746512231,"GO"
52,4,0.927202615057883,0.912431713537964,0.942212635328798,"GO"
52,5,0.921748163605732,0.905949180653358,0.937822667379428,"GO"
52,6,0.923599539830425,0.907236575521681,0.940257627382866,"GO"
52,7,0.933784729450749,0.917869881869818,0.949975522869459,"GO"
52,8,0.951576308201066,0.936686919325426,0.966702375839392,"GO"
52,9,0.975859981903723,0.961326620318983,0.99061305923802,"GO"
52,10,1.00552222238994,0.988995306076462,1.02232531692303,"GO"
52,11,1.03936803153955,1.01784073460631,1.06135063007106,"GO"
52,12,1.07605332872227,1.04721866806818,1.10568193784232,"GO"
53,0,0.993941402161366,0.96695995402742,1.0216757238144,"GO"
53,1,0.974156362482552,0.953576672377343,0.995180194791629,"GO"
53,2,0.956169618437131,0.940153194601528,0.972458897626473,"GO"
53,3,0.941278126398013,0.927259936489391,0.955508241399676,"GO"
53,4,0.930713748374863,0.916487709474247,0.94516060876682,"GO"
53,5,0.925694763728747,0.910475957852946,0.941167955291823,"GO"
53,6,0.92749457657669,0.911729988448115,0.943531747862573,"GO"
53,7,0.937070854281015,0.921735599501085,0.952661247344953,"GO"
53,8,0.953729850120896,0.939373856216977,0.968305239699503,"GO"
53,9,0.976409139563792,0.962380634714182,0.99064213621344,"GO"
53,10,1.00404558928657,0.988101124276485,1.02024734169185,"GO"
53,11,1.03550401451376,1.01479910626783,1.05663136422897,"GO"
53,12,1.06951903885047,1.04188735521732,1.09788353677163,"GO"
54,0,0.992633712314786,0.966797123668238,1.01916075534576,"GO"
54,1,0.974406618426323,0.954668288439322,0.994553050028717,"GO"
54,2,0.957816270935108,0.942436520222358,0.97344700590718,"GO"
54,3,0.944073391707341,0.930607436385095,0.957734200354039,"GO"
54,4,0.934332911987796,0.920665817906644,0.948202891260285,"GO"
54,5,0.929738168996946,0.915113219211705,0.944596848501888,"GO"
54,6,0.931480094643197,0.916327203432339,0.946883562407048,"GO"
54,7,0.940446847864322,0.925704365997968,0.955424113944257,"GO"
54,8,0.95598006536773,0.942172256092152,0.969990232116432,"GO"
54,9,0.977071939440312,0.963568018162292,0.990765111385068,"GO"
54,10,1.00271286812841,0.987376236412428,1.01828771934343,"GO"
54,11,1.0318301118268,1.01197433226342,1.0520754783288,"GO"
54,12,1.06323824009354,1.03683228963442,1.09031669489749,"GO"
55,0,0.991550237648086,0.966887176505128,1.01684239658003,"GO"
55,1,0.974841995324071,0.955972599286215,0.994083843571435,"GO"
55,2,0.959616546837285,0.944899310891149,0.974563010417939,"GO"
55,3,0.946998319122735,0.934109061526421,0.960065428501272,"GO"
55,4,0.938064414986083,0.924980506994273,0.951333395687039,"GO"
55,5,0.933882160079515,0.919875989307859,0.948101590923143,"GO"
55,6,0.935559584088269,0.921043696102971,0.950304246240193,"GO"
55,7,0.943916203066018,0.929791534859698,0.958255442221265,"GO"
55,8,0.95833066596032,0.945096917629775,0.971749720254316,"GO"
55,9,0.977852373249426,0.96490315400352,0.990975373955557,"GO"
55,10,1.00152818554022,0.986835820292753,1.01643929598535,"GO"
55,11,1.02835020718452,1.00938425437546,1.04767252315696,"GO"
55,12,1.05721397404767,1.03207518395924,1.08296508267348,"GO"
56,0,0.990697382001659,0.967258103225669,1.01470465786933,"GO"
56,1,0.975468684231904,0.957511824221822,0.993762301254552,"GO"
56,2,0.961576150418637,0.947559126044947,0.975800525412349,"GO"
56,3,0.950057968699239,0.937779822527276,0.96249686995443,"GO"
56,4,0.941912655976484,0.929446414892245,0.954546101069776,"GO"
56,5,0.938130596270664,0.924779494879911,0.951674448375867,"GO"
56,6,0.939736605288127,0.92589513219471,0.953784998550723,"GO"
56,7,0.947482478035341,0.934012573357794,0.961146639553959,"GO"
56,8,0.960785424789285,0.948162616857638,0.973576279084758,"GO"
56,9,0.978754486313388,0.966400238438766,0.99126666817279,"GO"
56,10,1.00049571013165,0.986494713308342,1.0146954185237,"GO"
56,11,1.02506821263109,1.00704619251274,1.04341275341587,"GO"
56,12,1.05144930151941,1.02763697321912,1.07581340733827,"GO"
57,0,0.990081682293735,0.967937542463618,1.01273242808478,"GO"
57,1,0.976293001828816,0.959308011154141,0.993578719595169,"GO"
57,2,0.963700903246338,0.950433483351413,0.97715352750722,"GO"
57,3,0.953257507056363,0.941634767565447,0.965023707768048,"GO"
57,4,0.945882127632949,0.934078256817879,0.957835163001634,"GO"
57,5,0.942487418993275,0.929839049873988,0.955307840728979,"GO"
57,6,0.944014791954252,0.930897239147118,0.957317188140884,"GO"
57,7,0.951149299271894,0.938382939399723,0.964089340844299,"GO"
57,8,0.963348179246736,0.95138401015617,0.975462804242068,"GO"
57,9,0.979782382337598,0.968073222937864,0.9916331678154,"GO"
57,10,0.999619659141156,0.986367379656606,1.01304998882805,"GO"
57,11,1.02198807787734,1.00497690722764,1.03928719536921,"GO"
57,12,1.04594731529182,1.02353775715278,1.06884751316788,"GO"
58,0,0.989709824660402,0.968952667559975,1.01091164700126,"GO"
58,1,0.977321402641214,0.961382952167161,0.993524091422115,"GO"
58,2,0.965996753174792,0.953539797435414,0.978616445432047,"GO"
58,3,0.95660221389816,0.945688926466133,0.96764144109668,"GO"
58,4,0.94997742146563,0.938890755927681,0.961195001225468,"GO"
58,5,0.946956655467485,0.935069967961823,0.958994447537189,"GO"
58,6,0.948397854290308,0.936065708743102,0.960892469002207,"GO"
58,7,0.954920364833381,0.942917991065994,0.967075516442974,"GO"
58,8,0.966022835019431,0.954775568977627,0.977402593971114,"GO"
58,9,0.980940228384715,0.969935784729638,0.992069523377441,"GO"
58,10,0.998904305305767,0.986467904468481,1.01149749184798,"GO"
58,11,1.01911379985451,1.00319259694485,1.03528768076723,"GO"
58,12,1.04071115305882,1.01979679244982,1.06205443292205,"GO"
59,0,0.989588661238181,0.970330135817455,1.00922941821876,"GO"
59,1,0.978560491805337,0.963758141371616,0.993590191372577,"GO"
59,2,0.968469783762757,0.956895345715636,0.980184224179737,"GO"
59,3,0.960097488847336,0.949957274888008,0.970345943400066,"GO"
59,4,0.954203232818012,0.9438985948317,0.96462036759647,"GO"
59,5,0.9515424225506,0.940487499422782,0.962727290335245,"GO"
59,6,0.952889582293836,0.941416127374111,0.964502869285656,"GO"
59,7,0.958799447689741,0.947632924635023,0.97009755253514,"GO"
59,8,0.96881337005141,0.958351540784537,0.979389405710147,"GO"
59,9,0.982232260053301,0.972001318522804,0.992570888849859,"GO"
59,10,0.998353983966333,0.98681000680633,1.01003300577298,"GO"
59,11,1.01644943250666,1.00170891957815,1.03140685747135,"GO"
59,12,1.03574401054725,1.01643252105934,1.05542240449613,"GO"
60,0,0.989725227630244,0.972096081134556,1.00767408203567,"GO"
60,1,0.98001703839691,0.966454761504417,0.993769634962745,"GO"
60,2,0.971126224133026,0.960517252062013,0.981852372952465,"GO"
60,3,0.963748858607346,0.954454711481095,0.973133508897095,"GO"
60,4,0.958564366101645,0.949116380864468,0.968106401369821,"GO"
60,5,0.956248930755119,0.946106784922719,0.966499799116228,"GO"
60,6,0.957493849208262,0.946963925810027,0.968140861846912,"GO"
60,7,0.962790399229188,0.952542732520087,0.973148312617411,"GO"
60,8,0.971723838682505,0.962125927323874,0.98141749624216,"GO"
60,9,0.983662786869029,0.974282940418963,0.993132937188513,"GO"
60,10,0.99797310041905,0.987407061643579,1.00865220419045,"GO"
60,11,1.01399909683689,1.00054102562815,1.02763818978888,"GO"
60,12,1.03104915484872,1.01346261681167,1.04894087071373,"GO"
61,0,0.990126621875755,0.974275747269719,1.00623538058337,"GO"
61,1,0.981697882412955,0.969493391513043,0.994056009840387,"GO"
61,2,0.973972381783843,0.964422255954043,0.983617077085471,"GO"
61,3,0.967561931386821,0.959195860189412,0.976000971151114,"GO"
61,4,0.96306570456359,0.954558451046147,0.971648776761733,"GO"
61,5,0.961080460990055,0.951942648282006,0.970305988668367,"GO"
61,6,0.962214584682204,0.952724160464873,0.971799546390617,"GO"
61,7,0.966897106665359,0.957661980790338,0.976221290633569,"GO"
61,8,0.974758302261149,0.966112262165976,0.983481718467004,"GO"
61,9,0.98523608690174,0.976793252995762,0.993751895763416,"GO"
61,10,0.997765981225787,0.988271818460075,1.00735135283196,"GO"
61,11,1.01176678353623,0.999703197175291,1.02397594321962,"GO"
61,12,1.02662967495126,1.01090352928086,1.0426004647944,"GO"
62,0,0.990791561395006,0.976870611721178,1.00491089234625,"GO"
62,1,0.983603440244977,0.972876424552291,0.994448732897375,"GO"
62,2,0.977009929757765,0.968613363563637,0.98547928281041,"GO"
62,3,0.971539166568594,0.964184256785638,0.9789501804598,"GO"
62,4,0.967710035556425,0.960228886963239,0.975249469819865,"GO"
62,5,0.966039691739723,0.957999435087026,0.974147428314301,"GO"
62,6,0.967053919163601,0.958700787806495,0.975479831104968,"GO"
62,7,0.971120674187092,0.962993347753172,0.979316592408398,"GO"
62,8,0.977916341275235,0.970311055805289,0.985581236874051,"GO"
62,9,0.986949658592534,0.979529776151188,0.994425746222108,"GO"
62,10,0.997727389626134,0.989398197815679,1.00612670025869,"GO"
62,11,1.00974377692841,0.999185276135687,1.02041385056118,"GO"
62,12,1.02247259010908,1.00874035914626,1.03639176131426,"GO"
63,0,0.991705485933931,0.979844104753985,1.00371045359137,"GO"
63,1,0.985723892992287,0.976577028803839,0.994956428993622,"GO"
63,2,0.980233110632087,0.973071409381962,0.987447521235606,"GO"
63,3,0.975677941073148,0.969405441319318,0.98199102678976,"GO"
63,4,0.972496740617109,0.966115048545746,0.978920587081735,"GO"
63,5,0.971126688460634,0.964264371414642,0.978037842108532,"GO"
63,6,0.972011063836728,0.964879662831386,0.979195172845211,"GO"
63,7,0.975457731042683,0.96852024327655,0.982444911870823,"GO"
63,8,0.981190389018115,0.974701899755805,0.987722071479204,"GO"
63,9,0.988790267042805,0.98246603224171,0.99515521159315,"GO"
63,10,0.997837061457455,0.990750396410844,1.004974416185,"GO"
63,11,1.00790154592783,0.998938766409424,1.0169447422039,"GO"
63,12,1.01854004634026,1.00690931513564,1.03030512321665,"GO"
64,0,0.992852797157695,0.983154241344063,1.00264702665193,"GO"
64,1,0.988048563659775,0.980564146100962,0.995590108033207,"GO"
64,2,0.98363551637973,0.977773965138657,0.989532206399474,"GO"
64,3,0.979975182979445,0.974842203184714,0.985135190206396,"GO"
64,4,0.977424909075951,0.972201578822901,0.982676302623207,"GO"
64,5,0.976341296217995,0.97072177058517,0.981993353384874,"GO"
64,6,0.977084963578382,0.971243545789202,0.982961513813936,"GO"
64,7,0.979904466676812,0.974222930321882,0.985619136983271,"GO"
64,8,0.98457217758271,0.979261279569046,0.989911878570922,"GO"
64,9,0.990743684455053,0.985572411346209,0.995942091100974,"GO"
64,10,0.998073476983737,0.992289150557657,1.00389152183976,"GO"
64,11,1.00621012389556,0.998911033404937,1.01356254918799,"GO"
64,12,1.01479269770841,1.00534164296429,1.02433260029485,"GO"
65,0,0.994217994136934,0.986757336045616,1.00173506064512,"GO"
65,1,0.990566793827274,0.98480533824866,0.99636195593559,"GO"
65,2,0.987210726859105,0.982697496188186,0.991744685425604,"GO"
65,3,0.984427810916762,0.980476343483026,0.98839520335979,"GO"
65,4,0.982493635145555,0.978472067829921,0.986531731296508,"GO"
65,5,0.981683368727291,0.977354756744227,0.986031151724331,"GO"
65,6,0.982274550268971,0.977773923650858,0.98679589296415,"GO"
65,7,0.984457014155283,0.980080437299144,0.988853134738906,"GO"
65,8,0.988053347768695,0.983964602352981,0.992159083469461,"GO"
65,9,0.992795607497544,0.988818440622774,0.996788771096991,"GO"
65,10,0.998415150272705,0.993974517095832,1.0028756222107,"GO"
65,11,1.00463981637668,0.999048905865871,1.01026201492569,"GO"
65,12,1.01119185859978,1.00396825736634,1.01846743400112,"GO"
66,0,0.995785637207829,0.990608495365001,1.00098983595334,"GO"
66,1,0.99326792075346,0.989267164897164,0.997284856311246,"GO"
66,2,0.990952296669111,0.987817651679578,0.994096888837857,"GO"
66,3,0.989032727469118,0.98628893170768,0.991784156303319,"GO"
66,4,0.987702015083724,0.984909328884354,0.990502619876186,"GO"
66,5,0.98715276684654,0.984145576381259,0.990169146190693,"GO"
66,6,0.987578740458727,0.984451339490005,0.990716076541992,"GO"
66,7,0.989111445105266,0.986070873100054,0.992161392783537,"GO"
66,8,0.991625439715914,0.988786471896296,0.994472558676866,"GO"
66,9,0.99493164170375,0.992173019427015,0.997697934010526,"GO"
66,10,0.998840604172191,0.995766111530522,1.00192458950988,"GO"
66,11,1.00316116146093,0.999298977775114,1.00703827207367,"GO"
66,12,1.00769944206968,1.00272014344481,1.01270346685066,"GO"
67,0,0.997540314394467,0.994662064441142,1.00042689312908,"GO"
67,1,0.996141255722131,0.993915526852856,0.998371968786608,"GO"
67,2,0.994853742473125,0.993109530444853,0.996601017885148,"GO"
67,3,0.993786812696954,0.992260544224688,0.995315428834318,"GO"
67,4,0.993049144369037,0.991495657265491,0.994605065494522,"GO"
67,5,0.992749357066795,0.991075890153547,0.994425649688485,"GO"
67,6,0.992996433043532,0.99125570018134,0.994740222786907,"GO"
67,7,0.993863764811464,0.992171720224715,0.995558695002414,"GO"
67,8,0.995279884261768,0.993700944598047,0.996861332779362,"GO"
67,9,0.997137287961523,0.995604641190376,0.998672294109101,"GO"
67,10,0.999328349928454,0.997623339077086,1.00103627476739,"GO"
67,11,1.00174489886294,0.999607906249409,1.0038864600052,"GO"
67,12,1.00427791273607,1.00152875564147,1.00703461615891,"GO"
68,0,0.999466610343645,0.99887209012269,1.00006148441801,"GO"
68,1,0.99917606361283,0.998716020493766,0.999636318643655,"GO"
68,2,0.99890853078549,0.998547956467665,0.999269235306214,"GO"
68,3,0.998686917772781,0.99837151374715,0.999002421440377,"GO"
68,4,0.998534114887145,0.998213102149564,0.998855230858372,"GO"
68,5,0.998473009999799,0.998127079399299,0.99881906049283,"GO"
68,6,0.998526506949824,0.998166598573361,0.998886545098251,"GO"
68,7,0.998709907471525,0.998360140688255,0.999059796792543,"GO"
68,8,0.999007995035738,0.998681797178206,0.99933429943876,"GO"
68,9,0.99939793111126,0.999081630077182,0.999714332283646,"GO"
68,10,0.999856871436528,0.999505648954852,1.00020821733645,"GO"
68,11,1.00036194759475,0.999922745254608,1.00080134284849,"GO"
68,12,1.00089025382188,1.00032646847641,1.00145435691754,"GO"
69,0,1.00154907773687,0.999907988231149,1.00319286066518,"GO"
69,1,1.00236154368465,1.00109035330106,1.00363434823322,"GO"
69,2,1.00311006621672,1.0021133257991,1.00410779803064,"GO"
69,3,1.00372985872828,1.00285825493111,1.00460222005342,"GO"
69,4,1.00415601212602,1.00326902418065,1.00504378425549,"GO"
69,5,1.00432359886172,1.00336750527579,1.00528060349464,"GO"
69,6,1.00416781882818,1.00317293648617,1.00516368783045,"GO"
69,7,1.00364573161462,1.00267906481227,1.00461333036492,"GO"
69,8,1.00280096130632,1.00189989549773,1.00370283749487,"GO"
69,9,1.00169883067744,1.00082600208323,1.00257242047265,"GO"
69,10,1.00040461412363,0.999437322172278,1.00137284225547,"GO"
69,11,0.998983392124617,0.997776888544907,1.0001913545985,"GO"
69,12,0.997499947988926,0.995955160231995,0.999047131806753,"GO"
70,0,1.00377221115774,0.999979220783905,1.00757958860651,"GO"
70,1,1.00568681156856,1.00274541583834,1.00863683541984,"GO"
70,2,1.0074516801761,1.0051442875447,1.00976436961993,"GO"
70,3,1.0089124103111,1.00689540354493,1.01093345753298,"GO"
70,4,1.00991391237855,1.00786170556479,1.0119702978934,"GO"
70,5,1.01030099795196,1.00808840108214,1.01251845112695,"GO"
70,6,1.0099192007553,1.00761651129635,1.01222715251264,"GO"
70,7,1.00866701568773,1.00643004002742,1.01090896343742,"GO"
70,8,1.00664984159763,1.00456571245117,1.00873829459692,"GO"
70,9,1.00402511376222,1.00200837518598,1.00604591142079,"GO"
70,10,1.00094997847474,0.998719470425748,1.00318546806891,"GO"
70,11,0.997580476931216,0.99480576415037,1.00036292894247,"GO"
70,12,0.994070971633054,0.990527827702097,0.997626789482465,"GO"
71,0,1.00612042340526,1.00028556417414,1.01198931849921,"GO"
71,1,1.00914088246957,1.00461107365366,1.01369111627228,"GO"
71,2,1.01192662003298,1.00837180582578,1.01549396603051,"GO"
71,3,1.01423129995035,1.01112521597968,1.01734692552623,"GO"
71,4,1.0158068799511,1.01264736983726,1.01897624789349,"GO"
71,5,1.01640508112615,1.01299788069937,1.01982374161121,"GO"
71,6,1.01577945794428,1.01223300707957,1.01933833412376,"GO"
71,7,1.01376945381494,1.01032487105454,1.01722578047152,"GO"
71,8,1.01054555809452,1.00733799569873,1.01376333400014,"GO"
71,9,1.00636177013329,1.00326118594692,1.00947193669206,"GO"
71,10,1.00147131821485,0.998049019736978,1.0049053517144,"GO"
71,11,0.996124609369687,0.991878691213795,1.00038870295484,"GO"
71,12,0.990567802322949,0.985160648044028,0.99600463431733,"GO"
72,0,1.00857802425469,1.0008338051385,1.01638216633652,"GO"
72,1,1.01271265558583,1.00669422028683,1.01876707158553,"GO"
72,2,1.01652803874017,1.01180354294837,1.02127459500076,"GO"
72,3,1.01968320183059,1.01555726216809,1.02382590409106,"GO"
72,4,1.02183396437663,1.01763823713263,1.02604699062382,"GO"
72,5,1.02263572026231,1.01811000523498,1.02718155305335,"GO"
72,6,1.02174736646311,1.01703596861934,1.02648058975881,"GO"
72,7,1.01894865173521,1.01437354585396,1.02354439261222,"GO"
72,8,1.01447889185687,1.01022097003021,1.01875476015149,"GO"
72,9,1.00869364954048,1.00458222070644,1.01282190511774,"GO"
72,10,1.00194694316475,0.997418135749742,1.00649631376771,"GO"
72,11,0.994587370767387,0.988983586621511,1.00022290710529,"GO"
72,12,0.986955439064098,0.979838279263616,0.994124295113541,"GO"
73,0,1.01112920167773,1.00162554267927,1.02072303363057,"GO"
73,1,1.0163908997569,1.00899783939493,1.02383813004807,"GO"
73,2,1.0212489849254,1.01544415417583,1.02708699924286,"GO"
73,3,1.02526473107466,1.02019841945573,1.03035620202821,"GO"
73,4,1.02799419763148,1.0228436555877,1.03317067529426,"GO"
73,5,1.0289927837195,1.02343565816973,1.03458008375473,"GO"
73,6,1.02782167096164,1.0220356063174,1.03364049233554,"GO"
73,7,1.02420012292533,1.01858282263585,1.0298484016113,"GO"
73,8,1.01844047886479,1.01321590669897,1.02369199114687,"GO"
73,9,1.01100546129748,1.00596647726597,1.01606968609064,"GO"
73,10,1.00235512678702,0.996815875016942,1.00792515987885,"GO"
73,11,0.992940535661419,0.986104388289557,0.999824074477276,"GO"
73,12,0.98319943505559,0.974540227743148,0.991935583133683,"GO"
74,0,1.01375800554287,1.00265497787644,1.02498398400104,"GO"
74,1,1.02016424035852,1.01151928294338,1.0288830819694,"GO"
74,2,1.02608239345873,1.01929390763495,1.03291609052083,"GO"
74,3,1.03097243803668,1.02505158041403,1.03692749545536,"GO"
74,4,1.03428659135464,1.0282686859675,1.04033971631594,"GO"
74,5,1.03547613478803,1.02898097783665,1.0420122906157,"GO"
74,6,1.03400108240711,1.02723718366438,1.0408095184066,"GO"
74,7,1.02951928491459,1.02295472647766,1.03612596977838,"GO"
74,8,1.02242080691778,1.01631981784147,1.02855842035885,"GO"
74,9,1.01328177616546,1.00740499373485,1.01919284130457,"GO"
74,10,1.00267411843584,0.996226912487243,1.00916304827687,"GO"
74,11,0.991156099077877,0.983219433717106,0.999156830154692,"GO"
74,12,0.979265942580787,0.969238758844985,0.989396861761291,"GO"
75,0,1.01644833382434,1.00390585776519,1.02914751153482,"GO"
75,1,1.02402114746534,1.01424787932747,1.03388859057961,"GO"
75,2,1.03102107650605,1.02334675324766,1.03875295135904,"GO"
75,3,1.036802802707,1.03011383187428,1.04353520789563,"GO"
75,4,1.04071013406889,1.03391210377726,1.04755286179241,"GO"
75,5,1.04208563013054,1.03474514974759,1.0494781838692,"GO"
75,6,1.04028427582883,1.03263875328357,1.0479864048251,"GO"
75,7,1.03490145579869,1.02748444522009,1.04237200689186,"GO"
75,8,1.02641021341173,1.01952363441586,1.03334330920101,"GO"
75,9,1.0155070305752,1.0088832190454,1.02217433066576,"GO"
75,10,1.0028821603178,0.995629780664668,1.01018736785098,"GO"
75,11,0.989206311734138,0.980299233382755,0.998194320521919,"GO"
75,12,0.975121769634285,0.963896048633153,0.98647822756724,"GO"
76,0,1.01918435229463,1.0053467648263,1.03321240024251,"GO"
76,1,1.02795021121654,1.01716117232157,1.03885368955674,"GO"
76,2,1.03605786643612,1.02758719550302,1.04459836333277,"GO"
76,3,1.04275227024537,1.03537342840497,1.05018369920594,"GO"
76,4,1.04726375752297,1.0397630491696,1.05481857495999,"GO"
76,5,1.04882106816109,1.04071671571414,1.05698853146962,"GO"
76,6,1.04666988521524,1.0382274194666,1.05518100184574,"GO"
76,7,1.04034196947846,1.03215695219702,1.04859189404727,"GO"
76,8,1.0303991867517,1.02280943901174,1.03804525414277,"GO"
76,9,1.01766606674933,1.01037876372012,1.02500592906357,"GO"
76,10,1.00295830417214,0.994994675252531,1.01098567150879,"GO"
76,11,0.98706479532397,0.977303834062878,0.99692324557612,"GO"
76,12,0.970735799773653,0.958460859185371,0.983167944659848,"GO"
77,0,1.02195790833042,1.00691872877489,1.0372217107033,"GO"
77,1,1.03194506445966,1.02021419232491,1.04381082332905,"GO"
77,2,1.04118822231063,1.03198033324361,1.0504782691653,"GO"
77,3,1.04881795485117,1.04079922376044,1.05689846543485,"GO"
77,4,1.05394579952837,1.04578884949132,1.06216637219244,"GO"
77,5,1.05568132112644,1.0468601409951,1.06457683135773,"GO"
77,6,1.05315645184622,1.04396626870041,1.06242753747784,"GO"
77,7,1.04583822067353,1.03693648734145,1.05481637224074,"GO"
77,8,1.03438358790874,1.02614409735815,1.04268923798285,"GO"
77,9,1.0197533231845,1.01185958481841,1.02770864233347,"GO"
77,10,1.00289608170876,0.994285331260603,1.01158140332975,"GO"
77,11,0.984724941197451,0.974187069441287,0.995376802088384,"GO"
77,12,0.966102131589012,0.952874223170419,0.979513671337823,"GO"
78,0,1.02476761879562,1.0085442611412,1.04125194400865,"GO"
78,1,1.03600380333006,1.02334627887569,1.04881788566578,"GO"
78,2,1.04640993425669,1.03647719799726,1.05643785760734,"GO"
78,3,1.05499755958018,1.04634563439751,1.06372102499479,"GO"
78,4,1.0607540560681,1.05194052685971,1.06964142813655,"GO"
78,5,1.06266442179832,1.05312199886421,1.07229330939232,"GO"
78,6,1.05974242719941,1.04980074241919,1.06977826041397,"GO"
78,7,1.05138943937932,1.04177238856874,1.06109526933907,"GO"
78,8,1.03836404330003,1.02948406170836,1.04732062061182,"GO"
78,9,1.02177168788289,1.01328790989818,1.03032649650774,"GO"
78,10,1.00270165930227,0.993463018692353,1.01202621401138,"GO"
78,11,0.982197217012032,0.970901792882168,0.993624051555604,"GO"
78,12,0.961236411016504,0.947076651375904,0.975607873472065,"GO"
79,0,1.02761231634269,1.01014306669583,1.04538367634726,"GO"
79,1,1.04012464881998,1.02649391941869,1.05393637957013,"GO"
79,2,1.05172083015157,1.04102597959984,1.06252555291646,"GO"
79,3,1.06128875315848,1.05196417535409,1.07069598373115,"GO"
79,4,1.06768624316907,1.0581661082576,1.07729202906484,"GO"
79,5,1.06976831476737,1.05944581731041,1.0801913874043,"GO"
79,6,1.0664262137692,1.05567332723294,1.07728862715045,"GO"
79,7,1.05699489800133,1.04661133143798,1.06748148127331,"GO"
79,8,1.04234135332292,1.03278352747194,1.05198763143188,"GO"
79,9,1.02372437383181,1.01462412340311,1.03290624518391,"GO"
79,10,1.00238167315176,0.992487610637047,1.01237436911236,"GO"
79,11,0.979492671783125,0.967400118966881,0.99173638215119,"GO"
79,12,0.956154919989199,0.941008902703426,0.971544720132882,"GO"
80,0,1.03049082142099,1.0116377405383,1.04969525204532,"GO"
80,1,1.04430579468689,1.02959510610315,1.05922666721317,"GO"
80,2,1.05711869343707,1.04557554608288,1.06878927706436,"GO"
80,3,1.06768914487339,1.05760695250484,1.07786745102289,"GO"
80,4,1.07474000908834,1.06441468373844,1.08516549497267,"GO"
80,5,1.07699087910156,1.06577665338704,1.08832310220135,"GO"
80,6,1.07320616427817,1.06152821231044,1.08501258627673,"GO"
80,7,1.06265384835904,1.05140153967983,1.0740265814868,"GO"
80,8,1.04631633267923,1.0359978932682,1.05673754275474,"GO"
80,9,1.02561463489379,1.01582967580142,1.03549384740947,"GO"
80,10,1.00194279993749,0.991320730380685,1.01267868569747,"GO"
80,11,0.976622347769045,0.963637658014299,0.989782001802765,"GO"
80,12,0.950873823547782,0.934617740816617,0.967412653132791,"GO"
81,0,1.03340194183451,1.01295983122591,1.05425658596444,"GO"
81,1,1.04854540617995,1.03259407246294,1.06474315332711,"GO"
81,2,1.06260126071812,1.05007934108965,1.0752725009408,"GO"
81,3,1.07419628109972,1.06323050913242,1.08527515004251,"GO"
81,4,1.08191293029229,1.07064074384662,1.09330379537782,"GO"
81,5,1.08432992470507,1.07206587630387,1.09673426941316,"GO"
81,6,1.08008057940259,1.06731615105601,1.09299766226569,"GO"
81,7,1.06836552111097,1.05609726916738,1.08077628834189,"GO"
81,8,1.05028981035844,1.03908761162289,1.06161277779059,"GO"
81,9,1.0274457636543,1.01687050391621,1.03813100408126,"GO"
81,10,1.0013917487528,0.989929484862074,1.01298673269632,"GO"
81,11,0.973597262422586,0.959578311570112,0.987821023013499,"GO"
81,12,0.945409138372292,0.927862118122587,0.963287994477379,"GO"
82,0,1.03634447231317,1.01405508570097,1.05912378966242,"GO"
82,1,1.05284161879753,1.0354455441335,1.07052995742024,"GO"
82,2,1.06816621940623,1.0544989773088,1.08201060108422,"GO"
82,3,1.0808076418738,1.06879930736848,1.09295089422253,"GO"
82,4,1.08920250747744,1.0768079010721,1.10173978210409,"GO"
82,5,1.09178318870854,1.07827513929309,1.10546045968198,"GO"
82,6,1.08704770551705,1.07299848806875,1.10128087523845,"GO"
82,7,1.07412912518369,1.06066260334589,1.08776662241917,"GO"
82,8,1.05426262962734,1.04202158375282,1.06664747598205,"GO"
82,9,1.02922108936924,1.01772014300976,1.04085200443188,"GO"
82,10,1.00073525345742,0.988289749109365,1.0133374836833,"GO"
82,11,0.970428391491684,0.955198147687368,0.985901475304537,"GO"
82,12,0.939776703764395,0.920717772510091,0.959230156414291,"GO"
83,0,1.03931719409806,1.01488639372102,1.06433610365734,"GO"
83,1,1.0571925370769,1.03811730286382,1.07661827557238,"GO"
83,2,1.07381120540919,1.0588064897999,1.08902855807038,"GO"
83,3,1.08752063751807,1.07428778958876,1.10091648484663,"GO"
83,4,1.09660616163603,1.08289083520434,1.11049519918708,"GO"
83,5,1.0993483318935,1.08437830846247,1.11452501899512,"GO"
83,6,1.09410573245966,1.07854911658387,1.10988673153116,"GO"
83,7,1.07994384720502,1.06507340747158,1.09502190640987,"GO"
83,8,1.05823564802624,1.04477908206665,1.07186553212603,"GO"
83,9,1.03094397601548,1.01836161490397,1.04368179841778,"GO"
83,10,0.99998006546028,0.986388025724605,1.01375939816724,"GO"
83,11,0.9671266532784,0.9504871774459,0.984057424104195,"GO"
83,12,0.933992155075014,0.91317882104467,0.955279870314684,"GO"
84,0,1.04231887454082,1.01543384783344,1.06991571980989,"GO"
84,1,1.06159623341667,1.04059051090157,1.08302598476325,"GO"
84,2,1.07953380086917,1.0629847317071,1.09634051408007,"GO"
84,3,1.09433260531888,1.07968055772013,1.1091834918217,"GO"
84,4,1.10412123016966,1.08887509871751,1.11958083378636,"GO"
84,5,1.10702293515386,1.0903610482773,1.12393943354165,"GO"
84,6,1.10125279131987,1.08395406412898,1.11882758737044,"GO"
84,7,1.08580885094183,1.06931709365896,1.10255495565812,"GO"
84,8,1.06220973737191,1.04734979175317,1.07728051798154,"GO"
84,9,1.03261782044685,1.01878764868974,1.04663573854253,"GO"
84,10,0.999132946938308,0.984221460861385,1.0142703500734,"GO"
84,11,0.963702894060791,0.945448722719902,0.982309506272702,"GO"
84,12,0.928070899560686,0.905256216165635,0.951460569096811,"GO"
85,0,1.04534826671733,1.01569245574064,1.07586995704532,"GO"
85,1,1.06605074693325,1.04285812898111,1.08975915654729,"GO"
85,2,1.08533153195102,1.06702615292382,1.1039509491116,"GO"
85,3,1.10124080626076,1.08497100463559,1.11775458347955,"GO"
85,4,1.11174496305461,1.0947553250923,1.12899826522707,"GO"
85,5,1.11480449599789,1.09621873879297,1.13370536400931,"GO"
85,6,1.10848695225077,1.08920938143773,1.12810571066537,"GO"
85,7,1.0917232767428,1.07339075084765,1.1103689053039,"GO"
85,8,1.06618578376766,1.04973233907191,1.08289711881535,"GO"
85,9,1.03424605065845,1.0189994728996,1.04972075231681,"GO"
85,10,0.998200664496533,0.981796343155666,1.01487907705859,"GO"
85,11,0.960167874677782,0.940097017516576,0.980667240067054,"GO"
85,12,0.922028094641568,0.896974131960865,0.947781855704007,"GO"
86,0,1.04840410905621,1.01566866811757,1.08219462743012,"GO"
86,1,1.07055408235216,1.04492230633854,1.09681460170643,"GO"
86,2,1.09120186668334,1.07093068950301,1.11185674808309,"GO"
86,3,1.10824242182048,1.09015918267738,1.12662562040354,"GO"
86,4,1.11947451906304,1.10053278546391,1.13874226682229,"GO"
86,5,1.12269042509431,1.1019537760303,1.14381729798055,"GO"
86,6,1.11580622230796,1.09431839238006,1.13771598321886,"GO"
86,7,1.09768624098653,1.07729859604991,1.11845971773206,"GO"
86,8,1.07016468762054,1.05193209506097,1.08871329623572,"GO"
86,9,1.03583212416166,1.01900484757639,1.05293727698859,"GO"
86,10,0.997189983273531,0.979125845533374,1.01558739081122,"GO"
86,11,0.956532258273128,0.934454104985853,0.979132047508038,"GO"
86,12,0.915878628524512,0.888365729753727,0.944243608339645,"GO"
87,0,1.05148512498221,1.01537682340957,1.08887749116259,"GO"
87,1,1.07510420893546,1.04679162354068,1.10418256516151,"GO"
87,2,1.09714221285434,1.07470351083281,1.12004941185513,"GO"
87,3,1.11533455082484,1.09524964534414,1.13578777729051,"GO"
87,4,1.12730696204434,1.10621307369863,1.14880308042703,"GO"
87,5,1.13067804286632,1.10757307742101,1.15426499856501,"GO"
87,6,1.12320854331738,1.09928913904764,1.14764840929306,"GO"
87,7,1.10369683553541,1.08104954307648,1.12681857420173,"GO"
87,8,1.07414736366612,1.05395897843968,1.09472245359965,"GO"
87,9,1.03737952647205,1.01881600797408,1.05628128486449,"GO"
87,10,0.996107661495165,0.976227735916083,1.01639242236676,"GO"
87,11,0.952806599190765,0.928546912202298,0.977700107050363,"GO"
87,12,0.909637103146188,0.879469378731975,0.940839646530045,"GO"
88,0,1.05459002257499,1.0148361689169,1.09590114126667,"GO"
88,1,1.07969905944636,1.04847874144626,1.11184901790314,"GO"
88,2,1.10314991596545,1.07835309762033,1.12851693919187,"GO"
88,3,1.12251420637597,1.10024968265676,1.1452292723896,"GO"
88,4,1.13523925727157,1.11180430429268,1.15916817939503,"GO"
88,5,1.138764576138,1.11308617192665,1.16503536974334,"GO"
88,6,1.13069178977443,1.10413241379392,1.15789003881369,"GO"
88,7,1.10975412719571,1.08465529032657,1.13543374914726,"GO"
88,8,1.07813474100087,1.05582566553748,1.10091519622351,"GO"
88,9,1.03889176971233,1.01844793457959,1.05974598458148,"GO"
88,10,0.994960445478501,0.973122485013263,1.01728847428008,"GO"
88,11,0.949001333010517,0.922404949110343,0.976364590112366,"GO"
88,12,0.903317819383692,0.870325798588367,0.937560490726115,"GO"
89,0,1.05771749424348,1.01406867043338,1.10324510582758,"GO"
89,1,1.08433652915232,1.04999865332532,1.11979734900651,"GO"
89,2,1.10922225724507,1.0818898195598,1.13724521085563,"GO"
89,3,1.12977831284869,1.10516806600508,1.15493658878248,"GO"
89,4,1.14326826785799,1.11731588309961,1.16982346000936,"GO"
89,5,1.14694715483746,1.11850391337968,1.1761136999645,"GO"
89,6,1.1382537667769,1.10886042430933,1.16842625922806,"GO"
89,7,1.11585715718428,1.08812899930846,1.14429189556634,"GO"
89,8,1.08212776312257,1.05754631578687,1.10728057791907,"GO"
89,9,1.04037239133244,1.01791708770007,1.06332306012501,"GO"
89,10,0.993755065086819,0.969831899093723,1.01826835177162,"GO"
89,11,0.945126767709999,0.916058709419124,0.975117203577893,"GO"
89,12,0.896934764473538,0.860976138445092,0.93439520074749,"GO"
90,0,1.06086621641625,1.01309754787711,1.11088723044649,"GO"
90,1,1.08901447486793,1.05136750804253,1.12800948992604,"GO"
90,2,1.1153564517257,1.08532498580056,1.14621890280036,"GO"
90,3,1.1371237029643,1.11001424312409,1.16489524693304,"GO"
90,4,1.15139075124929,1.12275774960988,1.18075396275202,"GO"
90,5,1.1552228087617,1.12383769546309,1.1874844056849,"GO"
90,6,1.14589220799457,1.1134859724448,1.17924157540993,"GO"
90,7,1.12200494060234,1.09148446661679,1.1533788388562,"GO"
90,8,1.08612738797879,1.05913575059851,1.11380689609524,"GO"
90,9,1.04182495294842,1.01724057168586,1.06700348255591,"GO"
90,10,0.992498229635733,0.966378225357797,1.01932422521767,"GO"
90,11,0.941193075935865,0.90953865937361,0.97394915219952,"GO"
90,12,0.890501601574326,0.851460799846128,0.931332484771754,"GO"
91,0,1.06403484924816,1.01194636861924,1.11880450933319,"GO"
91,1,1.09373071403891,1.05260187839561,1.1364665970912,"GO"
91,2,1.12154964638724,1.08867026196087,1.15542203480943,"GO"
91,3,1.14454711494594,1.11479786540318,1.17509024638947,"GO"
91,4,1.15960335579735,1.12813995080261,1.19194426349304,"GO"
91,5,1.1635884644083,1.12909901443921,1.19913142885571,"GO"
91,6,1.15360477367819,1.11802199181212,1.1903200327,"GO"
91,7,1.12819646591685,1.09473564779796,1.16268002075894,"GO"
91,8,1.09013458802374,1.06060896703972,1.12048215406158,"GO"
91,9,1.04325303930206,1.01643562709584,1.07077799616556,"GO"
91,10,0.991196624249676,0.962783612618229,1.02044814125179,"GO"
91,11,0.937210288365152,0.902874648706796,0.972851686416922,"GO"
91,12,0.884031661403646,0.841818775746442,0.928361306352574,"GO"
92,0,1.06722203634374,1.01063852507427,1.12697353860914,"GO"
92,1,1.0984830238687,1.05371833883185,1.14514942870352,"GO"
92,2,1.12779891836986,1.0919373398225,1.16483826854294,"GO"
92,3,1.15204518976047,1.11952853497386,1.1855062892892,"GO"
92,4,1.16790261742163,1.13347242575487,1.20337865552566,"GO"
92,5,1.17204094187938,1.13429925066229,1.21103841745417,"GO"
92,6,1.16138904871093,1.1224813127726,1.20164541459848,"GO"
92,7,1.13443069445001,1.09789640818992,1.17218071842685,"GO"
92,8,1.09415035028382,1.06198087354767,1.12729430335871,"GO"
92,9,1.04466025734265,1.01551934603162,1.07463738385269,"GO"
92,10,0.989856906667218,0.959069811383898,1.02163229834433,"GO"
92,11,0.933188288135365,0.896095596680149,0.971816382470016,"GO"
92,12,0.877537935875965,0.832087317065265,0.925471177252722,"GO"
93,0,1.07042640449764,1.00919695803377,1.1353707304847,"GO"
93,1,1.10326914048905,1.05473324200616,1.15403852640527,"GO"
93,2,1.13410127325972,1.09513776774248,1.17445104706841,"GO"
93,3,1.15961446845242,1.12421568616868,1.19612787118008,"GO"
93,4,1.17628495636489,1.13876491448399,1.21504120909567,"GO"
93,5,1.18057695186365,1.13944957798861,1.22318878008799,"GO"
93,6,1.16924254070535,1.12687656143903,1.21320130862361,"GO"
93,7,1.14070655987719,1.10098040979512,1.18186612965166,"GO"
93,8,1.09817567643189,1.06326616208984,1.13423135175889,"GO"
93,9,1.0460502354327,1.01450852778474,1.07857259459231,"GO"
93,10,0.988485704493126,0.955258023454854,1.02286917669993,"GO"
93,11,0.929136806320225,0.88922934542114,0.970835262358655,"GO"
93,12,0.871033073665232,0.822301794370029,0.92265226783306,"GO"
94,0,1.07364656345248,1.00764402837416,1.14397238583672,"GO"
94,1,1.10808675817622,1.05566261564265,1.16311428050145,"GO"
94,2,1.1404536434511,1.09828287701158,1.18424364076394,"GO"
94,3,1.16725138957562,1.12886854388338,1.20693929673973,"GO"
94,4,1.18474667405001,1.1440269351788,1.22691576440303,"GO"
94,5,1.18919309270247,1.1445609430461,1.23556567286633,"GO"
94,6,1.1771626781493,1.13122013262966,1.22497110054643,"GO"
94,7,1.14702296773414,1.10400107463704,1.19172138391458,"GO"
94,8,1.10221158287074,1.06447925907477,1.14128139468905,"GO"
94,9,1.04742662267872,1.01341961737802,1.08257479042555,"GO"
94,10,0.987089612894463,0.951368839493358,1.02415158394616,"GO"
94,11,0.925065418426541,0.882302609539708,0.969900824406615,"GO"
94,12,0.864529377613752,0.812495669967415,0.919895418996136,"GO"
95,0,1.07688110567458,1.00600147382601,1.15275468866706,"GO"
95,1,1.11293352861427,1.05652212828121,1.1723569303076,"GO"
95,2,1.14685288658856,1.10138376215444,1.19419914172666,"GO"
95,3,1.17495228672854,1.13349612298584,1.21792465637385,"GO"
95,4,1.19328395004513,1.14926779615947,1.23898589188147,"GO"
95,5,1.19788584754642,1.14964407965927,1.24815195340917,"GO"
95,6,1.18514680860403,1.13552420061178,1.23693793332418,"GO"
95,7,1.15337879493373,1.10697158820229,1.20173151576831,"GO"
95,8,1.10625910082572,1.06563431891806,1.14843260622675,"GO"
95,9,1.04879308838878,1.01226869030496,1.08663534967251,"GO"
95,10,0.985675192737589,0.947422225598625,1.02547265551472,"GO"
95,11,0.920983541886504,0.875340978355159,0.969006027822062,"GO"
95,12,0.858038803907438,0.802700529494446,0.917192105846244,"GO"
96,0,1.08012860614792,1.00429041179742,1.1616936616282,"GO"
96,1,1.11780706020719,1.05732709207978,1.18174653161613,"GO"
96,2,1.15329578409295,1.10445128943434,1.2043004325594,"GO"
96,3,1.18271338619952,1.13810724758763,1.22906778500928,"GO"
96,4,1.20189283914469,1.15449662331458,1.25123483916303,"GO"
96,5,1.20665158160874,1.15470953871829,1.26093012188591,"GO"
96,6,1.19319219695819,1.13980074694515,1.24908465159167,"GO"
96,7,1.15977288929295,1.10990492184435,1.21188142179222,"GO"
96,8,1.11031927644706,1.0667452388726,1.15567321111535,"GO"
96,9,1.05015332165788,1.01107146131249,1.09074584852536,"GO"
96,10,0.98424896916253,0.943437535532459,1.02682583299037,"GO"
96,11,0.916900434518885,0.868368945221145,0.968144256479393,"GO"
96,12,0.851572962936832,0.792946143843017,0.914534381478223,"GO"
97,0,1.08338762218672,1.00253136522017,1.17076510583748,"GO"
97,1,1.12270491744143,1.05809248381163,1.19126291031434,"GO"
97,2,1.15977903977519,1.10749611848836,1.21453014475373,"GO"
97,3,1.19053080472829,1.14271057823581,1.24035221516476,"GO"
97,4,1.21056926857416,1.15972239253496,1.26364547537355,"GO"
97,5,1.2154865395228,1.15976772283783,1.27388225992877,"GO"
97,6,1.20129602374127,1.14406159414715,1.26139374316849,"GO"
97,7,1.16620406907066,1.11281386245388,1.22215581293887,"GO"
97,8,1.11439317092187,1.06782568302126,1.16299144995613,"GO"
97,9,1.05151103108261,1.00984330446056,1.09489803378857,"GO"
97,10,0.982817430590868,0.939433535230646,1.0282048337098,"GO"
97,11,0.912825193931988,0.861409949693533,0.96730927588359,"GO"
97,12,0.845143121763264,0.783260545400995,0.911914816158756,"GO"
35,0,0.714449994789141,0.613335664578111,0.832234002575594,"PE"
35,1,0.750677516076712,0.677128316249014,0.832215578082351,"PE"
35,2,0.786322276717925,0.738677865744338,0.837039732116274,"PE"
35,3,0.818613592341409,0.78136295442906,0.857640114325317,"PE"
35,4,0.844411470988173,0.795105550446514,0.896774940051654,"PE"
35,5,0.8603827582843,0.796165150074685,0.929780072241871,"PE"
35,6,0.863291122156204,0.792784689878777,0.940068055183654,"PE"
35,7,0.851258090941666,0.786436238617273,0.921422871697426,"PE"
35,8,0.826595872765462,0.776131499773635,0.880341458982369,"PE"
35,9,0.792843762060953,0.755553798166691,0.83197415268672,"PE"
35,10,0.753492260353766,0.710270052859641,0.799344677601412,"PE"
35,11,0.711706903637611,0.646505229688531,0.783484329940327,"PE"
35,12,0.670176448549026,0.580797125244003,0.773310425737895,"PE"
36,0,0.725237062411154,0.626386390383994,0.839687459320956,"PE"
36,1,0.759212109777849,0.687625507903499,0.838251375215453,"PE"
36,2,0.792508790622093,0.746308749076638,0.841568833261522,"PE"
36,3,0.822546956132339,0.786540143489626,0.860202115102216,"PE"
36,4,0.846429489720506,0.798908003065349,0.896777699459236,"PE"
36,5,0.861097189764073,0.799291908826468,0.927681566686003,"PE"
36,6,0.863580212608227,0.795741426089967,0.93720241168411,"PE"
36,7,0.852146376354608,0.789723428001098,0.919503488167101,"PE"
36,8,0.828924250283349,0.780226656923432,0.880661288114953,"PE"
36,9,0.797162367983683,0.761067318478019,0.834969293123978,"PE"
36,10,0.760067577098016,0.718144348779679,0.804438164468358,"PE"
36,11,0.720565185281304,0.657103378572888,0.790156013757106,"PE"
36,12,0.681164754371315,0.593768329892212,0.781425009114181,"PE"
37,0,0.736160210174158,0.63965447328245,0.847225928496496,"PE"
37,1,0.767825704411734,0.698241025126362,0.8443449913999,"PE"
37,2,0.798734957890426,0.753990007654262,0.846135262377061,"PE"
37,3,0.826498777037579,0.791733658100964,0.862790436474665,"PE"
37,4,0.848459182220333,0.802713910058078,0.896811398025868,"PE"
37,5,0.861824125581019,0.802416447797817,0.925630108246031,"PE"
37,6,0.863883211146186,0.798694753835696,0.93439226803006,"PE"
37,7,0.85304761436372,0.793010549424523,0.917629951959288,"PE"
37,8,0.83126635831543,0.784329796761831,0.881011739347226,"PE"
37,9,0.801504733184392,0.766603485755446,0.837994933826739,"PE"
37,10,0.766692462899687,0.726076389495507,0.809580563658894,"PE"
37,11,0.729517599517828,0.667830252655513,0.796902994271475,"PE"
37,12,0.692309182700794,0.606969419367572,0.7896476974923,"PE"
38,0,0.747203469655697,0.653118483479821,0.854841868952806,"PE"
38,1,0.776507242943719,0.708958576360143,0.850491860102357,"PE"
38,2,0.80499519236652,0.761712001675247,0.850737888214988,"PE"
38,3,0.830468858042076,0.796939700693412,0.865408667152138,"PE"
38,4,0.850504958038071,0.806522872837455,0.896885516839056,"PE"
38,5,0.862571145439483,0.805540170337357,0.923639823738629,"PE"
38,6,0.864208881406288,0.801646731974331,0.93165350884936,"PE"
38,7,0.853969467381669,0.796299191996418,0.915816389806674,"PE"
38,8,0.833626830493974,0.788440908585297,0.881402378989125,"PE"
38,9,0.805871139847974,0.772159035620421,0.841055098860645,"PE"
38,10,0.7733622255987,0.734057148445007,0.814771892420011,"PE"
38,11,0.738554582152167,0.6786706271948,0.803722526010246,"PE"
38,12,0.703596034366495,0.62038073705213,0.79797348629582,"PE"
39,0,0.758349846356959,0.666754890655473,0.862527590767666,"PE"
39,1,0.785245147489663,0.719760751954059,0.856687364491666,"PE"
39,2,0.811283727751027,0.769464650012362,0.855375600299545,"PE"
39,3,0.834456997099597,0.802154343134131,0.868060474855576,"PE"
39,4,0.852571269282316,0.810334430513619,0.897009607187662,"PE"
39,5,0.863345856313545,0.808664428358521,0.921724811275254,"PE"
39,6,0.86456600162784,0.804599372529085,0.929001931509373,"PE"
39,7,0.854919631931808,0.799590905984808,0.914076900564831,"PE"
39,8,0.836010352971523,0.792559940169791,0.881842842228237,"PE"
39,9,0.810261874172679,0.777730589085609,0.844153893329193,"PE"
39,10,0.78007200076406,0.742077145479538,0.820012218517816,"PE"
39,11,0.747666061319023,0.689608132583593,0.810611871925015,"PE"
39,12,0.71501061643729,0.6339805208929,0.80639730207799,"PE"
40,0,0.769581293663624,0.680537990509711,0.870275246666813,"PE"
40,1,0.794027309995637,0.730629002198266,0.862926830336552,"PE"
40,2,0.817594615358542,0.777237431363098,0.860047300978485,"PE"
40,3,0.8384629870724,0.807373534959521,0.870749597614217,"PE"
40,4,0.854662611565928,0.814148065702598,0.897193287535882,"PE"
40,5,0.864155894546356,0.811790526734902,0.919899143295961,"PE"
40,6,0.864963367397946,0.807554644967844,0.926453251928463,"PE"
40,7,0.855905840843294,0.80288720777694,0.91242555777921,"PE"
40,8,0.838421665566041,0.796686804616476,0.882342829349276,"PE"
40,9,0.814677226419752,0.783314663218371,0.847295492363271,"PE"
40,10,0.786816748935328,0.750126451122886,0.82530164811338,"PE"
40,11,0.756841446233543,0.70062522944995,0.817568295658701,"PE"
40,12,0.726537212102307,0.647744821239836,0.814913995852615,"PE"
41,0,0.78087869092209,0.694439846645134,0.878076816706339,"PE"
41,1,0.802841084725434,0.741543624946468,0.869205513525441,"PE"
41,2,0.823921722300894,0.785019391231292,0.864751892834787,"PE"
41,3,0.842486615671333,0.812593116459826,0.873479830444055,"PE"
41,4,0.856783525187455,0.817963214810063,0.89744623687399,"PE"
41,5,0.865008928623327,0.81491973224016,0.918176866991812,"PE"
41,6,0.865409795290297,0.810514485070286,0.924023108259994,"PE"
41,7,0.856935866143554,0.806189589165354,0.910876409906833,"PE"
41,8,0.840865563172458,0.800821391300905,0.882912098764932,"PE"
41,9,0.819117490963897,0.788907686973104,0.850484125179863,"PE"
41,10,0.793591253181267,0.758194699032969,0.83064030641347,"PE"
41,11,0.766069617388668,0.711703195457445,0.82458904559058,"PE"
41,12,0.738159053839504,0.661647435134434,0.823518326878308,"PE"
42,0,0.792221826074663,0.70843025253255,0.885924082809037,"PE"
42,1,0.811673282698599,0.752483765633695,0.875518579848574,"PE"
42,2,0.830258730120206,0.792799156470274,0.869488259813333,"PE"
42,3,0.846527665396406,0.817808838112308,0.876255005919953,"PE"
42,4,0.858938596551974,0.821779284454464,0.897778182783526,"PE"
42,5,0.865912662624437,0.818053288844883,0.916572000281412,"PE"
42,6,0.865914127402267,0.813480810213889,0.921727060577719,"PE"
42,7,0.858017522654597,0.809499532626693,0.909443476506408,"PE"
42,8,0.843346897446017,0.804963582342473,0.88356045544583,"PE"
42,9,0.823582966344585,0.794506023638436,0.853724052772723,"PE"
42,10,0.800390116995915,0.766271109194375,0.836028308646869,"PE"
42,11,0.775338918330829,0.72282212783552,0.831671327050481,"PE"
42,12,0.749858300284875,0.675659863155468,0.832204932049872,"PE"
43,0,0.803589383309996,0.722476719484704,0.893808588640912,"PE"
43,1,0.820510168224445,0.763427433221657,0.881861073970912,"PE"
43,2,0.836599133895424,0.800564959531461,0.874255240004755,"PE"
43,3,0.850585913477854,0.823016388164654,0.879078966848243,"PE"
43,4,0.861132459835683,0.825595676131096,0.898198882118303,"PE"
43,5,0.866874840361694,0.821192441711275,0.915098520982643,"PE"
43,6,0.866485236795687,0.816455543453323,0.919580584154367,"PE"
43,7,0.859158672300474,0.812818534735925,0.908140738238616,"PE"
43,8,0.845870578763101,0.809113276362549,0.884297732986923,"PE"
43,9,0.828073955318213,0.800106001590671,0.857019537552666,"PE"
43,10,0.807207762552746,0.774344524901186,0.841465718387508,"PE"
43,11,0.784637149149364,0.733960966753699,0.838812258025489,"PE"
43,12,0.76161601723043,0.68975129659961,0.840968274451332,"PE"
44,0,0.814958936194478,0.736544497962126,0.901721578968861,"PE"
44,1,0.829337457679279,0.774351536459293,0.888227873679808,"PE"
44,2,0.842936241846228,0.808304675014678,0.879051587577344,"PE"
44,3,0.85466113181772,0.828211430464306,0.881955528952854,"PE"
44,4,0.863369798898743,0.829411821701433,0.898718091721128,"PE"
44,5,0.867903250208707,0.824338472841221,0.913770346210597,"PE"
44,6,0.867132033848121,0.819440649406307,0.917599053293673,"PE"
44,7,0.860367229134183,0.816148140411938,0.906982117969921,"PE"
44,8,0.848441578465468,0.813270421685226,0.8851337671636,"PE"
44,9,0.832590764911132,0.80570395525569,0.860374803044518,"PE"
44,10,0.814038429337957,0.782403467100338,0.846952489736381,"PE"
44,11,0.793951561817848,0.745097545881435,0.846008802468002,"PE"
44,12,0.77341216319213,0.703888644749433,0.849802562714251,"PE"
45,0,0.826306946755815,0.750596641143789,0.909653911075947,"PE"
45,1,0.83814032067492,0.785231945804393,0.8946136245405,"PE"
45,2,0.849263175458347,0.816005871568341,0.883875920896716,"PE"
45,3,0.858753086932,0.833389654858946,0.884888431258552,"PE"
45,4,0.865655349451167,0.833227232778722,0.899345526111036,"PE"
45,5,0.869005730630452,0.827492752004614,0.912601298366846,"PE"
45,6,0.867863473523099,0.822438185668065,0.915797711974872,"PE"
45,7,0.861651165093527,0.819489991295926,0.905981449673287,"PE"
45,8,0.851064931394173,0.817435061522301,0.886078358444879,"PE"
45,9,0.83713370647357,0.811296278303908,0.863793981625618,"PE"
45,10,0.820876173184166,0.790436210057193,0.852488389483984,"PE"
45,11,0.803268857527677,0.756208677755043,0.853257674044876,"PE"
45,12,0.785225579999056,0.718036614181456,0.858701630679013,"PE"
46,0,0.837608770991388,0.76459412142716,0.917595929108305,"PE"
46,1,0.846903383766263,0.796043587342507,0.901012649105285,"PE"
46,2,0.85557287015433,0.823655882567918,0.888726653492646,"PE"
46,3,0.862861539893366,0.83854684257667,0.88788127177174,"PE"
46,4,0.867993901476849,0.837041567493377,0.900090798665102,"PE"
46,5,0.8701901764226,0.830656807235286,0.911605053430819,"PE"
46,6,0.868688563569761,0.825450374195167,0.914191626859053,"PE"
46,7,0.863018516496763,0.822845892165028,0.905152431224508,"PE"
46,8,0.853745738719844,0.821607394016461,0.887141220600662,"PE"
46,9,0.841703095734462,0.816879491059692,0.867281048334225,"PE"
46,10,0.827714865726027,0.79843088242301,0.858072895257679,"PE"
46,11,0.812575186155525,0.767270282716575,0.860555202031184,"PE"
46,12,0.797033988861818,0.73215785429012,0.867658764675705,"PE"
47,0,0.848838671270589,0.778496012191579,0.925537290571381,"PE"
47,1,0.855610736844239,0.80676057592252,0.907418823937981,"PE"
47,2,0.861858076533678,0.831241899195672,0.89360190433745,"PE"
47,3,0.866986246274513,0.843678948816673,0.890937426237125,"PE"
47,4,0.87039030192115,0.840854718333132,0.900963342609502,"PE"
47,5,0.871464545671239,0.833832419708311,0.910795066744524,"PE"
47,6,0.869616373664552,0.828479697711366,0.912795617604803,"PE"
47,7,0.864477391290476,0.826217899776153,0.904508556707447,"PE"
47,8,0.856489171076365,0.825787850200705,0.888331912358344,"PE"
47,9,0.846299252857198,0.82245032379764,0.870839739085415,"PE"
47,10,0.834548194299393,0.806375597414196,0.863705066028473,"PE"
47,11,0.821856148006634,0.778257570874314,0.86789715037078,"PE"
47,12,0.808813992381094,0.746213185056156,0.87666646391703,"PE"
48,0,0.859969836091776,0.792259748426744,0.933466732919726,"PE"
48,1,0.864245942357747,0.817356395267158,0.913825417170309,"PE"
48,2,0.868111362206034,0.838751089387784,0.898499384055991,"PE"
48,3,0.871126956092147,0.848782204198889,0.894059948331045,"PE"
48,4,0.872849457647849,0.844666924577316,0.901972308312407,"PE"
48,5,0.872836867445462,0.837021748006079,0.910184471295808,"PE"
48,6,0.870656045510117,0.831529026501037,0.911624159138562,"PE"
48,7,0.866035977063842,0.829608438750945,0.904063023633351,"PE"
48,8,0.859300472005543,0.829977192832607,0.88965974916599,"PE"
48,9,0.850922502496318,0.828005816907836,0.874473452322606,"PE"
48,10,0.841369662305662,0.814258614690982,0.869383382473636,"PE"
48,11,0.831096797975238,0.789145286273102,0.87527848118661,"PE"
48,12,0.820541082955876,0.760161923911525,0.885716118684163,"PE"
49,0,0.870974407640343,0.805841480150247,0.941371767835789,"PE"
49,1,0.872792047504106,0.827804132652716,0.920224879459485,"PE"
49,2,0.874325114240733,0.84617074539055,0.903416254410026,"PE"
49,3,0.875283413751661,0.853853235579398,0.897251450793995,"PE"
49,4,0.8753763386717,0.848478912039732,0.903126434178706,"PE"
49,5,0.874315250237158,0.840227486356225,0.909785943938016,"PE"
49,6,0.871816803909312,0.834601780686403,0.910691250806518,"PE"
49,7,0.867702549845436,0.833020448809327,0.90382861079153,"PE"
49,8,0.862184961720835,0.834176638502033,0.89113369268222,"PE"
49,9,0.855573173855166,0.833543437730521,0.878185134314806,"PE"
49,10,0.848172590062925,0.822068534375857,0.875105556838083,"PE"
49,11,0.84028165226167,0.799908020604292,0.882693055876846,"PE"
49,12,0.832189658044987,0.773962327378441,0.89479759215516,"PE"
50,0,0.881823517574228,0.819196531134616,0.949238292147017,"PE"
50,1,0.881231599522012,0.838076774399567,0.926608582551986,"PE"
50,2,0.880491542255531,0.853488461130904,0.908348959933527,"PE"
50,3,0.879455357992521,0.858889204911495,0.900513968831932,"PE"
50,4,0.877975981673266,0.852292061129449,0.904433890154536,"PE"
50,5,0.87590789116436,0.843453060020158,0.909611536397367,"PE"
50,6,0.873107968835342,0.837702131861498,0.910010248571044,"PE"
50,7,0.869485483700876,0.836457566523924,0.903817523593319,"PE"
50,8,0.865148041198787,0.838388004187655,0.892762216839361,"PE"
50,9,0.860251600744528,0.839061212119606,0.881977150050923,"PE"
50,10,0.854950116165332,0.829794520283824,0.880868315304255,"PE"
50,11,0.849394697782783,0.810520599592087,0.89013327111563,"PE"
50,12,0.843733042724351,0.787572158741054,0.903898696118018,"PE"
51,0,0.892487331436553,0.832279971350546,0.957050108369423,"PE"
51,1,0.889546664213991,0.848147565301747,0.932966502748514,"PE"
51,2,0.886602682166643,0.860692338038902,0.913293033159958,"PE"
51,3,0.883642521834399,0.863887962286952,0.90384880966138,"PE"
51,4,0.880653493803248,0.856108601401387,0.905902095690136,"PE"
51,5,0.877623085956734,0.846702858241694,0.90967247069852,"PE"
51,6,0.874538968522382,0.840835245364018,0.90959365902066,"PE"
51,7,0.871393261152021,0.839924342459292,0.904041206089888,"PE"
51,8,0.868195196607507,0.842613877365124,0.894553151402377,"PE"
51,9,0.864958121642259,0.844557866521157,0.885851143956118,"PE"
51,10,0.861695199371853,0.837426544860515,0.886667160454264,"PE"
51,11,0.858419404408124,0.820958538037422,0.897589634217079,"PE"
51,12,0.855143519965909,0.800949384024554,0.913004559745396,"PE"
52,0,0.902935102061729,0.845047303674185,0.964788355622714,"PE"
52,1,0.897718847816664,0.857990429712926,0.939286851946499,"PE"
52,2,0.892650400621446,0.86777121426312,0.918242878575158,"PE"
52,3,0.887844632524098,0.868848206170379,0.90725639519508,"PE"
52,4,0.883414056784057,0.859931826723597,0.907537518057827,"PE"
52,5,0.879469239744263,0.84998250074313,0.909978903071674,"PE"
52,6,0.876119353604755,0.84400756015705,0.909452898286816,"PE"
52,7,0.873434484441019,0.8434264908012,0.904510122614308,"PE"
52,8,0.87133200408215,0.846857805754771,0.896513506964907,"PE"
52,9,0.869693079753938,0.850032973727999,0.889807897280369,"PE"
52,10,0.868400621045235,0.844955642916938,0.892496126812521,"PE"
52,11,0.867338740148791,0.831198549207332,0.905050292592903,"PE"
52,12,0.866392369041616,0.814052984065048,0.922096905025979,"PE"
53,0,0.913135232300836,0.857455253055357,0.972430863882377,"PE"
53,1,0.905729322326898,0.867580444021294,0.945555666884773,"PE"
53,2,0.898626400134214,0.874714907547574,0.923191545096945,"PE"
53,3,0.892061411483275,0.873769640534021,0.910736108170547,"PE"
53,4,0.886262931316994,0.863766320172828,0.909345461940945,"PE"
53,5,0.881454878672836,0.853299127684146,0.91053966648814,"PE"
53,6,0.877858812336745,0.847227097174597,0.90959802509535,"PE"
53,7,0.875617887665394,0.846971163317183,0.905233517274403,"PE"
53,8,0.874564134858186,0.851124498944614,0.898649289179984,"PE"
53,9,0.874456823074552,0.855487092870758,0.893847191610595,"PE"
53,10,0.875058988161442,0.852374155865912,0.898347547837413,"PE"
53,11,0.876135189419021,0.841219081551779,0.91250054471221,"PE"
53,12,0.877449912427258,0.82684385061313,0.93115326218812,"PE"
54,0,0.923055347344296,0.86946262958134,0.979951461135445,"PE"
54,1,0.913558854379863,0.876894339996104,0.951756377421201,"PE"
54,2,0.904522224944135,0.881514456926445,0.928130501989212,"PE"
54,3,0.896292574257036,0.878653115775031,0.914286154849294,"PE"
54,4,0.889205461804042,0.867618172479355,0.911329866504097,"PE"
54,5,0.883588662373337,0.856661695809823,0.911362009172899,"PE"
54,6,0.879767186929504,0.850503779473727,0.910037464709188,"PE"
54,7,0.877952349813417,0.850567233089801,0.906219165935729,"PE"
54,8,0.877897360774013,0.855420029850002,0.900965314301935,"PE"
54,9,0.879249704451246,0.860921892190668,0.897967689972959,"PE"
54,10,0.881662736909291,0.859675944113371,0.904211856778291,"PE"
54,11,0.88479077448214,0.851000842619503,0.919922373048382,"PE"
54,12,0.888285571545587,0.839285711320886,0.940146181416867,"PE"
55,0,0.932662376864447,0.881031217249371,0.987319282436084,"PE"
55,1,0.921187837761292,0.885911007201947,0.957869385909871,"PE"
55,2,0.910329267613554,0.888162343819166,0.933049437685411,"PE"
55,3,0.900537830463407,0.883500738803998,0.917903458907748,"PE"
55,4,0.892247081394006,0.871495173469458,0.913493130531975,"PE"
55,5,0.885879397313996,0.860081256454286,0.912451353515946,"PE"
55,6,0.881854491046248,0.853849739781542,0.91077774829258,"PE"
55,7,0.880446908732416,0.854225566900037,0.907473141912153,"PE"
55,8,0.881337560155387,0.859752020058918,0.903465042033191,"PE"
55,9,0.884072081647141,0.866340242365162,0.902166847766575,"PE"
55,10,0.888204136899214,0.866856544045139,0.910077445021628,"PE"
55,11,0.893287080182664,0.860527259843373,0.927294049658007,"PE"
55,12,0.898867931646221,0.851346006681561,0.949042518788918,"PE"
56,0,0.941922647137636,0.892126621264205,0.994498148629981,"PE"
56,1,0.928596329620649,0.894611952661276,0.963871699701545,"PE"
56,2,0.916038776382927,0.894652670393787,0.937936103703556,"PE"
56,3,0.904796883743728,0.888315938351386,0.921583600483064,"PE"
56,4,0.895393317363461,0.875406954016591,0.915835988165967,"PE"
56,5,0.88833605106912,0.863571186066831,0.913811104818413,"PE"
56,6,0.884130928502048,0.857279584949524,0.911823298323287,"PE"
56,7,0.883110776066287,0.857959260007932,0.908999621727015,"PE"
56,8,0.884890724095084,0.864129790651413,0.906150444135532,"PE"
56,9,0.888924317406264,0.871746269189299,0.906440864738136,"PE"
56,10,0.894675295999249,0.873913248887073,0.91593059870726,"PE"
56,11,0.901605282054824,0.869784824542297,0.934589868312456,"PE"
56,12,0.909164816070707,0.862996628162602,0.957802887991286,"PE"
57,0,0.950801983234792,0.902718993553197,1.00144609538443,"PE"
57,1,0.935764090434549,0.902981670329331,0.96973666434163,"PE"
57,2,0.921641863297309,0.900981273549222,0.942776225343745,"PE"
57,3,0.909069431714014,0.893103474814246,0.925320811061363,"PE"
57,4,0.898649796843823,0.879365057904805,0.918357455880248,"PE"
57,5,0.890967767541036,0.867147339200224,0.915442540052314,"PE"
57,6,0.886606913220087,0.860810584800366,0.913176292728732,"PE"
57,7,0.885953353202423,0.861783805335062,0.910800759066761,"PE"
57,8,0.88856296314225,0.868564460219593,0.909021927133101,"PE"
57,9,0.893806779519585,0.877145357498924,0.910784686124445,"PE"
57,10,0.901068165815314,0.880845099926345,0.921755527179144,"PE"
57,11,0.909726177884759,0.878763272267229,0.941780050267214,"PE"
57,12,0.919143370094912,0.874214427809007,0.966381368135009,"PE"
58,0,0.959265821291164,0.912783554751632,1.0081151343133,"PE"
58,1,0.942670627750564,0.9110078748328,0.975433843079277,"PE"
58,2,0.927129513117381,0.907145757394648,0.947553496322334,"PE"
58,3,0.913355165917306,0.897869389676037,0.929108029185433,"PE"
58,4,0.90202225290671,0.883382929376606,0.9210548649758,"PE"
58,5,0.893783883175983,0.870828099142914,0.917344801587572,"PE"
58,6,0.889293090502209,0.864462756919192,0.914836636379116,"PE"
58,7,0.888984248272508,0.86571717238957,0.912876651730557,"PE"
58,8,0.892360514416996,0.873068975342493,0.912078323912706,"PE"
58,9,0.898719840892207,0.882544103092707,0.915192056218939,"PE"
58,10,0.907374547831711,0.887652785200642,0.927534486208705,"PE"
58,11,0.917630222788877,0.887455570278456,0.948830853032289,"PE"
58,12,0.928770154477523,0.884981429701588,0.974725537618424,"PE"
59,0,0.967279330780358,0.9223008453222,1.01445131325673,"PE"
59,1,0.949295243720579,0.918681565093621,0.980929077050411,"PE"
59,2,0.932492593026001,0.913145435525603,0.952249666065351,"PE"
59,3,0.917653771777066,0.902620896736359,0.932937014754973,"PE"
59,4,0.905516531020719,0.887475812348065,0.923923983665948,"PE"
59,5,0.896793944218972,0.874634312827022,0.91951500940814,"PE"
59,6,0.892200359678064,0.86825882980728,0.916802057730129,"PE"
59,7,0.892213294256244,0.869779780298325,0.915225417374664,"PE"
59,8,0.896289749166992,0.87765806568314,0.915316962120709,"PE"
59,9,0.903663879611714,0.887950215266975,0.919655621761823,"PE"
59,10,0.913586100226498,0.894338454624198,0.93324798705852,"PE"
59,11,0.925297567854522,0.895857708693838,0.95570488568525,"PE"
59,12,0.938011248772811,0.895284711447716,0.982776865921843,"PE"
60,0,0.974807546625104,0.93125666882199,1.02039511207935,"PE"
60,1,0.955617086410047,0.925996903138402,0.986184740730538,"PE"
60,2,0.937721863139079,0.918981185335831,0.956844717433129,"PE"
60,3,0.921964928551635,0.907366224582238,0.936798512497619,"PE"
60,4,0.90913859589375,0.891660569321543,0.926959220785731,"PE"
60,5,0.900007725057242,0.878589112496332,0.921948489506344,"PE"
60,6,0.89533989820409,0.872224083067773,0.919068332184336,"PE"
60,7,0.895650568241965,0.873994362916964,0.917843380264877,"PE"
60,8,0.900357180784094,0.88234812513249,0.918733808005496,"PE"
60,9,0.908639279017706,0.893372378257069,0.924167076874009,"PE"
60,10,0.919694345374921,0.900905470900223,0.938875072064339,"PE"
60,11,0.932708102371087,0.903968319733166,0.962361606306585,"PE"
60,12,0.946832364388231,0.905115971470637,0.990471447317833,"PE"
61,0,0.981815510877961,0.939641731349093,1.02588216895874,"PE"
61,1,0.961615204845056,0.93295091786003,0.99116018269241,"PE"
61,2,0.942807987827182,0.924655227732398,0.961317121507682,"PE"
61,3,0.926288309289807,0.912114425322553,0.940682449598963,"PE"
61,4,0.91289453871607,0.895955439074831,0.930153892115634,"PE"
61,5,0.903435247706821,0.882717643280854,0.924639099503527,"PE"
61,6,0.898723187291114,0.876386081428045,0.921629615635348,"PE"
61,7,0.899306411903473,0.878385739356211,0.920725355905085,"PE"
61,8,0.904569473300396,0.8871570301131,0.922323674674191,"PE"
61,9,0.913646427772547,0.898820084206657,0.928717336927699,"PE"
61,10,0.925690678052555,0.907358122138737,0.944393630834085,"PE"
61,11,0.939841499660027,0.911788172404159,0.968757954113575,"PE"
61,12,0.955198967282971,0.914470843103616,0.997741014904149,"PE"
62,0,0.988268423599861,0.947451023316908,1.0308442896239,"PE"
62,1,0.967268607732946,0.939543067015525,0.995812318085225,"PE"
62,2,0.947741547851716,0.930170854395074,0.965644147287876,"PE"
62,3,0.930623580787559,0.916875167443727,0.94457814964327,"PE"
62,4,0.916790584820508,0.900379759589191,0.933500522933811,"PE"
62,5,0.907086802502088,0.887046729100934,0.927579619291778,"PE"
62,6,0.90236203914745,0.880774334900704,0.924478856194351,"PE"
62,7,0.903191453258131,0.882980516677895,0.923865007019307,"PE"
62,8,0.908933450384579,0.892103914066151,0.926080475829809,"PE"
62,9,0.918685719933344,0.904303452447426,0.933296726585828,"PE"
62,10,0.931566374348018,0.913701323722223,0.949780729528349,"PE"
62,11,0.946677266491,0.919319602449414,0.974849056305406,"PE"
62,12,0.963076410112707,0.923348047677066,1.00451414182225,"PE"
63,0,0.99413180245389,0.954683022375499,1.03521065891701,"PE"
63,1,0.972556325764561,0.945774707587576,1.00009632230208,"PE"
63,2,0.95251305331679,0.935532129269209,0.969802199575548,"PE"
63,3,0.93497040354596,0.92165853038449,0.94847454527678,"PE"
63,4,0.920833101777358,0.904953684880946,0.936991158216524,"PE"
63,5,0.910972970053903,0.891604516010199,0.930762167830179,"PE"
63,6,0.90626862593311,0.885419926396312,0.927608243123122,"PE"
63,7,0.907316629777458,0.88780675971774,0.927255236187266,"PE"
63,8,0.913456104861,0.897208921539811,0.929997501669744,"PE"
63,9,0.92375755502518,0.909833049643256,0.937895167471315,"PE"
63,10,0.937312601293268,0.919940333963507,0.955012928673268,"PE"
63,11,0.953194796048506,0.926565937529936,0.980588949380193,"PE"
63,12,0.970430073528996,0.931748489272072,1.01071752565461,"PE"
64,0,0.999371650416704,0.961338812052793,1.03890915786906,"PE"
64,1,0.977457477377127,0.951648531224427,1.00396636860372,"PE"
64,2,0.95711295743492,0.940743590713632,0.973767158588779,"PE"
64,3,0.939328431730316,0.926474815552798,0.952360374880209,"PE"
64,4,0.925028607942914,0.909697921510401,0.940617654805779,"PE"
64,5,0.915104644548071,0.896420131141435,0.934178608201433,"PE"
64,6,0.910455510530216,0.890355148900866,0.931009651236523,"PE"
64,7,0.911693212928121,0.892893664382835,0.930888579071409,"PE"
64,8,0.918144608775633,0.902492965485376,0.934067693447766,"PE"
64,9,0.928862338115636,0.915419723104532,0.942502353175894,"PE"
64,10,0.942920427217452,0.926080501927801,0.960066571116793,"PE"
64,11,0.959373424389143,0.933530967427759,0.985931264776576,"PE"
64,12,0.97722551623953,0.939674384073166,1.0162772613319,"PE"
65,0,1.00395463089169,0.967421207711847,1.04186769201889,"PE"
65,1,0.981951337826368,0.957168017500825,1.00737635632311,"PE"
65,2,0.961531671101644,0.945809976380198,0.977514699168145,"PE"
65,3,0.943697313130587,0.931334384040309,0.956224353004608,"PE"
65,4,0.929383781481969,0.914633504001939,0.944371936412133,"PE"
65,5,0.919493058462518,0.90152338811565,0.937820910368103,"PE"
65,6,0.914935679244888,0.895613187764022,0.934675045646903,"PE"
65,7,0.91633283422843,0.898271265844166,0.934757567132038,"PE"
65,8,0.923006324034785,0.907977507838115,0.938283896741747,"PE"
65,9,0.934000479890611,0.92107445606603,0.947107902830989,"PE"
65,10,0.948380832828072,0.9321270583294,0.964918029187629,"PE"
65,11,0.965192490303873,0.940218492905987,0.990829844730722,"PE"
65,12,0.983428633328711,0.947128493506024,1.02112003121214,"PE"
66,0,1.00784824938742,0.9729339634582,1.04401545422761,"PE"
66,1,0.986017411385013,0.962336945830159,1.01028058806961,"PE"
66,2,0.965759578270827,0.950735986083114,0.981020574244161,"PE"
66,3,0.948076689123109,0.936247526372503,0.960055309242027,"PE"
66,4,0.933905469886095,0.919781620284483,0.948246200455069,"PE"
66,5,0.924149808788745,0.906944558870295,0.941681452004185,"PE"
66,6,0.919722576566934,0.901227872434014,0.938596822979256,"PE"
66,7,0.921247512913166,0.903970203911207,0.938855037894654,"PE"
66,8,0.928048813644434,0.913684377537223,0.942639079403274,"PE"
66,9,0.939172396731475,0.926808249796313,0.951701488388986,"PE"
66,10,0.953684723020897,0.938084953321573,0.969543907194156,"PE"
66,11,0.97063139847274,0.946631969556566,0.995239271437737,"PE"
66,12,0.989005822227431,0.954113501097368,1.02517416981812,"PE"
67,0,1.0110210408036,0.977881107606388,1.04528407083106,"PE"
67,1,0.989635506452462,0.967158991083899,1.01263437000552,"PE"
67,2,0.969787052119004,0.955526090406937,0.984260854726778,"PE"
67,3,0.952466194633669,0.941224365172563,0.963842294662251,"PE"
67,4,0.938600700011145,0.925163490439445,0.952233073575955,"PE"
67,5,0.929086884850811,0.912714220355047,0.945753249320469,"PE"
67,6,0.924830142125605,0.907233509412846,0.942768077799086,"PE"
67,7,0.926449685307974,0.910021557237798,0.943174381508591,"PE"
67,8,0.933279853580078,0.919635633400512,0.947126506916372,"PE"
67,9,0.944378510793583,0.932632033757164,0.956272934413192,"PE"
67,10,0.958822939417581,0.94395873930992,0.973921201074375,"PE"
67,11,0.975669685771356,0.952774248062896,0.999115307396864,"PE"
67,12,0.993924155607757,0.960631545607845,1.0283705876799,"PE"
68,0,1.01344276124587,0.982266427231922,1.04560860663432,"PE"
68,1,0.99278581332737,0.971637412186086,1.01439452493553,"PE"
68,2,0.973604471983505,0.960184385974151,0.987212124788497,"PE"
68,3,0.956865458101976,0.946274788090835,0.967574658473109,"PE"
68,4,0.943476688659122,0.930800295705378,0.956325719007868,"PE"
68,5,0.93431669782343,0.918863174639845,0.950030119744254,"PE"
68,6,0.930272849992603,0.913664796926514,0.94718279432951,"PE"
68,7,0.931952236023571,0.916456748134441,0.947709722250768,"PE"
68,8,0.938707445319216,0.925853472993786,0.951739874181628,"PE"
68,9,0.949619250086169,0.93855660203505,0.960812292171743,"PE"
68,10,0.963786273627275,0.949752492952893,0.978027420959262,"PE"
68,11,0.980287090559392,0.958647401481371,1.0024152555282,"PE"
68,12,0.998151560363363,0.966683901740865,1.03064355955613,"PE"
69,0,1.01508458317214,0.986093098916099,1.04492842727158,"PE"
69,1,0.995448984361404,0.975774829551999,1.01551982122874,"PE"
69,2,0.977202241055352,0.964714492769486,0.989851637018765,"PE"
69,3,0.961274101447559,0.951408405750965,0.971242100162488,"PE"
69,4,0.94854085373139,0.936713150124061,0.960517903563446,"PE"
69,5,0.939852112059749,0.925422433591376,0.954506785744515,"PE"
69,6,0.936065750497523,0.920556813090416,0.951835972309978,"PE"
69,7,0.937768531089773,0.923307511842957,0.952456041592183,"PE"
69,8,0.944339829070902,0.932360183452761,0.956473397938538,"PE"
69,9,0.954895048553649,0.944592571925399,0.965309892172525,"PE"
69,10,0.968565481225775,0.955469767956315,0.981840684953004,"PE"
69,11,0.984463624751373,0.964252623277571,1.00509825440177,"PE"
69,12,1.00165700172152,0.972270785497756,1.03193139613271,"PE"
70,0,1.01591929255857,0.989363444277255,1.04318793559899,"PE"
70,1,0.997606216178858,0.979573076583081,1.01597133113355,"PE"
70,2,0.980570804804072,0.969119484395435,0.992157436432029,"PE"
70,3,0.965691740037151,0.956634527248827,0.974834704594992,"PE"
70,4,0.953800825982146,0.942923103788297,0.964804035439645,"PE"
70,5,0.945706478349073,0.932423253885731,0.959178934528171,"PE"
70,6,0.942224514736138,0.92794506287603,0.956723702390511,"PE"
70,7,0.943912453159933,0.930605917984932,0.957409255638142,"PE"
70,8,0.950185497739355,0.939178125899867,0.961321878370116,"PE"
70,9,0.96020634615836,0.950750358413359,0.969756381413774,"PE"
70,10,0.973151296442838,0.961113568214106,0.985339794472041,"PE"
70,11,0.988179648439601,0.969590175312358,1.00712552834565,"PE"
70,12,1.00441067141846,0.977391251969224,1.03217702719018,"PE"
71,0,1.01592148666392,0.992078772092704,1.04033721524785,"PE"
71,1,0.999239333613335,0.983033100172122,1.01571274219067,"PE"
71,2,0.983700670107502,0.973401836966367,0.99410846746058,"PE"
71,3,0.970117982653583,0.961962142490154,0.97834297078639,"PE"
71,4,0.959264461403169,0.949451162476523,0.969179188227985,"PE"
71,5,0.951893669235275,0.939897202435688,0.964043254072984,"PE"
71,6,0.948765481968374,0.935865562603999,0.961843213110698,"PE"
71,7,0.950398438927754,0.938384425514952,0.962566266187376,"PE"
71,8,0.956253211661298,0.946329740134451,0.966280743414689,"PE"
71,9,0.965553588964773,0.957040155094807,0.974142754825578,"PE"
71,10,0.977534447545237,0.966686327383566,0.988504304932012,"PE"
71,11,0.991415946808123,0.974659359278293,1.00846061778267,"PE"
71,12,1.00638417875871,0.982043143772979,1.03132853345391,"PE"
72,0,1.01506777086998,0.994239242266007,1.03633264073404,"PE"
72,1,1.00033087497976,0.986154867496431,1.01471066302007,"PE"
72,2,0.986582425055632,0.977563371655824,0.99568468873785,"PE"
72,3,0.974552431466247,0.967399892466085,0.981757853265494,"PE"
72,4,0.964939854273083,0.956318298486416,0.97363913650742,"PE"
72,5,0.958428116537976,0.947876220014074,0.969097478315147,"PE"
72,6,0.955705710120755,0.944354927276406,0.967192925007187,"PE"
72,7,0.95724151891084,0.946675939848475,0.967925017375426,"PE"
72,8,0.962552014159575,0.953837546029109,0.971346099574046,"PE"
72,9,0.970937229225187,0.96347190420975,0.978460398249714,"PE"
72,10,0.981705672899975,0.972189871171644,0.991314615366775,"PE"
72,11,0.994153809045684,0.979458469872653,1.00906963025042,"PE"
72,12,1.00755074327184,0.986223025897413,1.02933968647091,"PE"
73,0,1.0133369529833,0.995843611666727,1.03113758852441,"PE"
73,1,1.00086417826784,0.988937184739275,1.01293501629616,"PE"
73,2,0.989206759393242,0.981605133042031,0.996867253329023,"PE"
73,3,0.978994682003151,0.972955982098543,0.985070861400366,"PE"
73,4,0.970835350906736,0.963545394802717,0.978180461090972,"PE"
73,5,0.96532485123086,0.956392611033926,0.974340514191642,"PE"
73,6,0.963063029627559,0.95345038341765,0.972772590127676,"PE"
73,7,0.964457359768713,0.955513801464867,0.973484629302069,"PE"
73,8,0.969091247958695,0.961724086569978,0.976514844522204,"PE"
73,9,0.976357725466951,0.970055213408921,0.982701185357323,"PE"
73,10,0.98565573769883,0.977625305666863,0.993752133488328,"PE"
73,11,0.996375108934699,0.983984635888079,1.00892160456208,"PE"
73,12,1.00788538757914,0.989925967067641,1.02617063122877,"PE"
74,0,1.01071546277808,0.996892142493971,1.02473046295967,"PE"
74,1,1.00082723204475,0.991379921918981,1.01036456988506,"PE"
74,2,0.991566873943464,0.985528857786665,0.997641883069897,"PE"
74,3,0.983445480874439,0.97863863051435,0.98827594139017,"PE"
74,4,0.976959688451402,0.971152482996856,0.982801619282017,"PE"
74,5,0.972598883686616,0.965477319389684,0.979772978143518,"PE"
74,6,0.970854949010233,0.963187500406991,0.978583434294347,"PE"
74,7,0.972060997736376,0.964929435856007,0.979245267279049,"PE"
74,8,0.975879391959347,0.970009896649291,0.981784403376315,"PE"
74,9,0.981814729425114,0.976797844445192,0.98685738138952,"PE"
74,10,0.989375188895753,0.98299178640704,0.995800044251007,"PE"
74,11,0.99806280465302,0.988232631276838,1.00799076098591,"PE"
74,12,1.00736630069015,0.993144326203146,1.02179193596741,"PE"
75,0,1.00742549604456,0.997547588019573,1.01740121701414,"PE"
75,1,1.00037737122646,0.993605210717428,1.00719568905981,"PE"
75,2,0.993763259650974,0.989417051015128,0.998128559861486,"PE"
75,3,0.987957641734314,0.984488222417777,0.99143928757639,"PE"
75,4,0.98332748889429,0.979138155813827,0.987534746423467,"PE"
75,5,0.980236021308448,0.975096899852194,0.985402227836295,"PE"
75,6,0.979047839956796,0.973512696102755,0.984614455221131,"PE"
75,7,0.980008971099916,0.974861192847332,0.985183932320837,"PE"
75,8,0.982872009092761,0.978636058182977,0.987126294990265,"PE"
75,9,0.98727128448006,0.983650655228979,0.990905240572438,"PE"
75,10,0.992842845515109,0.988248004762186,0.997459049894816,"PE"
75,11,0.999219330264527,0.992166802648718,1.0063219887108,"PE"
75,12,1.00602621821406,0.995848893957896,1.01630755215447,"PE"
76,0,1.00400903719823,0.998203524223921,1.00984831481079,"PE"
76,1,0.999904668750187,0.995909449519941,1.00391591531776,"PE"
76,2,0.996045674588751,0.993467865873677,0.998630172093669,"PE"
76,3,0.992657157471096,0.990592687917017,0.994725929534765,"PE"
76,4,0.989961609767404,0.987473238648926,0.992456251426268,"PE"
76,5,0.988180231811709,0.985128755543672,0.991241160151227,"PE"
76,6,0.987534751447598,0.98424737234196,0.990833110375675,"PE"
76,7,0.988174143334811,0.985116640177733,0.991241136054012,"PE"
76,8,0.989949410899971,0.987432407403753,0.992472830335704,"PE"
76,9,0.992638809402375,0.990485601612273,0.994796698031633,"PE"
76,10,0.996021127062549,0.993298528846993,0.998751187829221,"PE"
76,11,0.999873865556284,0.995713977970894,1.00405113229383,"PE"
76,12,1.00397192175223,0.997988012055668,1.00999171081291,"PE"
77,0,1.00102465410354,0.999283582515603,1.00276875919501,"PE"
77,1,0.999815623491019,0.998612364779093,1.00102033204633,"PE"
77,2,0.998677088125871,0.997895728101472,0.999459059961174,"PE"
77,3,0.997677776314677,0.997049673758356,0.998306274551205,"PE"
77,4,0.99688618372932,0.996131444992247,0.99764149430916,"PE"
77,5,0.996370692878823,0.995446178285324,0.997296066109637,"PE"
77,6,0.996199739681125,0.995203761746479,0.99719671436848,"PE"
77,7,0.996419066629122,0.995492591120074,0.997346404381522,"PE"
77,8,0.99698298363379,0.9962195476961,0.99774700461765,"PE"
77,9,0.99782309499708,0.997168952077511,0.998477667034461,"PE"
77,10,0.998871045152927,0.998047649292107,0.999695120320736,"PE"
77,11,1.00005835206639,0.998807327165948,1.00131094389897,"PE"
77,12,1.00131628769792,0.999523419676604,1.00311237162762,"PE"
78,0,0.999024651458579,0.996814486797206,1.00123971655819,"PE"
78,1,1.00051688435227,0.99898146576981,1.0020546628486,"PE"
78,2,1.00192348914847,1.00091867463382,1.00292931238863,"PE"
78,3,1.00315613350795,1.00234487444174,1.00396804917578,"PE"
78,4,1.00412612067206,1.00315559754468,1.00509758275163,"PE"
78,5,1.00474458176407,1.003558280799,1.00593228504928,"PE"
78,6,1.00492274634849,1.00364529585302,1.00620182279664,"PE"
78,7,1.00460165309018,1.00341305647549,1.00579165766134,"PE"
78,8,1.0038404596007,1.00285949175369,1.00482238700179,"PE"
78,9,1.00272808627147,1.00188561144505,1.0035712695259,"PE"
78,10,1.00135350133554,1.00029868205929,1.00240943292328,"PE"
78,11,0.999805450448681,0.998213922189295,1.00139951620243,"PE"
78,12,0.99817226469238,0.995902388424345,1.00044731449783,"PE"
79,0,0.998558991136422,0.99258032157983,1.0045736723778,"PE"
79,1,1.00241763887547,0.99824059346881,1.00661216274218,"PE"
79,2,1.00605516379476,1.00329820406602,1.00881969936378,"PE"
79,3,1.00923227511887,1.0069955557398,1.0114739626565,"PE"
79,4,1.01170717414206,1.00904560087233,1.01437576787971,"PE"
79,5,1.0132369339595,1.00999354799188,1.0164907353922,"PE"
79,6,1.01357945500542,1.01009002035258,1.01708094418207,"PE"
79,7,1.01257516353197,1.00932793418129,1.01583283993172,"PE"
79,8,1.01038606310223,1.00770126877305,1.01307801046456,"PE"
79,9,1.0072561017159,1.00494444052722,1.00957308039004,"PE"
79,10,1.0034294182716,1.00055148462576,1.00631562985435,"PE"
79,11,0.999148391745759,0.994839146038488,1.00347630338374,"PE"
79,12,0.994652271567772,0.988539810842875,1.00080252761027,"PE"
80,0,1.00018226676001,0.990589704877415,1.00986772002137,"PE"
80,1,1.00593367615896,0.999197299271345,1.01271546827498,"PE"
80,2,1.01134869718178,1.00686619429406,1.01585115588115,"PE"
80,3,1.01605037479148,1.0123954183672,1.01971852636287,"PE"
80,4,1.01965601428979,1.01533009051398,1.02400036913219,"PE"
80,5,1.02178054280466,1.01652764252043,1.02706058741851,"PE"
80,6,1.02204129732786,1.01639754195764,1.02771639080484,"PE"
80,7,1.02018840547699,1.01493768658235,1.02546628864908,"PE"
80,8,1.01648083621882,1.0121340350804,1.02084630551726,"PE"
80,9,1.01130814605081,1.00755810539425,1.01507214402145,"PE"
80,10,1.00505988536388,1.00041547799812,1.00972585429107,"PE"
80,11,0.998120838251727,0.991215301011933,1.00507448455977,"PE"
80,12,0.990867720059816,0.981122806660684,1.00070942392851,"PE"
81,0,1.00445430647798,0.991267199747852,1.01781684500285,"PE"
81,1,1.01148613655642,1.00218953494076,1.02086897615261,"PE"
81,2,1.01808506764239,1.01185832689801,1.02435012630072,"PE"
81,3,1.02375719562294,1.01865534505278,1.02888459838734,"PE"
81,4,1.02799976865955,1.02198601366776,1.03404891087642,"PE"
81,5,1.03030688009292,1.02302950642126,1.03763602174119,"PE"
81,6,1.03017759336721,1.02237253927585,1.03804223324265,"PE"
81,7,1.02728852797427,1.02003421852595,1.03459442883454,"PE"
81,8,1.02198540475479,1.01598079218339,1.02802550556811,"PE"
81,9,1.01478603547906,1.00960461472254,1.01999404795343,"PE"
81,10,1.00620720070449,0.999814465560087,1.01264081049518,"PE"
81,11,0.996756614441065,0.987300127772482,1.00630367654623,"PE"
81,12,0.986927419514737,0.973638557579499,1.00039765661241,"PE"
82,0,1.0116340332243,0.994605323702948,1.02895429251021,"PE"
82,1,1.01927180917501,1.00724553045645,1.03144167888051,"PE"
82,2,1.02639596504129,1.01831396567362,1.03454210839204,"PE"
82,3,1.03242031915335,1.0257717438698,1.03911198740915,"PE"
82,4,1.03674792905094,1.02891964073276,1.04463577702331,"PE"
82,5,1.03877903881624,1.02932770541278,1.04831715478917,"PE"
82,6,1.03792240867958,1.02780554217392,1.04813885724012,"PE"
82,7,1.03380160911666,1.02441769898016,1.04327147810524,"PE"
82,8,1.02683633754134,1.01908885580274,1.03464271843573,"PE"
82,9,1.01765043389943,1.01098417939803,1.02436064452793,"PE"
82,10,1.00686452853893,0.998651429382996,1.01514517378329,"PE"
82,11,0.995084918253302,0.982956914237559,1.00736256105715,"PE"
82,12,0.982896048081476,0.96589681134752,1.00019446175249,"PE"
83,0,1.02160299810547,1.00018782570756,1.04347669398973,"PE"
83,1,1.029203751807,1.0140879877799,1.04454482796172,"PE"
83,2,1.03622282725979,1.02607037843117,1.04647572944851,"PE"
83,3,1.04200579708734,1.03363217102534,1.0504472592862,"PE"
83,4,1.04588730832185,1.03600355785253,1.05586535240878,"PE"
83,5,1.04720093510337,1.03527555471468,1.05926368442419,"PE"
83,6,1.04529317074905,1.0325519648626,1.05819159712704,"PE"
83,7,1.03975471001221,1.02797189143103,1.05167258560698,"PE"
83,8,1.03106642018102,1.02138778299127,1.04083677181988,"PE"
83,9,1.01993562214946,1.01165953137032,1.02827941720703,"PE"
83,10,1.00706303537441,0.996854565747225,1.0173760466827,"PE"
83,11,0.993129164692902,0.978026670703911,1.00846486840052,"PE"
83,12,0.978785233848218,0.957635572589927,1.00040199155128,"PE"
84,0,1.03423446096703,1.00765826297788,1.06151158537688,"PE"
84,1,1.04118504090621,1.02247235017652,1.06024020035331,"PE"
84,2,1.04749799182359,1.03497866733916,1.06016875274869,"PE"
84,3,1.05247358834882,1.04213689193994,1.06291281187624,"PE"
84,4,1.05540295270478,1.04313931602003,1.06781076647349,"PE"
84,5,1.05557928589329,1.04077181303904,1.07059743052936,"PE"
84,6,1.05231372116732,1.03652052456585,1.06834755464282,"PE"
84,7,1.04518299688575,1.03062999494135,1.05994149436844,"PE"
84,8,1.03471622291266,1.02284339398381,1.04672686772574,"PE"
84,9,1.02168175100363,1.01161776296486,1.03184585971935,"PE"
84,10,1.00683685836418,0.994384432173051,1.01944522315716,"PE"
84,11,0.990912491808677,0.972408620256522,1.00976847178036,"PE"
84,12,0.97460327112262,0.948683602852132,1.00123110932588,"PE"
85,0,1.04941340059454,1.01674825598165,1.08312798066631,"PE"
85,1,1.05512431503713,1.03220817558703,1.07854921760277,"PE"
85,2,1.06015542801404,1.04491744651912,1.07561562426938,"PE"
85,3,1.0637834263081,1.05120655153358,1.07651077367895,"PE"
85,4,1.06527945430905,1.05026201540958,1.08051162388315,"PE"
85,5,1.06392109335271,1.04576346148926,1.08239399688803,"PE"
85,6,1.05900914135258,1.03967441018234,1.07870343877334,"PE"
85,7,1.05012341625425,1.03237429303806,1.06817769175587,"PE"
85,8,1.03782803419232,1.02345624978722,1.05240163297593,"PE"
85,9,1.02293017529266,1.01086882350334,1.03513543913427,"PE"
85,10,1.00622067114547,0.991235385054564,1.0214325016098,"PE"
85,11,0.988458063127418,0.966065635155691,1.01136952501591,"PE"
85,12,0.970358347348604,0.938969072322508,1.00279695042576,"PE"
86,0,1.06703238210575,1.02726032229919,1.1083442821134,"PE"
86,1,1.07093333367499,1.04314937181284,1.09945731279413,"PE"
86,2,1.07412952860364,1.05578827095977,1.09278941237854,"PE"
86,3,1.07589438151916,1.06077883638644,1.09122531528598,"PE"
86,4,1.07550087990687,1.05733455212727,1.09397932787996,"PE"
86,5,1.07223364223356,1.05023734689386,1.09469063058717,"PE"
86,6,1.06540566102425,1.04202202222664,1.08931404359095,"PE"
86,7,1.05461449640116,1.03322826154826,1.07644339340163,"PE"
86,8,1.04044561585138,1.02325685738709,1.05792311258838,"PE"
86,9,1.02372323721953,1.00944298154726,1.03820551094115,"PE"
86,10,1.00524954415415,0.987430659325189,1.02338998336625,"PE"
86,11,0.985789011534679,0.959012085279081,1.01331358611578,"PE"
86,12,0.966058537771305,0.92849805907749,1.00513844835398,"PE"
87,0,1.08698768356852,1.03904528805912,1.13714218023809,"PE"
87,1,1.08852467117313,1.05518070937444,1.12292231010841,"PE"
87,2,1.08935396003565,1.06750917397882,1.11164576302639,"PE"
87,3,1.08876444261859,1.0708038250033,1.10702631409346,"PE"
87,4,1.08605070196203,1.0643395334593,1.10820475060116,"PE"
87,5,1.08052449768696,1.05420824791645,1.10749768123062,"PE"
87,6,1.07153057202257,1.04360347989078,1.10020500017803,"PE"
87,7,1.05869616033351,1.03324467312534,1.08477458346301,"PE"
87,8,1.04261397366711,1.02229784202311,1.06333384792702,"PE"
87,9,1.02410406498042,1.00738624095644,1.04109932543218,"PE"
87,10,1.00395881612861,0.98301461898818,1.02534925220118,"PE"
87,11,0.982928388326428,0.951297293711614,1.01561123211907,"PE"
87,12,0.961711800767454,0.917327376755091,1.00824374282499,"PE"
88,0,1.10917561707543,1.0519828188075,1.16947779708919,"PE"
88,1,1.10780952009378,1.06820574219282,1.14888160991452,"PE"
88,2,1.1057605640727,1.0800086032905,1.13212656022657,"PE"
88,3,1.10235011470535,1.08123969400203,1.12387270105958,"PE"
88,4,1.09691173201117,1.07127223820688,1.12316487341978,"PE"
88,5,1.08880150357481,1.05770863251297,1.12080839443486,"PE"
88,6,1.0774121481973,1.04447893056504,1.11138377530999,"PE"
88,7,1.06240955177536,1.03249500965775,1.09319080978189,"PE"
88,8,1.04437914504857,1.02064652812154,1.0686636054304,"PE"
88,9,1.02411638785126,1.00475562918908,1.04385021133147,"PE"
88,10,1.00238397725299,0.97804542099764,1.02732819589158,"PE"
88,11,0.979899117472597,0.942991367551015,1.01825140024055,"PE"
88,12,0.957325973827944,0.905542410098842,1.01207078756873,"PE"
89,0,1.13348899752212,1.06596762815338,1.20528735917563,"PE"
89,1,1.12869558622017,1.08213791202349,1.17725634801089,"PE"
89,2,1.12327830674169,1.09322068674571,1.15416234772546,"PE"
89,3,1.11660603512096,1.09204941835752,1.1417148498131,"PE"
89,4,1.10806605654502,1.07813563852248,1.1388273810797,"PE"
89,5,1.09707278131985,1.06078156915343,1.1346055799908,"PE"
89,6,1.08307957202624,1.04472038342432,1.12284720194274,"PE"
89,7,1.06579687555327,1.03106186429997,1.10170206005082,"PE"
89,8,1.0457880052704,1.01837928185528,1.07393440877451,"PE"
89,9,1.02380436867524,1.00161530575814,1.04648499208498,"PE"
89,10,1.00056056427332,0.972589400041791,1.02933616460958,"PE"
89,11,0.976723955103395,0.934175329051761,1.0212105316902,"PE"
89,12,0.95290877017839,0.89324235154653,1.01656076059398,"PE"
90,0,1.15981372890947,1.08090060863543,1.24448804545044,"PE"
90,1,1.15108506515795,1.09689460338762,1.2079527268505,"PE"
90,2,1.14183227305815,1.10708186692054,1.177673466393,"PE"
90,3,1.13148460712622,1.10319847167846,1.16049600233377,"PE"
90,4,1.11949497557353,1.08493724887465,1.15515344471244,"PE"
90,5,1.10534672933503,1.06347632786562,1.14886562120641,"PE"
90,6,1.08856286856479,1.04440657327161,1.13458604067004,"PE"
90,7,1.06890125354195,1.02903402888381,1.1103130292619,"PE"
90,8,1.04688809343445,1.01557763982782,1.07916385433676,"PE"
90,9,1.02321245447869,0.99803369293191,1.04902643509424,"PE"
90,10,0.998524067813294,0.966717221239694,1.03137742050754,"PE"
90,11,0.973425454202249,0.92493494196869,1.02445812337029,"PE"
90,12,0.948467776022651,0.880531360112389,1.02164575040068,"PE"
91,0,1.188025493662,1.09668332365416,1.28697550436714,"PE"
91,1,1.17487269765867,1.11239331571726,1.24086133582505,"PE"
91,2,1.16134270855643,1.12152860433999,1.20257020774864,"PE"
91,3,1.14693565252533,1.11465330127013,1.18015295835463,"PE"
91,4,1.13117894409427,1.09168724705045,1.1720992500548,"PE"
91,5,1.11363202307245,1.06584578818599,1.16356071071327,"PE"
91,6,1.09389284727217,1.04361987012218,1.14658756082627,"PE"
91,7,1.07176659716534,1.02650345277326,1.11902559674401,"PE"
91,8,1.04772745910668,1.01232578946748,1.08436714740183,"PE"
91,9,1.02238524575395,0.994081482766303,1.05149488131156,"PE"
91,10,0.996309852021089,0.960501389392975,1.03345329032956,"PE"
91,11,0.970025934465486,0.915357049804303,1.02795986957964,"PE"
91,12,0.944010448393648,0.867513546598079,1.02725280794866,"PE"
92,0,1.2179865456129,1.11321455857174,1.33261931751717,"PE"
92,1,1.19994390777191,1.12854918967207,1.27585522631701,"PE"
92,2,1.1817241111014,1.13649581847089,1.22875232100485,"PE"
92,3,1.16290608482232,1.12638033562147,1.20061627440489,"PE"
92,4,1.14309751671774,1.09839738622896,1.18961675356163,"PE"
92,5,1.12193761573265,1.06794493732139,1.17866003162394,"PE"
92,6,1.09910105221004,1.0424444332063,1.15883694563329,"PE"
92,7,1.0744374972911,1.0235633736755,1.12784021514933,"PE"
92,8,1.04835453036797,1.00870895497925,1.08955830709925,"PE"
92,9,1.02136738477953,0.98983029145023,1.05390928495728,"PE"
92,10,0.993953086594812,0.954014676137429,1.03556345941269,"PE"
92,11,0.966547457268464,0.905527452296925,1.03167936519478,"PE"
92,12,0.939544113595254,0.854290205120128,1.03330593760859,"PE"
93,0,1.24954262219525,1.13038807910988,1.38125728104995,"PE"
93,1,1.22617303471753,1.14527335847938,1.31278729216634,"PE"
93,2,1.2028843788206,1.1519158103996,1.25610814240728,"PE"
93,3,1.17933960500681,1.13834533632031,1.22181016565105,"PE"
93,4,1.15522929573651,1.10508037160899,1.20765399514314,"PE"
93,5,1.13027273967467,1.069829995817,1.19413034879068,"PE"
93,6,1.10421972106497,1.04096509331979,1.17131803958985,"PE"
93,7,1.07695913221741,1.02030715528788,1.13675667808017,"PE"
93,8,1.04881800383353,1.0048123614942,1.09475086824128,"PE"
93,9,1.02020346320146,0.985351760913565,1.05628786349685,"PE"
93,10,0.991488691162049,0.947329134729861,1.03770673640535,"PE"
93,11,0.963011805660573,0.895529684817577,1.03557900264417,"PE"
93,12,0.935075966218629,0.840958315338331,1.03972699556212,"PE"
94,0,1.28252000610719,1.14809109818504,1.43268906854645,"PE"
94,1,1.25342167598159,1.16247179968664,1.35148732059048,"PE"
94,2,1.22472402226727,1.16771749551521,1.28451353728903,"PE"
94,3,1.19617642255328,1.15051296668159,1.24365224496279,"PE"
94,4,1.16755188295631,1.11174950197969,1.22615516981785,"PE"
94,5,1.13864690856795,1.07155790019552,1.20993628263557,"PE"
94,6,1.10928175340884,1.03926666289016,1.18401374005762,"PE"
94,7,1.0793771943319,1.01682755409757,1.14577454451241,"PE"
94,8,1.04916675703921,1.00072056707015,1.0999582903536,"PE"
94,9,1.01893794897649,0.980716962758703,1.05864850236088,"PE"
94,10,0.988951291929072,0.940515485589413,1.03988150412565,"PE"
94,11,0.959440469297531,0.885444325366409,1.03962043434514,"PE"
94,12,0.930613068716111,0.82760976283835,1.04643604093681,"PE"
95,0,1.31672278125915,1.16620317667682,1.48666966216581,"PE"
95,1,1.28153716554414,1.18004450109199,1.39175895921817,"PE"
95,2,1.24713545108933,1.1838258394535,1.31383078619215,"PE"
95,3,1.2133530046773,1.16284649579651,1.26605318868937,"PE"
95,4,1.18004183563767,1.11841846002823,1.24506057761239,"PE"
95,5,1.14706992032726,1.07318599145712,1.22604041852346,"PE"
95,6,1.11432068858064,1.03743350634121,1.19690620112903,"PE"
95,7,1.08173783592383,1.01321625728738,1.15489337765065,"PE"
95,8,1.04944978346421,0.996517035292243,1.10519420040832,"PE"
95,9,1.01761513267703,0.975996008049639,1.06100900998832,"PE"
95,10,0.986375190467215,0.933642738854176,1.04208598844059,"PE"
95,11,0.955854634208541,0.875348616828606,1.0437648088691,"PE"
95,12,0.926162351515607,0.814330975520425,1.05335143467523,"PE"
59,0,0.968539745842784,0.81985075755359,1.14419512409353,"RJ"
59,1,0.941565790835006,0.831165018905374,1.0666307150875,"RJ"
59,2,0.917905814847634,0.83651618923143,1.00721432026942,"RJ"
59,3,0.899858085169255,0.831843971892844,0.973433240853957,"RJ"
59,4,0.889595553436772,0.819680225804646,0.96547436888283,"RJ"
59,5,0.889340536752205,0.811927239411379,0.974134813957093,"RJ"
59,6,0.901601661682781,0.819272771208466,0.992203799413603,"RJ"
59,7,0.928628339773579,0.84734688074457,1.01770669489322,"RJ"
59,8,0.969929779599516,0.893742461552799,1.05261170619495,"RJ"
59,9,1.02446130279,0.949900167319198,1.10487501426191,"RJ"
59,10,1.09117272392858,1.00217889519009,1.18806923510386,"RJ"
59,11,1.16874535168699,1.04397084750037,1.30843279806189,"RJ"
59,12,1.25533754479702,1.07855930366915,1.46109012829989,"RJ"
60,0,0.969416150199888,0.832430031612764,1.12894494021035,"RJ"
60,1,0.943706879838298,0.84204764522071,1.05763929168248,"RJ"
60,2,0.921087867709923,0.846189938604084,1.00261515924188,"RJ"
60,3,0.903730924019012,0.841176977762979,0.970936681125372,"RJ"
60,4,0.893693163062845,0.829382045558492,0.962991029263782,"RJ"
60,5,0.893071044757703,0.821854382745532,0.970458888739134,"RJ"
60,6,0.904209225234311,0.828542318281973,0.986786438010987,"RJ"
60,7,0.929170165485211,0.854647556046106,1.01019091474619,"RJ"
60,8,0.967401889212229,0.89780334087402,1.04239578161996,"RJ"
60,9,1.01781040613042,0.949976842772292,1.09048765841935,"RJ"
60,10,1.07928975172645,0.99862601247724,1.1664690821463,"RJ"
60,11,1.15049135683023,1.03777298127609,1.27545271077829,"RJ"
60,12,1.2296053318057,1.07042309110259,1.41245950743423,"RJ"
61,0,0.970307764170935,0.844967636313194,1.11424049484118,"RJ"
61,1,0.945865742580067,0.852895369577376,1.04897040703816,"RJ"
61,2,0.924293415616046,0.855840864042609,0.998220994164451,"RJ"
61,3,0.907634442314909,0.850498336568389,0.968608926620814,"RJ"
61,4,0.897828102800986,0.839080602059313,0.960688758863998,"RJ"
61,5,0.896844014100075,0.831779989243129,0.966997518609491,"RJ"
61,6,0.906864699622129,0.837799030232291,0.981623938133125,"RJ"
61,7,0.929772848897512,0.861914724962408,1.00297340967774,"RJ"
61,8,0.964968389797377,0.901820207181744,1.03253839944228,"RJ"
61,9,1.01132514595506,0.950024250548703,1.07658151910365,"RJ"
61,10,1.06770098466857,0.995068105977529,1.14563554576231,"RJ"
61,11,1.13273736457237,1.0315765029001,1.24381849866797,"RJ"
61,12,1.20467301595588,1.06227411926031,1.36616062564226,"RJ"
62,0,0.97122235610462,0.85736755857462,1.10019659078961,"RJ"
62,1,0.948049405708699,0.863637050963834,1.04071226988414,"RJ"
62,2,0.927529325204367,0.865416269578304,0.994100387705072,"RJ"
62,3,0.911576429527822,0.859763599225307,0.966511710450921,"RJ"
62,4,0.90201064559715,0.848731447524308,0.958634450442328,"RJ"
62,5,0.900674270918402,0.841658754366997,0.963827843630643,"RJ"
62,6,0.909590146643563,0.847001769509533,0.976803431414493,"RJ"
62,7,0.930468954745516,0.869119332059455,0.996149140640663,"RJ"
62,8,0.962675512015143,0.90578249819164,1.02314202723482,"RJ"
62,9,1.00506807759133,0.950050943770456,1.06327123531303,"RJ"
62,10,1.05648703613781,0.991525029146501,1.1257051760842,"RJ"
62,11,1.11558232296924,1.02540195816672,1.21369372216383,"RJ"
62,12,1.18065620818934,1.05412660044042,1.32237349987528,"RJ"
63,0,0.972167724786527,0.869524418187829,1.08692759553126,"RJ"
63,1,0.950264961281879,0.874194966953179,1.03295435317739,"RJ"
63,2,0.930802558920312,0.874858598671246,0.990323927785013,"RJ"
63,3,0.915564809175643,0.868923954344553,0.964709184974819,"RJ"
63,4,0.906251254389974,0.858285475614149,0.956897628374434,"RJ"
63,5,0.904576895471791,0.851440403847989,0.961029516714678,"RJ"
63,6,0.912407901257496,0.856104663293619,0.972414021288411,"RJ"
63,7,0.931291167652915,0.876228448691327,0.98981406075513,"RJ"
63,8,0.960569089493807,0.909676675231282,1.01430871079153,"RJ"
63,9,0.999100258740699,0.95006269408738,1.0506689013556,"RJ"
63,10,1.04572512230146,0.988013159429959,1.10680816442094,"RJ"
63,11,1.09911891610276,1.01926522937587,1.1852286891751,"RJ"
63,12,1.15766034818257,1.04598875314202,1.28125419869809,"RJ"
64,0,0.973151701588232,0.881322553089941,1.07454896165289,"RJ"
64,1,0.952519568861326,0.884484092109279,1.02578840835915,"RJ"
64,2,0.93412017750036,0.884104840098723,0.98696496890105,"RJ"
64,3,0.919607642400846,0.877925654491253,0.963268599836169,"RJ"
64,4,0.910560588052429,0.867688289608152,0.95555119787178,"RJ"
64,5,0.908567232731992,0.861069000002399,0.958685559916765,"RJ"
64,6,0.915340591223826,0.865056394739831,0.968547719011973,"RJ"
64,7,0.932272330565885,0.883204613930332,0.984066075550762,"RJ"
64,8,0.958694637561731,0.913485660162143,1.00614103556533,"RJ"
64,9,0.993481412146415,0.950062041512658,1.0388851181855,"RJ"
64,10,1.03548938692348,0.984544999439682,1.08906984550365,"RJ"
64,11,1.08343417442002,1.01317705741605,1.15856315706049,"RJ"
64,12,1.13578177241123,1.03786216609465,1.24293983987847,"RJ"
65,0,0.974182153245703,0.892635410286491,1.06317860211018,"RJ"
65,1,0.954820458143258,0.894411595338533,1.01930935605081,"RJ"
65,2,0.937489342985825,0.893086120057057,0.984100243497058,"RJ"
65,3,0.923713132247985,0.886709647049887,0.962260818438326,"RJ"
65,4,0.914949508568625,0.876879798035343,0.954672014460331,"RJ"
65,5,0.912660905545285,0.870482480924345,0.956883046774532,"RJ"
65,6,0.918411162307592,0.873799721952152,0.965300219101431,"RJ"
65,7,0.933445494760541,0.890005396134011,0.979005852631431,"RJ"
65,8,0.957097453747026,0.917188507292579,0.998742928727985,"RJ"
65,9,0.98827012468822,0.950048144427008,1.02802983730927,"RJ"
65,10,1.02585128025574,0.981129177829623,1.07261191796406,"RJ"
65,11,1.06861015572736,1.00714306743577,1.13382865041315,"RJ"
65,12,1.11510886140166,1.0297417901802,1.20755298525749,"RJ"
66,0,0.975266985272228,0.903325971879773,1.05293739156276,"RJ"
66,1,0.957174932133911,0.903877124045589,1.01361548636709,"RJ"
66,2,0.940917322279701,0.901727970537873,0.981809854293323,"RJ"
66,3,0.927889628662497,0.895211926941306,0.961760156526461,"RJ"
66,4,0.919429089486747,0.885794613714657,0.954340698742093,"RJ"
66,5,0.916873830445743,0.879613041884085,0.955713002112389,"RJ"
66,6,0.921642909190642,0.882271837622972,0.962770901029692,"RJ"
66,7,0.934843981577439,0.896583763936077,0.974736890232007,"RJ"
66,8,0.955822739933729,0.920760875054389,0.992219733620257,"RJ"
66,9,0.983524081835712,0.95001751761152,1.01821240305417,"RJ"
66,10,1.01687998873286,0.977771531922473,1.05755268764292,"RJ"
66,11,1.05472468958242,1.00116514710102,1.11114951817483,"RJ"
66,12,1.09572325291746,1.02161763795284,1.17520430578103,"RJ"
67,0,0.976414146011854,0.913249815641319,1.04394719626913,"RJ"
67,1,0.959590370880036,0.912775119857778,1.00880672561404,"RJ"
67,2,0.944411491260549,0.909952335519274,0.980175587236659,"RJ"
67,3,0.932145634233301,0.90336571059342,0.961842444572561,"RJ"
67,4,0.924010625691551,0.894364475895577,0.954639477977856,"RJ"
67,5,0.921222236208689,0.888389657417985,0.95526822200053,"RJ"
67,6,0.925059512252967,0.890406879911523,0.961060747076357,"RJ"
67,7,0.936501456091621,0.902890518413488,0.971363592124997,"RJ"
67,8,0.954915746213282,0.924177470726959,0.986676381159558,"RJ"
67,9,0.97930033676997,0.94996682458477,1.00953962262521,"RJ"
67,10,1.00864291306825,0.974478580413166,1.04400501615075,"RJ"
67,11,1.04185217965784,0.995245808454085,1.09064108086406,"RJ"
67,12,1.07770111132242,1.01348028232641,1.14599139776014,"RJ"
68,0,0.977631631340143,0.922263866148617,1.0363233795422,"RJ"
68,1,0.962074235765025,0.921001531999456,1.00497860531616,"RJ"
68,2,0.947979339468177,0.917683286581707,0.979275574916453,"RJ"
68,3,0.936489810702978,0.911107398629055,0.962579347802623,"RJ"
68,4,0.928705644542802,0.90252485552175,0.955645895987046,"RJ"
68,5,0.925722685241187,0.896745066950154,0.955636692694279,"RJ"
68,6,0.928685080409031,0.898142954806041,0.960265817328135,"RJ"
68,7,0.938452012993696,0.908881027390575,0.968985108227436,"RJ"
68,8,0.954421936649504,0.927418509545065,0.982211616204028,"RJ"
68,9,0.975655613921083,0.949899637736444,1.00210994841945,"RJ"
68,10,1.00120619331922,0.971265449080063,1.03206990683156,"RJ"
68,11,1.03006446060502,0.98939812974197,1.07240226265459,"RJ"
68,12,1.06111444694521,1.00533353778086,1.11999035862392,"RJ"
69,0,0.978927490020023,0.930245525225852,1.03015709802446,"RJ"
69,1,0.964634074382163,0.928468509204567,1.00220835519378,"RJ"
69,2,0.951628475376814,0.924859283523334,0.979172476593465,"RJ"
69,3,0.940930986270769,0.918388921031577,0.964026351635443,"RJ"
69,4,0.93352591842938,0.91022851019714,0.957419626628342,"RJ"
69,5,0.930392097915742,0.904630266755378,0.956887567966074,"RJ"
69,6,0.932544200212092,0.905436813355942,0.960463140576261,"RJ"
69,7,0.940730275036863,0.91452922026933,0.967681984081717,"RJ"
69,8,0.954387177384691,0.930482746411175,0.978905721647649,"RJ"
69,9,0.972646647166755,0.949839308501981,0.996001630777693,"RJ"
69,10,0.994635280555343,0.96817039607537,1.02182358119571,"RJ"
69,11,1.01943170801583,0.983664070458226,1.05649991548838,"RJ"
69,12,1.04603248293436,0.997218112928883,1.09723634295023,"RJ"
70,0,0.980309829721665,0.937126466797661,1.02548310852095,"RJ"
70,1,0.967277525997441,0.935130194109186,1.00052999913131,"RJ"
70,2,0.955366632272502,0.931454032345814,0.979893124474491,"RJ"
70,3,0.945478163715353,0.925197676238056,0.966203202862937,"RJ"
70,4,0.938483478792665,0.917467033864135,0.959981348057035,"RJ"
70,5,0.935247779964215,0.912037854449603,0.959048361491365,"RJ"
70,6,0.936661991471526,0.91228772941928,0.961687478604887,"RJ"
70,7,0.943371504497146,0.919850238085073,0.967494227484128,"RJ"
70,8,0.954857947755132,0.933407942769904,0.97680088052979,"RJ"
70,9,0.970330553496061,0.949848036512681,0.991254755344648,"RJ"
70,10,0.98899555592738,0.965275622879539,1.01329836417735,"RJ"
70,11,1.01002340226865,0.978141051270909,1.04294495339384,"RJ"
70,12,1.03252307084012,0.989246520740459,1.0776928394139,"RJ"
71,0,0.981786823716613,0.942938270008817,1.02223591711316,"RJ"
71,1,0.970012327615506,0.941017055772656,0.999901021935753,"RJ"
71,2,0.959201674752627,0.93750278792573,0.981402791221494,"RJ"
71,3,0.950140529366213,0.93157951653599,0.969071356250061,"RJ"
71,4,0.943590631677146,0.924294962745901,0.963289118815253,"RJ"
71,5,0.940307453061311,0.919028708476034,0.962078875369221,"RJ"
71,6,0.941064169665141,0.918765247211896,0.963904298856543,"RJ"
71,7,0.946411728200243,0.924926579331608,0.968395956273889,"RJ"
71,8,0.955881575357907,0.936293514562116,0.975879435132088,"RJ"
71,9,0.968765243566247,0.950046331714469,0.987852977073577,"RJ"
71,10,0.984352999201728,0.962727670211469,1.00646408846294,"RJ"
71,11,1.00190934936479,0.973008712053628,1.03166840328276,"RJ"
71,12,1.02065416002112,0.981639188504223,1.06121977053072,"RJ"
72,0,0.983366718257821,0.94785143755639,1.02021272982416,"RJ"
72,1,0.972846320663506,0.946264301278518,1.00017506985076,"RJ"
72,2,0.963141605866826,0.943121633223429,0.983586549468923,"RJ"
72,3,0.954927462954529,0.937652090305337,0.972521118368995,"RJ"
72,4,0.948859974871114,0.930842533593378,0.967226162771915,"RJ"
72,5,0.94558928874093,0.92574703929186,0.965856832408063,"RJ"
72,6,0.945777115470392,0.925025585500157,0.966994174181512,"RJ"
72,7,0.949887876789163,0.929923278110043,0.970281097065141,"RJ"
72,8,0.957506496319945,0.939312229667256,0.976053181826103,"RJ"
72,9,0.96800987127481,0.950620790437388,0.985717039130117,"RJ"
72,10,0.980774910208537,0.960744487419217,1.001222944384,"RJ"
72,11,0.995160764337009,0.968539330925337,1.02251391890265,"RJ"
72,12,1.01049532999752,0.974739866268144,1.04756237769996,"RJ"
73,0,0.985057840658882,0.952178718731933,1.01907229215939,"RJ"
73,1,0.975787458308976,0.951112686737798,1.0011023689095,"RJ"
73,2,0.967194574919978,0.94850380519577,0.986253656158563,"RJ"
73,3,0.959848548376881,0.943595972890713,0.976381059574436,"RJ"
73,4,0.954304416705728,0.937304517629811,0.971612643078863,"RJ"
73,5,0.951111945804381,0.932409478908229,0.9701895507444,"RJ"
73,6,0.950827951785952,0.931301417660157,0.970763897438173,"RJ"
73,7,0.953837939043552,0.935077758866723,0.97297449899942,"RJ"
73,8,0.959782542368018,0.942699152385708,0.977175513845707,"RJ"
73,9,0.968125325241848,0.951811231361451,0.984719043537642,"RJ"
73,10,0.97833068816865,0.959600352930107,0.997426618789768,"RJ"
73,11,0.989851425479677,0.965079517097145,1.0152591855553,"RJ"
73,12,1.00211939913029,0.968992516131442,1.03637878868512,"RJ"
74,0,0.986868608087484,0.956330728708024,1.01838163345881,"RJ"
74,1,0.978843813429415,0.95587403261077,1.00236556115254,"RJ"
74,2,0.971368885959586,0.95389051358353,0.989167518886057,"RJ"
74,3,0.964913585407623,0.949625852767122,0.980447430523481,"RJ"
74,4,0.95993719658684,0.943909089032065,0.976237470428361,"RJ"
74,5,0.956894611397008,0.93927153121174,0.974848344588244,"RJ"
74,6,0.956244628668439,0.937867562081445,0.974981785091138,"RJ"
74,7,0.958301132215544,0.940667008027156,0.976265832828148,"RJ"
74,8,0.962761256689066,0.946721680857482,0.979072578692792,"RJ"
74,9,0.969174765959491,0.95388280190221,0.984711879802745,"RJ"
74,10,0.977092675538851,0.959595409460342,0.99490898682871,"RJ"
74,11,0.986058910560833,0.963010697284282,1.00965874817213,"RJ"
74,12,0.99560412759403,0.964888295423192,1.02729775413798,"RJ"
75,0,0.988807537090107,0.960747841496938,1.01768674690207,"RJ"
75,1,0.982023587252853,0.96088042305697,1.00363198456358,"RJ"
75,2,0.975673006971651,0.959532981007979,0.992084519630689,"RJ"
75,3,0.970132602398637,0.955958702539681,0.984516657190729,"RJ"
75,4,0.965771907340625,0.95088510951128,0.980891768814984,"RJ"
75,5,0.962957045949284,0.946591299561787,0.97960574196345,"RJ"
75,6,0.962056016668928,0.945002991913755,0.979416771299868,"RJ"
75,7,0.963318089520107,0.946971564539627,0.979946786520259,"RJ"
75,8,0.966496241008974,0.951648337546993,0.981575805924579,"RJ"
75,9,0.971224213329638,0.957099130143344,0.985557757655157,"RJ"
75,10,0.977137074878185,0.961027105099983,0.993517100646356,"RJ"
75,11,0.983865929393884,0.962710997367284,1.00548572694116,"RJ"
75,12,0.991034037652819,0.962913272034894,1.01997603762477,"RJ"
76,0,0.990883253867073,0.965845385262938,1.01657018584492,"RJ"
76,1,0.985335118690528,0.966444265145261,1.00459522720531,"RJ"
76,2,0.980115579811084,0.965664968647636,0.994782435914316,"RJ"
76,3,0.975515870008289,0.962793518898044,0.98840633423375,"RJ"
76,4,0.971822519461455,0.958442249774089,0.98538958351953,"RJ"
76,5,0.969319632200109,0.954606975552677,0.984259044225586,"RJ"
76,6,0.968292009120716,0.952966876635505,0.983863592654173,"RJ"
76,7,0.968931066112037,0.954253110579708,0.983834792329545,"RJ"
76,8,0.971043536811325,0.957730328111469,0.984541809636941,"RJ"
76,9,0.974343190395396,0.961707729387355,0.987144663248832,"RJ"
76,10,0.9785449493299,0.96417525515197,0.993128803858518,"RJ"
76,11,0.983361770754552,0.964535002353616,1.00255601903705,"RJ"
76,12,0.988502379898973,0.963520529413801,1.01413195177109,"RJ"
77,0,0.99310450531938,0.971988927963791,1.0146787994301,"RJ"
77,1,0.988786894384746,0.972840640908364,1.00499452982775,"RJ"
77,2,0.984705430894785,0.972491891467639,0.997072360336435,"RJ"
77,3,0.98107391600483,0.970304905809969,0.991962446960519,"RJ"
77,4,0.978103407358576,0.966765348940868,0.989574436583342,"RJ"
77,5,0.976003428544044,0.963530231556171,0.988638094926444,"RJ"
77,6,0.974983634004281,0.96199144808012,0.988151286036196,"RJ"
77,7,0.975184165099669,0.962748203386459,0.987780763979677,"RJ"
77,8,0.97646204417342,0.965197301960675,0.987858256311394,"RJ"
77,9,0.978605430296596,0.967937884348324,0.989390542194501,"RJ"
77,10,0.981403319683361,0.969300759476939,0.99365699084489,"RJ"
77,11,0.98464388572899,0.96881222986511,1.00073425150555,"RJ"
77,12,0.988113280567494,0.967128595768277,1.00955328950669,"RJ"
78,0,0.99548017089128,0.979493260322093,1.01172801363826,"RJ"
78,1,0.992387559497181,0.980306717114108,1.00461728054255,"RJ"
78,2,0.989451582687883,0.980191514049103,0.998799133078919,"RJ"
78,3,0.986817541193193,0.97864513159347,0.995058196448578,"RJ"
78,4,0.984629377707017,0.976017115376719,0.993317633645704,"RJ"
78,5,0.983030226970691,0.973549151768897,0.992603635247625,"RJ"
78,6,0.982163176098413,0.972285171342538,0.992141537190919,"RJ"
78,7,0.982123585389866,0.972671860580924,0.991667155255177,"RJ"
78,8,0.982813982324503,0.974261522921028,0.991441518655606,"RJ"
78,9,0.984089654871416,0.976005630714761,0.992240637091128,"RJ"
78,10,0.985806373689151,0.976652075282271,0.995046476633229,"RJ"
78,11,0.987819634299353,0.975856528250497,0.999929397056642,"RJ"
78,12,0.989984112531482,0.974135490392511,1.00609058260452,"RJ"
79,0,0.997915401575668,0.988394710821226,1.00752780017865,"RJ"
79,1,0.996057073192131,0.988859054449168,1.00330748714105,"RJ"
79,2,0.994287880788097,0.988767115789395,0.999839470887759,"RJ"
79,3,0.992692899336552,0.987816775877256,0.997593092623949,"RJ"
79,4,0.991356722815481,0.986213458190589,0.996526810407331,"RJ"
79,5,0.990363649645356,0.984696877074206,0.996063033583639,"RJ"
79,6,0.989797940252378,0.9838912456109,0.995740095156099,"RJ"
79,7,0.989715718164762,0.984064329474041,0.995399562248059,"RJ"
79,8,0.990059984771114,0.984949495145064,0.995196990583371,"RJ"
79,9,0.990745807671381,0.985921169996816,0.9955940548691,"RJ"
79,10,0.991688437738508,0.986232357316478,0.997174702541888,"RJ"
79,11,0.992803052159444,0.985677548198134,0.999980066685031,"RJ"
79,12,0.994004570327216,0.984566406049716,1.00353320990875,"RJ"
80,0,0.999703234854259,0.997292410511169,1.0021198870508,"RJ"
80,1,0.999190693841413,0.997367065594514,1.00101765648755,"RJ"
80,2,0.998702164273882,0.997302516567624,1.00010377629254,"RJ"
80,3,0.998261349369654,0.997024036952769,0.999500197298181,"RJ"
80,4,0.997891915548038,0.996585452742525,0.999200091046685,"RJ"
80,5,0.997617506566379,0.996176687978344,0.999060409080117,"RJ"
80,6,0.99746176326835,0.995959044470461,0.998966749392188,"RJ"
80,7,0.997440442600248,0.996002511662319,0.998880449482121,"RJ"
80,8,0.997537721642982,0.996237823159427,0.998839316243697,"RJ"
80,9,0.99772990898524,0.99650362281863,0.998957704205833,"RJ"
80,10,0.997993327101341,0.996607912024858,0.999380668085608,"RJ"
80,11,0.998304292615599,0.996496068875312,1.00011579752597,"RJ"
80,12,0.998639102193297,0.996244398146337,1.00103956246582,"RJ"
81,0,0.999910108219314,0.995595898328482,1.00424301285067,"RJ"
81,1,1.00098587847084,0.997717057316377,1.00426540926654,"RJ"
81,2,1.00201124753247,0.999498934293401,1.00452987565352,"RJ"
81,3,1.00293445212662,1.00071085689713,1.0051629882196,"RJ"
81,4,1.00370356238297,1.00135284703095,1.00605979613211,"RJ"
81,5,1.00426654799609,1.00167150878254,1.00686831020062,"RJ"
81,6,1.00457137125904,1.00186317812535,1.00728688506307,"RJ"
81,7,1.00458333664602,1.00199130336511,1.0071820752112,"RJ"
81,8,1.00433688437599,1.00199384726274,1.00668540038806,"RJ"
81,9,1.00388385689618,1.00167439870439,1.00609818863322,"RJ"
81,10,1.00327615481056,1.00078233010165,1.0057761938195,"RJ"
81,11,1.00256564373942,0.999315133035764,1.00582672750405,"RJ"
81,12,1.00180408792963,0.99750557823889,1.00612112101107,"RJ"
82,0,0.997606798939698,0.987869375157694,1.0074402044621,"RJ"
82,1,1.00063798493328,0.993247909631024,1.00808304470863,"RJ"
82,2,1.00352541333755,0.997841844747657,1.00924135474493,"RJ"
82,3,1.00611442556483,1.00108089291821,1.01117326730594,"RJ"
82,4,1.00824898374018,1.00291833501665,1.01360796559396,"RJ"
82,5,1.00977225006948,1.00387777140855,1.01570133939684,"RJ"
82,6,1.01052740774379,1.00437087667725,1.01672167673729,"RJ"
82,7,1.01041005584976,1.00451789317926,1.01633677995632,"RJ"
82,8,1.0095230732609,1.00420036006916,1.01487399922457,"RJ"
82,9,1.00802211614803,1.00300547494544,1.01306384862838,"RJ"
82,10,1.0060632568327,1.0004010497303,1.01175751167164,"RJ"
82,11,1.0038021609784,0.996427847124202,1.01123105028929,"RJ"
82,12,1.00139350411477,0.991659247835767,1.01122331312069,"RJ"
83,0,0.991970801553146,0.978343569423684,1.00578784579086,"RJ"
83,1,0.997425951957314,0.987087656447867,1.00787252594977,"RJ"
83,2,1.0026193976113,0.994693297019231,1.01060865643595,"RJ"
83,3,1.00725369428615,1.00025023425601,1.01430619049814,"RJ"
83,4,1.01102670380504,1.00358800485976,1.01852053916261,"RJ"
83,5,1.01363369624901,1.00537802521977,1.02195715879788,"RJ"
83,6,1.01477035417998,1.00613526125884,1.02347955724577,"RJ"
83,7,1.01423500985522,1.00597997353038,1.02255778671817,"RJ"
83,8,1.01222659374467,1.00479108505455,1.01971712560358,"RJ"
83,9,1.00904734437924,1.00204991155081,1.01609364110719,"RJ"
83,10,1.00500063404299,0.997076494788487,1.01298774939136,"RJ"
83,11,1.00038795792462,0.990037759679605,1.01084636073321,"RJ"
83,12,0.995506817780462,0.981847051210283,1.00935662334146,"RJ"
84,0,0.982987051979112,0.965745175175366,1.00053675565412,"RJ"
84,1,0.991314886299343,0.978275101864498,1.00452848276087,"RJ"
84,2,0.999245034733056,0.989335640571356,1.00925368347391,"RJ"
84,3,1.00629531495069,0.99760302678464,1.01506334053085,"RJ"
84,4,1.01197206397974,1.00269954021584,1.02133033595984,"RJ"
84,5,1.01577555776277,1.00541772572632,1.02624009637673,"RJ"
84,6,1.01720783101674,1.0063498829213,1.028182930253,"RJ"
84,7,1.01594148296081,1.00559195882266,1.02639752411011,"RJ"
84,8,1.01230269878955,1.00304521110525,1.02164562736652,"RJ"
84,9,1.00678852535683,0.998110643781427,1.01554185510936,"RJ"
84,10,0.999898094587243,0.989989353803491,1.00990601133036,"RJ"
84,11,0.992124798797993,0.97906585435667,1.00535792562875,"RJ"
84,12,0.983950861006111,0.966670328056423,1.00154030673646,"RJ"
85,0,0.971082191807434,0.948769026087885,0.993920118929114,"RJ"
85,1,0.9826476821784,0.965818137655126,0.999770484363565,"RJ"
85,2,0.993673752011235,0.98100366595512,1.00650747770117,"RJ"
85,3,1.00345541625395,0.992437023771632,1.01459613888919,"RJ"
85,4,1.01126450529738,0.999457119867342,1.02321138080451,"RJ"
85,5,1.01636103216529,1.00307821762145,1.02981973843831,"RJ"
85,6,1.01800976955873,1.00405626341638,1.03215718946942,"RJ"
85,7,1.0157324904161,1.00248586163621,1.02915415724963,"RJ"
85,8,1.01001411218095,0.998275305425989,1.02189095659275,"RJ"
85,9,1.0015948854934,0.990662114493374,1.01264830861081,"RJ"
85,10,0.991217985651871,0.978624149960598,1.00397389040451,"RJ"
85,11,0.979612974897242,0.962846528558603,0.99667138232676,"RJ"
85,12,0.967484516593349,0.945236062936236,0.990256642282817,"RJ"
86,0,0.956698527899179,0.926992018447734,0.987357016101494,"RJ"
86,1,0.971781792997594,0.949348989386754,0.994744676361473,"RJ"
86,2,0.986190012560211,0.969352973328615,1.00331950036099,"RJ"
86,3,0.998961662262366,0.984373499453105,1.01376601790318,"RJ"
86,4,1.00909397199299,0.993408324068041,1.02502729204316,"RJ"
86,5,1.01556368108674,0.997839765743631,1.03360241368396,"RJ"
86,6,1.01735765875505,0.99872066943052,1.03634243037919,"RJ"
86,7,1.01382554904804,0.996192029707664,1.03177119797292,"RJ"
86,8,1.00564280951645,0.990134290859219,1.02139423881032,"RJ"
86,9,0.993841282468292,0.979497098336614,1.00839552910935,"RJ"
86,10,0.979455888744197,0.962886177359516,0.996310738021421,"RJ"
86,11,0.96349421208849,0.941352077161718,0.98615716611261,"RJ"
86,12,0.946916159945229,0.917564875634006,0.977206340146644,"RJ"
87,0,0.940279101566903,0.900995052368509,0.981275964301137,"RJ"
87,1,0.959077881127239,0.929272269827186,0.98983948185452,"RJ"
87,2,0.977082837078118,0.954643411262898,1.00004971411227,"RJ"
87,3,0.993046833184506,0.973571347754566,1.01291190950946,"RJ"
87,4,1.00565572751311,0.984665460725935,1.02709344708235,"RJ"
87,5,1.01356266500617,0.989802320720749,1.03789337970672,"RJ"
87,6,1.01543930334519,0.990454989730813,1.04105384845242,"RJ"
87,7,1.01044583131978,0.986859822421723,1.03459554724401,"RJ"
87,8,0.999480199698191,0.978834278261542,1.02056159226763,"RJ"
87,9,0.983913741557074,0.964931032160594,1.00326989034354,"RJ"
87,10,0.965119547293267,0.943265965506931,0.987479432767381,"RJ"
87,11,0.944421866600819,0.915311205068169,0.974458366919422,"RJ"
87,12,0.923063066231224,0.884669441123152,0.96312293002735,"RJ"
88,0,0.922258491892335,0.871785339202303,0.97565385378676,"RJ"
88,1,0.944893063895522,0.906344622134155,0.985081039147726,"RJ"
88,2,0.966641001359319,0.937440096832015,0.996751503020449,"RJ"
88,3,0.985945411077795,0.960486477984239,1.01207916603415,"RJ"
88,4,1.00114777613311,0.973652713153696,1.02941927456845,"RJ"
88,5,1.01054048335564,0.979398847093163,1.04267232040503,"RJ"
88,6,1.01244633284786,0.979714997446707,1.04627119067128,"RJ"
88,7,1.00582271950613,0.974973911789305,1.03764760353231,"RJ"
88,8,0.991821769597309,0.964902418135472,1.01949213118152,"RJ"
88,9,0.972200956792574,0.947577116711981,0.997464674609365,"RJ"
88,10,0.948715751573006,0.920554823814595,0.977738157465798,"RJ"
88,11,0.923041621661556,0.88579316198216,0.961856415117319,"RJ"
88,12,0.896724449484495,0.847966877301313,0.948285551980987,"RJ"
89,0,0.903055375055683,0.840399291108264,0.970382791900644,"RJ"
89,1,0.929575333644716,0.881364145506935,0.980423704919008,"RJ"
89,2,0.955148994446191,0.91835908394911,0.993412726608499,"RJ"
89,3,0.977890662580539,0.945635414835758,1.01124612399198,"RJ"
89,4,0.995768635788831,0.960861491743535,1.03194392172124,"RJ"
89,5,1.00668101030869,0.967134198681952,1.04784491945093,"RJ"
89,6,1.00857203388366,0.967030521707783,1.05189807839344,"RJ"
89,7,1.00018682017239,0.961091373541225,1.04087259836761,"RJ"
89,8,0.982962489415486,0.948934185665341,1.01821103106369,"RJ"
89,9,0.959087106392482,0.928109511394711,0.991098643376694,"RJ"
89,10,0.93073946071921,0.895589007131372,0.967269514076129,"RJ"
89,11,0.899975831115649,0.853889910888435,0.948549088429419,"RJ"
89,12,0.868660129697752,0.808866187151617,0.932874229276041,"RJ"
90,0,0.883066846439604,0.807777923557196,0.965373071656583,"RJ"
90,1,0.913459172463226,0.855070797039483,0.97583458895588,"RJ"
90,2,0.942883760997577,0.897982232333875,0.990030486953322,"RJ"
90,3,0.969112240319862,0.929512603252208,1.01039892418,"RJ"
90,4,0.989715481286589,0.946765288694343,1.03461411777062,"RJ"
90,5,1.00216784493461,0.953495852790427,1.05332433956756,"RJ"
90,6,1.00400952792029,0.95291325620229,1.05784563872279,"RJ"
90,7,0.993767470636974,0.945749680567467,1.0442232294529,"RJ"
90,8,0.973193027893592,0.931502599003291,1.01674935803088,"RJ"
90,9,0.944946056371611,0.907172239113461,0.98429274062098,"RJ"
90,10,0.911665261721135,0.869154041210371,0.956255749868737,"RJ"
90,11,0.875811622743831,0.820603216321269,0.93473433113243,"RJ"
90,12,0.83957491846747,0.768626827843655,0.91707187179139,"RJ"
91,0,0.862664439711732,0.77474321914174,0.960563341706391,"RJ"
91,1,0.896862336584093,0.828127246727135,0.971302482754939,"RJ"
91,2,0.930112224123954,0.876841097464561,0.986619755810173,"RJ"
91,3,0.95983430827108,0.912575051670215,1.00954096613541,"RJ"
91,4,0.983182666304273,0.931803968701826,1.03739433162954,"RJ"
91,5,0.997182985570163,0.938937346517893,1.05904180976326,"RJ"
91,6,0.998950306309224,0.937839253153133,1.06404345000513,"RJ"
91,7,0.986790752485437,0.929448405375724,1.04767083741151,"RJ"
91,8,0.962796794366158,0.91313879048769,1.0151552829627,"RJ"
91,9,0.93013696203111,0.885357856596854,0.977180878545486,"RJ"
91,10,0.891941142229756,0.84196094722398,0.944888244312459,"RJ"
91,11,0.851092654495342,0.786816663721532,0.920619427542133,"RJ"
91,12,0.810108451992519,0.728325638616384,0.901074559501236,"RJ"
92,0,0.84219172345559,0.741999085341382,0.955913441228522,"RJ"
92,1,0.880083750508003,0.801118663587635,0.966832309759944,"RJ"
92,2,0.917089563365266,0.855416708641556,0.983208836976225,"RJ"
92,3,0.950274183096678,0.895242430172321,1.0086888116845,"RJ"
92,4,0.976360623746737,0.916383939064114,1.04026274028404,"RJ"
92,5,0.991905830922994,0.923878297183153,1.06494240682871,"RJ"
92,6,0.993583125977899,0.922248597896314,1.07043527144403,"RJ"
92,7,0.979478013483341,0.912648314901311,1.05120139185379,"RJ"
92,8,0.952047798541001,0.894330249251067,1.01349027550595,"RJ"
92,9,0.915001226119308,0.863204536280622,0.969905982430633,"RJ"
92,10,0.871984459609616,0.81464231331626,0.933362882545838,"RJ"
92,11,0.826314254785638,0.753291959468881,0.906415154282754,"RJ"
92,12,0.780829944568037,0.688855876129581,0.88508412784365,"RJ"
43,0,1.29100796082561,0.972763717823789,1.71336731045413,"RS"
43,1,1.19212501964043,0.970732120297427,1.46401054702635,"RS"
43,2,1.10356665322219,0.958440711627947,1.27066739061558,"RS"
43,3,1.02669891208883,0.924485518950432,1.14021326940969,"RS"
43,4,0.962363815597598,0.86526834602326,1.07035478395586,"RS"
43,5,0.911110397845808,0.804772219564104,1.03149951859965,"RS"
43,6,0.873418000296646,0.76375467877947,0.9988272732565,"RS"
43,7,0.849210352143156,0.748249553035048,0.963793722644994,"RS"
43,8,0.836041505998618,0.753289448871722,0.927884229361434,"RS"
43,9,0.831334745422829,0.76688657993425,0.901199052155135,"RS"
43,10,0.83286704047415,0.763670987178904,0.908332932315086,"RS"
43,11,0.838577463279957,0.734067503655246,0.957966615358184,"RS"
43,12,0.84643688612425,0.694353558525693,1.03183082076075,"RS"
44,0,1.27065988306034,0.971184169867854,1.66248234733747,"RS"
44,1,1.18053649878269,0.971332066872707,1.43479915107211,"RS"
44,2,1.09930707664719,0.961596930693481,1.25673867105115,"RS"
44,3,1.02834215295923,0.930886986893318,1.13599996395052,"RS"
44,4,0.96855607130583,0.875464648373016,1.07154625261771,"RS"
44,5,0.920597766207315,0.818164752230495,1.03585524166793,"RS"
44,6,0.885039369863828,0.779068319037357,1.00542489929102,"RS"
44,7,0.861911068673928,0.764208614511478,0.972104574845086,"RS"
44,8,0.849004222514787,0.768930493760245,0.93741654895623,"RS"
44,9,0.843947171581435,0.78167427312256,0.911181105622277,"RS"
44,10,0.84467412092816,0.777917604866382,0.917159305950287,"RS"
44,11,0.849262846014605,0.748444044726289,0.963662396277855,"RS"
44,12,0.855824206152897,0.709087115376732,1.03292678142671,"RS"
45,0,1.25072261442947,0.969526765409013,1.61347485604006,"RS"
45,1,1.16910678913123,0.971858019883393,1.40638926307026,"RS"
45,2,1.09507289339571,0.964685865630134,1.24308304348042,"RS"
45,3,1.02996675737246,0.937236668256084,1.13187155093518,"RS"
45,4,0.974743585227203,0.885660852462718,1.07278655740469,"RS"
45,5,0.930122668442466,0.831642636647958,1.04026433978607,"RS"
45,6,0.896743843001738,0.794543070409055,1.01209053342763,"RS"
45,7,0.874725969805521,0.78036195682028,0.980500799103442,"RS"
45,8,0.862092702843933,0.784753957719431,0.947053303759789,"RS"
45,9,0.856679910760671,0.796604649830449,0.921285696307594,"RS"
45,10,0.856584468212524,0.792285171182505,0.926102087822509,"RS"
45,11,0.860029088789912,0.762955451305452,0.969453763387143,"RS"
45,12,0.865270210699412,0.72397810114797,1.03413699438788,"RS"
46,0,1.2312362097281,0.967789290906998,1.56639737429302,"RS"
46,1,1.15785889261954,0.972300390132032,1.37883027593571,"RS"
46,2,1.09086889858593,0.967688822148398,1.22972894453833,"RS"
46,3,1.03156077736891,0.943503928519988,1.12783593712764,"RS"
46,4,0.980900794546359,0.895813508335868,1.07406994847518,"RS"
46,5,0.939649798083991,0.845152970107894,1.04471234707554,"RS"
46,6,0.908490320228506,0.810121338929546,1.01880375480478,"RS"
46,7,0.887611738810372,0.796651194505823,0.988958033713477,"RS"
46,8,0.875264090881359,0.800702822466193,0.956768487997578,"RS"
46,9,0.869492535723135,0.811622326898555,0.93148900002198,"RS"
46,10,0.868561569637763,0.806719813794206,0.935144008306287,"RS"
46,11,0.870844669193766,0.777549435237895,0.975334047578818,"RS"
46,12,0.874748998500561,0.738974470923202,1.03546988493633,"RS"
47,0,1.21223789771594,0.965968770961927,1.52129216268078,"RS"
47,1,1.14681487929742,0.972648969300138,1.35216754336798,"RS"
47,2,1.08669981260533,0.970586414713115,1.21670411291045,"RS"
47,3,1.03311219388493,0.949656980970132,1.12390139444182,"RS"
47,4,0.987001508467856,0.90587696871321,1.07539104245207,"RS"
47,5,0.949142433293432,0.85863923482026,1.04918494537087,"RS"
47,6,0.920235576035465,0.825740794089054,1.02554399814477,"RS"
47,7,0.900522519757725,0.813012826643756,0.99745143251736,"RS"
47,8,0.888472914192398,0.816715244733423,0.966535306330897,"RS"
47,9,0.882342201853183,0.82666765426662,0.941766327922671,"RS"
47,10,0.88056687534376,0.821163591711245,0.944267414896951,"RS"
47,11,0.881676487739122,0.792169403793241,0.981296961621716,"RS"
47,12,0.884233542491132,0.754019441682225,1.03693474523954,"RS"
48,0,1.19376225653562,0.964061440572158,1.47819243168077,"RS"
48,1,1.13599592792858,0.972892909511815,1.32644275197552,"RS"
48,2,1.08257028256628,0.973358568163683,1.20403565040437,"RS"
48,3,1.03460892099098,0.95566294197501,1.12007651691709,"RS"
48,4,0.993018919741317,0.91580347864777,1.07674473613074,"RS"
48,5,0.958562443849963,0.872041346632693,1.0536678820421,"RS"
48,6,0.931934251191473,0.841334358623147,1.03229047957238,"RS"
48,7,0.913409895704818,0.829378204260857,1.00595558610686,"RS"
48,8,0.901671055924335,0.83272456156999,0.9763260633971,"RS"
48,9,0.895183621145483,0.841676831696401,0.95209192577157,"RS"
48,10,0.892559779329351,0.835554642864939,0.9534540517241,"RS"
48,11,0.892489856756099,0.806754504601425,0.987336469606762,"RS"
48,12,0.893695684597835,0.769051472074036,1.03854163950148,"RS"
49,0,1.17584139870699,0.962062743797463,1.43712351801066,"RS"
49,1,1.12542237055993,0.973020725522008,1.30169427940729,"RS"
49,2,1.07848488396247,0.975984547878221,1.1917500614781,"RS"
49,3,1.03603881153629,0.961487941533662,1.11637013075525,"RS"
49,4,0.998925623321126,0.92554334916671,1.07812605625214,"RS"
49,5,0.967870312975498,0.885295802767902,1.05814682483577,"RS"
49,6,0.943538866535717,0.856830306219552,1.03902206329684,"RS"
49,7,0.926222891806516,0.84567360980285,1.01444438535385,"RS"
49,8,0.914807751633006,0.848659416214527,0.986111986102428,"RS"
49,9,0.907969058439866,0.856582181875276,0.962438664413191,"RS"
49,10,0.904497618449414,0.849827506831235,0.962684703900894,"RS"
49,11,0.903248502429323,0.821239812642993,0.993446548231926,"RS"
49,12,0.903106139209467,0.784004374410587,1.0403012091495,"RS"
50,0,1.15850516421429,0.959967378466755,1.39810398313201,"RS"
50,1,1.115113740765,0.973020336081049,1.27795751921401,"RS"
50,2,1.07444812252055,0.978443035467717,1.1798732538743,"RS"
50,3,1.03738966421171,0.967097312679428,1.11279113415344,"RS"
50,4,1.00469364242452,0.935045243652904,1.07952991791588,"RS"
50,5,0.977025174895048,0.898335960468524,1.0626071251571,"RS"
50,6,0.954999859941823,0.872152501497074,1.04571704022334,"RS"
50,7,0.938908005560453,0.861820483977462,1.02289079836789,"RS"
50,8,0.927829613340153,0.864444041453906,0.995862947869994,"RS"
50,9,0.920648351935945,0.871312623588564,0.972777582897282,"RS"
50,10,0.916335690919287,0.863913674852765,0.971938658796702,"RS"
50,11,0.913914580997096,0.83555671067953,0.999620792560958,"RS"
50,12,0.912434505911193,0.798807611471798,1.04222432989022,"RS"
51,0,1.14178132039469,0.957769416221352,1.36114659909013,"RS"
51,1,1.10508882529101,0.972879169125694,1.25526514549648,"RS"
51,2,1.07046443624174,0.980712274527656,1.16843047550338,"RS"
51,3,1.03864923203972,0.972455890779581,1.10934823619802,"RS"
51,4,1.01029446223522,0.944256612311051,1.08095075757535,"RS"
51,5,0.985984868997695,0.911092485907965,1.06703345371527,"RS"
51,6,0.966265648098796,0.887220824840732,1.05235278135338,"RS"
51,7,0.951409266374981,0.877735843318845,1.03126652401657,"RS"
51,8,0.94068068311641,0.879998743884579,1.00554705758127,"RS"
51,9,0.933168960004357,0.885794389450858,0.983077244884632,"RS"
51,10,0.928027295852043,0.877742420198567,0.981192935453231,"RS"
51,11,0.924448710117393,0.849633524976435,1.00585180847403,"RS"
51,12,0.921649292062935,0.813386845424206,1.04432155786476,"RS"
52,0,1.12569576753078,0.955462540383722,1.32625917550656,"RS"
52,1,1.09536571886711,0.972584366457949,1.23364727981276,"RS"
52,2,1.06653819762841,0.982770320669702,1.15744615305977,"RS"
52,3,1.03980523229885,0.977528461305139,1.10604955652392,"RS"
52,4,1.0156990714773,0.9531243150278,1.0823820015228,"RS"
52,5,0.994706011411679,0.923494019090783,1.07140926598818,"RS"
52,6,0.977282714683457,0.901951832267087,1.05890522115625,"RS"
52,7,0.963668326574325,0.893332938883103,1.03954147801112,"RS"
52,8,0.953302518419595,0.895240636121825,1.01513007224738,"RS"
52,9,0.945476036257719,0.899952024150541,0.993302877429913,"RS"
52,10,0.939523795313162,0.891241950635812,0.990421244567681,"RS"
52,11,0.934810016377607,0.863396484144338,1.01213032803341,"RS"
52,12,0.930717945785298,0.827664820176418,1.0466022881366,"RS"
53,0,1.11027274924631,0.953040461246374,1.29344516612322,"RS"
53,1,1.08596188196187,0.972123137696784,1.21313150910931,"RS"
53,2,1.06267371609082,0.984595441471488,1.14694358647706,"RS"
53,3,1.04084535788597,0.982280400015835,1.10290204203944,"RS"
53,4,1.02087801205539,0.961595473134796,1.08381533047429,"RS"
53,5,1.00314408473565,0.935468102790911,1.07571605246389,"RS"
53,6,0.987995726391786,0.916259704684937,1.06534812169229,"RS"
53,7,0.975624585834932,0.908522209673955,1.04768306415665,"RS"
53,8,0.965634311304523,0.910084660920459,1.02457459531895,"RS"
53,9,0.957512534749844,0.91370967573135,1.00341528447668,"RS"
53,10,0.950774700306869,0.90434089415838,0.999592671947997,"RS"
53,11,0.944956199879052,0.876771063968421,1.0184439888427,"RS"
53,12,0.939606899890645,0.84156266686017,1.04907354031759,"RS"
54,0,1.09553506700152,0.950497588734229,1.26270397448175,"RS"
54,1,1.07689420130882,0.971483329782034,1.19374268735292,"RS"
54,2,1.05887524052945,0.986166723421385,1.13694444192597,"RS"
54,3,1.04175729011716,0.986678548636475,1.09991065784496,"RS"
54,4,1.02580143692315,0.96961858126669,1.08523971005066,"RS"
54,5,1.01125354657617,0.946942417172983,1.0799323347621,"RS"
54,6,0.998347678150348,0.930057537090692,1.07165207174812,"RS"
54,7,0.987215350875346,0.923212578970352,1.05565518841921,"RS"
54,8,0.977613043454509,0.924444936086255,1.03383903726984,"RS"
54,9,0.969219347032935,0.926992649755145,1.01336956977067,"RS"
54,10,0.961727782006611,0.916970073832388,1.00867013338586,"RS"
54,11,0.954843616762089,0.889683756308456,1.02477574307337,"RS"
54,12,0.948281627261082,0.855001716353298,1.05173829175022,"RS"
55,0,1.08150429818223,0.947830063139138,1.23403085898419,"RS"
55,1,1.06817905305169,0.970654294434755,1.17550243780959,"RS"
55,2,1.05514696208884,0.987464950459327,1.12746797857224,"RS"
55,3,1.04252871296324,0.990692355865498,1.09707732266013,"RS"
55,4,1.03043917630039,0.977144885833475,1.08664018145982,"RS"
55,5,1.01898795742805,0.957846340388216,1.08403238974903,"RS"
55,6,1.00828006864149,0.943258999900646,1.07778319308563,"RS"
55,7,0.998376031995562,0.937313121246852,1.06341699339201,"RS"
55,8,0.989173678762535,0.938236416267709,1.04287634735915,"RS"
55,9,0.980535472616126,0.939729134983617,1.02311376466506,"RS"
55,10,0.972329209406569,0.92906444974317,1.01760872641996,"RS"
55,11,0.964427380452185,0.902064246275598,1.03110191541911,"RS"
55,12,0.956706708128792,0.867905870869535,1.05459331028793,"RS"
56,0,1.06820101747428,0.94503725886187,1.20741632462967,"RS"
56,1,1.05983236839447,0.96962814547062,1.15842826380773,"RS"
56,2,1.05149301707904,0.988473815095137,1.11852994796789,"RS"
56,3,1.04314732871229,0.994295280687452,1.09439959188706,"RS"
56,4,1.03476081231284,0.98412999168495,1.08799645142927,"RS"
56,5,1.02630012829863,0.968112812919969,1.08798472583883,"RS"
56,6,1.01773310704558,0.955780364603457,1.08370156527163,"RS"
56,7,1.00904037777793,0.950735085143077,1.07092133223737,"RS"
56,8,1.00024939490844,0.951376813845374,1.05163257865281,"RS"
56,9,0.991398224132364,0.951851939854359,1.03258752507579,"RS"
56,10,0.98252371439989,0.940565021000855,1.02635418902877,"RS"
56,11,0.973661482300142,0.913847894532234,1.03739001620195,"RS"
56,12,0.964845909656777,0.880204515691892,1.05762650927739,"RS"
57,0,1.05564502141302,0.942123870861112,1.18284489513628,"RS"
57,1,1.05186970167624,0.968401489360212,1.14253218469898,"RS"
57,2,1.047917490061,0.989181497498801,1.11014113057353,"RS"
57,3,1.04360087504621,0.997466397175078,1.09186914915798,"RS"
57,4,1.03873576207428,0.990535593349273,1.08928138540054,"RS"
57,5,1.03314228831905,0.97768041717957,1.09175040141679,"RS"
57,6,1.02664595162898,0.967542819663927,1.08935944598533,"RS"
57,7,1.01914074891824,0.963394190515483,1.07811306766327,"RS"
57,8,1.01077185503528,0.963788649578814,1.06004541906354,"RS"
57,9,1.00174346823198,0.963300023481229,1.0417211166662,"RS"
57,10,0.992254785081147,0.951420419004989,1.03484173647031,"RS"
57,11,0.982498932160415,0.924978309298877,1.04359652760728,"RS"
57,12,0.972662278149234,0.891835835033118,1.06081396392793,"RS"
58,0,1.04385555619559,0.939102648980207,1.16029320477762,"RS"
58,1,1.04430630082619,0.96697766926012,1.12781885726455,"RS"
58,2,1.04442441709294,0.989582588117726,1.10230553378547,"RS"
58,3,1.0438771435132,1.00019205981235,1.08947024729804,"RS"
58,4,1.0423333691711,0.996331151902512,1.09045958305426,"RS"
58,5,1.03946627240515,0.986495500292641,1.09528135824983,"RS"
58,6,1.03495698048692,0.978474913787246,1.09469945152983,"RS"
58,7,1.02860843175149,0.975213030382626,1.0849273675672,"RS"
58,8,1.02067152022158,0.97540122910186,1.06804289466673,"RS"
58,9,1.01150590287933,0.97401959159115,1.05043491978261,"RS"
58,10,1.00146488782435,0.961587921165013,1.04299554878968,"RS"
58,11,0.990891919299173,0.935409684169054,1.0496649888809,"RS"
58,12,0.980118244140286,0.902750242638427,1.0641168809759,"RS"
59,0,1.03285154904411,0.935997738499397,1.13972745711233,"RS"
59,1,1.03715718019155,0.965369466907844,1.11428323900529,"RS"
59,2,1.04101778913479,0.989680228284675,1.0950183769695,"RS"
59,3,1.04396399937228,1.00246740302017,1.08717832490303,"RS"
59,4,1.04552300344346,1.00149527640733,1.09148627705043,"RS"
59,5,1.04522372882786,0.994514087537281,1.09851902250089,"RS"
59,6,1.04260409438705,0.988514870127189,1.09965295463161,"RS"
59,7,1.0373739915724,0.986123321073825,1.09128825512309,"RS"
59,8,1.02987800297683,0.986152290317937,1.07554250132461,"RS"
59,9,1.020619371333,0.98396457773748,1.05863963470652,"RS"
59,10,1.01009571840332,0.971033694422806,1.05072910054187,"RS"
59,11,0.9987919938484,0.945108520075808,1.05552476333156,"RS"
59,12,0.987175740517305,0.912913485603917,1.06747896491114,"RS"
60,0,1.02265184361003,0.932848402502493,1.12110048152889,"RS"
60,1,1.03043719576876,0.963602050573357,1.10190800631027,"RS"
60,2,1.03770155560829,0.989488211114868,1.08826412120524,"RS"
60,3,1.0438494027799,1.00429739196699,1.08495908124371,"RS"
60,4,1.04827416888478,1.00601655227032,1.09230681212072,"RS"
60,5,1.05036634632898,1.00170328982055,1.10139346921594,"RS"
60,6,1.0495250512525,0.997612450266336,1.10413902002976,"RS"
60,7,1.0453676653266,0.996067689699888,1.09710772371268,"RS"
60,8,1.03832046145551,0.995989069852574,1.08245101609073,"RS"
60,9,1.0290172126412,0.993096440660155,1.06623725607956,"RS"
60,10,1.01808848209896,0.979732228120523,1.05794637313396,"RS"
60,11,1.00615026882396,0.954054389852675,1.06109082901537,"RS"
60,12,0.993796333730769,0.922308893431251,1.0708247095639,"RS"
61,0,1.01327544011671,0.929712661603634,1.10434885954197,"RS"
61,1,1.02416112290775,0.961715762550687,1.09066113556642,"RS"
61,2,1.03447962811081,0.98903266093474,1.08201492553832,"RS"
61,3,1.04352143128212,1.0056971546274,1.08276827923264,"RS"
61,4,1.05055661940408,1.00989361445645,1.09285690569274,"RS"
61,5,1.0548461001739,1.00804193549737,1.10382341832145,"RS"
61,6,1.05565783137546,1.00573005057948,1.10806419307272,"RS"
61,7,1.05251979266867,1.00500070400597,1.1022857093966,"RS"
61,8,1.04592803349397,1.00486861228695,1.08866516266126,"RS"
61,9,1.03663264798403,1.00138334755828,1.07312274513715,"RS"
61,10,1.02538420237834,0.987665086777892,1.06454381810452,"RS"
61,11,1.01291764250467,0.962239558449366,1.06626477937636,"RS"
61,12,0.99994136802656,0.9309382917353,1.07405909539612,"RS"
62,0,1.00474174114994,0.926670163805204,1.08939081653785,"RS"
62,1,1.01834373659975,0.959768174567173,1.080494220742,"RS"
62,2,1.03135588428133,0.988352860119008,1.07622996094092,"RS"
62,3,1.04296830356862,1.00669143118088,1.08055243995949,"RS"
62,4,1.05234048211258,1.01313439236109,1.09306376196757,"RS"
62,5,1.05861551627011,1.01352026970221,1.10571721630895,"RS"
62,6,1.06094103196775,1.01284281090821,1.11132335757361,"RS"
62,7,1.05876128375068,1.01288895480991,1.10671110652971,"RS"
62,8,1.05263030892796,1.01275728351342,1.09407316571432,"RS"
62,9,1.0433992016463,1.00879893155285,1.07918620841551,"RS"
62,10,1.03192405733714,0.994819242176843,1.07041280964873,"RS"
62,11,1.01904504072702,0.969667504175328,1.07093698670814,"RS"
62,12,1.00557212250919,0.938821310066953,1.07706896160625,"RS"
63,0,0.997070804227347,0.923823519765668,1.07612565319266,"RS"
63,1,1.01299989450134,0.957834809299931,1.07134213154117,"RS"
63,2,1.02833417181749,0.987500882513491,1.07085592291926,"RS"
63,3,1.04217840443811,1.00731315830252,1.07825041073372,"RS"
63,4,1.05359638770878,1.01575462033237,1.09284794375807,"RS"
63,5,1.06162795220118,1.01813874082476,1.10697478025625,"RS"
63,6,1.06531428913642,1.01893769419637,1.11380169867336,"RS"
63,7,1.06402412142754,1.01971017748178,1.11026383376454,"RS"
63,8,1.05835783795286,1.0196296074981,1.09855706907602,"RS"
63,9,1.04925115481372,1.01532087014175,1.08431533149143,"RS"
63,10,1.03764974267028,1.0011852888386,1.07544227873417,"RS"
63,11,1.02448367838777,0.976350614719998,1.07498965172868,"RS"
63,12,1.01064998070629,0.945993139604688,1.07972599455472,"RS"
64,0,0.990283602509411,0.921297530376287,1.0644353002862,"RS"
64,1,1.00814462289164,0.956008118955646,1.0631244238549,"RS"
64,2,1.025418312643,0.986539935243104,1.06582884112492,"RS"
64,3,1.04114031091643,1.00760140035913,1.07579559400058,"RS"
64,4,1.05429560744485,1.01777585442654,1.09212575936359,"RS"
64,5,1.06383789373371,1.02190607653185,1.10749029694071,"RS"
64,6,1.06871872482821,1.0240117017394,1.11537759857465,"RS"
64,7,1.06824189484968,1.02545159066911,1.112817763701,"RS"
64,8,1.06304267255239,1.02546666910769,1.10199556719932,"RS"
64,9,1.05412402975739,1.02092951938125,1.08839782670346,"RS"
64,10,1.04250385948274,1.00675580675175,1.07952126001931,"RS"
64,11,1.02918533916632,0.982307472016041,1.07830032095856,"RS"
64,12,1.01513661215666,0.952501124901335,1.08189094416832,"RS"
65,0,0.984402295261569,0.919236211932487,1.05418810348979,"RS"
65,1,1.00379320580562,0.954394717507954,1.05574850901575,"RS"
65,2,1.02261210722533,0.985541631725475,1.06107696334753,"RS"
65,3,1.03984281946135,1.00759897059822,1.0731184933063,"RS"
65,4,1.05441019606276,1.01922330985542,1.09081184742412,"RS"
65,5,1.06520126505194,1.02483697571141,1.10715534466408,"RS"
65,6,1.07109741572217,1.02806954905264,1.11592613070186,"RS"
65,7,1.07135036067072,1.03010777001369,1.1142441875708,"RS"
65,8,1.06661893725352,1.03025437511488,1.10426704781619,"RS"
65,9,1.05795510131507,1.02560677476742,1.09132371580951,"RS"
65,10,1.04643032477511,1.01152404305234,1.08254117351939,"RS"
65,11,1.03310267218269,0.987560152247142,1.08074544000426,"RS"
65,12,1.01899416538704,0.958400781005464,1.08341847134504,"RS"
66,0,0.979450509940899,0.917798133908651,1.04524433639671,"RS"
66,1,0.999961277635257,0.953111336500785,1.04911411550408,"RS"
66,2,1.01991933904403,0.984582683841598,1.05652422618004,"RS"
66,3,1.03827497417959,1.00735010723735,1.07014921055012,"RS"
66,4,1.05391313999178,1.02012381732288,1.0888216584946,"RS"
66,5,1.06567575066635,1.02694976988083,1.10586207706155,"RS"
66,6,1.07239588047424,1.03112118910596,1.11532275411319,"RS"
66,7,1.07328802733824,1.03367841817726,1.11441544040254,"RS"
66,8,1.06902342467884,1.03398183605043,1.10525257085496,"RS"
66,9,1.06068393190129,1.02933524695335,1.09298734957685,"RS"
66,10,1.04937480194595,1.01548298265117,1.08439776320443,"RS"
66,11,1.03618950399911,0.992131871240134,1.08220360551047,"RS"
66,12,1.02218547147834,0.963751849940715,1.08416200515276,"RS"
67,0,0.975453638067491,0.917151056481738,1.03746246956218,"RS"
67,1,0.996664919541704,0.952280303275861,1.04311824830143,"RS"
67,2,1.01734377921042,0.983741597378662,1.052093728532,"RS"
67,3,1.03642609597338,1.00689849024058,1.06681960776202,"RS"
67,4,1.05277851000135,1.02050411190286,1.08607361616017,"RS"
67,5,1.06522112663203,1.0282643442265,1.10350617036787,"RS"
67,6,1.07256258114084,1.03317952612676,1.11344685156137,"RS"
67,7,1.07399675717493,1.03616634072015,1.11320836152678,"RS"
67,8,1.0701962105757,1.03664004925896,1.10483858881326,"RS"
67,9,1.06225292559446,1.03209776677005,1.09328913816493,"RS"
67,10,1.05128514814953,1.0186247970987,1.08499269394154,"RS"
67,11,1.03840116405641,0.996045158416477,1.08255832419081,"RS"
67,12,1.02467425725138,0.968614873288512,1.08397812425592,"RS"
68,0,0.972439147354093,0.917466977959179,1.03070510222639,"RS"
68,1,0.993920760076433,0.952025384262208,1.03765980785953,"RS"
68,2,1.01488919124021,0.983095861441284,1.0477107176366,"RS"
68,3,1.0342858125256,1.00628575339133,1.06306497770293,"RS"
68,4,1.05098161740524,1.02038955770626,1.08249085046174,"RS"
68,5,1.06379959840609,1.02880049417522,1.09998934873783,"RS"
68,6,1.07154943404144,1.03425854995404,1.11018486590762,"RS"
68,7,1.07342238020844,1.03757582725078,1.11050737311932,"RS"
68,8,1.07008128222007,1.03822096608226,1.1029193090549,"RS"
68,9,1.06260789616925,1.03387718399779,1.09213701441318,"RS"
68,10,1.05211187484392,1.02094061272432,1.08423485498709,"RS"
68,11,1.03969482131573,0.999320602300913,1.08170022611548,"RS"
68,12,1.02642536692745,0.973048543013258,1.08273019001663,"RS"
69,0,0.970436912913914,0.918918461075858,1.02484370685436,"RS"
69,1,0.991746080467802,0.95246861342799,1.03264325381112,"RS"
69,2,1.01255933598089,0.982719911829806,1.04330480795185,"RS"
69,3,1.03184408902365,1.00555051814316,1.05882519559447,"RS"
69,4,1.04849917281658,1.01980331361717,1.07800249392966,"RS"
69,5,1.06137614237522,1.02857677478805,1.09522141974811,"RS"
69,6,1.06931232477457,1.03437198941943,1.10543291930843,"RS"
69,7,1.07151531299056,1.03791151620639,1.10620707839313,"RS"
69,8,1.06862717334028,1.03871694357327,1.09939867898255,"RS"
69,9,1.06169864328142,1.03465639922449,1.08944767556696,"RS"
69,10,1.0518086173679,1.02242051993954,1.08204143597861,"RS"
69,11,1.040029829556,1.00197611122062,1.07952877743621,"RS"
69,12,1.02740499094227,0.977107886535413,1.0802911632981,"RS"
70,0,0.969479570751887,0.921676667844439,1.01976177861095,"RS"
70,1,0.990158925092486,0.953728379834927,1.02798104541043,"RS"
70,2,1.01035797669639,0.982683924687062,1.03881137711611,"RS"
70,3,1.0290912595141,1.00472788501212,1.05404541488918,"RS"
70,4,1.04530944635905,1.01876587969389,1.07254459579641,"RS"
70,5,1.05791884780166,1.02760980894398,1.08912184254463,"RS"
70,6,1.06581162159108,1.03353247365119,1.09909890756078,"RS"
70,7,1.06823117497601,1.03717772414713,1.10021437659487,"RS"
70,8,1.06578759799933,1.03812052701688,1.09419202731043,"RS"
70,9,1.05947953038503,1.03441856140916,1.0851476541331,"RS"
70,10,1.05033260890726,1.02305374534483,1.0783388403139,"RS"
70,11,1.03936807846381,1.00402658067129,1.07595358860646,"RS"
70,12,1.02758090041528,0.980843195251731,1.07654568233741,"RS"
71,0,0.969602897176841,0.925911106067893,1.01535641170373,"RS"
71,1,0.989178217719166,0.955918733972706,1.02359490575483,"RS"
71,2,1.00828888431232,0.983053333267524,1.0341722466355,"RS"
71,3,1.02601805877116,1.00384927201062,1.04867641614767,"RS"
71,4,1.04139242814998,1.01729493119843,1.06606074221812,"RS"
71,5,1.05339925567413,1.02591396581275,1.08162090470785,"RS"
71,6,1.06101268086631,1.03175111922359,1.09110413159159,"RS"
71,7,1.06353139442902,1.03537815905892,1.09245015170517,"RS"
71,8,1.06152207523581,1.03642448220607,1.08722742038517,"RS"
71,9,1.05591005738572,1.033147366126,1.07917426481863,"RS"
71,10,1.04764515376191,1.02282891546465,1.07306349244361,"RS"
71,11,1.03767434735046,1.00548384182997,1.07089542999467,"RS"
71,12,1.02692268560257,0.984299526875384,1.07139155654465,"RS"
72,0,0.970846218259509,0.931790805547164,1.01153861349309,"RS"
72,1,0.988823884185632,0.959149673024878,1.01941615728476,"RS"
72,2,1.00635584282526,0.983888875961832,1.02933583978016,"RS"
72,3,1.02261565455405,1.00294247485265,1.04267473275838,"RS"
72,4,1.03672998778665,1.01540533525727,1.05850248197069,"RS"
72,5,1.04779269071602,1.02350129456459,1.07266060976011,"RS"
72,6,1.05488633801295,1.02903742308877,1.08138456499105,"RS"
72,7,1.05738379531044,1.03251590475845,1.08285062286442,"RS"
72,8,1.05579653571169,1.03362198409301,1.0784468035468,"RS"
72,9,1.05095542052386,1.03082739001173,1.07147647281269,"RS"
72,10,1.04371209441649,1.02173434332626,1.06616259221053,"RS"
72,11,1.03491665804765,1.00635676222284,1.06428706926834,"RS"
72,12,1.02540199649377,0.987516578525744,1.06474086337174,"RS"
73,0,0.973252854014077,0.939486503799757,1.00823281017397,"RS"
73,1,0.989116982250903,0.963528072105452,1.01538547023263,"RS"
73,2,1.00456265488067,0.985246949601255,1.02425704336289,"RS"
73,3,1.01887568011983,1.00203181317441,1.03600268763021,"RS"
73,4,1.0313060314901,1.01310922943007,1.04982967254794,"RS"
73,5,1.04107858260418,1.0203815738114,1.06219540118574,"RS"
73,6,1.04740937685382,1.02539931019111,1.0698918868171,"RS"
73,7,1.04976315619084,1.02859353474302,1.071368472456,"RS"
73,8,1.04858390117246,1.02970684773121,1.06780701732796,"RS"
73,9,1.04458705155759,1.02744437618374,1.0620157485651,"RS"
73,10,1.03850426656096,1.01975824451481,1.05759489316848,"RS"
73,11,1.03106662327467,1.00665134415119,1.05607406954534,"RS"
73,12,1.022992783554,0.990528689100034,1.05652087286275,"RS"
74,0,0.976870602610824,0.949173305715492,1.00537611888052,"RS"
74,1,0.990079839452037,0.96915884172118,1.01145245370561,"RS"
74,2,1.00291314752444,0.987179978516369,1.01889706372392,"RS"
74,3,1.01479026685026,1.00113815670759,1.02862854521566,"RS"
74,4,1.02510665549297,1.01041595655816,1.04001094629931,"RS"
74,5,1.03324077229265,1.01656224258662,1.05019294323922,"RS"
74,6,1.03856497024164,1.02084308482146,1.05659450845147,"RS"
74,7,1.04065173195393,1.0236131153923,1.05797396588033,"RS"
74,8,1.03986462721121,1.02467359026001,1.05528087500598,"RS"
74,9,1.03678312799336,1.02298527563529,1.05076708345011,"RS"
74,10,1.03199793591551,1.01688865802542,1.04733171260059,"RS"
74,11,1.02609978654361,1.00637051510755,1.0462158381422,"RS"
74,12,1.01967153646414,0.993364549042579,1.04667520426137,"RS"
75,0,0.981744413931822,0.961003442558232,1.0029330297929,"RS"
75,1,0.991739443206553,0.976132609067404,1.00759580622076,"RS"
75,2,1.00142515796757,0.989738170767521,1.01325014698856,"RS"
75,3,1.01037580313132,1.00029156817735,1.02056170023845,"RS"
75,4,1.01815211660623,1.00735154545828,1.02906848877484,"RS"
75,5,1.02430538494619,1.01207179280612,1.03668685273868,"RS"
75,6,1.02838341334837,1.0153986662351,1.0415342072206,"RS"
75,7,1.03007931655026,1.01760136488092,1.0427102743802,"RS"
75,8,1.0296629604965,1.01854039408167,1.04090698648659,"RS"
75,9,1.02755853273988,1.01745593645388,1.0377614404478,"RS"
75,10,1.02419662764352,1.01312146499674,1.03539286089426,"RS"
75,11,1.02000814821546,1.00550856606598,1.03471681648276,"RS"
75,12,1.01541998020166,0.996026132080545,1.03519145028753,"RS"
76,0,0.987826039779134,0.974763001408576,1.001064139135,"RS"
76,1,0.99416493046156,0.984375360387526,1.00405185738349,"RS"
76,2,1.00029061469853,0.992991803670465,1.0076430743491,"RS"
76,3,1.00594334259504,0.999683258297455,1.01224262796465,"RS"
76,4,1.0108581232363,1.00419006527722,1.01757045866682,"RS"
76,5,1.01476629497786,1.00723547973818,1.02235341599639,"RS"
76,6,1.01739779519144,1.0094156144362,1.02544309683435,"RS"
76,7,1.01857028943827,1.01090401795859,1.02629469870092,"RS"
76,8,1.01845101638253,1.01161844453494,1.02532973610169,"RS"
76,9,1.01729856420467,1.01109258584488,1.02354263419717,"RS"
76,10,1.01537408535269,1.00856576445797,1.0222283658021,"RS"
76,11,1.012938994978,1.00400515992389,1.02195232505063,"RS"
76,12,1.0102533326765,0.998267261430724,1.02238331919373,"RS"
77,0,0.995002788692849,0.989970101957224,1.00006105997464,"RS"
77,1,0.99745537471199,0.993698611147414,1.00122634104622,"RS"
77,2,0.999819010781736,0.997029309176474,1.00261651801014,"RS"
77,3,1.00199783412768,0.999619336258447,1.00438199140335,"RS"
77,4,1.00389523052678,1.00137727295921,1.0064195194846,"RS"
77,5,1.00541405765093,1.00258034107057,1.00825578351427,"RS"
77,6,1.00645696166382,1.00345848344581,1.00946439976583,"RS"
77,7,1.00695867632154,1.00408062770245,1.00984497444134,"RS"
77,8,1.0069821705311,1.00441692118677,1.00955397144188,"RS"
77,9,1.00662304353814,1.00429242258238,1.00895907307203,"RS"
77,10,1.00597727602809,1.0034196028595,1.00854146859497,"RS"
77,11,1.00514091174628,1.00177971473884,1.00851338632817,"RS"
77,12,1.00420983029283,0.999688873361636,1.00875123263672,"RS"
78,0,1.00316073399996,1.00020428164822,1.00612592517703,"RS"
78,1,1.00171371736671,0.999512521603216,1.0039197607561,"RS"
78,2,1.00032250718032,0.998691990699373,1.00195568572726,"RS"
78,3,0.99904052695196,0.997657272096042,1.00042569969496,"RS"
78,4,0.99792095169048,0.996466391852349,0.999377634775657,"RS"
78,5,0.997016780483686,0.995387025939804,0.998649203436743,"RS"
78,6,0.996380937359393,0.994660120559106,0.998104731267538,"RS"
78,7,0.996048569885013,0.99439772412844,0.99770215628715,"RS"
78,8,0.995983715487401,0.994511188520222,0.997458422757521,"RS"
78,9,0.996132824849702,0.994793347309474,0.997474105980681,"RS"
78,10,0.996442480381473,0.994972574771282,0.99791455753142,"RS"
78,11,0.996859295709365,0.994928253218124,0.99879408613428,"RS"
78,12,0.997329843867941,0.994730774260459,0.999935704421275,"RS"
79,0,1.01218466383001,1.00173248137597,1.02274590545911,"RS"
79,1,1.00704715170727,0.999267969934612,1.01488689348072,"RS"
79,2,1.00211623693141,0.99635288466138,1.00791292701769,"RS"
79,3,0.997568837318219,0.99269365908108,1.00246795784876,"RS"
79,4,0.993578925570819,0.988487988503605,0.998696082117202,"RS"
79,5,0.990318362341821,0.984645593579406,0.996023813224221,"RS"
79,6,0.987958031504172,0.981984699016084,0.993967699284499,"RS"
79,7,0.986610027045147,0.980881180831768,0.992372332641351,"RS"
79,8,0.98615176794993,0.981031373836062,0.991298887443414,"RS"
79,9,0.986404292474362,0.981731420117159,0.99109940689861,"RS"
79,10,0.987190282429046,0.982062657982457,0.992344679640337,"RS"
79,11,0.988332942860678,0.981617912182878,0.995093909575753,"RS"
79,12,0.989655202225861,0.980639062304525,0.998754237865108,"RS"
80,0,1.02195691208102,1.00479799156456,1.03940885523064,"RS"
80,1,1.01356815237414,1.00078360159382,1.02651601991785,"RS"
80,2,1.00552186705184,0.996022335820422,1.01511199975912,"RS"
80,3,0.998082565268367,0.990044429076598,1.00618596280755,"RS"
80,4,0.991507487186392,0.983166888206655,0.999918842811999,"RS"
80,5,0.986048550222325,0.976814186571044,0.995370211410042,"RS"
80,6,0.981954952516181,0.972263604012205,0.991742902636671,"RS"
80,7,0.979387577794665,0.97009278215365,0.988771430098711,"RS"
80,8,0.97815703514301,0.969817735390154,0.986568043133229,"RS"
80,9,0.977992099544516,0.970330906495982,0.985713781111486,"RS"
80,10,0.978625863277277,0.970210027005825,0.987114700546634,"RS"
80,11,0.979793193037977,0.968837841151849,0.990872425030612,"RS"
80,12,0.98122891983935,0.966600236549554,0.996078995972537,"RS"
81,0,1.03235778981016,1.00938266763249,1.05585586156484,"RS"
81,1,1.02139322091821,1.00422183740061,1.0388582212453,"RS"
81,2,1.0108661969106,0.998015645592698,1.02388221323889,"RS"
81,3,1.00108353689475,0.990146346571881,1.01214153979505,"RS"
81,4,0.992340868999851,0.981041934343375,1.00376993665055,"RS"
81,5,0.984925362313942,0.972505947043666,0.997503380085441,"RS"
81,6,0.979119318339496,0.96613823827845,0.992274812819593,"RS"
81,7,0.975101342197047,0.962645063530337,0.987718800600818,"RS"
81,8,0.972643624867121,0.961393705633573,0.984025187029074,"RS"
81,9,0.971425767984965,0.960966030378161,0.981999355725223,"RS"
81,10,0.971134554911867,0.959603886494431,0.982803776659509,"RS"
81,11,0.971460480066376,0.956589458742027,0.986562684447581,"RS"
81,12,0.972095290718407,0.952431240080095,0.992165328551629,"RS"
82,0,1.04331196966252,1.01507577243717,1.07233360858138,"RS"
82,1,1.03056595697006,1.00935566560005,1.05222195491837,"RS"
82,2,1.01829293578045,1.00223295416667,1.03461026575657,"RS"
82,3,1.00679336052413,0.992950119684896,1.02082959727839,"RS"
82,4,0.996354678631376,0.982061721820244,1.01085565558001,"RS"
82,5,0.987254069041975,0.971654715148155,1.00310386153102,"RS"
82,6,0.979761981468878,0.963532290374871,0.996265044691291,"RS"
82,7,0.974045268673645,0.958457443284171,0.989886605893066,"RS"
82,8,0.969871911732489,0.955663625985618,0.984291438525242,"RS"
82,9,0.96692094790892,0.953485934004835,0.980545266754134,"RS"
82,10,0.964880581021525,0.949974987830747,0.980020050589276,"RS"
82,11,0.963444797558912,0.94443450853459,0.982837739997019,"RS"
82,12,0.962310983052471,0.937506405168923,0.987771841341772,"RS"
83,0,1.05480046414845,1.02114833376199,1.08956160665596,"RS"
83,1,1.0410377192071,1.01561004927439,1.06710201773429,"RS"
83,2,1.02771867053932,1.00818549182343,1.04763029654873,"RS"
83,3,1.01509171619479,0.997952250821574,1.03252554562503,"RS"
83,4,1.00339331924909,0.985628437089539,1.02147839411644,"RS"
83,5,0.992849996885237,0.973565864118399,1.01251610460649,"RS"
83,6,0.983680840968846,0.963707348426977,1.00406829777587,"RS"
83,7,0.976016918242025,0.956819021824077,0.995600006862957,"RS"
83,8,0.969658076379554,0.951993613944533,0.987650307014433,"RS"
83,9,0.964331614085474,0.947335352302419,0.981632807922311,"RS"
83,10,0.959774206750816,0.94077880990513,0.979153142317322,"RS"
83,11,0.955729519612538,0.931751231031259,0.980324880974769,"RS"
83,12,0.951946527957353,0.921090068040003,0.983836677360312,"RS"
84,0,1.0668071833915,1.02686871752051,1.10829899393929,"RS"
84,1,1.05275570696906,1.02241526495529,1.08399650958302,"RS"
84,2,1.03905293728773,1.0154098724928,1.06324651328809,"RS"
84,3,1.02585159567384,1.00470309161947,1.04744526529749,"RS"
84,4,1.01329661796352,0.991221701714101,1.03586315170535,"RS"
84,5,1.00152601743686,0.97763336614811,1.0260025878157,"RS"
84,6,0.990671942612315,0.966017239040038,1.01595588382515,"RS"
84,7,0.980810425515519,0.957113739816476,1.00509380524032,"RS"
84,8,0.971812024947476,0.949854841883204,0.994276778081256,"RS"
84,9,0.963502956308663,0.942090016067061,0.985402595275409,"RS"
84,10,0.955716371018468,0.931647176548677,0.980407395443854,"RS"
84,11,0.948291358757344,0.918155956322966,0.979415855118116,"RS"
84,12,0.941072229451175,0.902755506296228,0.981015274753253,"RS"
85,0,1.07931539767222,1.03164590984525,1.12918755993235,"RS"
85,1,1.06566775100195,1.02930836581734,1.10331149851656,"RS"
85,2,1.05221010616605,1.02354142415032,1.08168177798671,"RS"
85,3,1.03895683221195,1.01286874646775,1.0657168591333,"RS"
85,4,1.02592147782999,0.998468352074507,1.05412943383341,"RS"
85,5,1.01311680475056,0.983425183281304,1.04370487711456,"RS"
85,6,1.00055482269402,0.970000700087712,1.03207137183069,"RS"
85,7,0.988241368490943,0.958905198968786,1.01847503115753,"RS"
85,8,0.97616030487637,0.948885603516952,1.00421898834226,"RS"
85,9,0.964290826813416,0.937486819962359,0.991861196207363,"RS"
85,10,0.952613016592253,0.922398711341753,0.983817028604639,"RS"
85,11,0.941107808506108,0.903522946799308,0.980256130039272,"RS"
85,12,0.929756957377138,0.882432669169878,0.979619216279013,"RS"
86,0,1.09230761662647,1.03511592048684,1.15265923914979,"RS"
86,1,1.07972146777896,1.03598270897953,1.12530685877093,"RS"
86,2,1.06710728146688,1.03233117125629,1.10305489349302,"RS"
86,3,1.0542984677371,1.02222423560062,1.08737908998967,"RS"
86,4,1.04113677023171,1.00712429795847,1.07629790734453,"RS"
86,5,1.02747268360231,0.990664007861717,1.06564900629387,"RS"
86,6,1.01316609232613,0.97536322743388,1.05243411045963,"RS"
86,7,0.998141057103046,0.96191530710315,1.0357310695836,"RS"
86,8,0.98254184608907,0.948859421480806,1.01741992276318,"RS"
86,9,0.966559250935172,0.933376054461494,1.00092216969008,"RS"
86,10,0.950374172432351,0.912972979421093,0.989307556724397,"RS"
86,11,0.934157089013787,0.887898243008953,0.982825986902998,"RS"
86,12,0.918067841394232,0.860302476674634,0.979711885359398,"RS"
87,0,1.10576547078685,1.03713814008907,1.1789338653378,"RS"
87,1,1.09486344828874,1.04227944845657,1.15010036144702,"RS"
87,2,1.08366231818693,1.04162639902075,1.12739464069101,"RS"
87,3,1.07177136791064,1.03262109307661,1.11240596650084,"RS"
87,4,1.05881863301114,1.01702936151434,1.10232500656843,"RS"
87,5,1.04445402468778,0.999172872335385,1.09178725713076,"RS"
87,6,1.02835364043087,0.981919384854012,1.07698373827771,"RS"
87,7,1.01035140472685,0.965968139921174,1.05677394403175,"RS"
87,8,0.990804154930677,0.949632160533365,1.0337611911506,"RS"
87,9,0.97017821042277,0.929670041888634,1.0124514263867,"RS"
87,10,0.948913137867795,0.90336991665451,0.996752411849987,"RS"
87,11,0.927418097894873,0.871411949750672,0.987023793452724,"RS"
87,12,0.906070009212828,0.836669755113429,0.98122688979433,"RS"
88,0,1.11966959562403,1.03773219740921,1.20807661793163,"RS"
88,1,1.11103847783051,1.04814431683136,1.17770661863783,"RS"
88,2,1.10179193422208,1.05133705658726,1.15466819961375,"RS"
88,3,1.09127103041726,1.0439540453211,1.14073264734718,"RS"
88,4,1.07884607717593,1.02806688156482,1.13213340407028,"RS"
88,5,1.06392605445353,1.00882607290559,1.12203548237496,"RS"
88,6,1.04597131302448,0.989539767435553,1.10562104088596,"RS"
88,7,1.02472026263996,0.970940133876004,1.08147925915173,"RS"
88,8,1.00079988268502,0.951100654868627,1.05309611559537,"RS"
88,9,0.975021662726113,0.926309785299368,1.02629515295248,"RS"
88,10,0.948145758950768,0.893614223883354,1.00600500326601,"RS"
88,11,0.920870365911052,0.854224596252385,0.992715773502041,"RS"
88,12,0.893826367996156,0.811879249861463,0.984044827185231,"RS"
89,0,1.13399951832466,1.03700904550283,1.24006141811137,"RS"
89,1,1.12818878496136,1.05358297978666,1.20807754010065,"RS"
89,2,1.12140990385466,1.06140690801107,1.18480496308415,"RS"
89,3,1.11269054676914,1.05613793309019,1.17227136160792,"RS"
89,4,1.10109683019193,1.04013836914626,1.16562782935684,"RS"
89,5,1.08575398093039,1.01951886058935,1.15629220083749,"RS"
89,6,1.06587396259246,0.998118170177868,1.13822925789449,"RS"
89,7,1.04109712810613,0.976729781882972,1.1097063386982,"RS"
89,8,1.01238371033947,0.953179109475905,1.0752656733363,"RS"
89,9,0.98096576848042,0.923248000504335,1.04229182018777,"RS"
89,10,0.947989789317531,0.883738637366022,1.01691224379283,"RS"
89,11,0.91449401726789,0.836501438689364,0.999758361359287,"RS"
89,12,0.881397427432309,0.7862732557551,0.988029822199957,"RS"
90,0,1.14873354762113,1.03512275598048,1.27481378977153,"RS"
90,1,1.14625331928062,1.05863020831371,1.24112901903181,"RS"
90,2,1.14242532420093,1.07179504933554,1.21771006703634,"RS"
90,3,1.13591769150602,1.06909457120623,1.20691755119525,"RS"
90,4,1.12544336639938,1.05315015536348,1.20269912559165,"RS"
90,5,1.1097983665834,1.0311519560723,1.19444317320853,"RS"
90,6,1.08791279290112,1.00755496997057,1.17467957603591,"RS"
90,7,1.05932916329423,0.983242468640395,1.14130370889834,"RS"
90,8,1.02540950842481,0.955787714088932,1.10010271576915,"RS"
90,9,0.98788730709385,0.920441573557811,1.06027515439669,"RS"
90,10,0.948364329600382,0.873777041659293,1.02931853181956,"RS"
90,11,0.908269734282622,0.818401688107607,1.00800611997926,"RS"
90,12,0.868841162638219,0.760173029194662,0.993043605735746,"RS"
91,0,1.16384866706684,1.03224362531949,1.31223258406077,"RS"
91,1,1.1651670592247,1.06333271727594,1.2767539772314,"RS"
91,2,1.16474095200534,1.08246585799422,1.25326953756498,"RS"
91,3,1.1608321253902,1.08274595681674,1.24454976243887,"RS"
91,4,1.15174909583413,1.06700685751134,1.24322160669961,"RS"
91,5,1.1359107061253,1.04362429075103,1.2363578959642,"RS"
91,6,1.11193095290294,1.01774951268032,1.21482784184049,"RS"
91,7,1.07925748582423,0.990383615876899,1.17610661367446,"RS"
91,8,1.03972774583752,0.958847627129773,1.12743021401675,"RS"
91,9,0.995662267033972,0.917848493527355,1.08007297172263,"RS"
91,10,0.949189340916262,0.863761937455971,1.04306564788284,"RS"
91,11,0.902178726205755,0.800074414872176,1.01731343846094,"RS"
91,12,0.856212914784674,0.733871384498065,0.998949640127302,"RS"
92,0,1.17932043222779,1.02854503929257,1.35219813303123,"RS"
92,1,1.18486035249011,1.06774084118551,1.31482659532274,"RS"
92,2,1.18825161367057,1.09338405498037,1.29135036400001,"RS"
92,3,1.18730271133285,1.09701086823766,1.28502621911394,"RS"
92,4,1.17986470234763,1.08160817560449,1.28704714631788,"RS"
92,5,1.16392919241701,1.05682963606238,1.28188226250739,"RS"
92,6,1.13775935951045,1.02859672910118,1.2585071714984,"RS"
92,7,1.10071371314446,0.998055714083721,1.21393090707021,"RS"
92,8,1.05518313500394,0.962278874007993,1.15705693897162,"RS"
92,9,1.00416460326044,0.915426714411198,1.10150439632927,"RS"
92,10,0.950385229230639,0.853723672686481,1.05799114261117,"RS"
92,11,0.896202701997239,0.781657216255566,1.02753389383992,"RS"
92,12,0.843565327126331,0.707630241461737,1.0056134114051,"RS"
93,0,1.19512287233721,1.02419760612728,1.39457334350188,"RS"
93,1,1.20525829310527,1.07190492512921,1.35520186449738,"RS"
93,2,1.21284269674852,1.1045124504862,1.33179794071919,"RS"
93,3,1.21518495353987,1.11180312428807,1.32817981803682,"RS"
93,4,1.20962464082885,1.09684720590227,1.333997811023,"RS"
93,5,1.19367467764886,1.07065493376395,1.33082956153849,"RS"
93,6,1.16521275363978,1.03998557672874,1.30551883759339,"RS"
93,7,1.12351676273593,1.00615703042034,1.25456551808943,"RS"
93,8,1.07161251287193,0.965999491963558,1.18877223776741,"RS"
93,9,1.01326515937551,0.913133799638275,1.1243766068138,"RS"
93,10,0.95187249847944,0.843690337326242,1.07392631309837,"RS"
93,11,0.890323846873658,0.763275999283548,1.03851890149298,"RS"
93,12,0.830948313978413,0.681680422765085,1.01290146738087,"RS"
94,0,1.21122839703424,1.01936674988507,1.43920157288586,"RS"
94,1,1.22628014052883,1.07587396660787,1.39771295684069,"RS"
94,2,1.23838873629976,1.11581098496768,1.37443230336951,"RS"
94,3,1.24431858182481,1.12703062860122,1.373812471269,"RS"
94,4,1.24084382177359,1.11260943563038,1.38385792958993,"RS"
94,5,1.22494686033235,1.08497935376337,1.3829708421948,"RS"
94,6,1.19408601746862,1.05179824457488,1.35562254878109,"RS"
94,7,1.14746992862514,1.01458101509549,1.29776451314247,"RS"
94,8,1.0888429681857,0.969925191304789,1.22234067121461,"RS"
94,9,1.02283075652709,0.910926865451383,1.14848161381142,"RS"
94,10,0.953571471240754,0.833687880820415,1.09069421744434,"RS"
94,11,0.884524802456372,0.745045221987034,1.0501162923693,"RS"
94,12,0.818409060097648,0.656222573164416,1.02068020369988,"RS"
95,0,1.22760770887965,1.01421186177869,1.4859032355013,"RS"
95,1,1.24783878745458,1.079695243989,1.44216773033409,"RS"
95,2,1.26475211453762,1.12723635862482,1.41904392897585,"RS"
95,3,1.27452531419586,1.14259478892771,1.42168929201096,"RS"
95,4,1.27331452946479,1.12877206209333,1.43636607016953,"RS"
95,5,1.25752075134003,1.09967368100108,1.43802517726096,"RS"
95,6,1.22415080344194,1.06390968915181,1.40852668684899,"RS"
95,7,1.17235827196357,1.02321600623823,1.34323926664748,"RS"
95,8,1.10669023537458,0.973969232541881,1.25749688609469,"RS"
95,9,1.03272345493017,0.908762627895713,1.17359330327269,"RS"
95,10,0.955402076490872,0.823740283294209,1.10810791492767,"RS"
95,11,0.878788650361943,0.727068338128782,1.06216905826558,"RS"
95,12,0.805992047893543,0.631428713247983,1.02881476188508,"RS"
