"exposure","lag","RR","RR_low","RR_high","state"
14.8,0,0.951470208808439,0.838647319907427,1.07947111587968,"GO"
14.8,1,0.977848195985403,0.892345381924076,1.07154372484136,"GO"
14.8,2,1.00270282828277,0.938596123917594,1.07118806079209,"GO"
14.8,3,1.02358085656738,0.966384195922488,1.08416277330682,"GO"
14.8,4,1.03787664871524,0.973592809547502,1.10640498510771,"GO"
14.8,5,1.04295976480962,0.969316513856774,1.12219801835798,"GO"
14.8,6,1.03636360531192,0.959679956400335,1.11917469490952,"GO"
14.8,7,1.0167852587154,0.946009759823939,1.09285581000068,"GO"
14.8,8,0.986436455720227,0.926050163276482,1.05076044447861,"GO"
14.8,9,0.9484342193088,0.892839052940782,1.00749117704146,"GO"
14.8,10,0.905772198574151,0.840244294747726,0.976410409256245,"GO"
14.8,11,0.86115211400047,0.774949196790644,0.95694397325483,"GO"
14.8,12,0.816893263346777,0.707407125706464,0.943324684544168,"GO"
14.9,0,0.951665118485043,0.840586133680644,1.07742260007971,"GO"
14.9,1,0.977926965134263,0.893775588329293,1.07000142051806,"GO"
14.9,2,1.00267565842417,0.939595966952661,1.06999019935874,"GO"
14.9,3,1.02347698951174,0.967201386885913,1.08302692930648,"GO"
14.9,4,1.03774592151675,0.974499053716697,1.10509763300163,"GO"
14.9,5,1.04287224389108,0.970412206589368,1.12074282422813,"GO"
14.9,6,1.03640639535959,0.960944169656991,1.11779461311021,"GO"
14.9,7,1.01705041562116,0.947387905035404,1.0918352898716,"GO"
14.9,8,0.98699233689776,0.927537980950564,1.05025766394662,"GO"
14.9,9,0.949319061803034,0.894560031685052,1.00743007644218,"GO"
14.9,10,0.906997234759239,0.842424878819821,0.976519099261853,"GO"
14.9,11,0.86270692733449,0.777709127236103,0.956994352266316,"GO"
14.9,12,0.818752026698271,0.710717549858055,0.943208566267163,"GO"
15,0,0.951860304965689,0.842526704245566,1.07538198564362,"GO"
15,1,0.978005859646634,0.895205864966039,1.06846424820892,"GO"
15,2,1.00264848918499,0.940595073298762,1.06879572453984,"GO"
15,3,1.02337301916846,0.968017635746089,1.08189385987248,"GO"
15,4,1.03761499673589,0.975404351944281,1.10379339532897,"GO"
15,5,1.0427844383901,0.971507084442932,1.11929125619508,"GO"
15,6,1.03644884840081,0.9622078485266,1.11641805561689,"GO"
15,7,1.01731529227498,0.948765917912154,1.090817433845,"GO"
15,8,0.98754820218313,0.929026255423129,1.04975660907554,"GO"
15,9,0.950204443099877,0.896282607345549,1.00737030517725,"GO"
15,10,0.908223696971833,0.844609421342139,0.976629271350551,"GO"
15,11,0.864264378648991,0.780476960935034,0.95704672090084,"GO"
15,12,0.820614911035726,0.714041216468998,0.94309518369856,"GO"
15.1,0,0.952055962605359,0.844468644552186,1.07335016140602,"GO"
15.1,1,0.978084977115772,0.896635869753443,1.06693280375078,"GO"
15.1,2,1.0026213204695,0.941593118891926,1.06760498998016,"GO"
15.1,3,1.02326885227944,0.968832571152619,1.08076377201025,"GO"
15.1,4,1.0374836990244,0.976308225173861,1.10249242809531,"GO"
15.1,5,1.04269610911576,0.972600564192407,1.11784345598021,"GO"
15.1,6,1.03649068669991,0.963470357458579,1.11504514414895,"GO"
15.1,7,1.01757960195449,0.950143179065862,1.08980232572093,"GO"
15.1,8,0.988103781254107,0.930514430238332,1.04925732562642,"GO"
15.1,9,0.951090127938461,0.898006284695143,1.0073119162736,"GO"
15.1,10,0.909451397075549,0.846797438331175,0.976741079038545,"GO"
15.1,11,0.865824333123514,0.783252187743013,0.957101413261216,"GO"
15.1,12,0.822481836143394,0.717377590004497,0.942985089318958,"GO"
15.2,0,0.952252285919218,0.846411562607992,1.07132801121521,"GO"
15.2,1,0.978164415166618,0.898065257373464,1.06540768083667,"GO"
15.2,2,1.00259415218196,0.942589777533729,1.06641834862621,"GO"
15.2,3,1.02316439562467,0.969645819890525,1.07963687255641,"GO"
15.2,4,1.03735185312311,0.977210191908418,1.10119488733167,"GO"
15.2,5,1.04260701695885,0.973692059217054,1.11639956547033,"GO"
15.2,6,1.03653163247717,0.964731056746909,1.11367600080035,"GO"
15.2,7,1.01784305764038,0.951519064737008,1.08879004991148,"GO"
15.2,8,0.988658803181308,0.932001944715214,1.04875986005219,"GO"
15.2,9,0.951975880180777,0.899730564123168,1.00725496341136,"GO"
15.2,10,0.910680145910638,0.848988440119256,0.976854676654166,"GO"
15.2,11,0.867386654940338,0.786034289248359,0.957158764521621,"GO"
15.2,12,0.824352721013352,0.720726123223107,0.942878836697522,"GO"
15.3,0,0.952449469583782,0.848355061459129,1.06931641399081,"GO"
15.3,1,0.97824427145607,0.899493679270802,1.06388947103264,"GO"
15.3,2,1.00256698422666,0.943584720902031,1.06523615272242,"GO"
15.3,3,1.02305955602243,0.970457006892744,1.07851336817077,"GO"
15.3,4,1.03721928386274,0.978109768220303,1.0999009290892,"GO"
15.3,5,1.0425169228933,0.974780979508744,1.11495972671383,"GO"
15.3,6,1.03657140791094,0.965989302537158,1.11231074803453,"GO"
15.3,7,1.01810537201844,0.952892946801291,1.08778069143266,"GO"
15.3,8,0.989212996429353,0.933488233953669,1.04826425948643,"GO"
15.3,9,0.952861462811213,0.901454941634199,1.00719950091433,"GO"
15.3,10,0.911909753291597,0.851181931330221,0.976970219338132,"GO"
15.3,11,0.868951207280578,0.78882273870641,0.957219110940721,"GO"
15.3,12,0.826227483841195,0.724086257045268,0.942776980521912,"GO"
15.4,0,0.952647708438466,0.850298739175809,1.06731624378596,"GO"
15.4,1,0.978324643673351,0.900920783656562,1.06237876379534,"GO"
15.4,2,1.00253981650789,0.944577618565138,1.06405875380623,"GO"
15.4,3,1.02295424032959,0.971265755255856,1.07739346532674,"GO"
15.4,4,1.03708581616498,0.979006467764975,1.0986107094328,"GO"
15.4,5,1.0424255879782,0.975866731685058,1.11352408191573,"GO"
15.4,6,1.03660973514031,0.967244446839156,1.1109495086782,"GO"
15.4,7,1.01836625748232,0.954264192781789,1.08677433589473,"GO"
15.4,8,0.989766088858768,0.934972728845743,1.04777057173013,"GO"
15.4,9,0.953746637936689,0.903178908851334,1.00714558373868,"GO"
15.4,10,0.913140028005185,0.853377410858852,0.977087863043078,"GO"
15.4,11,0.870517852320485,0.791617000977522,0.95728278987554,"GO"
15.4,12,0.8281060420218,0.727457420425808,0.942680076631304,"GO"
15.5,0,0.952847197487549,0.852242188842644,1.06532836985322,"GO"
15.5,1,0.978405629540477,0.902346215516262,1.06087614648974,"GO"
15.5,2,1.00251264892996,0.945568137999884,1.06288650270139,"GO"
15.5,3,1.02284835544204,0.97207168625943,1.0762773703001,"GO"
15.5,4,1.03695127504384,0.9798998017988,1.09732438443316,"GO"
15.5,5,1.04233277336043,0.976948719007565,1.11209277343127,"GO"
15.5,6,1.03664633626872,0.968495837545735,1.10959240591326,"GO"
15.5,7,1.01862542613718,0.955632165867331,1.08577106949035,"GO"
15.5,8,0.990317807728628,0.936454856092681,1.04727884523605,"GO"
15.5,9,0.95463116678738,0.904901953024361,1.00709326745955,"GO"
15.5,10,0.914370777808832,0.855574371854366,0.977207764532063,"GO"
15.5,11,0.872086451227971,0.794416532469108,0.957350139795801,"GO"
15.5,12,0.829988312145186,0.730839030230846,0.942588682052219,"GO"
15.6,0,0.953048131902523,0.854184998554719,1.0633536567134,"GO"
15.6,1,0.978487326812816,0.903769616622814,1.05938220440628,"GO"
15.6,2,1.00248548139717,0.946555944614128,1.06171974950916,"GO"
15.6,3,1.0227418082951,0.972874419389383,1.07516528915546,"GO"
15.6,4,1.03681548560734,0.980789279201285,1.09604211015705,"GO"
15.6,5,1.0422382402777,0.978026341405682,1.11066594375762,"GO"
15.6,6,1.0366809333681,0.969742818457994,1.10823956326674,"GO"
15.6,7,1.01888258980413,0.95699622493755,1.08477097898032,"GO"
15.6,8,0.990867879699958,0.937934038228218,1.04678912909033,"GO"
15.6,9,0.955514809718037,0.906623557043232,1.00704260825528,"GO"
15.6,10,0.915601809429454,0.857772301708334,0.977330081375772,"GO"
15.6,11,0.873656864159349,0.797220781082105,0.95742150029847,"GO"
15.6,12,0.831874209992441,0.734230491119553,0.942503355036871,"GO"
15.7,0,0.953250707024855,0.856126751420281,1.06139296422628,"GO"
15.7,1,0.978569833279757,0.905190625555245,1.05789752077666,"GO"
15.7,2,1.00245831381386,0.947540701774283,1.06055884359668,"GO"
15.7,3,1.02263450586416,0.973673572365818,1.07405742773012,"GO"
15.7,4,1.03667827305945,0.981674406502176,1.09476404265527,"GO"
15.7,5,1.04214175006226,0.979098995506588,1.1092437355233,"GO"
15.7,6,1.03671324848396,0.970984729317609,1.106891104598,"GO"
15.7,7,1.01913746002549,0.958355724595181,1.08377415167624,"GO"
15.7,8,0.991416030839886,0.939409693648658,1.04630147299068,"GO"
15.7,9,0.956397326209902,0.908343199457329,1.00699366288856,"GO"
15.7,10,0.916832928562671,0.859970682047413,0.977454971948055,"GO"
15.7,11,0.875228950256299,0.800029186162272,0.957497212122168,"GO"
15.7,12,0.833763650531747,0.737631195431296,0.94242465510364,"GO"
15.8,0,0.953455118369134,0.858067025571094,1.05944714766222,"GO"
15.8,1,0.978653246765463,0.906608877723985,1.05642267678761,"GO"
15.8,2,1.00243114608435,0.948522070838534,1.05940413358188,"GO"
15.8,3,1.02252635516525,0.974468761175866,1.07295399161476,"GO"
15.8,4,1.03653946270236,0.982554687913901,1.09349033794793,"GO"
15.8,5,1.04204306414513,0.980166074671718,1.1078262914748,"GO"
15.8,6,1.03674300364109,0.97222090584678,1.10554715408285,"GO"
15.8,7,1.01938974807083,0.95971001520621,1.08278067541957,"GO"
15.8,8,0.991961986626543,0.940881236650343,1.04581592722074,"GO"
15.8,9,0.95727847487324,0.910060354501047,1.00694648868432,"GO"
15.8,10,0.918063939872444,0.862168988731348,0.977582595419405,"GO"
15.8,11,0.876802567643061,0.802841178456812,0.957577617161076,"GO"
15.8,12,0.835656547914479,0.741040523078738,0.942353143079256,"GO"
15.9,0,0.953661561626634,0.860005394181617,1.05751705777335,"GO"
15.9,1,0.978737665129727,0.908024005403681,1.05495825159129,"GO"
15.9,2,1.002403978113,0.9494997111965,1.05825596731416,"GO"
15.9,3,1.02241726325584,0.97525960011211,1.07185518613033,"GO"
15.9,4,1.036398879939,0.983429625369877,1.0922211520065,"GO"
15.9,5,1.04194194406082,0.981226969040426,1.10641375445982,"GO"
15.9,6,1.03676992085008,0.973450679796466,1.10420783619383,"GO"
15.9,7,1.01963916494387,0.961058442948581,1.08179063855648,"GO"
15.9,8,0.992505471954735,0.942348077475212,1.04533254261985,"GO"
15.9,9,0.958158013450461,0.911774492126311,1.00690114350353,"GO"
15.9,10,0.919294646991116,0.864366691856741,0.977713111747934,"GO"
15.9,11,0.878377573423854,0.805656180076824,0.957663058477882,"GO"
15.9,12,0.837552815471404,0.744457841447577,0.942289381142174,"GO"
16,0,0.953870232669268,0.861941425498354,1.05560354086295,"GO"
16,1,0.978823186268935,0.909435637774634,1.05350482231167,"GO"
16,2,1.00237680980416,0.950473280316204,1.05711469185003,"GO"
16,3,1.02230713723558,0.976045701817249,1.0707612163006,"GO"
16,4,1.03625635027592,0.984298718569323,1.09095664073197,"GO"
16,5,1.04183815145264,0.982281065581492,1.10500626740648,"GO"
16,6,1.03679372211449,0.974673379003671,1.10287327567604,"GO"
16,7,1.01988542139021,0.962400349870242,1.08080412990761,"GO"
16,8,0.993046211142367,0.943809622365206,1.04485137054751,"GO"
16,9,0.959035698819867,0.913485078042676,1.00685768571246,"GO"
16,10,0.92052485251988,0.866563255767167,0.977846681667313,"GO"
16,11,0.879953823680527,0.808473604466209,0.957753880315265,"GO"
16,12,0.839452365708956,0.747882505303655,0.942233932866566,"GO"
16.1,0,0.954081327553946,0.863874682880891,1.05370743885153,"GO"
16.1,1,0.978909908117109,0.910843400974083,1.05206296404525,"GO"
16.1,2,1.00234964106218,0.951442433799309,1.05598065342271,"GO"
16.1,3,1.02219588424727,0.976826677335766,1.06967228681952,"GO"
16.1,4,1.03611169932643,0.985161465029236,1.08969695992853,"GO"
16.1,5,1.04173144807858,0.983327748153235,1.10360397329782,"GO"
16.1,6,1.0368141294389,0.975888327458614,1.10154359751756,"GO"
16.1,7,1.02012822790581,0.963735073957411,1.07982123873208,"GO"
16.1,8,0.993583927937633,0.945265273626389,1.04437246284175,"GO"
16.1,9,0.959911287000008,0.915191573765789,1.00681617414653,"GO"
16.1,10,0.921754358029662,0.86875813907027,0.977983466671098,"GO"
16.1,11,0.881531173470445,0.811292856377707,0.957850428105326,"GO"
16.1,12,0.841355110305612,0.751313856708285,0.94218736326624,"GO"
16.2,0,0.954295042527344,0.86580472485636,1.05182958933765,"GO"
16.2,1,0.978997928647063,0.912246918158736,1.05063324985491,"GO"
16.2,2,1.00232247179146,0.952406825445699,1.05485419740456,"GO"
16.2,3,1.0220834114778,0.97760213617341,1.06858860201263,"GO"
16.2,4,1.03596475281398,0.986017360144341,1.0884422652719,"GO"
16.2,5,1.04162159581768,0.984366397573094,1.10220701514062,"GO"
16.2,6,1.03683086483762,0.977094845382744,1.10021892691372,"GO"
16.2,7,1.02036729474635,0.965061949214065,1.07884205468456,"GO"
16.2,8,0.994118345526978,0.946714429703761,1.04389587177047,"GO"
16.2,9,0.960784533154656,0.916893436675049,1.00677666806809,"GO"
16.2,10,0.922982964062436,0.870950794662574,0.978123628992755,"GO"
16.2,11,0.883109476824614,0.814113331856841,0.957953048476282,"GO"
16.2,12,0.843260960108355,0.754751224942776,0.942150238837674,"GO"
16.3,0,0.954511574031061,0.8677311051893,1.04997082565168,"GO"
16.3,1,0.979087345871651,0.913645809580137,1.04921625075534,"GO"
16.3,2,1.00229530189638,0.953366107328641,1.05373566826123,"GO"
16.3,3,1.02196962615923,0.978371686365456,1.06751036579151,"GO"
16.3,4,1.03581533657594,0.986865897255869,1.08719271227158,"GO"
16.3,5,1.04150835667696,0.985396391697641,1.10081553592777,"GO"
16.3,6,1.03684365034412,0.978292249318682,1.09889938922404,"GO"
16.3,7,1.02060233193743,0.966380305753777,1.07786666776456,"GO"
16.3,8,0.99464918654382,0.948156485267844,1.04342164997459,"GO"
16.3,9,0.961655191598405,0.918590120081415,1.0067392271171,"GO"
16.3,10,0.924210470132964,0.873140669762819,0.978267331580627,"GO"
16.3,11,0.884688586746046,0.816934418234648,0.958062089255626,"GO"
16.3,12,0.84516982512923,0.758193926443223,0.942123127601264,"GO"
16.4,0,0.954731118707197,0.869653372969163,1.04813197689997,"GO"
16.4,1,0.979178257845113,0.915039692674655,1.04781253568799,"GO"
16.4,2,1.00226813128133,0.954319929881894,1.05262540949605,"GO"
16.4,3,1.02185443556994,0.979134934554792,1.0664377816003,"GO"
16.4,4,1.0356632765676,0.987706567730178,1.08594845622586,"GO"
16.4,5,1.04139149279892,0.986417105514151,1.0994296785929,"GO"
16.4,6,1.03685220802127,0.979479852233313,1.09758510992067,"GO"
16.4,7,1.0208330492855,0.967689469905162,1.07689516825648,"GO"
16.4,8,0.995176173078055,0.949590831314276,1.04294985040194,"GO"
16.4,9,0.962523015802893,0.920281073306441,1.00670391125364,"GO"
16.4,10,0.925436674730969,0.875327205954769,0.978414738066954,"GO"
16.4,11,0.886268355208363,0.819755494130202,0.958177899468863,"GO"
16.4,12,0.847081614542,0.761641264746827,0.942106599139684,"GO"
16.5,0,0.954953873404324,0.871571072718009,1.04631386799705,"GO"
16.5,1,0.979270762664521,0.916428182170135,1.04642267148384,"GO"
16.5,2,1.00224095985072,0.95526794200032,1.05152376358314,"GO"
16.5,3,1.02173774703587,0.979891486081033,1.06537105235304,"GO"
16.5,4,1.03550839886645,0.98853886104833,1.08470965216868,"GO"
16.5,5,1.04127076646958,0.987427911244949,1.09804958595624,"GO"
16.5,6,1.0368562599723,0.980656963635402,1.09627621452699,"GO"
16.5,7,1.02105915638972,0.968988764332368,1.07592764665916,"GO"
16.5,8,0.995699026686324,0.951016855277779,1.04248052623054,"GO"
16.5,9,0.963387758403652,0.921965741773731,1.00667078069132,"GO"
16.5,10,0.926661375323752,0.877509839240527,0.978566012729958,"GO"
16.5,11,0.887848633154653,0.822575929464075,0.958300829332756,"GO"
16.5,12,0.848996236678895,0.765092530451156,0.942101224632125,"GO"
16.6,0,0.955180035183869,0.873483744521287,1.04451731968279,"GO"
16.6,1,0.979364958471321,0.917810890211492,1.04504722281135,"GO"
16.6,2,1.00221378750897,0.956209791155737,1.05043107188754,"GO"
16.6,3,1.02161946793182,0.980640945082001,1.0643103803605,"GO"
16.6,4,1.03535052967683,0.989362264907908,1.08347645480684,"GO"
16.6,5,1.04114594012701,0.988428178465972,1.09667540066016,"GO"
16.6,6,1.03685552835252,0.981822889709299,1.09497282854496,"GO"
16.6,7,1.02128036265458,0.970277508172226,1.07496419360339,"GO"
16.6,8,0.996217468403069,0.952433941162043,1.04201373077964,"GO"
16.6,9,0.964249171207602,0.923643567114156,1.00663989581993,"GO"
16.6,10,0.927884368359241,0.879688000105552,0.978721320447842,"GO"
16.6,11,0.889429270496574,0.825395085484027,0.958431230241893,"GO"
16.6,12,0.850913599027459,0.768547001187962,0.942107576882969,"GO"
16.7,0,0.955409801326902,0.875390924184973,1.04274314852119,"GO"
16.7,1,0.979460943452974,0.919187426507837,1.04368675210725,"GO"
16.7,2,1.00218661416051,0.957145123529958,1.04934767457034,"GO"
16.7,3,1.0214995056829,0.98138291460906,1.06325596724504,"GO"
16.7,4,1.03518949533478,0.990176265338488,1.08224901844639,"GO"
16.7,5,1.04101677637047,0.989417274241125,1.09530726509294,"GO"
16.7,6,1.0368497353817,0.982976933466501,1.09367507736918,"GO"
16.7,7,1.02149637730334,0.971555017189854,1.07400489975541,"GO"
16.7,8,0.996731218752358,0.953841469687269,1.041549517407,"GO"
16.7,9,0.965107005201164,0.925313987286346,1.00661131711621,"GO"
16.7,10,0.929105449269487,0.881861113596729,0.978880826643422,"GO"
16.7,11,0.891010116113708,0.828212314804414,0.958569454747176,"GO"
16.7,12,0.852833608227501,0.772003941613404,0.942126230343215,"GO"
16.8,0,0.955643369341331,0.877292143422796,1.04099216687721,"GO"
16.8,1,0.9795588158447,0.920557398504061,1.04234181948714,"GO"
16.8,2,1.00215943970977,0.958073584167221,1.0482739104767,"GO"
16.8,3,1.02137776776597,0.982116996758018,1.06220801384178,"GO"
16.8,4,1.03502512231327,0.990980346832393,1.08102749690634,"GO"
16.8,5,1.04088303797002,0.990394563274238,1.09394532129889,"GO"
16.8,6,1.03683860335733,0.984118394917052,1.09238308618608,"GO"
16.8,7,1.02170690939238,0.972820603954777,1.0730498557046,"GO"
16.8,8,0.997239997760497,0.955238818457276,1.04108793939035,"GO"
16.8,9,0.965961010559029,0.926976436714142,1.00658510504077,"GO"
16.8,10,0.930324412474612,0.884028599415,0.979044697217911,"GO"
16.8,11,0.892591017853168,0.831026961460994,0.958715856524651,"GO"
16.8,12,0.854756170068146,0.775462603416786,0.942157761122732,"GO"
16.9,0,0.955880936969509,0.879186930077728,1.03926518286723,"GO"
16.9,1,0.979658673931313,0.921920411580145,1.04101298263253,"GO"
16.9,2,1.00213226406121,0.958994817148434,1.04721011700421,"GO"
16.9,3,1.02125416171122,0.982842792817453,1.06116672008419,"GO"
16.9,4,1.03485723722761,0.991773992492548,1.07981204341816,"GO"
16.9,5,1.04074448787678,0.991359408080671,1.09258971087281,"GO"
16.9,6,1.03682185466852,0.985246571263028,1.0910969798557,"GO"
16.9,7,1.02191166782624,0.974073578039842,1.07209915183296,"GO"
16.9,8,0.997743524969426,0.956625362148376,1.04062904979098,"GO"
16.9,9,0.966810936653559,0.928630346442897,1.00656131991957,"GO"
16.9,10,0.931541051387208,0.886189872024295,0.979213098472192,"GO"
16.9,11,0.894171822529471,0.833838360983065,0.958870790332846,"GO"
16.9,12,0.856681189484984,0.778922225350217,0.942202746991115,"GO"
17,0,0.956122702196243,0.881074808382501,1.03756300027838,"GO"
17,1,0.97976061604916,0.923276069281898,1.03970079665082,"GO"
17,2,1.00210508711928,0.95990846579,1.04615662994895,"GO"
17,3,1.02112859510385,0.98355990343659,1.06013228487205,"GO"
17,4,1.03468566684128,0.992556684199473,1.07860281050874,"GO"
17,5,1.04060088923358,0.992311169180843,1.09124057483663,"GO"
17,6,1.03679921181067,0.986360757116638,1.08981688277376,"GO"
17,7,1.02211036137362,0.975313246245513,1.07115287816395,"GO"
17,8,0.998241519450891,0.958000472722393,1.04017290129708,"GO"
17,9,0.967656532064842,0.930275144316744,1.00654002180772,"GO"
17,10,0.932755158417184,0.888344340778692,0.979386197013679,"GO"
17,11,0.895752375924665,0.836645840485117,0.959034611956522,"GO"
17,12,0.858608570557337,0.782382033281942,0.942261767364549,"GO"
17.1,0,0.956368863257227,0.88295529926449,1.03588641845156,"GO"
17.1,1,0.979864740588157,0.92462397358725,1.03840581390387,"GO"
17.1,2,1.00207790878845,0.960814172870237,1.04511378332618,"GO"
17.1,3,1.0210009755858,0.984267928815077,1.05910490591938,"GO"
17.1,4,1.03451023807195,0.993327902799726,1.07739994986475,"GO"
17.1,5,1.04045200538626,0.993249205318299,1.08989805349543,"GO"
17.1,6,1.03677039740086,0.987460244745792,1.08854291871108,"GO"
17.1,7,1.02230269868411,0.976538912852424,1.07021112418768,"GO"
17.1,8,0.998733699821419,0.959363519666566,1.03971954604409,"GO"
17.1,9,0.968497544591394,0.931910255179173,1.00652127033329,"GO"
17.1,10,0.933966524977083,0.89049141007001,0.979564159646627,"GO"
17.1,11,0.89733252278872,0.839448718780502,0.959207678134432,"GO"
17.1,12,0.860538216505618,0.785841240276505,0.942335403275741,"GO"
17.2,0,0.95661961864787,0.884827920700978,1.03423623212186,"GO"
17.2,1,0.979971145993922,0.925963725212741,1.03712858380063,"GO"
17.2,2,1.0020507289732,0.961711580886818,1.04408190916222,"GO"
17.2,3,1.02087121085755,0.984966468917274,1.05808477957972,"GO"
17.2,4,1.03433077799781,0.994087128318364,1.07620361217567,"GO"
17.2,5,1.0402975998955,0.994172873705206,1.08856228627019,"GO"
17.2,6,1.03673513419406,0.98854432435033,1.08727521062725,"GO"
17.2,7,1.02248838830579,0.977749879905434,1.06927397865934,"GO"
17.2,8,0.999219784258067,0.960713870263307,1.03926903540915,"GO"
17.2,9,0.969333721261511,0.933535101099562,1.00650512451859,"GO"
17.2,10,0.935174941487855,0.892630479498315,0.979747153243452,"GO"
17.2,11,0.898912106840192,0.842246306519962,0.959390346468347,"GO"
17.2,12,0.862470029688809,0.789299046705322,0.942424237323484,"GO"
17.3,0,0.95687516713255,0.88669218813157,1.03261323120971,"GO"
17.3,1,0.980079930770015,0.927294923965382,1.03586965254866,"GO"
17.3,2,1.00202354757803,0.962600332348973,1.04306133725379,"GO"
17.3,3,1.02073920868004,0.985655123713982,1.05707210064592,"GO"
17.3,4,1.03414711386425,0.994833840198325,1.07501394695275,"GO"
17.3,5,1.04013743654912,0.995081530298557,1.08723341150385,"GO"
17.3,6,1.03669314509996,0.98961228437251,1.08601388045493,"GO"
17.3,7,1.02266713870369,0.978945447532806,1.06834152936735,"GO"
17.3,8,0.99969949051497,0.962050889893172,1.03882141977631,"GO"
17.3,9,0.970164808345281,0.935149101628569,1.00649164257603,"GO"
17.3,10,0.936380197385094,0.894760944068133,0.979935344594324,"GO"
17.3,11,0.900490970767148,0.845037906358261,0.959582975310198,"GO"
17.3,12,0.864403911602046,0.792754640391783,0.942528853597945,"GO"
17.4,0,0.957135707754275,0.888547614935333,1.03101820055524,"GO"
17.4,1,0.980191193480264,0.92861716914565,1.03462956285872,"GO"
17.4,2,1.00199636450743,0.963480070108636,1.04205239489065,"GO"
17.4,3,1.02060487687667,0.986333493454832,1.05606706212107,"GO"
17.4,4,1.03395907309073,0.995567517569954,1.07383110232052,"GO"
17.4,5,1.03997127937495,0.995974530110771,1.08591156623701,"GO"
17.4,6,1.03664415320064,0.990663411845786,1.08475904885076,"GO"
17.4,7,1.02283865827899,0.980124914304535,1.06741386286697,"GO"
17.4,8,1.00017253594068,0.963373942374747,1.03837674826882,"GO"
17.4,9,0.970990551367257,0.936751674085646,1.00648088167525,"GO"
17.4,10,0.937582081125759,0.896882194413516,0.980128900231918,"GO"
17.4,11,0.902068956228373,0.847822813152595,0.959785923623746,"GO"
17.4,12,0.866339762874313,0.79620719679558,0.942649837577162,"GO"
17.5,0,0.957401439844766,0.890393712981133,1.02945191958723,"GO"
17.5,1,0.980305032751202,0.929930060008036,1.03340885359597,"GO"
17.5,2,1.00196917966592,0.964350437735122,1.04105540653692,"GO"
17.5,3,1.02046812333537,0.987001178974919,1.05506985495716,"GO"
17.5,4,1.03376648327802,0.99628763955428,1.07265522477736,"GO"
17.5,5,1.03979889265426,0.996851227558776,1.08459688594933,"GO"
17.5,6,1.03658788176891,0.991696992786372,1.08351083490844,"GO"
17.5,7,1.02300265538911,0.981287577634328,1.06649106417523,"GO"
17.5,8,1.00063863749629,0.964682390345541,1.03793506844443,"GO"
17.5,9,0.971810695119785,0.938342233882246,1.00647289767809,"GO"
17.5,10,0.938780380195345,0.898993617055505,0.980327986227852,"GO"
17.5,11,0.903645903854844,0.850600314196981,0.959999550816692,"GO"
17.5,12,0.868277483266253,0.799655879241603,0.942787775989574,"GO"
17.6,0,0.957672563034946,0.892229993260603,1.02791516191728,"GO"
17.6,1,0.980421547274599,0.931233196286239,1.03220805937084,"GO"
17.6,2,1.00194199295801,0.965211079938412,1.04007069346607,"GO"
17.6,3,1.02032885601073,0.987657782039613,1.05408066775745,"GO"
17.6,4,1.03356917221566,0.99699368560407,1.07148645892106,"GO"
17.6,5,1.03962004093569,0.997710976856187,1.08328950426183,"GO"
17.6,6,1.03652405428739,0.992712312632635,1.08226935582894,"GO"
17.6,7,1.02315883836862,0.982432734230231,1.06557321642185,"GO"
17.6,8,1.00109751177438,0.965975595688403,1.03749642594918,"GO"
17.6,9,0.972624983677,0.939920194884727,1.00646774483732,"GO"
17.6,10,0.939974881115553,0.901094594695964,0.98053276795686,"GO"
17.6,11,0.905221653251492,0.85336968949737,0.960224216538557,"GO"
17.6,12,0.870216971668092,0.80309983919952,0.942943256636675,"GO"
17.7,0,0.957949277265856,0.894055966614266,1.02640869484863,"GO"
17.7,1,0.980540835810092,0.932526178790859,1.03102771006151,"GO"
17.7,2,1.00191480428825,0.966061643046569,1.0390985733439,"GO"
17.7,3,1.02018698292625,0.988302905731888,1.05309968643815,"GO"
17.7,4,1.03336696788978,0.997685135887111,1.07032494713496,"GO"
17.7,5,1.03943448904972,0.998553132453694,1.08198955259515,"GO"
17.7,6,1.0364523944684,0.99370865673789,1.08103472654223,"GO"
17.7,7,1.02330691555096,0.983559680599423,1.06466040045098,"GO"
17.7,8,1.0015488750187,0.967252920008439,1.03706086412485,"GO"
17.7,9,0.973433160409495,0.941484969821296,1.00646547545488,"GO"
17.7,10,0.941165369452429,0.903184506552239,0.980743409824307,"GO"
17.7,11,0.906796042999231,0.856130212092882,0.960460280439039,"GO"
17.7,12,0.872158126097684,0.806538216621004,0.943116868169014,"GO"
17.8,0,0.958231782799987,0.895871144562406,1.02493327878815,"GO"
17.8,1,0.980662997187914,0.933808610088193,1.02986833025962,"GO"
17.8,2,1.00188761356116,0.966901775543336,1.0381393597537,"GO"
17.8,3,1.02004241217668,0.98893615488691,1.05212709384481,"GO"
17.8,4,1.03315969849112,0.998361471716655,1.06917082922969,"GO"
17.8,5,1.03924200212365,0.999377049533358,1.08069715977796,"GO"
17.8,6,1.03637262627446,0.994685310922839,1.07980705927439,"GO"
17.8,7,1.023446595291,0.984667713613292,1.06375269436742,"GO"
17.8,8,1.00199244314476,0.968513725165848,1.03662842356444,"GO"
17.8,9,0.974234967999651,0.943035970737809,1.00646613949487,"GO"
17.8,10,0.942351629824984,0.905262728737632,0.980960074952092,"GO"
17.8,11,0.908368910657292,0.858881148429279,0.960708101880826,"GO"
17.8,12,0.874100843698667,0.809970140342518,0.943309199807811,"GO"
17.9,0,0.958520280233033,0.89767504025352,1.02348966654853,"GO"
17.9,1,0.980788130311733,0.935080095269571,1.0287304386295,"GO"
17.9,2,1.00186042068131,0.96773112867248,1.03719336165678,"GO"
17.9,3,1.01989505193041,0.98955713657906,1.05116306931817,"GO"
17.9,4,1.03294719242343,0.999022176034477,1.06802424203506,"GO"
17.9,5,1.03904234559715,1.0001820845631,1.07941245159938,"GO"
17.9,6,1.03628447393961,0.995641562094483,1.07858646305324,"GO"
17.9,7,1.02357758598841,0.98575613113948,1.06285017302074,"GO"
17.9,8,1.00242793176105,0.969757373870624,1.03619914161003,"GO"
17.9,9,0.975030148457645,0.944572609507678,1.00646978414592,"GO"
17.9,10,0.94353344591431,0.907328634693235,0.981182924817449,"GO"
17.9,11,0.909940092765826,0.86162175879156,0.960968039600058,"GO"
17.9,12,0.876045020738749,0.813394728562664,0.943520841003373,"GO"
18,0,0.958814970506066,0.899467169544424,1.02207860252663,"GO"
18,1,0.980916334161573,0.936340242821509,1.02761454717097,"GO"
18,2,1.00183322555325,0.968549357115933,1.03626088278152,"GO"
18,3,1.01974481043194,0.99016546066699,1.0502077882038,"GO"
18,4,1.03272927831204,0.999666733952528,1.06688531893625,"GO"
18,5,1.03883528523829,1.00096759591839,1.07813555029817,"GO"
18,6,1.03618766199141,0.996576698939114,1.0773730431448,"GO"
18,7,1.02369959611182,0.986824232748268,1.06195290741997,"GO"
18,8,1.00285505619125,0.970983230345528,1.03577305178635,"GO"
18,9,0.975818443138133,0.946094298401589,1.00647645332742,"GO"
18,10,0.944710600473178,0.909381595677324,0.981412118838471,"GO"
18,11,0.911509424848804,0.864351297803499,0.961240451306734,"GO"
18,12,0.877990552608106,0.816811089404295,0.943752381020299,"GO"
18.1,0,0.959116054918134,0.901247052227369,1.02070082174277,"GO"
18.1,1,0.981047707796853,0.937588665607774,1.02652116037427,"GO"
18.1,2,1.00180602808156,0.969356119753339,1.03534222093314,"GO"
18.1,3,1.01959159600447,0.990760740402764,1.0492614212997,"GO"
18.1,4,1.03250578501282,1.00029463335972,1.0657541893475,"GO"
18.1,5,1.03862058716009,1.00173294457868,1.07686657398143,"GO"
18.1,6,1.03608191527372,0.997490012697654,1.07616690041249,"GO"
18.1,7,1.02381233422391,0.987871320501264,1.06106096407085,"GO"
18.1,8,1.00327353149708,0.972190661064275,1.03535018316339,"GO"
18.1,9,0.976599592757607,0.947600450723209,1.00648618713343,"GO"
18.1,10,0.945882875336134,0.911420981319155,0.981647813899572,"GO"
18.1,11,0.913076741417214,0.867069015002863,0.961525693216386,"GO"
18.1,12,0.879937333817913,0.820218321572963,0.944004408438102,"GO"
18.2,0,0.959423735139287,0.90301421342083,1.01935704872416,"GO"
18.2,1,0.981182350359515,0.938824981975302,1.02545077425555,"GO"
18.2,2,1.00177882817083,0.97015108051102,1.03443766721644,"GO"
18.2,3,1.01943531705254,0.991342593111555,1.04832413423506,"GO"
18.2,4,1.03227654162136,1.00090536560095,1.06463097811646,"GO"
18.2,5,1.03839801783768,1.00247749490708,1.0756056359641,"GO"
18.2,6,1.0359669589701,0.998380798032409,1.0749681305899,"GO"
18.2,7,1.0239155090072,0.988896699831077,1.06017440422703,"GO"
18.2,8,1.00368307250205,0.973379035572332,1.03493055964046,"GO"
18.2,9,0.977373337412436,0.949090481517539,1.00649902120747,"GO"
18.2,10,0.947050051430087,0.913446160244744,0.981890163809346,"GO"
18.2,11,0.914641875972547,0.869774155502176,0.96182411950327,"GO"
18.2,12,0.881885257998995,0.823615515124736,0.944277510554385,"GO"
18.3,0,0.959738213224029,0.904768185141943,1.01804799621457,"GO"
18.3,1,0.98132036107726,0.940048816996691,1.0244038752598,"GO"
18.3,2,1.00175162572565,0.970933909308868,1.03354750516263,"GO"
18.3,3,1.01927588206475,0.991910640948769,1.04739608677364,"GO"
18.3,4,1.03204137748246,1.00149842623613,1.06351580485136,"GO"
18.3,5,1.03816734412585,1.00320061552228,1.07435284402034,"GO"
18.3,6,1.03584251862806,0.999248353995056,1.07377682345727,"GO"
18.3,7,1.02400882929071,0.989899680521261,1.05929328304578,"GO"
18.3,8,1.00408339381596,0.974547727398222,1.03451419914399,"GO"
18.3,9,0.978139416597587,0.950563808359014,1.00651498604133,"GO"
18.3,10,0.948211908785402,0.915456500782955,0.98213931868252,"GO"
18.3,11,0.916204661010589,0.872465960746031,0.962136081664144,"GO"
18.3,12,0.883834217900602,0.827001752358096,0.944572272676058,"GO"
18.4,0,0.960059691625196,0.906508508079759,1.01677436369121,"GO"
18.4,1,0.981461839266875,0.941259803862666,1.02338093901826,"GO"
18.4,2,1.00172442065062,0.971704283113976,1.03267200975187,"GO"
18.4,3,1.01911319961661,0.992464511741838,1.04647743203433,"GO"
18.4,4,1.03180012219984,1.00207331588729,1.06240878316268,"GO"
18.4,5,1.03792833327721,1.00390168027253,1.07310829953701,"GO"
18.4,6,1.03570832018391,1.00009198510643,1.07259306191123,"GO"
18.4,7,1.02409200407744,0.990879577796471,1.0584176486386,"GO"
18.4,8,1.00447420986019,0.9756961150636,1.03410111273066,"GO"
18.4,9,0.978897569226023,0.952019852226862,1.00653410619033,"GO"
18.4,10,0.949368226547487,0.917451371761008,0.982395424236944,"GO"
18.4,11,0.917764928025507,0.875143669377234,0.962461927780443,"GO"
18.4,12,0.885784105389327,0.830376108846433,0.944889277282271,"GO"
18.5,0,0.960388373208273,0.908234733589607,1.0155368356683,"GO"
18.5,1,0.981606884337674,0.942457585438528,1.02238242894588,"GO"
18.5,2,1.00169721285035,0.972461887110056,1.03181144632212,"GO"
18.5,3,1.0189471783734,0.993003839924187,1.04556831562139,"GO"
18.5,4,1.03155260564623,1.00262954118285,1.06131001981068,"GO"
18.5,5,1.03768075296081,1.00458006932223,1.07187209655852,"GO"
18.5,6,1.03556408998842,1.00091100255942,1.07141692091639,"GO"
18.5,7,1.02416474257264,0.991835713533291,1.05754754100582,"GO"
18.5,8,1.00485523489386,0.976823583200708,1.03369130358733,"GO"
18.5,9,0.9796475336488,0.953458038475611,1.00655639939704,"GO"
18.5,10,0.950518782988897,0.919430143399324,0.982658620995738,"GO"
18.5,11,0.919322507514242,0.877806518225414,0.962802001665297,"GO"
18.5,12,0.887734811448137,0.833737654629582,0.9452291030408,"GO"
18.6,0,0.960724461266134,0.909946425929781,1.01433607976645,"GO"
18.6,1,0.981755595795029,0.943641815998943,1.02140879466487,"GO"
18.6,2,1.00167000222949,0.97320641599181,1.03096606935528,"GO"
18.6,3,1.01877772709315,0.993528267569112,1.04466887465673,"GO"
18.6,4,1.03129865797367,1.00316661580803,1.06021961374942,"GO"
18.6,5,1.03742437128135,1.00523517036232,1.07064432071213,"GO"
18.6,6,1.03540955483311,1.00170472555689,1.07024846632692,"GO"
18.6,7,1.02422675421293,0.992767417602695,1.05668299084468,"GO"
18.6,8,1.00522618304071,0.977929523786047,1.03328476591904,"GO"
18.6,9,0.980389047675835,0.954877797908907,1.00658187561548,"GO"
18.6,10,0.951663355521932,0.921392188316418,0.982929043383908,"GO"
18.6,11,0.920877228981216,0.880453743433162,0.963156641880414,"GO"
18.6,12,0.88968622617555,0.837085455584981,0.94559232365749,"GO"
18.7,0,0.961068159534227,0.911643164762378,1.01317274452582,"GO"
18.7,1,0.981908073244009,0.944812163155602,1.0204604702395,"GO"
18.7,2,1.00164278869265,0.973937575393267,1.03013612113165,"GO"
18.7,3,1.01860475462971,0.994037445531341,1.04377923670637,"GO"
18.7,4,1.03103810962406,1.00368406167121,1.05913765505762,"GO"
18.7,5,1.03715895679878,1.00586637995616,1.06942504800171,"GO"
18.7,6,1.03524444197727,1.00247248279708,1.06908775356557,"GO"
18.7,7,1.0242777486962,0.993674029355398,1.05582401821928,"GO"
18.7,8,1.0055867683168,0.979013337499138,1.03288148371596,"GO"
18.7,9,0.981121848597377,0.956278567964979,1.00661053592742,"GO"
18.7,10,0.952801720711757,0.92333688265531,0.983206818707996,"GO"
18.7,11,0.92242892094334,0.883084581736246,0.963526180606366,"GO"
18.7,12,0.891638238784936,0.840418575001258,0.945979506536147,"GO"
18.8,0,0.961419672206188,0.913324547940391,1.01204745694121,"GO"
18.8,1,0.982064416393118,0.945968309992065,1.01953787220805,"GO"
18.8,2,1.00161557214449,0.974655083458774,1.02932183024392,"GO"
18.8,3,1.0184281699359,0.994531034703949,1.04289951859345,"GO"
18.8,4,1.03077079134006,1.0041814101961,1.05806422374652,"GO"
18.8,5,1.03688427854851,1.00647310503308,1.06821434345802,"GO"
18.8,6,1.03506847917576,1.00321361411948,1.06793482614724,"GO"
18.8,7,1.0243174360123,0.994554899261484,1.05497063108123,"GO"
18.8,8,1.00593670465905,0.980074435215127,1.0324814293908,"GO"
18.8,9,0.981845673206153,0.957659794022081,1.00664237134238,"GO"
18.8,10,0.953933654290034,0.925263607343654,0.983492066006609,"GO"
18.8,11,0.923977410935336,0.885698271915976,0.963910942348274,"GO"
18.8,12,0.893590737603964,0.843736075379342,0.946391211223949,"GO"
18.9,0,0.961779203949898,0.91499019460287,1.01096081969707,"GO"
18.9,1,0.982224725058135,0.94710995741951,1.01864139739817,"GO"
18.9,2,1.00158835248966,0.975358672564617,1.02852340996279,"GO"
18.9,3,1.0182478820667,0.995008707397995,1.04202982509037,"GO"
18.9,4,1.03049653417624,1.00465820374968,1.05699938843463,"GO"
18.9,5,1.03660010606211,1.00705476454194,1.0670122596329,"GO"
18.9,6,1.0348813947074,1.00392747232393,1.06678971403421,"GO"
18.9,7,1.02434552647457,0.995409390715593,1.05412282362953,"GO"
18.9,8,1.00627570595449,0.981112239639598,1.03208456227819,"GO"
18.9,9,0.982560257820219,0.959020930832076,1.00667736147333,"GO"
18.9,10,0.955058931169061,0.927171749500355,0.983784894759069,"GO"
18.9,11,0.925522525515379,0.888294056443265,0.964311242457441,"GO"
18.9,12,0.895543610074182,0.847037020488623,0.946827987615058,"GO"
19,0,0.962146959923985,0.916639748599049,1.00991340808186,"GO"
19,1,0.982389099166058,0.948236826765945,1.01777142051298,"GO"
19,2,1.00156112963283,0.976048091198232,1.02774105644724,"GO"
19,3,1.01806380018257,0.995470148851615,1.04117024748341,"GO"
19,4,1.03021516951043,1.00511399721564,1.05594320487978,"GO"
19,5,1.03630620938843,1.00761079127709,1.06581883492521,"GO"
19,6,1.0346829174041,1.00461342517601,1.06565243181006,"GO"
19,7,1.02436173075217,0.996236882018452,1.05328057449909,"GO"
19,8,1.00660348607042,0.982126187093226,1.03169082698835,"GO"
19,9,0.983265338306493,0.960361444089861,1.00671547308028,"GO"
19,10,0.956177325456441,0.929060704001926,0.984085403438974,"GO"
19,11,0.927064090271055,0.890871183335379,0.964727385447991,"GO"
19,12,0.89749674275073,0.850320477707989,0.947290373882763,"GO"
19.1,0,0.962523145794763,0.918272882260598,1.00890576656246,"GO"
19.1,1,0.982557638759149,0.949348662609684,1.01692829147733,"GO"
19.1,2,1.00153390347868,0.976723106000435,1.02697494679397,"GO"
19.1,3,1.01787583355282,0.995915058874425,1.04032086200384,"GO"
19.1,4,1.02992652905548,1.00554835972277,1.05489571435899,"GO"
19.1,5,1.03600235911535,1.00814063388868,1.06463409172642,"GO"
19.1,6,1.0344727766807,1.00527085761089,1.06452297665999,"GO"
19.1,7,1.02436575990314,0.997036768544713,1.05244384476767,"GO"
19.1,8,1.00691975888524,0.983115729452852,1.03130015160859,"GO"
19.1,9,0.983960650104983,0.961680812145601,1.00675665847478,"GO"
19.1,10,0.957288610470269,0.930929875222013,0.984393677899262,"GO"
19.1,11,0.928601929825636,0.893428908247642,0.965159663086346,"GO"
19.1,12,0.89945002130221,0.85358552068385,0.947778894108241,"GO"
19.2,0,0.962907967753625,0.919889300538373,1.0079384050024,"GO"
19.2,1,0.982730443999081,0.950445235865318,1.01611233253578,"GO"
19.2,2,1.00150667393189,0.97738350397408,1.02622523692268,"GO"
19.2,3,1.01768389155907,0.996343153631745,1.03948172812116,"GO"
19.2,4,1.02963044487113,1.00596087653658,1.05385694188772,"GO"
19.2,5,1.03568832639191,1.00864375908843,1.06345803437468,"GO"
19.2,6,1.03425070256551,1.00589917414686,1.06340132614632,"GO"
19.2,7,1.02435732540836,0.997808465105627,1.05161257577293,"GO"
19.2,8,1.00722423832017,0.984080336253979,1.03091244574753,"GO"
19.2,9,0.98464592825371,0.962978527865576,1.00680085377973,"GO"
19.2,10,0.958392558754835,0.932778678957475,0.984709789575405,"GO"
19.2,11,0.930135867844687,0.8959664968234,0.96560835223029,"GO"
19.2,12,0.901403330510682,0.85683123233927,0.948294055571986,"GO"
19.3,0,0.963301632534883,0.921488745516114,1.00701179451154,"GO"
19.3,1,0.982907615171191,0.951526347127017,1.01532383509771,"GO"
19.3,2,1.00147944089717,0.978029094859944,1.02549205929639,"GO"
19.3,3,1.01748788369881,0.996754167571405,1.03865288669558,"GO"
19.3,4,1.02932674937632,1.00635115112141,1.05282689427141,"GO"
19.3,5,1.03536388295097,1.00911965406064,1.06229064690766,"GO"
19.3,6,1.03401642573145,1.0064978015182,1.06228743576954,"GO"
19.3,7,1.02433613920619,0.998551408513156,1.05078668673273,"GO"
19.3,8,1.00751663837169,0.985019496957633,1.03052759841914,"GO"
19.3,9,0.985320907414324,0.964254100645912,1.00684797703992,"GO"
19.3,10,0.959488942096863,0.934606544553923,0.985033793493879,"GO"
19.3,11,0.931665727042986,0.898483227326226,0.966073712393718,"GO"
19.3,12,0.903356554271814,0.860056708269979,0.948836345672312,"GO"
19.4,0,0.963704347434055,0.923071001308144,1.00612636292023,"GO"
19.4,1,0.983089252688832,0.952591830269552,1.01456305632897,"GO"
19.4,2,1.00145220427922,0.978659713677331,1.0247755204792,"GO"
19.4,3,1.01728771958901,0.997147855493588,1.03783435798932,"GO"
19.4,4,1.02901527536159,1.00671880737817,1.0518055579841,"GO"
19.4,5,1.03502880113241,1.00956782908628,1.06113189060627,"GO"
19.4,6,1.03376967752798,1.00706619153455,1.06118123630768,"GO"
19.4,7,1.02430191372799,0.999265060349378,1.04996607216506,"GO"
19.4,8,1.00779667314482,0.985932723381846,1.0301454757663,"GO"
19.4,9,0.985985321898415,0.965507058581328,1.00689792618148,"GO"
19.4,10,0.960577531542272,0.936412917242635,0.985365726073982,"GO"
19.4,11,0.933191329191788,0.900978393578526,0.966555983012967,"GO"
19.4,12,0.905309575595182,0.863261060564088,0.949406228434281,"GO"
19.5,0,0.964116320326618,0.924635899341233,1.00528248987778,"GO"
19.5,1,0.983275457097836,0.953641556301878,1.01383021549546,"GO"
19.5,2,1.00142496398277,0.979275223422926,1.0240756985381,"GO"
19.5,3,1.0170833089698,0.997523994761338,1.03702613953908,"GO"
19.5,4,1.02869585600188,1.00706349206046,1.0507928968712,"GO"
19.5,5,1.03468285390672,1.00998782038504,1.0599817013243,"GO"
19.5,6,1.03351019001361,1.00760382417073,1.06008263092993,"GO"
19.5,7,1.02425436193433,0.999948909941576,1.0491505991069,"GO"
19.5,8,1.00806405688716,0.986819552294681,1.02976591862698,"GO"
19.5,9,0.986638905694514,0.966736950788397,1.0069505768205,"GO"
19.5,10,0.961658097413466,0.938197260699199,0.985705602712678,"GO"
19.5,11,0.934712495126406,0.903451308230192,0.967055380391151,"GO"
19.5,12,0.907262276604706,0.866443422082604,0.950004140572124,"GO"
19.6,0,0.964537759687209,0.92618332401206,1.00448050158405,"GO"
19.6,1,0.98346632908107,0.95467543746144,1.01312549007029,"GO"
19.6,2,1.00139771991254,0.979875517916655,1.02339264029997,"GO"
19.6,3,1.01687456170827,0.997882387645834,1.03622820389568,"GO"
19.6,4,1.02836832486956,1.00738487736859,1.04978884967724,"GO"
19.6,5,1.03432581489917,1.01037919317675,1.05883998660262,"GO"
19.6,6,1.03323769598914,1.00811021088683,1.05899149208479,"GO"
19.6,7,1.02419319735203,1.00060247753896,1.04834010413625,"GO"
19.6,8,1.0083185040237,0.987679548161645,1.02938873995009,"GO"
19.6,9,0.987281392495793,0.967943349879501,1.0070057799248,"GO"
19.6,10,0.962730409327162,0.939959059831928,0.986053415144456,"GO"
19.6,11,0.936229044754133,0.905901306379569,0.96757209429829,"GO"
19.6,12,0.909214538539249,0.869602951237,0.950630487069081,"GO"
19.7,0,0.964968874609291,0.927713218701218,1.00372066517316,"GO"
19.7,1,0.983661969463106,0.955693431529368,1.01244901162461,"GO"
19.7,2,1.00137047197327,0.980460524777855,1.02272635848053,"GO"
19.7,3,1.01666138780231,0.998222863796453,1.03544049624062,"GO"
19.7,4,1.02803251594765,1.00768266371666,1.04879332740295,"GO"
19.7,5,1.03395745841436,1.01074154495862,1.05770662257131,"GO"
19.7,6,1.03295192903155,1.00858489817301,1.05790765816819,"GO"
19.7,7,1.02411813411198,1.00122531768163,1.04753439020657,"GO"
19.7,8,1.00855972919244,0.988512306035531,1.02901372207314,"GO"
19.7,9,0.987912515728458,0.96912585457965,1.00706335933659,"GO"
19.7,10,0.963794236212743,0.941697823804848,0.986409128571379,"GO"
19.7,11,0.937740797062502,0.908327749566482,0.968106284207554,"GO"
19.7,12,0.911166241753359,0.872738837297803,0.95128563624085,"GO"
19.8,0,0.965409874825286,0.929225592112197,1.00300318278109,"GO"
19.8,1,0.983862479214996,0.956695546337611,1.0118008615308,"GO"
19.8,2,1.00134322006971,0.981030208508855,1.0220768287081,"GO"
19.8,3,1.0164436973846,0.998545282820792,1.03466293189459,"GO"
19.8,4,1.02768826364344,1.00795658266339,1.0478062105014,"GO"
19.8,5,1.03357755946135,1.01107450898937,1.05658145064886,"GO"
19.8,6,1.03265262352851,1.00902747130703,1.0568309299835,"GO"
19.8,7,1.02402888698765,1.00181702274588,1.04673322330955,"GO"
19.8,8,1.00878744728074,0.989317454571145,1.02864061387893,"GO"
19.8,9,0.988532008580832,0.970284092473672,1.00712310916853,"GO"
19.8,10,0.964849346331151,0.943413089295926,0.986772678562697,"GO"
19.8,11,0.939247570127875,0.910730030153206,0.968658075151769,"GO"
19.8,12,0.913117265718167,0.875850306264111,0.9519699142529,"GO"
19.9,0,0.96586097072717,0.930720524889541,1.00232818534301,"GO"
19.9,1,0.984067959459141,0.9576818444288,1.01118106651762,"GO"
19.9,2,1.00131596410663,0.981584573656264,1.02144398647191,"GO"
19.9,3,1.01622140072652,0.998849536954493,1.03389539373799,"GO"
19.9,4,1.0273354028022,1.00820639999096,1.0468273459286,"GO"
19.9,5,1.03318589377913,1.01137775796389,1.05546427405446,"GO"
19.9,6,1.03233951471356,1.00943755830498,1.05576106701297,"GO"
19.9,7,1.02392517143446,1.0023772266427,1.04593632898924,"GO"
19.9,8,1.00900137346252,0.990094659141146,1.02826912785529,"GO"
19.9,9,0.989139604033136,0.971417722865879,1.00718479109107,"GO"
19.9,10,0.96589550729432,0.945104423985855,0.987143967728707,"GO"
19.9,11,0.940749181124383,0.913107576103752,0.969227553189897,"GO"
19.9,12,0.915067489022445,0.878936627317628,0.952683599068221,"GO"
20,0,0.966322373387542,0.93219817645434,1.00169572618239,"GO"
20,1,0.984278511474278,0.958652447818434,1.01058959412735,"GO"
20,2,1.00128870398879,0.982123668013,1.02082772403189,"GO"
20,3,1.01599440824236,0.999135553794685,1.03313772956963,"GO"
20,4,1.02697376872131,1.00843191890993,1.04585654407063,"GO"
20,5,1.0327822378627,1.01165100785439,1.05435485415758,"GO"
20,6,1.032012338702,1.00981483403644,1.05469778352923,"GO"
20,7,1.02380670362979,1.00290560863773,1.04514338873931,"GO"
20,8,1.00920122323609,0.990843625022283,1.0278989370884,"GO"
20,9,0.989735034887959,0.972526439728281,1.00724813153497,"GO"
20,10,0.966932486085138,0.946771430266219,0.987522862180039,"GO"
20,11,0.942245446333203,0.915459856164431,0.96981476048054,"GO"
20,12,0.917016789373811,0.881997119875874,0.953426913811008,"GO"
20.1,0,0.96679429458117,0.933658791977937,1.00110577447097,"GO"
20.1,1,0.984494236700569,0.959607542797209,1.01002634813747,"GO"
20.1,2,1.00126143962099,0.982647585816579,1.0202278873344,"GO"
20.1,3,1.01576263049339,0.999403299064565,1.03238974943607,"GO"
20.1,4,1.02660319716452,1.00863298336022,1.04489357557725,"GO"
20.1,5,1.03236636898949,1.01189402188463,1.05325290669822,"GO"
20.1,6,1.0316708325273,1.0101590244659,1.05364074458505,"GO"
20.1,7,1.02367320051385,1.00340189725181,1.04435403632419,"GO"
20.1,8,1.00938671246294,0.991564100614024,1.02752967222777,"GO"
20.1,9,0.990318033801415,0.973609974706885,1.00731281883956,"GO"
20.1,10,0.96796004907796,0.948413749148087,0.98790918779132,"GO"
20.1,11,0.943736181152182,0.917786385439109,0.970419689969124,"GO"
20.1,12,0.918965043600104,0.885031161247194,0.954200019543795,"GO"
20.2,0,0.96727694680701,0.935102709396568,1.00055820865717,"GO"
20.2,1,0.984715236744791,0.96054738469928,1.00949116402094,"GO"
20.2,2,1.001234170908,0.983156470891697,1.01964427298599,"GO"
20.2,3,1.01552597819218,0.999652779369999,1.03165122297076,"GO"
20.2,4,1.02622352437653,1.00880948137026,1.04393816813985,"GO"
20.2,5,1.0319380652463,1.01210661459342,1.0521580979214,"GO"
20.2,6,1.03131473417822,1.01046991097068,1.05258956193101,"GO"
20.2,7,1.02352437983121,1.00386587419162,1.04356785407458,"GO"
20.2,8,1.0095575574071,0.992255880643978,1.02716091846826,"GO"
20.2,9,0.990888333314998,0.974668100148662,1.00737850038389,"GO"
20.2,10,0.968977962059651,0.950031064343065,0.988302726297193,"GO"
20.2,11,0.945221200105806,0.92008673134068,0.971042279707265,"GO"
20.2,12,0.92091212765091,0.888038194874728,0.955003007471048,"GO"
20.3,0,0.967770543310712,0.936530366351439,1.00005280997846,"GO"
20.3,1,0.984941613385639,0.961472302550636,1.00898380453098,"GO"
20.3,2,1.00120689775464,0.983650519678106,1.01907662534404,"GO"
20.3,3,1.01528436220687,0.999884044902499,1.03092187678855,"GO"
20.3,4,1.02583458709781,1.00896134842742,1.0429900032606,"GO"
20.3,5,1.03149710555667,1.01228865593314,1.05107004068025,"GO"
20.3,6,1.03094378263657,1.01074733467456,1.05154378992175,"GO"
20.3,7,1.02335996017304,1.00429737824943,1.04278436921823,"GO"
20.3,8,1.00971347477537,0.992918809307023,1.02679221260245,"GO"
20.3,9,0.991445665888118,0.975700632104712,1.00744477974556,"GO"
20.3,10,0.969985990251179,0.951623106478686,0.98870321125881,"GO"
20.3,11,0.946700316855525,0.922360519885937,0.971682406837172,"GO"
20.3,12,0.922857916599257,0.891017739137291,0.95583589060138,"GO"
20.4,0,0.968275298107608,0.937942306921289,0.999589256190845,"GO"
20.4,1,0.985173468579137,0.96238270350104,1.00850395550693,"GO"
20.4,2,1.00117962006572,0.984129984078521,1.01852463378959,"GO"
20.4,3,1.01503769356561,1.00009719203671,1.03020139198749,"GO"
20.4,4,1.02543622257965,1.00908857080409,1.04204871306839,"GO"
20.4,5,1.03104326970871,1.01244007533726,1.04998829057366,"GO"
20.4,6,1.0305577179155,1.01099120072428,1.05050292148372,"GO"
20.4,7,1.02317966102019,1.00469630910156,1.04200305031634,"GO"
20.4,8,1.00985418175823,0.993552783278021,1.02642304020321,"GO"
20.4,9,0.991989763931324,0.976707433258239,1.00751121393825,"GO"
20.4,10,0.970983898329748,0.953189657398864,0.989110323950057,"GO"
20.4,11,0.948173344210425,0.924607442284288,0.972339881290678,"GO"
20.4,12,0.924802284643468,0.893969396652079,0.95669859492364,"GO"
20.5,0,0.96879142600619,0.939339187999002,0.99916711566398,"GO"
20.5,1,0.985410904464149,0.96327907693419,1.00805122200655,"GO"
20.5,2,1.00115233774605,0.984595174056434,1.01798793025258,"GO"
20.5,3,1.01478588346102,1.00029236576508,1.02948940181516,"GO"
20.5,4,1.02502826859948,1.00919118877512,1.04111387724589,"GO"
20.5,5,1.03057633838334,1.01256086568003,1.04891234219518,"GO"
20.5,6,1.03015628109848,1.01120148242466,1.04946638422844,"GO"
20.5,7,1.02298320278687,1.0050626309255,1.04122330388548,"GO"
20.5,8,1.00997939607159,0.994157754531821,1.02605283300287,"GO"
20.5,9,0.992520359840218,0.977688415719567,1.00757731078601,"GO"
20.5,10,0.971971450451473,0.954730554488397,0.989523689224529,"GO"
20.5,11,0.949640094138251,0.926827261751744,0.973014439271493,"GO"
20.5,12,0.926745105109186,0.896892863997269,0.957590950178919,"GO"
20.6,0,0.969319142632091,0.94072178515145,0.998785842002954,"GO"
20.6,1,0.985654023368008,0.964161998144365,1.00762512487665,"GO"
20.6,2,1.00112505070049,0.985046459910556,1.01746608706259,"GO"
20.6,3,1.01452884325473,1.00046976190803,1.02878548956126,"GO"
20.6,4,1.02461056347641,1.00926929965434,1.04018502013982,"GO"
20.6,5,1.03009609318301,1.01265108704103,1.04784162558047,"GO"
20.6,6,1.02973921437886,1.01137822513776,1.04843353680583,"GO"
20.6,7,1.02277030686508,1.00539637574823,1.04044447129263,"GO"
20.6,8,1.01008883599917,0.994733732899523,1.02568096653983,"GO"
20.6,9,0.993037186030036,0.978643543625039,1.00764252649714,"GO"
20.6,10,0.972948410274602,0.956245694948517,0.989942871436238,"GO"
20.6,11,0.951100377776794,0.92901982046083,0.973705736610062,"GO"
20.6,12,0.928686250451561,0.89978794174249,0.958512680340638,"GO"
20.7,0,0.96985866445255,0.942090997793868,0.998444769365577,"GO"
20.7,1,0.985902927812243,0.965032131465004,1.00722509787644,"GO"
20.7,2,1.00109775883386,0.985484274151881,1.0169586151993,"GO"
20.7,3,1.01426648448203,1.00062962903521,1.02808918674077,"GO"
20.7,4,1.02418294608702,1.00932306057165,1.03926160813308,"GO"
20.7,5,1.02960231666079,1.01271087017826,1.04677550294949,"GO"
20.7,6,1.02930626110001,1.0115215498429,1.04740366560083,"GO"
20.7,7,1.02254069566976,1.00569764643199,1.03966582601673,"GO"
20.7,8,1.01018222043565,0.995280788287069,1.02530675814669,"GO"
20.7,9,0.993539974970927,0.979572835472597,1.00770626350515,"GO"
20.7,10,0.973914540983283,0.957735039938933,0.990367370498585,"GO"
20.7,11,0.952554005445628,0.931185046515108,0.97441334210234,"GO"
20.7,12,0.930625592257608,0.902654544642426,0.959463393947574,"GO"
20.8,0,0.970410208801393,0.943447853507896,0.998143108646207,"GO"
20.8,1,0.986157720518425,0.965890232735884,1.00685048546714,"GO"
20.8,2,1.00107046205103,0.985909112911231,1.01646496301459,"GO"
20.8,3,1.01399871885655,1.0007722700328,1.02739997163294,"GO"
20.8,4,1.02374525588142,1.00935269090731,1.03834304736199,"GO"
20.8,5,1.02909479234996,1.01274041960709,1.04571326584622,"GO"
20.8,6,1.02885716579605,1.01163165624826,1.04637598188219,"GO"
20.8,7,1.0222940926846,1.0059666192011,1.0388865713733,"GO"
20.8,8,1.0102592689306,0.995799052481748,1.02492946535405,"GO"
20.8,9,0.994028459223894,0.980476366124775,1.00776786864568,"GO"
20.8,10,0.974869605311875,0.959198618491373,0.990796618176611,"GO"
20.8,11,0.954000786658212,0.933322960814909,0.975136730965923,"GO"
20.8,12,0.932563001248736,0.905492711814878,0.960442574468616,"GO"
20.9,0,0.970973993904512,0.944793511337108,0.997879944692472,"GO"
20.9,1,0.98641850441412,0.966737151001696,1.00650054137506,"GO"
20.9,2,1.00104316025686,0.986321536810216,1.01598451549362,"GO"
20.9,3,1.01372545827507,1.00089804325326,1.02671726823925,"GO"
20.9,4,1.0232973328995,1.00935847429831,1.03742868186367,"GO"
20.9,5,1.02857330479397,1.01274001617866,1.04465413278204,"GO"
20.9,6,1.02839167423316,1.01170882534283,1.04534961951497,"GO"
20.9,7,1.02203022250854,1.0062035456136,1.03810583879813,"GO"
20.9,8,1.01031970173305,0.996288720474534,1.02454828478212,"GO"
20.9,9,0.994502371477414,0.981354268410054,1.0078266317388,"GO"
20.9,10,0.975813365569802,0.960636531091084,0.991229974715981,"GO"
20.9,11,0.955440530134352,0.935433683659859,0.975875278567954,"GO"
20.9,12,0.934498347283448,0.908302616691077,0.961449570911573,"GO"
21,0,0.971550238905868,0.946129263906313,0.997654234708797,"GO"
21,1,0.986685382638943,0.967573829346046,1.00617442802411,"GO"
21,2,1.00101585335624,0.986722171236729,1.01551659411341,"GO"
21,3,1.01344661482233,1.00100736318882,1.02604044571959,"GO"
21,4,1.02283901778742,1.00934076013288,1.03651779223758,"GO"
21,5,1.02803763957678,1.0127100190518,1.04359724748862,"GO"
21,6,1.02790953345144,1.01175342127878,1.04432363334627,"GO"
21,7,1.02174881090298,1.00640875388585,1.03732268678185,"GO"
21,8,1.01036323983682,0.996750051231662,1.02416235158667,"GO"
21,9,0.99496144458473,0.982206734256512,1.00788178464229,"GO"
21,10,0.97674558366696,0.962048952817152,0.99166672591788,"GO"
21,11,0.956873043813026,0.937517440915398,0.97662825459759,"GO"
21,12,0.936431499360217,0.911084576495197,0.962483588919197,"GO"
21.1,0,0.972139163893999,0.947456538231458,0.997464807980092,"GO"
21.1,1,0.986958458550739,0.968401304781483,1.0058712169173,"GO"
21.1,2,1.00098854125403,0.98711170597765,1.01506045734662,"GO"
21.1,3,1.013162100776,1.00110070061671,1.02536881835812,"GO"
21.1,4,1.02237015181441,1.0092999644543,1.03560959489992,"GO"
21.1,5,1.02748758335372,1.01265086695791,1.04254167788111,"GO"
21.1,6,1.0274104918074,1.01176589248188,1.04329699836648,"GO"
21.1,7,1.02144958483957,1.00658264948715,1.03653610053832,"GO"
21.1,8,1.01038960502654,0.997183367857623,1.02377073951703,"GO"
21.1,9,0.995405411601807,0.9830340152976,1.00793250083641,"GO"
21.1,10,0.977666021139663,0.963436135930501,0.992106080770891,"GO"
21.1,11,0.958298134865571,0.93957456955655,0.977394817869812,"GO"
21.1,12,0.938362325620538,0.913839060984362,0.963543682621213,"GO"
21.2,0,0.972740989929059,0.948776895115606,0.997310367020341,"GO"
21.2,1,0.987237835731861,0.969220707137736,1.00558989002494,"GO"
21.2,2,1.00096122385515,0.987490894175871,1.01461530184314,"GO"
21.2,3,1.01287182861163,1.00117858217488,1.02470164610041,"GO"
21.2,4,1.02189057688965,1.00923657020377,1.03470324200105,"GO"
21.2,5,1.02692292388259,1.01256307866787,1.04148641582207,"GO"
21.2,6,1.02689429901687,1.01174677189958,1.04226860973667,"GO"
21.2,7,1.02113227254877,1.00672571493458,1.03574499247629,"GO"
21.2,8,1.01039851992436,0.997589057103838,1.02337246163185,"GO"
21.2,9,0.995834005825953,0.983836422898991,1.00797789559086,"GO"
21.2,10,0.978574439177137,0.964798411801045,0.992547169748369,"GO"
21.2,11,0.959715609709243,0.941605522394327,0.978174011955152,"GO"
21.2,12,0.940290693352151,0.91656670016296,0.964628747528654,"GO"
21.3,0,0.97335593907038,0.950092027062418,0.997189490214867,"GO"
21.3,1,0.987523617995567,0.970033256916235,1.00532934221168,"GO"
21.3,2,1.0009339010645,0.987860550595846,1.01418026430543,"GO"
21.3,3,1.01257571100776,1.00124158933942,1.02403813569045,"GO"
21.3,4,1.02140013557954,1.00915112674552,1.03379782206296,"GO"
21.3,5,1.02634345005531,1.01244725258581,1.04043037776148,"GO"
21.3,6,1.02636070619855,1.01169667631386,1.0412372837544,"GO"
21.3,7,1.02079660356891,1.00683850873645,1.03494820352623,"GO"
21.3,8,1.0103897080374,0.997967568192368,1.02296647170313,"GO"
21.3,9,0.996246960835096,0.984614327567385,1.00801702675329,"GO"
21.3,10,0.979470598648557,0.966136192073187,0.992989043872077,"GO"
21.3,11,0.961125274021144,0.943610871790374,0.978964761829742,"GO"
21.3,12,0.942216468992453,0.919268290678487,0.965737514763361,"GO"
21.4,0,0.973984234404577,0.951403754680524,0.997100635983111,"GO"
21.4,1,0.98781590939253,0.970840262108268,1.00508838470501,"GO"
21.4,2,1.000906572787,0.988221549200735,1.01375442405449,"GO"
21.4,3,1.01227366085106,1.00129035679027,1.02337744242097,"GO"
21.4,4,1.02089867112506,1.00904424863374,1.03289236137673,"GO"
21.4,5,1.02574895192984,1.01230406541483,1.03937240630759,"GO"
21.4,6,1.02580946591809,1.01161630466922,1.04020175980777,"GO"
21.4,7,1.02044230879602,1.00692166345368,1.03414450535242,"GO"
21.4,8,1.01036289380577,0.998319410941567,1.02255166632167,"GO"
21.4,9,0.99664401052772,0.985368157716965,1.00804889618332,"GO"
21.4,10,0.980354260130632,0.967449968982063,0.993430674629643,"GO"
21.4,11,0.96252693275251,0.945591312174969,0.979765871730561,"GO"
21.4,12,0.944139518132082,0.921944800613166,0.96686854690848,"GO"
21.5,0,0.974626100074175,0.952714021598207,0.997042148442737,"GO"
21.5,1,0.988114814217456,0.971643114005213,1.00486574957681,"GO"
21.5,2,1.00087923892758,0.988574820064107,1.01333680626348,"GO"
21.5,3,1.01196559124151,1.00132557016846,1.0227186724938,"GO"
21.5,4,1.02038602745945,1.00891661360133,1.03198582618038,"GO"
21.5,5,1.02513922076255,1.01213426986461,1.03831127275853,"GO"
21.5,6,1.02524033223259,1.01150643539292,1.03916070334055,"GO"
21.5,7,1.0200691205342,1.00697588287412,1.0333326034557,"GO"
21.5,8,1.01031780265138,0.99864515319999,1.02212688769732,"GO"
21.5,9,0.997024889163448,0.986098397786009,1.00807245183974,"GO"
21.5,10,0.981225183935729,0.968740314751613,0.993870954814726,"GO"
21.5,11,0.963920390143383,0.947547661203445,0.98057602438077,"GO"
21.5,12,0.94605970551869,0.924597372408124,0.968020235743258,"GO"
21.6,0,0.9752817613068,0.95402488795549,0.99701226450821,"GO"
21.6,1,0.988420437015823,0.972443282060772,1.00466009517817,"GO"
21.6,2,1.00085189939118,0.988921345658998,1.01292638581627,"GO"
21.6,3,1.01165141549773,1.00134796324592,1.02206088596919,"GO"
21.6,4,1.01986204922603,1.00876895977282,1.03107712561433,"GO"
21.6,5,1.02451404904093,1.01193869139914,1.03724568059652,"GO"
21.6,6,1.02465306073575,1.01136792271485,1.03811270982059,"GO"
21.6,7,1.01967677254662,1.00700193832045,1.03251114114561,"GO"
21.6,8,1.01025416102738,0.998945417615039,1.02169092712776,"GO"
21.6,9,0.99738933140427,0.986805585714478,1.00808659050992,"GO"
21.6,10,0.982083130140545,0.970007880029246,0.994308700335063,"GO"
21.6,11,0.965305449737648,0.949480859416716,0.981393781719448,"GO"
21.6,12,0.947976895060889,0.92722732369594,0.969190802086389,"GO"
21.7,0,0.975951444444905,0.955338522587349,0.997009122310368,"GO"
21.7,1,0.988732882590726,0.973242307895026,1.00447001243765,"GO"
21.7,2,1.00082455408274,0.989262156585852,1.01252209172927,"GO"
21.7,3,1.01133104716233,1.00135831454646,1.02140310026557,"GO"
21.7,4,1.01932658179631,1.00860208212796,1.03016511542828,"GO"
21.7,5,1.02387323051667,1.01171822405299,1.03617426991583,"GO"
21.7,6,1.02404740860336,1.01120169202633,1.03705630967236,"GO"
21.7,7,1.01926500010711,1.00700066414033,1.03167870433358,"GO"
21.7,8,1.01017169646819,0.999220877782849,1.02124252908893,"GO"
21.7,9,0.997737072356413,0.987490309812194,1.00809016115173,"GO"
21.7,10,0.982927858615316,0.971253391339669,0.994742653005787,"GO"
21.7,11,0.966681914398445,0.951391968312256,0.982217587229346,"GO"
21.7,12,0.9498909498324,0.929836145872627,0.970378297916909,"GO"
21.8,0,0.976635376976063,0.956657194054655,0.997030770780662,"GO"
21.8,1,0.989052256009846,0.97404179855694,1.00429403190646,"GO"
21.8,2,1.00079720290723,0.989598326817495,1.01212281205853,"GO"
21.8,3,1.01100440000732,1.00135744347318,1.02074429415428,"GO"
21.8,4,1.01877947128822,1.00841682826613,1.02924860238884,"GO"
21.8,5,1.02321656023908,1.01147382537527,1.03509562272563,"GO"
21.8,6,1.02342313463943,1.01100873434865,1.03598997410244,"GO"
21.8,7,1.01883354005235,1.00697295245289,1.03083382707259,"GO"
21.8,8,1.01007013764025,0.999472253844598,1.02078039588203,"GO"
21.8,9,0.998067847612846,0.988153205065544,1.00808196880004,"GO"
21.8,10,0.983759129053569,0.972477647571062,0.995171484314777,"GO"
21.8,11,0.968049586323956,0.953282166781102,0.983045769907044,"GO"
21.8,12,0.951801732076368,0.932425500309779,0.971580610871966,"GO"
21.9,0,0.977333787563822,0.957983260715885,0.997075180207277,"GO"
21.9,1,0.989378662612526,0.974843419183909,1.00413063141198,"GO"
21.9,2,1.00076984576963,0.989930968552792,1.01172739920031,"GO"
21.9,3,1.01067138803961,1.00134620601232,1.02008341217937,"GO"
21.9,4,1.01822056458463,1.00821409354491,1.02832634931508,"GO"
21.9,5,1.02254383458891,1.01120651058953,1.03400826903914,"GO"
21.9,6,1.02277999932266,1.01079010001178,1.03491212171772,"GO"
21.9,7,1.0183821308346,1.00691974724983,1.02997499774519,"GO"
21.9,8,1.00994921439338,0.999700307610774,1.02030319275537,"GO"
21.9,9,0.998381393296409,0.988794948947452,1.00806077897294,"GO"
21.9,10,0.984576701002412,0.973681515538519,0.995593800115068,"GO"
21.9,11,0.969408267063572,0.955152745921752,0.983876549864606,"GO"
21.9,12,0.953709103209882,0.934997212188366,0.972795471140031,"GO"
22,0,0.978046906079121,0.959319160060639,0.997140253542393,"GO"
22,1,0.989712208016973,0.975648885212974,1.00397824416518,"GO"
22,2,1.0007424825749,0.990261226780427,1.0113346754838,"GO"
22,3,1.0103319255066,1.0013254900956,1.01941936942046,"GO"
22,4,1.01764970935207,1.0079948156855,1.02739708064875,"GO"
22,5,1.02185485131245,1.01091734608368,1.03291069363485,"GO"
22,6,1.02211776485343,1.01054689166907,1.03382112580986,"GO"
22,7,1.01791051257507,1.00684203796844,1.02910066578221,"GO"
22,8,1.00980865781274,0.999905837307997,1.01980955340645,"GO"
22,9,0.998677446103567,0.989416256809742,1.00802532249854,"GO"
22,10,0.98538033389336,0.97486592470065,0.996008146168351,"GO"
22,11,0.970757757534429,0.957005102300004,0.984708045493635,"GO"
22,12,0.955612923828677,0.93755326202285,0.974020460680916,"GO"
22.1,0,0.978774963632297,0.960667397543843,0.997223838221993,"GO"
22.1,1,0.990052998127571,0.976459954307549,1.00383526715798,"GO"
22.1,2,1.00071511322805,0.990590273659672,1.01094343894909,"GO"
22.1,3,1.0099859269018,1.00129621071129,1.01875105650811,"GO"
22.1,4,1.01706675405957,1.00775996895411,1.02645948845023,"GO"
22.1,5,1.02114940955603,1.01060744236514,1.03180134335472,"GO"
22.1,6,1.02143619520129,1.01028025679425,1.03271532216012,"GO"
22.1,7,1.01741842711771,1.00674085266887,1.02820924877987,"GO"
22.1,8,1.00964820027145,1.00008967205205,1.01929808576039,"GO"
22.1,9,0.998955743348787,0.99001787694811,1.00797430067198,"GO"
22.1,10,0.986169787073701,0.976031861133598,0.996413014435263,"GO"
22.1,11,0.97209785803833,0.958840729781048,0.98553828206536,"GO"
22.1,12,0.957513053712029,0.940095775032229,0.975253024616032,"GO"
22.2,0,0.979518192605665,0.962030535166544,0.997323738252622,"GO"
22.2,1,0.990401139142309,0.977278418165556,1.00370006968497,"GO"
22.2,2,1.00068773763407,0.990919302826065,1.0105524692024,"GO"
22.2,3,1.00963330697054,1.00125930485956,1.01807734479656,"GO"
22.2,4,1.01647154799777,1.00751055803968,1.02551223869982,"GO"
22.2,5,1.02042730990076,1.01027794663126,1.03067863478896,"GO"
22.2,6,1.02073505615275,1.0099913798201,1.0315930172045,"GO"
22.2,7,1.01690561808363,1.00661725095623,1.02729913987438,"GO"
22.2,8,1.00946757548376,1.00025266615543,1.01876737791641,"GO"
22.2,9,0.999216023009513,0.990600585437161,1.00790639064516,"GO"
22.2,10,0.98694481983839,0.977180360890517,0.996806849984335,"GO"
22.2,11,0.973428368279046,0.96066121011259,0.986365201587926,"GO"
22.2,12,0.959409351827842,0.942627008597161,0.976490484549747,"GO"
22.3,0,0.980276826686689,0.963411180045203,0.997437726323497,"GO"
22.3,1,0.990756737560341,0.978106094369876,1.00357100182837,"GO"
22.3,2,1.00066035569799,0.991249523726464,1.01016053324424,"GO"
22.3,3,1.00927398071573,1.00121572644738,1.01739709159803,"GO"
22.3,4,1.01586394129825,1.0072476117536,1.02455397777847,"GO"
22.3,5,1.01968835439766,1.00993003511265,1.02954096218976,"GO"
22.3,6,1.02001411535963,1.00968147408456,1.03045249639369,"GO"
22.3,7,1.01637183092603,1.00647231679054,1.02636871523105,"GO"
22.3,8,1.00926651855883,1.00039569337781,1.01821600415384,"GO"
22.3,9,0.999458023771753,0.991165180835992,1.00782025094869,"GO"
22.3,10,0.987705191462477,0.978312502892409,0.99718805837363,"GO"
22.3,11,0.974749087379987,0.962468202481795,0.987186673698021,"GO"
22.3,12,0.961301676337934,0.945149338113526,0.977730053511526,"GO"
22.4,0,0.981051100901758,0.964811973197118,0.997563555716689,"GO"
22.4,1,0.991119900189651,0.978944818430516,1.00344640275724,"GO"
22.4,2,1.00063296732481,0.991582156080466,1.00976639117335,"GO"
22.4,3,1.00890786340371,1.00116644121571,1.01670914538628,"GO"
22.4,4,1.01524378495295,1.00697217667745,1.02358333900199,"GO"
22.4,5,1.01893234660309,1.00956490534794,1.02838670545531,"GO"
22.4,6,1.01927314238776,1.00935177374805,1.02929203258361,"GO"
22.4,7,1.01581681298557,1.00630715132359,1.02541634150859,"GO"
22.4,8,1.0090447660551,1.00051964122324,1.01764253089362,"GO"
22.4,9,0.999681485076253,0.991712478863543,1.00771452704668,"GO"
22.4,10,0.988450661234065,0.979429401506912,0.997555013348418,"GO"
22.4,11,0.976059813902269,0.964263432301237,0.9880005073316,"GO"
22.4,12,0.963189884603509,0.94766524160737,0.978968852153906,"GO"
22.5,0,0.981841251650563,0.966235578746117,0.997698971811555,"GO"
22.5,1,0.991490734154845,0.979796436150672,1.00332460870856,"GO"
22.5,2,1.00060557241959,0.991918424554039,1.00936880168072,"GO"
22.5,3,1.00853487057018,1.00111242178371,1.01601235088436,"GO"
22.5,4,1.01461093083389,1.00668531087883,1.02259894908859,"GO"
22.5,5,1.0181590916144,1.00918376854115,1.0272142380328,"GO"
22.5,6,1.01851190876603,1.00900352583729,1.0281098943013,"GO"
22.5,7,1.0152403135463,1.0061228658918,1.0244403831693,"GO"
22.5,8,1.00880205603519,1.00062540537946,1.0170455225199,"GO"
22.5,9,0.999886147165271,0.992243307137438,1.00758785683049,"GO"
22.5,10,0.98918098848779,0.980532198974602,0.997906064695206,"GO"
22.5,11,0.977360345863149,0.966048679497629,0.988804462899822,"GO"
22.5,12,0.965073833190839,0.950177283510369,0.980203925807174,"GO"
22.6,0,0.982647516741082,0.967684673721459,0.997841723010851,"GO"
22.6,1,0.99186934690507,0.980662796426892,1.0032039605402,"GO"
22.6,2,1.00057817088736,0.992259553716946,1.00896652726197,"GO"
22.6,3,1.0081549180261,1.00105464288455,1.01530555396208,"GO"
22.6,4,1.01396523171296,1.00638807780429,1.02159943445063,"GO"
22.6,5,1.01736839610601,1.00878784213947,1.02602193460239,"GO"
22.6,6,1.01773018803592,1.00863798255464,1.02690435374668,"GO"
22.6,7,1.01464208389201,1.00592057527901,1.02343920952125,"GO"
22.6,8,1.00853812812142,1.00071388438236,1.0164235469786,"GO"
22.6,9,1.00007175112992,0.99275850006074,1.00743887596718,"GO"
22.6,10,0.989895932638831,0.981622057837478,0.998239546097422,"GO"
22.6,11,0.978650480754848,0.967825766580748,0.98959626469274,"GO"
22.6,12,0.966953377877135,0.952688098006315,0.981432261980251,"GO"
22.7,0,0.983470135425199,0.969161938585503,0.997989570953345,"GO"
22.7,1,0.992255846222041,0.981545744567716,1.00308281077153,"GO"
22.7,2,1.00055076263318,0.992606763338673,1.00855833909351,"GO"
22.7,3,1.00776792186382,1.0009940768533,1.01458760628267,"GO"
22.7,4,1.01330654128202,1.00608154044247,1.02058342721738,"GO"
22.7,5,1.01656006836563,1.00837834274956,1.02480817842414,"GO"
22.7,6,1.01692775580133,1.00825639397093,1.02567369441243,"GO"
22.7,7,1.01402187736307,1.00570139134342,1.02241120139786,"GO"
22.7,8,1.00825272355176,1.00078597457302,1.0157751810853,"GO"
22.7,9,1.00023803895807,0.993258893928118,1.00726622303076,"GO"
22.7,10,0.990595253217433,0.982700153511684,0.998553782850551,"GO"
22.7,11,0.979930015563755,0.969596546758285,0.990373613244901,"GO"
22.7,12,0.96882837365662,0.955200372347082,0.982650807909308,"GO"
22.8,0,0.98430934843494,0.970670048582986,0.998140299920448,"GO"
22.8,1,0.992650340228208,0.982447116185941,1.00295953005646,"GO"
22.8,2,1.00052334756211,0.992961264058204,1.00814302153706,"GO"
22.8,3,1.0073737984631,1.00093168941078,1.01385736965463,"GO"
22.8,4,1.01263471417302,1.00576675583034,1.01954957091588,"GO"
22.8,5,1.01573391833083,1.00795647948504,1.02357136825471,"GO"
22.8,6,1.01610438977876,1.00786000119241,1.02441621823085,"GO"
22.8,7,1.01337944941371,1.00546641707898,1.02135475740447,"GO"
22.8,8,1.00794558523642,1.00084256539647,1.01509901549314,"GO"
22.8,9,1.00038475358287,0.993745322306822,1.00706854436097,"GO"
22.8,10,0.99127870990395,0.983767667126737,0.998847099314405,"GO"
22.8,11,0.981198746790013,0.971362892335945,0.991134197423433,"GO"
22.8,12,0.970698674746809,0.957716830501565,0.983856487790597,"GO"
22.9,0,0.985165398019357,0.972211665957017,0.998291725392182,"GO"
22.9,1,0.993052937395034,0.983368731686943,1.00283251306678,"GO"
22.9,2,1.00049592557924,0.993324253440856,1.00771937625931,"GO"
22.9,3,1.00697246449733,1.00086843576739,1.0131137200649,"GO"
22.9,4,1.01194960597847,1.00544476995047,1.01849652576185,"GO"
22.9,5,1.01488975762587,1.00752344780789,1.02230992477139,"GO"
22.9,6,1.01525986984789,1.00745003006108,1.02313025218835,"GO"
22.9,7,1.01271455766969,1.00521674115402,1.02026829968899,"GO"
22.9,8,1.00761645781486,1.00088453506977,1.01439365929317,"GO"
22.9,9,1.00051163893173,0.994218611728228,1.00684449861364,"GO"
22.9,10,0.991946062564409,0.984825778726598,0.999117826007066,"GO"
22.9,11,0.982456470467488,0.973126683601622,0.991875706039704,"GO"
22.9,12,0.972564134594983,0.960240217444383,0.985046219390695,"GO"
23,0,0.986038527982049,0.973789433022052,0.998441701762632,"GO"
23,1,0.993463746551405,0.984312391337495,1.00270018380125,"GO"
23,2,1.00046849658965,0.993696912408982,1.00728622597993,"GO"
23,3,1.00656383693973,1.0008052570466,1.01235555139341,"GO"
23,4,1.0112510732719,1.00511661303743,1.01742297354256,"GO"
23,5,1.01402739959873,1.00708042388983,1.02102229647693,"GO"
23,6,1.01439397810238,1.00702768541011,1.02181415438574,"GO"
23,7,1.01202696198641,1.00495343293725,1.01915027922633,"GO"
23,8,1.00726508771336,1.00091274662154,1.01365774424474,"GO"
23,9,1.00061843997595,0.994679577701868,1.00659276099061,"GO"
23,10,0.992597071286569,0.985875660893394,0.999364306279607,"GO"
23,11,0.983702982184124,0.97488979833763,0.992595838840452,"GO"
23,12,0.974424605884875,0.96277328431293,0.986216929805541,"GO"
23.1,0,0.986928983719347,0.975405966016846,0.998588129292292,"GO"
23.1,1,0.993882876892162,0.98527987085206,1.00256100038378,"GO"
23.1,2,1.00044106049844,0.9940804019994,1.00684241789513,"GO"
23.1,3,1.00614783306964,1.00074307699653,1.01158177884077,"GO"
23.1,4,1.01053897362862,1.00478329527304,1.01632762211168,"GO"
23.1,5,1.01314665935844,1.00662855947506,1.01970696510385,"GO"
23.1,6,1.01350649890108,1.00659414584994,1.02046631956854,"GO"
23.1,7,1.01131642450741,1.00467753798083,1.01799918064654,"GO"
23.1,8,1.00689122320302,1.00092804427276,1.01288992866603,"GO"
23.1,9,1.00070490278079,0.99512902103314,1.00631202716793,"GO"
23.1,10,0.993231496416501,0.986918472809968,0.999584902555284,"GO"
23.1,11,0.984938077102672,0.976654102033521,0.993292316805743,"GO"
23.1,12,0.976279940543556,0.965318774558826,0.987365570242151,"GO"
23.2,0,0.987837012259157,0.977063849568108,0.998728960467059,"GO"
23.2,1,0.994310437986767,0.986272917366952,1.0024134594802,"GO"
23.2,2,1.00041361721071,0.994475860351413,1.00638682687276,"GO"
23.2,3,1.00572437047889,1.00068279891256,1.01079134214592,"GO"
23.2,4,1.00981316564655,1.00444580279743,1.01520920956924,"GO"
23.2,5,1.01224735381261,1.0061689771645,1.01836245059772,"GO"
23.2,6,1.01259721891949,1.00615055899846,1.01908518421352,"GO"
23.2,7,1.01058270972322,1.00439007387498,1.01681352669227,"GO"
23.2,8,1.00649461445826,1.00093125008309,1.01208890106028,"GO"
23.2,9,1.00077077455614,0.99556772438267,1.00600101698429,"GO"
23.2,10,0.993849098595658,0.987955354716366,0.999778002178016,"GO"
23.2,11,0.986161549981814,0.978421438775716,0.993962891777418,"GO"
23.2,12,0.97812998974853,0.967879411082801,0.988489129833977,"GO"
23.3,0,0.988762862300485,0.978765631450774,0.99886220607841,"GO"
23.3,1,0.994746539788086,0.987293245566297,1.00225610056999,"GO"
23.3,2,1.00038616663159,0.994884399749441,1.00591835859512,"GO"
23.3,3,1.00529336707819,1.00062530262145,1.00998320874336,"GO"
23.3,4,1.00907350896727,1.0041050938804,1.01406650828205,"GO"
23.3,5,1.01132930170519,1.00570276594878,1.01698731585232,"GO"
23.3,6,1.01166592720145,1.00569803697387,1.01766923135296,"GO"
23.3,7,1.00982558453058,1.00409202630311,1.01559188247622,"GO"
23.3,8,1.00607501361577,1.00092316071544,1.01125338362486,"GO"
23.3,9,1.00081580370769,0.995996448937003,1.00565847801976,"GO"
23.3,10,0.994449638798455,0.988987422622918,0.999942023007343,"GO"
23.3,11,0.987373195197657,0.980193622649193,0.994605355582634,"GO"
23.3,12,0.979974603935038,0.970457884143623,0.989584648699199,"GO"
23.4,0,0.989706784253635,0.980513817072363,0.998985941597784,"GO"
23.4,1,0.995191292641313,0.988342533531444,1.00208751050132,"GO"
23.4,2,1.0003587086662,0.995307103398681,1.00543595297086,"GO"
23.4,3,1.00485474110363,1.00057144124557,1.00915637714131,"GO"
23.4,4,1.00831986429716,1.00376209495237,1.01289832904528,"GO"
23.4,5,1.01039232365442,1.00523097665538,1.01558017153083,"GO"
23.4,6,1.01071241521119,1.00523765180361,1.01621699548279,"GO"
23.4,7,1.00904481829199,1.00378434497517,1.01433285986055,"GO"
23.4,8,1.00563217483387,1.00090454404257,1.01038213591934,"GO"
23.4,9,1.00083973988853,0.996415930938928,1.00528318931659,"GO"
23.4,10,0.995032878370331,0.990015762984662,1.000075419055,"GO"
23.4,11,0.988572806765623,0.981972429253294,0.99521754905033,"GO"
23.4,12,0.981813632803569,0.973056839507869,0.990649230775123,"GO"
23.5,0,0.990669030281113,0.982310862593719,0.999098314933361,"GO"
23.5,1,0.995644807293016,0.989422417500037,1.00190632914329,"GO"
23.5,2,1.0003312432197,0.995745021319246,1.00493858843071,"GO"
23.5,3,1.00440841112318,1.00052203720324,1.00830988106467,"GO"
23.5,4,1.00755209342872,1.00341769590833,1.01170352597144,"GO"
23.5,5,1.00943624219099,1.00475461665911,1.01413968162376,"GO"
23.5,6,1.0097364768855,1.00477043007927,1.01472706822464,"GO"
23.5,7,1.00824018289558,1.00346793881951,1.0130351225782,"GO"
23.5,8,1.00516585435231,1.00087613506385,1.00947395922408,"GO"
23.5,9,1.00084233405138,0.996826877585703,1.00487396573362,"GO"
23.5,10,0.995598579066304,0.991041426737662,1.00017668676249,"GO"
23.5,11,0.989760178362706,0.983759586494616,0.995797371757492,"GO"
23.5,12,0.983646925327581,0.975678865702767,0.991680057566364,"GO"
23.6,0,0.991649905096009,0.984159015969726,0.999197810841549,"GO"
23.6,1,0.996107199831429,0.990534345661219,1.00171140748649,"GO"
23.6,2,1.00030373247498,0.996199027554353,1.00442535028351,"GO"
23.6,3,1.00395422252704,1.00047772313146,1.00744280219964,"GO"
23.6,4,1.00676996057368,1.00307255702353,1.01048099304122,"GO"
23.6,5,1.0084607723459,1.00427442949518,1.01266456607055,"GO"
23.6,6,1.0087378066255,1.004297132064,1.01319811640246,"GO"
23.6,7,1.00741137869382,1.00314348945008,1.0116974257373,"GO"
23.6,8,1.00467578230846,1.00083851071142,1.00852776622239,"GO"
23.6,9,1.00082337016881,0.997229911207489,1.0044297779468,"GO"
23.6,10,0.996146604810155,0.992065426877559,1.00024457197143,"GO"
23.6,11,0.990935281451806,0.985556804861453,0.99634310998848,"GO"
23.6,12,0.985474586892231,0.978326546109343,0.992674854088924,"GO"
23.7,0,0.992650415882602,0.986058358734424,0.999286542651062,"GO"
23.7,1,0.996578654785645,0.991677768032913,1.00150376179594,"GO"
23.7,2,1.00027561860101,0.996668042854848,1.00389625245901,"GO"
23.7,3,1.00349100817005,1.00043695487233,1.00655438463551,"GO"
23.7,4,1.00597187196143,1.0027246936737,1.00922956576443,"GO"
23.7,5,1.00746412419455,1.00378813640671,1.01115357387313,"GO"
23.7,6,1.00771469625735,1.00381548726062,1.01162905129535,"GO"
23.7,7,1.00655708797629,1.00280912008719,1.01031906377877,"GO"
23.7,8,1.00416130193224,1.0007905345643,1.00754342239782,"GO"
23.7,9,1.00078307016107,0.997624899471693,1.00395123863831,"GO"
23.7,10,0.996678223274797,0.993088769066373,1.00028065132999,"GO"
23.7,11,0.992100546203525,0.987366258933655,0.99685753373862,"GO"
23.7,12,0.987300275396687,0.981003256572334,0.993637714521186,"GO"
23.8,0,0.993672085476269,0.988007220115202,0.999369431065116,"GO"
23.8,1,0.997059406814714,0.992850553792918,1.00128610184072,"GO"
23.8,2,1.00024596509026,0.997149474283203,1.00335207156234,"GO"
23.8,3,1.00301686583192,1.00039652133168,1.00564407381595,"GO"
23.8,4,1.00515525037476,1.00237010417402,1.00794813527334,"GO"
23.8,5,1.00644341960863,1.00329115621204,1.00960558717356,"GO"
23.8,6,1.00666442385073,1.00332091363432,1.01001907612588,"GO"
23.8,7,1.00567525662033,1.00246099322367,1.00889982614287,"GO"
23.8,8,1.00362147632204,1.00072973558388,1.00652157312698,"GO"
23.8,9,1.00072197522353,0.998011073038245,1.00344024104521,"GO"
23.8,10,0.9971957281832,0.994112339040203,1.00028868092201,"GO"
23.8,11,0.993260207250058,0.989190300711948,0.997346858937425,"GO"
23.8,12,0.989130267514562,0.983712738782333,0.994577631803868,"GO"
23.9,0,0.994716455603747,0.990003633848626,0.999451712315809,"GO"
23.9,1,0.997549692384435,0.994050349048591,1.001061354416,"GO"
23.9,2,1.000213826977,0.997640557325757,1.00279373400546,"GO"
23.9,3,1.0025298805438,1.00035305023648,1.00471144776894,"GO"
23.9,4,1.00431750565232,1.0020046031538,1.00663574696661,"GO"
23.9,5,1.00539576918156,1.00277870098023,1.00801966745015,"GO"
23.9,6,1.0055842580757,1.00280861759951,1.00836758115445,"GO"
23.9,7,1.00476382328184,1.00209507856322,1.00743967530845,"GO"
23.9,8,1.00305536613372,1.00065348107786,1.00546301647389,"GO"
23.9,9,1.00064063493639,0.998387516372258,1.00289883824285,"GO"
23.9,10,0.997701441904707,0.995136847543702,1.00027264555192,"GO"
23.9,11,0.994418559963684,0.991031046659336,0.997817652366815,"GO"
23.9,12,0.990970945339835,0.986458432047191,0.995504100937877,"GO"
24,0,0.995785075689361,0.992045424023979,0.999538824486022,"GO"
24,1,0.99804974866861,0.995274647004355,1.00083258808573,"GO"
24,2,1.0001782594317,0.998138415930077,1.00222227165525,"GO"
24,3,1.00202814153556,1.00030306936749,1.003756188676,"GO"
24,4,1.00345605765558,1.00162389420923,1.00529157248253,"GO"
24,5,1.0043182978747,1.0022458592662,1.00639502186063,"GO"
24,6,1.00447148221259,1.00227367861629,1.00667410519182,"GO"
24,7,1.00382073685456,1.00170722677395,1.00593870624697,"GO"
24,8,1.0024620362511,1.00055903131309,1.00436866059355,"GO"
24,9,1.00053959995354,0.998753204390318,1.00232919070961,"GO"
24,10,0.998197692041437,0.996162861295896,1.00023667927215,"GO"
24,11,0.995579919868607,0.992890414898554,0.99827671007062,"GO"
24,12,0.992828738526632,0.989243521934512,0.996426948661521,"GO"
24.1,0,0.99687950321216,0.994130252033532,0.999636357400583,"GO"
24.1,1,0.998559813571314,0.996520822939307,1.00060297620124,"GO"
24.1,2,1.00013831778891,0.99864008875685,1.00163879456794,"GO"
24.1,3,1.00150974250011,1.00024303049254,1.00277805867713,"GO"
24.1,4,1.00256833685059,1.00122359727309,1.00391488254265,"GO"
24.1,5,1.00320814584093,1.00168762753583,1.00473097222677,"GO"
24.1,6,1.00332339501142,1.00171108174838,1.00493830338806,"GO"
24.1,7,1.00284395710776,1.00129319917387,1.00439711678589,"GO"
24.1,8,1.00184055604138,1.00044356430234,1.00323949850107,"GO"
24.1,9,1.00041942189309,0.999107025185314,1.00173354252541,"GO"
24.1,10,0.99868681117945,0.997190831864602,1.00018503475291,"GO"
24.1,11,0.996748622677982,0.994770167090192,0.998731013130973,"GO"
24.1,12,0.994710125187132,0.992070997842034,0.997356273192202,"GO"
24.2,0,0.998001304087496,0.996255659323142,0.999750007580415,"GO"
24.2,1,0.999080125749735,0.997786166089493,1.0003757634565,"GO"
24.2,2,1.0000930575842,0.99914255314899,1.00104446625342,"GO"
24.2,3,1.00097278189395,1.0001693311994,1.00177687801222,"GO"
24.2,4,1.00165178495556,1.0007992735235,1.00250502258293,"GO"
24.2,5,1.00206246932969,1.00109893874333,1.00302692728811,"GO"
24.2,6,1.00213731162359,1.00111574726925,1.00315991840857,"GO"
24.2,7,1.00183145536486,1.00084869470845,1.00281518102078,"GO"
24.2,8,1.00118999961879,1.000304198275,1.00207658536798,"GO"
24.2,9,1.00028065323095,0.999447800505482,1.00111419998332,"GO"
24.2,10,0.999171136694309,0.998221121561673,1.00012205596405,"GO"
24.2,11,0.997929024519096,0.996671946004692,0.999187688556598,"GO"
24.2,12,0.99662163320982,0.994943704831451,0.998302391339891,"GO"
24.3,0,0.999152053073267,0.998419107341894,0.9998855368647,"GO"
24.3,1,0.999610924637601,0.999067909435089,1.00015423498072,"GO"
24.3,2,1.00004153459987,0.999642747516304,1.0004404807714,"GO"
24.3,3,1.00041536327386,1.00007833521901,1.00075250490773,"GO"
24.3,4,1.00070385565359,1.00034644850698,1.00106139049582,"GO"
24.3,5,1.00087844167221,1.0004746888549,1.00128235742852,"GO"
24.3,6,1.00091056460513,1.00048255814791,1.00133875416351,"GO"
24.3,7,1.00078121522271,1.00036937497397,1.00119322502121,"GO"
24.3,8,1.00050944611658,1.00013801244431,1.00088101773277,"GO"
24.3,9,1.00012384719724,0.99977430452647,1.00047351207566,"GO"
24.3,10,0.999653010611257,0.999254027042729,1.00005215348651,"GO"
24.3,11,0.999125502348261,0.998597309819323,0.999653974256429,"GO"
24.3,12,0.998569842003738,0.997864391186586,0.999275791546829,"GO"
24.4,0,1.00033333420114,1.00004873341822,1.00061801597773,"GO"
24.4,1,1.00015245046919,0.999941687053697,1.00036325830849,"GO"
24.4,2,0.999982804919672,0.999828041022294,1.00013759277303,"GO"
24.4,3,0.999835595669498,0.999704816669527,0.999966391777665,"GO"
24.4,4,0.999722015369936,0.999583415868283,0.999860634089416,"GO"
24.4,5,0.999653254346152,0.999496771154895,0.999809762036727,"GO"
24.4,6,0.999640504990117,0.999474651337336,0.999806386164791,"GO"
24.4,7,0.999691233310833,0.999531604147854,0.999850887967223,"GO"
24.4,8,0.999797979967056,0.999653914069535,0.999942066626746,"GO"
24.4,9,0.999949557675703,0.999813852362161,1.00008528140861,"GO"
24.4,10,1.00013477952021,0.999979781822712,1.00028980124247,"GO"
24.4,11,1.00034245455701,1.00013718714412,1.00054776409884,"GO"
24.4,12,1.00056138467471,1.00028709150195,1.00083575306263,"GO"
24.5,0,1.00154674123306,1.00024537391077,1.0028498016968,"GO"
24.5,1,1.00070494430394,0.99974139858438,1.001669418684,"GO"
24.5,2,0.999915924992419,0.999208337639105,1.00062401342228,"GO"
24.5,3,0.999231593991602,0.998633691482935,0.999829854476787,"GO"
24.5,4,0.998703744113184,0.998070540148148,0.999337349800589,"GO"
24.5,5,0.998384118118351,0.997669692664625,0.999099055167983,"GO"
24.5,6,0.998324503433566,0.99756746402558,0.999082117347724,"GO"
24.5,7,0.998559520090061,0.997830681351907,0.999288891188982,"GO"
24.5,8,0.99905469118965,0.998396396201162,0.999713420226471,"GO"
24.5,9,0.999758339106143,0.999137601764077,1.00037946209564,"GO"
24.5,10,1.00061879454573,0.999909418116406,1.00132867423556,"GO"
24.5,11,1.00158430177126,1.00064469347338,1.00252479236409,"GO"
24.5,12,1.00260295063984,1.00134699904517,1.00386047752701,"GO"
24.6,0,1.00279387814328,1.00048118568386,1.0051119165767,"GO"
24.6,1,1.00126864805162,0.999556602521044,1.00298362598231,"GO"
24.6,2,0.999839951704461,0.99858252791277,1.00109895885511,"GO"
24.6,3,0.998601479475752,0.997538990447919,0.999665100171566,"GO"
24.6,4,0.997646536379498,0.996522197203961,0.998772144105385,"GO"
24.6,5,0.997068264264631,0.995800639876588,0.998337502300552,"GO"
24.6,6,0.996959951422261,0.995617036825236,0.99830467737802,"GO"
24.6,7,0.997384100689855,0.996090805862797,0.998679074692646,"GO"
24.6,8,0.99827867568677,0.997109571071383,0.999449151069865,"GO"
24.6,9,0.999550746389753,0.99844713185206,1.00065558078677,"GO"
24.6,10,1.00110741137225,0.999845541720097,1.0023708735854,"GO"
24.6,11,1.00285548784514,1.00118388053645,1.00452988612066,"GO"
24.6,12,1.00470128868701,1.00246627510953,1.00694128526074,"GO"
24.7,0,1.0040763596264,1.00076180770691,1.00740188943728,"GO"
24.7,1,1.00184380449816,0.999390456361843,1.00430317522258,"GO"
24.7,2,0.999753942461092,0.997951714193168,1.00155942542229,"GO"
24.7,3,0.997943380161241,0.996420539392672,0.999468548304562,"GO"
24.7,4,0.996547902119192,0.994937793761546,0.998160616116045,"GO"
24.7,5,0.99570294586525,0.993889102320614,0.997520099666931,"GO"
24.7,6,0.995544262552498,0.993623181744736,0.997469057596742,"GO"
24.7,7,0.996163015783665,0.994312291686683,0.998017184653191,"GO"
24.7,8,0.997469035547397,0.995794512403455,0.999146374561203,"GO"
24.7,9,0.999327334797523,0.997744788208434,1.00091239150116,"GO"
24.7,10,1.00160299032456,0.999792614060571,1.00341664473061,"GO"
24.7,11,1.00416048105138,1.00176212886586,1.00656457521201,"GO"
24.7,12,1.00686321048667,1.00365569744366,1.01008097419626,"GO"
24.8,0,1.00539581163167,1.00109274907333,1.00971737032576,"GO"
24.8,1,1.00243065733202,0.999246010909787,1.0056254533798,"GO"
24.8,2,0.999656955276817,0.997316921202845,1.00200247984168,"GO"
24.8,3,0.997255431404882,0.995278110012383,0.999236681146503,"GO"
24.8,4,0.995405367764722,0.99331668920482,0.997498438255388,"GO"
24.8,5,0.994285439174667,0.991934518282341,0.996641931835029,"GO"
24.8,6,0.994074873873242,0.991585654299514,0.996570342240566,"GO"
24.8,7,0.994894322501533,0.992495395337346,0.997299048031702,"GO"
24.8,8,0.996624879358201,0.994452241773141,0.998802263630812,"GO"
24.8,9,0.999088659881634,0.997032873445403,1.0011486851529,"GO"
24.8,10,1.00210789650402,0.999755058250313,1.00446627196187,"GO"
24.8,11,1.00550377547024,1.00238678406096,1.00863045938105,"GO"
24.8,12,1.00909559456383,1.00492602381036,1.01328246541686,"GO"
24.9,0,1.0067538719239,1.00147934369482,1.01205617970551,"GO"
24.9,1,1.00302945117125,0.999126176367193,1.00694797485434,"GO"
24.9,2,0.999548048874489,0.996679071681754,1.0024252845231,"GO"
24.9,3,0.996535776429403,0.994111399873729,0.998966065402623,"GO"
24.9,4,0.99421647731915,0.991658174219928,0.996781380388923,"GO"
24.9,5,0.992813045064101,0.989936250585962,0.995698199622461,"GO"
24.9,6,0.992549247293284,0.989504128140972,0.995603737554204,"GO"
24.9,7,0.993576095379142,0.990640292203429,0.996520598928092,"GO"
24.9,8,0.995745322522043,0.993083708610077,0.998414069960171,"GO"
24.9,9,0.998835277389876,0.996313629450233,1.00136330756514,"GO"
24.9,10,1.00262449998039,0.999737237873772,1.00552010056052,"GO"
24.9,11,1.00688989257905,1.00306512731422,1.010729241971,"GO"
24.9,12,1.01140539073868,1.00628795326546,1.01654885273718,"GO"
25,0,1.00815219067153,1.00192669972465,1.01441636382695,"GO"
25,1,1.00364043159104,0.999033684794083,1.00826842103114,"GO"
25,2,0.99942628279329,0.996038959751493,1.00282512542202,"GO"
25,3,0.995782566906089,0.992920010811201,0.99865337565709,"GO"
25,4,0.992978793504069,0.989961447742298,0.996005335962809,"GO"
25,5,0.991283090535253,0.98789356036785,0.994684250411783,"GO"
25,6,0.990964871050824,0.987378167531775,0.99456460346048,"GO"
25,7,0.992206427342455,0.988747050922997,0.995677907247026,"GO"
25,8,0.994829487583679,0.991689768615913,0.997979146994019,"GO"
25,9,0.998567743183114,0.995589218406896,1.00155517887327,"GO"
25,10,1.00315517603974,0.999743434342642,1.00657856070542,"GO"
25,11,1.00832338304483,1.00380434363701,1.01286276677302,"GO"
25,12,1.01379962504535,1.0077520839835,1.01988345752597,"GO"
25.1,0,1.0095924310622,1.00243964207867,1.01679625792182,"GO"
25.1,1,1.00426384515203,0.998971047866831,1.00958468499479,"GO"
25.1,2,0.999290717505549,0.995397221349942,1.00319944307107,"GO"
25.1,3,0.99499396357132,0.991703425221631,0.998295420147521,"GO"
25.1,4,0.991689898965865,0.988225591638407,0.995166350711926,"GO"
25.1,5,0.989692930303497,0.985805578152195,0.99359561154918,"GO"
25.1,6,0.98931926124379,0.98520719693126,0.993448488517536,"GO"
25.1,7,0.990783430727032,0.986815605090236,0.994767210347736,"GO"
25.1,8,0.993876504562506,0.990271160050987,0.997494975285887,"GO"
25.1,9,0.99828661315578,0.994861702111906,1.00172331479892,"GO"
25.1,10,1.00370230548848,0.999777822163888,1.00764219380509,"GO"
25.1,11,1.00980882872232,1.00461148668013,1.01503305913346,"GO"
25.1,12,1.01628540513894,1.00932886590889,1.02328989052379,"GO"
25.2,0,1.01107626994623,1.00302264623707,1.01919455904962,"GO"
25.2,1,1.00489993942916,0.998940508774523,1.01089492256507,"GO"
25.2,2,0.99914041454236,0.994754301047534,1.00354586747766,"GO"
25.2,3,0.994168136876583,0.990460979742643,0.997889169381988,"GO"
25.2,4,0.99034739753915,0.986449542522201,0.994260654533674,"GO"
25.2,5,0.988039948448648,0.983671271490011,0.992428027558106,"GO"
25.2,6,0.987609963419134,0.98299046689566,0.992251168950833,"GO"
25.2,7,0.989305238331047,0.98484572156314,0.993784948403719,"GO"
25.2,8,0.992885511292145,0.988828477296202,0.996959190768292,"GO"
25.2,9,0.997992443159433,0.994133019061413,1.00186685031715,"GO"
25.2,10,1.00426827501394,0.999844441399062,1.00871168197747,"GO"
25.2,11,1.01135084486043,1.00549343891117,1.01724237256835,"GO"
25.2,12,1.01886992620191,1.01102854627633,1.02677212264882,"GO"
25.3,0,1.01260526694777,1.00367932439926,1.02161058988047,"GO"
25.3,1,1.00554893840154,0.998943746156747,1.01219780534248,"GO"
25.3,2,0.998974509869858,0.994110340528627,1.00386247953024,"GO"
25.3,3,0.993303422567553,0.989191871551143,0.99743206314186,"GO"
25.3,4,0.988949128948915,0.984632140430277,0.993285044728918,"GO"
25.3,5,0.986321801976741,0.981489492475633,0.991177903087737,"GO"
25.3,6,0.98583478750472,0.980727079112122,0.990969097268463,"GO"
25.3,7,0.98777018725458,0.982836986493413,0.992728149466612,"GO"
25.3,8,0.991855748391033,0.987362096267311,0.996369851886632,"GO"
25.3,9,0.997685764377676,0.993404806849182,1.00198517017342,"GO"
25.3,10,1.00485530937382,0.999946844943569,1.00978786810787,"GO"
25.3,11,1.01295375288594,1.00645631710243,1.01949313452545,"GO"
25.3,12,1.02155997575488,1.01286029853354,1.03033437639451,"GO"
25.4,0,1.01417975239522,1.00440874857886,1.02404580966041,"GO"
25.4,1,1.00621083437229,0.998979853974642,1.01349415524237,"GO"
25.4,2,0.998792831817715,0.993464565926956,1.00414967489016,"GO"
25.4,3,0.992399627410389,0.987895469395087,0.99692432144398,"GO"
25.4,4,0.987494966342783,0.982772813994748,0.99223980829159,"GO"
25.4,5,0.984538457244971,0.979259693963419,0.989845676044455,"GO"
25.4,6,0.983993771955773,0.978416530671089,0.989602805038094,"GO"
25.4,7,0.986178358006308,0.980788997832066,0.991597332300562,"GO"
25.4,8,0.990787356620305,0.985871804273288,0.995727417889042,"GO"
25.4,9,0.997366876210951,0.99267712713749,1.0020787812763,"GO"
25.4,10,1.00546405110852,1.00008538939587,1.01087164035289,"GO"
25.4,11,1.01461879452031,1.00750084226578,1.02178703481646,"GO"
25.4,12,1.02435768989928,1.01482540179925,1.03397951509234,"GO"
25.5,0,1.0157993787542,1.00520753418663,1.02650282930117,"GO"
25.5,1,1.00688549203759,0.999046542051959,1.01478594980518,"GO"
25.5,2,0.998595589477834,0.992815732638057,1.00440909480241,"GO"
25.5,3,0.991457366061461,0.986571264285382,0.996367666789436,"GO"
25.5,4,0.9859858983384,0.980871341608718,0.991127123897553,"GO"
25.5,5,0.982691146504178,0.976981685918575,0.988433973058302,"GO"
25.5,6,0.982088176665441,0.976058563709429,0.988155037624545,"GO"
25.5,7,0.98453078723935,0.978701386936818,0.990394908967988,"GO"
25.5,8,0.989680971081738,0.984357089247786,0.995033647057665,"GO"
25.5,9,0.997035950837203,0.991949195920233,1.00214879083564,"GO"
25.5,10,1.00609427163739,1.00025869348897,1.01196389495087,"GO"
25.5,11,1.01634551297025,1.00862478734482,1.02412533847596,"GO"
25.5,12,1.02726263573485,1.01692081002236,1.03770963518163,"GO"
25.6,0,1.01746379392511,1.0060721671237,1.02898440666354,"GO"
25.6,1,1.00757277482623,0.999141438401893,1.01607525976985,"GO"
25.6,2,0.998382996452629,0.99216255406225,1.00464243840349,"GO"
25.6,3,0.990477264065622,0.985218724872576,0.99576387036067,"GO"
25.6,4,0.984422929696315,0.97892747832311,0.989949231144182,"GO"
25.6,5,0.980781120968554,0.974655247346809,0.986945496745529,"GO"
25.6,6,0.980119279979731,0.973652884423466,0.986628621304615,"GO"
25.6,7,0.982828525856624,0.976573749489523,0.989123362923107,"GO"
25.6,8,0.988537234082894,0.982817406768211,0.99429034980322,"GO"
25.6,9,0.996693159342589,0.99122019526307,1.00219634207177,"GO"
25.6,10,1.00674573403636,1.0004653243451,1.013065568928,"GO"
25.6,11,1.0181334398265,1.00982583935507,1.02650938497966,"GO"
25.6,12,1.03027437253155,1.01914335134283,1.04152696605113,"GO"
25.7,0,1.01917264810129,1.00699904164876,1.03149342122224,"GO"
25.7,1,1.00827254620449,0.999262114547527,1.01736422569169,"GO"
25.7,2,0.998155266884689,0.991503715444089,1.00485144058527,"GO"
25.7,3,0.989459949302385,0.983837303761264,0.9951147283505,"GO"
25.7,4,0.982807069347557,0.976940960022231,0.98870840213062,"GO"
25.7,5,0.978809637100959,0.972280131114783,0.985382993050802,"GO"
25.7,6,0.978088365423301,0.971199169234722,0.985026430088736,"GO"
25.7,7,0.981072628659786,0.974405653045624,0.987785220351505,"GO"
25.7,8,0.987356789824692,0.98125218954051,0.993499368260696,"GO"
25.7,9,0.996338673021937,0.990489287271819,1.00222260262235,"GO"
25.7,10,1.00741820202166,1.00070382100707,1.01417763424067,"GO"
25.7,11,1.01998211237804,1.01110163642942,1.02894058528586,"GO"
25.7,12,1.03339247769095,1.02148977972104,1.0454338693823,"GO"
25.8,0,1.02092559356749,1.00798447297817,1.03403286017056,"GO"
25.8,1,1.00898466965754,0.999406096270867,1.01865504663483,"GO"
25.8,2,0.997912615424833,0.990837882175443,1.00503786334615,"GO"
25.8,3,0.988406051769234,0.982426444205477,0.994422054634469,"GO"
25.8,4,0.981139329915634,0.974911510362148,0.987406933322299,"GO"
25.8,5,0.976777955932752,0.969856071715391,0.983749241790744,"GO"
25.8,6,0.975996720999998,0.968697072809389,0.983351375926153,"GO"
25.8,7,0.979264153845763,0.972196644249543,0.986383041619626,"GO"
25.8,8,0.986140284184272,0.979660853044613,0.99266256997895,"GO"
25.8,9,0.99597266335922,0.989755618472066,1.0022287599541,"GO"
25.8,10,1.00811143989591,1.00097269902462,1.01530109286628,"GO"
25.8,11,1.02189107323849,1.0124497733356,1.03142041518178,"GO"
25.8,12,1.03661654582494,1.02395678075134,1.04943283083642,"GO"
25.9,0,1.0227222845004,1.009024710333,1.03660580410219,"GO"
25.9,1,1.009709008671,0.99957087435851,1.01994996887606,"GO"
25.9,2,0.997655257200567,0.990163707719072,1.00520348752503,"GO"
25.9,3,0.987316203368001,0.980985586270355,0.993687673984188,"GO"
25.9,4,0.979420727245907,0.972838847226834,0.986047137913308,"GO"
25.9,5,0.974687342394703,0.96738279265731,0.98204704759617,"GO"
25.9,6,0.973845638504977,0.966146235756738,0.98160639925523,"GO"
25.9,7,0.977404162511385,0.969946255701551,0.984919413090173,"GO"
25.9,8,0.984888364501133,0.978042800745294,0.99178184205287,"GO"
25.9,9,0.995595302008304,0.989018323671515,1.00221601729415,"GO"
25.9,10,1.00882521249491,1.00127045448302,1.01643697245702,"GO"
25.9,11,1.02385986997674,1.01386780653879,1.03395040910464,"GO"
25.9,12,1.03994618784496,1.02654097725652,1.05352645201129,"GO"
26,0,1.02456237677104,1.01011595133691,1.0392154113648,"GO"
26,1,1.01044542671275,0.99975391597138,1.02125127399245,"GO"
26,2,0.997383407784952,0.989479841599397,1.00535010447183,"GO"
26,3,0.986191037694394,0.979514172852763,0.992913415429406,"GO"
26,4,0.97765227994255,0.970722689129514,0.984631338259924,"GO"
26,5,0.972539064659307,0.964860013961063,0.980279230771987,"GO"
26,6,0.971636412848692,0.963546292510168,0.97979445939647,"GO"
26,7,0.975493718166315,0.967654012947381,0.98339693883302,"GO"
26,8,0.983601679366603,0.976397429277058,0.990859085289823,"GO"
26,9,0.995206760773959,0.988276529685926,1.00218558970024,"GO"
26,10,1.00955928513504,1.0015955679503,1.0175863220802,"GO"
26,11,1.02588805475191,1.01535325951555,1.03653215373022,"GO"
26,12,1.04338103006117,1.02923893568648,1.0577174416409,"GO"
26.1,0,1.02644552774919,1.01125435816356,1.04186490068595,"GO"
26.1,1,1.01119378721491,0.999952676895233,1.02256126607596,"GO"
26.1,2,0.997097283165893,0.988784937639967,1.00547950747487,"GO"
26.1,3,0.985031189830702,0.97801165572761,0.992101105602291,"GO"
26.1,4,0.975835008913246,0.968562761744047,0.983161858201149,"GO"
26.1,5,0.97033439349476,0.96228745997178,0.978448617865659,"GO"
26.1,6,0.96937034139307,0.960896879613504,0.977918524566838,"GO"
26.1,7,0.973533886254437,0.965319441804387,0.981818232018706,"GO"
26.1,8,0.982280878416692,0.974724133796928,0.989896208216888,"GO"
26.1,9,0.99480721159315,0.987529359118348,1.00213870008004,"GO"
26.1,10,1.01031342356143,1.00194650858592,1.01875020780202,"GO"
26.1,11,1.0279751839521,1.01690362868801,1.03916728095929,"GO"
26.1,12,1.04692071329069,1.03204717387143,1.06200860548418,"GO"
26.2,0,1.0283713961095,1.01243607552465,1.04455753197869,"GO"
26.2,1,1.01195395355607,1.00016461471194,1.02388225803479,"GO"
26.2,2,0.996797099715839,0.988077662479946,1.00559348291317,"GO"
26.2,3,0.983837296141762,0.976477501666392,0.991252562017782,"GO"
26.2,4,0.973969936921805,0.966358804619706,0.981641015213575,"GO"
26.2,5,0.968074601630878,0.959664867547465,0.976558031886513,"GO"
26.2,6,0.967048723300115,0.958197644477164,0.975981561451929,"GO"
26.2,7,0.971525733683898,0.962942076094899,0.980185905924644,"GO"
26.2,8,0.980926612128386,0.97302231358323,0.988895120851067,"GO"
26.2,9,0.994396826516593,0.986775934281115,1.00207657507036,"GO"
26.2,10,1.01108739389662,1.00232173853089,1.0199297079948,"GO"
26.2,11,1.03012081783718,1.01851639016217,1.04185746011666,"GO"
26.2,12,1.05056489197416,1.03496217041215,1.06640283461681,"GO"
26.3,0,1.03033964163953,1.01365725037478,1.04729658544974,"GO"
26.3,1,1.01272578904364,1.0003872027883,1.02521655708454,"GO"
26.3,2,0.996483074161915,0.987356704312753,1.00569380119046,"GO"
26.3,3,0.982609994074223,0.974911198604997,0.990369586313209,"GO"
26.3,4,0.972058088148842,0.964110578054295,0.980071112426243,"GO"
26.3,5,0.965760963137195,0.956991994587177,0.974610282212469,"GO"
26.3,6,0.964672858893211,0.955448254568637,0.973986524372627,"GO"
26.3,7,0.969470328365936,0.960521465767962,0.978502564573612,"GO"
26.3,8,0.979539531619415,0.971291377889125,0.987857728224076,"GO"
26.3,9,0.9939757776906,0.986015381292478,1.00200044074421,"GO"
26.3,10,1.01188096259002,1.0027197176272,1.02112590831966,"GO"
26.3,11,1.03232452018511,1.02018900733875,1.04460438929388,"GO"
26.3,12,1.05431323329996,1.03798037581142,1.07090309201893,"GO"
26.4,0,1.03234992504941,1.01491405304305,1.05008533929949,"GO"
26.4,1,1.01350915689651,1.00061794487621,1.02656644963544,"GO"
26.4,2,0.996155423556473,0.986620781732449,1.00578220756562,"GO"
26.4,3,0.981349921959159,0.973312261795474,0.98945395751278,"GO"
26.4,4,0.970100487760656,0.96181787005024,0.978454430571462,"GO"
26.4,5,0.963394752813464,0.954268628799263,0.972608154284986,"GO"
26.4,6,0.962244049031346,0.95264840693172,0.971936344152836,"GO"
26.4,7,0.967368738762659,0.958057185328831,0.97677079308587,"GO"
26.4,8,0.978120288451561,0.969530752013806,0.986785923699037,"GO"
26.4,9,0.993544237339182,0.985246834343391,1.00191151815043,"GO"
26.4,10,1.01269389636792,1.00313890846743,1.0223398963835,"GO"
26.4,11,1.03458585794185,1.02191893938214,1.04740978584898,"GO"
26.4,12,1.05816541633533,1.04109822531489,1.07551239748724,"GO"
26.5,0,1.03440190778328,1.01620269936866,1.05292704643517,"GO"
26.5,1,1.01430392022785,1.00085439004202,1.02793418585733,"GO"
26.5,2,0.995814365248082,0.985868652536113,1.00586041303115,"GO"
26.5,3,0.98005771881808,0.971680239850448,0.988507425408519,"GO"
26.5,4,0.968098161486465,0.959480503245038,0.976793219980753,"GO"
26.5,5,0.96097724559279,0.951494596563952,0.970554399238816,"GO"
26.5,6,0.959763594496483,0.949797837877536,0.969833916846186,"GO"
26.5,7,0.965222033443902,0.955548842450342,0.974993147871453,"GO"
26.5,8,0.976669534437528,0.967739883521917,0.985681582148841,"GO"
26.5,9,0.99310237774645,0.984469440105153,1.00181101871513,"GO"
26.5,10,1.01352596218413,1.00357778174181,1.02357275610308,"GO"
26.5,11,1.03690440087464,1.02370365046834,1.05027537614164,"GO"
26.5,12,1.06212113116377,1.04431215331393,1.08023381101598,"GO"
26.6,0,1.03649525183227,1.01751947331615,1.05582491072095,"GO"
26.6,1,1.01510994202806,1.00109414759042,1.02932196425725,"GO"
26.6,2,0.99546011685294,0.985099122308163,1.00593008541416,"GO"
26.6,3,0.978734024172382,0.97001472057417,0.987531704163883,"GO"
26.6,4,0.966052135204088,0.957098341686344,0.97508969275617,"GO"
26.6,5,0.95850971595756,0.948669771712779,0.968451723644887,"GO"
26.6,6,0.957232795394262,0.946896332653151,0.96768209251683,"GO"
26.6,7,0.963031280653286,0.952996086607179,0.973172146822246,"GO"
26.6,8,0.975187921451422,0.96591824851817,0.98454655308943,"GO"
26.6,9,0.992650371239276,0.983682362230741,1.0017001395521,"GO"
26.6,10,1.01437692717127,1.00403482182465,1.02482556183408,"GO"
26.6,11,1.0392797212286,1.02554061967821,1.0532028846365,"GO"
26.6,12,1.06618007802806,1.04761860906272,1.08507041489168,"GO"
26.7,0,1.03862961954922,1.01886074947731,1.05878206335692,"GO"
26.7,1,1.01592708514806,1.00133490161762,1.03073191663458,"GO"
26.7,2,0.995092896226735,0.984311052603404,1.00599284088288,"GO"
26.7,3,0.977379477856277,0.968315336468481,0.98652846625207,"GO"
26.7,4,0.963963434534211,0.954671297310969,0.973346015258183,"GO"
26.7,5,0.95599343736837,0.945794084027833,0.966302779564116,"GO"
26.7,6,0.954652950568222,0.943943734869304,0.965483664293611,"GO"
26.7,7,0.960797547883595,0.950398617551664,0.971310259685798,"GO"
26.7,8,0.973676101242873,0.964065357867727,0.983382653877701,"GO"
26.7,9,0.992188390170252,0.982884785889691,1.00158005874263,"GO"
26.7,10,1.01524655859265,1.00450853252188,1.02609937234334,"GO"
26.7,11,1.04171139338636,1.02742735135773,1.05619402255247,"GO"
26.7,12,1.07034196647829,1.05101407337439,1.09002529483401,"GO"
26.8,0,1.04080467346479,1.02022301483392,1.06180154001181,"GO"
26.8,1,1.01675521228264,1.00157442482105,1.0321660937864,"GO"
26.8,2,0.994712921436937,0.983503368548059,1.00605023603969,"GO"
26.8,3,0.975994719833237,0.966581769803668,0.985499336839183,"GO"
26.8,4,0.961833084443335,0.952199335985148,0.971564301053251,"GO"
26.8,5,0.953429681706099,0.942867527256436,0.96411015511722,"GO"
26.8,6,0.952025357027698,0.940939955457486,0.963241357928144,"GO"
26.8,7,0.958521901461579,0.94775619343786,0.969409898814616,"GO"
26.8,8,0.972134725254837,0.96218076324287,0.982191663093718,"GO"
26.8,9,0.991716606900915,0.982075922267315,1.00145193065365,"GO"
26.8,10,1.01613462379483,1.0049974428864,1.02739522471738,"GO"
26.8,11,1.04419899353076,1.02936138573087,1.05925047627124,"GO"
26.8,12,1.07460651452424,1.05449507589097,1.09510152058532,"GO"
26.9,0,1.04302007610521,1.02160288916185,1.06488625932828,"GO"
26.9,1,1.01759418595408,1.0018105912078,1.03362645232082,"GO"
26.9,2,0.994320410735532,0.98267506569123,1.0061037607684,"GO"
26.9,3,0.974580390015989,0.964813757152557,0.984445888714182,"GO"
26.9,4,0.959662108855488,0.949682482969774,0.969746604457771,"GO"
26.9,5,0.950819718727268,0.939890166441316,0.961876365771136,"GO"
26.9,6,0.949351309389544,0.937884980928503,0.960957822085379,"GO"
26.9,7,0.95620540614226,0.9450686383997,0.967473410485753,"GO"
26.9,8,0.970564444445097,0.960264062872782,0.980975314230642,"GO"
26.9,9,0.991235193785264,0.981255012953635,1.00131688136908,"GO"
26.9,10,1.01704089016067,1.00550011299759,1.02871412831088,"GO"
26.9,11,1.04674209931044,1.03134030952571,1.06237389574418,"GO"
26.9,12,1.07897344779171,1.05805821247155,1.10030212640199,"GO"
27,0,1.04527548981147,1.02299714350114,1.06803900337517,"GO"
27,1,1.01844386849597,1.00204138738024,1.03511484289965,"GO"
27,2,0.993915582532207,0.98182521596168,1.0061548319807,"GO"
27,3,0.973137128090092,0.96301109329992,0.983369637853693,"GO"
27,4,0.9574515302728,0.947120827688312,0.967894914801101,"GO"
27,5,0.948164815532822,0.936862144382144,0.959603846526735,"GO"
27,6,0.946632099333806,0.934778880719512,0.9586356195803,"GO"
27,7,0.953849124712844,0.942335849398298,0.965503066975966,"GO"
27,8,0.968965909111502,0.958314906875698,0.979735289813313,"GO"
27,9,0.990744323153558,0.980421334145473,1.00117600431098,"GO"
27,10,1.0179651250631,1.00601513959557,1.03005705884437,"GO"
27,11,1.04934028950822,1.03336176636067,1.06556588314964,"GO"
27,12,1.08344249868202,1.06170016221708,1.10563009192639,"GO"
27.1,0,1.04757057655993,1.02440271619577,1.07126240054247,"GO"
27.1,1,1.0193041220372,1.00226492213154,1.03663300017764,"GO"
27.1,2,0.993498655367978,0.980952972614721,1.0062047883774,"GO"
27.1,3,0.971665573341119,0.961173634457411,0.982272039691658,"GO"
27.1,4,0.955202369405006,0.944514527695354,0.966011151510027,"GO"
27.1,5,0.945466236050437,0.933783687070366,0.957294945166481,"GO"
27.1,6,0.943869015073453,0.931621813443276,0.956277219747575,"GO"
27.1,7,0.951454117606293,0.939557802173085,0.963501059558231,"GO"
27.1,8,0.967339768720955,0.956333002061057,0.978473216058028,"GO"
27.1,9,0.990244167296394,0.979574200586573,1.0010303561255,"GO"
27.1,10,1.0189070958194,1.00654116145996,1.03142495276127,"GO"
27.1,11,1.05199314371208,1.03542346663704,1.06882798205419,"GO"
27.1,12,1.08801340553431,1.06541770365082,1.11108832391839,"GO"
27.2,0,1.04990499778442,1.0258167261141,1.07455891126705,"GO"
27.2,1,1.02017480848615,1.00247943415252,1.03818253463683,"GO"
27.2,2,0.993069847889266,0.980057574089073,1.00625488630444,"GO"
27.2,3,0.970166364485482,0.959301300735406,0.981154486142601,"GO"
27.2,4,0.952915644807948,0.941863811769164,0.964097160091649,"GO"
27.2,5,0.942725240530449,0.930655107973618,0.954951916686184,"GO"
27.2,6,0.941063340838268,0.928414031890361,0.953884992093985,"GO"
27.2,7,0.949021442524634,0.936734556159568,0.961469492557204,"GO"
27.2,8,0.965686671742184,0.954318116103063,0.977190658172294,"GO"
27.2,9,0.989734898449074,0.978712969175299,1.00088095290433,"GO"
27.2,10,1.01986656964614,1.0070768644271,1.03281870195032,"GO"
27.2,11,1.05470024198885,1.03752319669578,1.07216166731887,"GO"
27.2,12,1.09268591179012,1.06920772960016,1.11667963929806,"GO"
27.3,0,1.05227841419965,1.02723648278818,1.07793081685053,"GO"
27.3,1,1.02105578951512,1.00268329772792,1.03976492643767,"GO"
27.3,2,0.992629378822427,0.979138346731425,1.0063062967461,"GO"
27.3,3,0.968640139504907,0.957394077845946,0.980018303404487,"GO"
27.3,4,0.950592372531125,0.939168982080016,0.962154709063173,"GO"
27.3,5,0.939943085055496,0.927476811086406,0.952576918994619,"GO"
27.3,6,0.938216356372977,0.925155886679416,0.951461201338934,"GO"
27.3,7,0.946552154072048,0.933866258271456,0.959410378566217,"GO"
27.3,8,0.964007265482301,0.952270081005292,0.975889116375062,"GO"
27.3,9,0.989216688776256,0.977837042177079,1.00072876680433,"GO"
27.3,10,1.02084331361469,1.00762098594832,1.03423914893062,"GO"
27.3,11,1.0574611645603,1.03965882702105,1.07556833596776,"GO"
27.3,12,1.09745976515969,1.07306726037829,1.12240674989913,"GO"
27.4,0,1.05469048562603,1.02865949334568,1.0813802114946,"GO"
27.4,1,1.0219469265449,1.00287502638046,1.04138152132861,"GO"
27.4,2,0.992177466948736,0.978194706384483,1.00636010345969,"GO"
27.4,3,0.967087535484595,0.955452018033998,0.978864750544059,"GO"
27.4,4,0.948233565774357,0.936430415416098,0.960185487847083,"GO"
27.4,5,0.937121021063914,0.92424929270729,0.950172009921136,"GO"
27.4,6,0.935329336449672,0.921847828499574,0.949008003899407,"GO"
27.4,7,0.944047303397786,0.930953145484302,0.957325634888957,"GO"
27.4,8,0.962302195927177,0.950188795797701,0.974570022696229,"GO"
27.4,9,0.988689710356891,0.976945869988846,1.00057472311823,"GO"
27.4,10,1.02183709460727,1.00817231910477,1.03568708258386,"GO"
27.4,11,1.06027549148163,1.04182831930757,1.07904929920103,"GO"
27.4,12,1.1023347167896,1.07699345493736,1.1282722492592,"GO"
27.5,0,1.05714087081581,1.03008346624298,1.08490899754487,"GO"
27.5,1,1.02284808072954,1.00305327449777,1.04303352857898,"GO"
27.5,2,0.991714331079826,0.97722615887028,1.00641730222007,"GO"
27.5,3,0.965509188455067,0.953475240256257,0.977695018845608,"GO"
27.5,4,0.945840234553574,0.933648563478149,0.958191105620758,"GO"
27.5,5,0.934260294886977,0.920973141946552,0.947739145527607,"GO"
27.5,6,0.932403550394594,0.918490408938947,0.946527445825765,"GO"
27.5,7,0.941507937848948,0.927995546199042,0.955217081227728,"GO"
27.5,8,0.960572107585641,0.948074228431133,0.973234738590456,"GO"
27.5,9,0.988154135169443,0.976038953414819,1.00041969783708,"GO"
27.5,10,1.02284767927365,1.00872971601056,1.0371632345017,"GO"
27.5,11,1.06314280232238,1.04402973225186,1.08260577569185,"GO"
27.5,12,1.10731052043125,1.08098361975413,1.13427860168373,"GO"
27.6,0,1.05962922728053,1.03150631193133,1.08851888381065,"GO"
27.6,1,1.02375911294141,1.0032168370466,1.04472202083057,"GO"
27.6,2,0.991240190033581,0.976232299432356,1.00647880111028,"GO"
27.6,3,0.963905733237735,0.951463929646434,0.976510231884288,"GO"
27.6,4,0.943413385375789,0.930823952281295,0.956173091082256,"GO"
27.6,5,0.931362147299972,0.917649040009661,0.945280179679675,"GO"
27.6,6,0.929440261629288,0.915084279940883,0.944021462146991,"GO"
27.6,7,0.938935100633155,0.924993880404147,0.953086438599794,"GO"
27.6,8,0.958817643337505,0.945926416858846,0.971884553375859,"GO"
27.6,9,0.987610135077403,0.97511584542632,1.00026451573164,"GO"
27.6,10,1.0238748339884,1.00929209055463,1.03866827599798,"GO"
27.6,11,1.06606267584944,1.04626122597601,1.08623888625815,"GO"
27.6,12,1.1123869316098,1.0850352153067,1.14042813372328,"GO"
27.7,0,1.06215521111976,1.03292614069275,1.09221138672339,"GO"
27.7,1,1.02467988375632,1.00336464753648,1.04644793570593,"GO"
27.7,2,0.99075526261049,0.97521281122677,1.00654542176859,"GO"
27.7,3,0.962277803294184,0.949418336322701,0.975311446268451,"GO"
27.7,4,0.940954020923263,0.927957180726248,0.95413289307026,"GO"
27.7,5,0.928427813087177,0.914277758338178,0.942796864795879,"GO"
27.7,6,0.926440727226173,0.911630191972314,0.941491877541312,"GO"
27.7,7,0.936329830491109,0.921948658692284,0.950935329426111,"GO"
27.7,8,0.957039444285437,0.943745469318344,0.970520683484435,"GO"
27.7,9,0.987057881815084,0.974176152392295,1.00010994896634,"GO"
27.7,10,1.02491832480873,1.00985842045198,1.0402028158151,"GO"
27.7,11,1.0690346897124,1.04852106504278,1.08994964994991,"GO"
27.7,12,1.11756370679312,1.08914586010049,1.14672302810382,"GO"
27.8,0,1.06471847685118,1.03434125796324,1.09598783401578,"GO"
27.8,1,1.02561025343893,1.00349577443834,1.04821207896745,"GO"
27.8,2,0.990259767570464,0.974167462971734,1.00661790148206,"GO"
27.8,3,0.960626030579194,0.947338773605989,0.97409965298237,"GO"
27.8,4,0.93846313974688,0.925048918421232,0.95207188195698,"GO"
27.8,5,0.925458520620721,0.910860155719534,0.940290853663395,"GO"
27.8,6,0.923406197478518,0.908128991023873,0.938940408212693,"GO"
27.8,7,0.933693161379086,0.918860480219283,0.948765278704798,"GO"
27.8,8,0.955238149610685,0.941531563848544,0.969144272489232,"GO"
27.8,9,0.986497546973704,0.97321953478105,0.99995671624499,"GO"
27.8,10,1.02597791743291,1.01042774859505,1.04176739853355,"GO"
27.8,11,1.07205842013092,1.05080762007016,1.09373898154341,"GO"
27.8,12,1.12284060256045,1.09331333229555,1.15316532005621,"GO"
27.9,0,1.06731867724178,1.03575015751573,1.09984937054845,"GO"
27.9,1,1.02655008192835,1.00360941629264,1.05001512899299,"GO"
27.9,2,0.989753923610108,0.973096105878715,1.00669689600392,"GO"
27.9,3,0.9589510453975,0.945225615726972,0.972875779251607,"GO"
27.9,4,0.935941735968741,0.922099902850011,0.949991351718717,"GO"
27.9,5,0.922455491453338,0.907397174499114,0.937763702187118,"GO"
27.9,6,0.920337915484823,0.90458161458815,0.936368664826991,"GO"
27.9,7,0.931026122161326,0.915730029718564,0.946577716156319,"GO"
27.9,8,0.953414396432642,0.939284947096196,0.967756391854456,"GO"
27.9,9,0.98592930198776,0.972245707346846,0.999805482474909,"GO"
27.9,10,1.02705337715922,1.01099918371581,1.04336250367406,"GO"
27.9,11,1.07513344158414,1.05311936799849,1.09760769038881,"GO"
27.9,12,1.12821737477033,1.09753556907026,1.15975689590809,"GO"
28,0,1.06995546314049,1.0371515129042,1.10379696588258,"GO"
28,1,1.02749922882387,1.00370489575537,1.05185764231937,"GO"
28,2,0.98923794934046,0.971998669994369,1.00678298296539,"GO"
28,3,0.957253476264301,0.943079295104804,0.971640690848013,"GO"
28,4,0.933390798993976,0.919110935990185,0.947892522580014,"GO"
28,5,0.919419939924998,0.903889836041994,0.93521687292478,"GO"
28,6,0.917237116747585,0.900989086779828,0.933778156344101,"GO"
28,7,0.928329736312335,0.912558073702177,0.944373979209335,"GO"
28,8,0.951568819672268,0.937005932480593,0.966358042339532,"GO"
28,9,0.985353318121689,0.971254438826745,0.999656858923883,"GO"
28,10,1.02814446884556,1.01157190038694,1.04498854546411,"GO"
28,11,1.0782593265022,1.05545489110243,1.10155648051865,"GO"
28,12,1.13369377772746,1.10181066392451,1.16649949373337,"GO"
28.1,0,1.0726284833119,1.03854416757498,1.10783142319165,"GO"
28.1,1,1.028457553371,1.00378165283146,1.05374006000432,"GO"
28.1,2,0.988712063265189,0.970875160083116,1.00687666575219,"GO"
28.1,3,0.955533949769519,0.940900299282296,0.970395194749747,"GO"
28.1,4,0.930811313231772,0.916082880489623,0.945776544123586,"GO"
28.1,5,0.916353072783383,0.900339235597771,0.932651739254745,"GO"
28.1,6,0.914105028786415,0.897352512769744,0.931170294574101,"GO"
28.1,7,0.925605021629072,0.90934545599008,0.942155316685611,"GO"
28.1,8,0.949702051919365,0.934694897796745,0.964950155976975,"GO"
28.1,9,0.984769766456814,0.970245551183146,0.999511403834669,"GO"
28.1,10,1.02925095686954,1.01214513840576,1.04664587322472,"GO"
28.1,11,1.08143564495966,1.05781287487066,1.10558595189372,"GO"
28.1,12,1.1392695633483,1.10613686217502,1.1733947058049,"GO"
28.2,0,1.07533738427128,1.03992712403728,1.1119533891203,"GO"
28.2,1,1.02942491444758,1.00383923753476,1.0556627145676,"GO"
28.2,2,0.988176483759262,0.969725651175649,1.00697837772051,"GO"
28.2,3,0.953793090445805,0.938689167600622,0.969140042073237,"GO"
28.2,4,0.928204257825585,0.913016655508059,0.943644498759026,"GO"
28.2,5,0.913256088818183,0.896746536720934,0.930069590024006,"GO"
28.2,6,0.910942870765465,0.893673072704917,0.928546399285351,"GO"
28.2,7,0.922852989953007,0.906093092712821,0.939922893038907,"GO"
28.2,8,0.947814723303692,0.932352282344125,0.963533598537037,"GO"
28.2,9,0.984178817878581,0.969218918435428,0.99936962345356,"GO"
28.2,10,1.03037260508921,1.01271820161714,1.04833477232167,"GO"
28.2,11,1.08466196437078,1.06019210489853,1.10969660264096,"GO"
28.2,12,1.14494448032489,1.1105125549277,1.18044398256423,"GO"
28.3,0,1.0780818101208,1.04129953245401,1.11616336422841,"GO"
28.3,1,1.03040117055022,1.00387730219548,1.05762583729035,"GO"
28.3,2,0.987631429048076,0.968550283900068,1.00708848663575,"GO"
28.3,3,0.952031520640297,0.936446487692454,0.967875931198262,"GO"
28.3,4,0.925570606392546,0.909913232326253,0.941497405447884,"GO"
28.3,5,0.91013017850914,0.893112965392334,0.927471634530802,"GO"
28.3,6,0.907751853135103,0.889952015279556,0.925907703699475,"GO"
28.3,7,0.920074646902007,0.902801966929925,0.937677793005475,"GO"
28.3,8,0.945907461369923,0.929978583671036,0.962109172389062,"GO"
28.3,9,0.983580643064083,0.968174465129913,0.999231973423862,"GO"
28.3,10,1.03150917680434,1.01329045624081,1.05005546561537,"GO"
28.3,11,1.08793784918679,1.06259146295226,1.11388883212434,"GO"
28.3,12,1.15071827328684,1.11493627182542,1.18764863780805,"GO"
28.4,0,1.08086140238698,1.04266067897373,1.12046171369946,"GO"
28.4,1,1.03138617978082,1.00389559361109,1.05962956567671,"GO"
28.4,2,0.987077117187045,0.967349259700896,1.00720729922877,"GO"
28.4,3,0.950249860390125,0.934172891866164,0.966603511013483,"GO"
28.4,4,0.922911326771998,0.906773629817475,0.939336223590338,"GO"
28.4,5,0.9069765236878,0.889439803975794,0.924859007707724,"GO"
28.4,6,0.904533177287775,0.886190651109546,0.923255360220652,"GO"
28.4,7,0.917270991612028,0.899473122998509,0.935421026531672,"GO"
28.4,8,0.943980890956443,0.927574354024098,0.96067761967012,"GO"
28.4,9,0.982975412469875,0.967112164500924,0.99909886049148,"GO"
28.4,10,1.03266043471824,1.01386132877418,1.05180811533841,"GO"
28.4,11,1.09126286059499,1.06500992236826,1.11816294468493,"GO"
28.4,12,1.15659068196106,1.1194066728687,1.195009854793,"GO"
28.5,0,1.08367579985935,1.04400997407766,1.12484867803902,"GO"
28.5,1,1.03237979983336,1.00389394520933,1.06167395090897,"GO"
28.5,2,0.986513766041672,0.966122836037988,1.00733506577776,"GO"
28.5,3,0.948448727301658,0.931869053446158,0.965323384217425,"GO"
28.5,4,0.920227380783163,0.90359890986636,0.937161856988387,"GO"
28.5,5,0.903796297212889,0.8857283851292,0.922232775385848,"GO"
28.5,6,0.901288035227971,0.882390346046503,0.92059044626298,"GO"
28.5,7,0.914443016488552,0.89610766081482,0.933153533855888,"GO"
28.5,8,0.942035634077958,0.925140196588634,0.959239625675089,"GO"
28.5,9,0.982363296320072,0.966032036377266,0.998970644468316,"GO"
28.5,10,1.03382614090022,1.01443030354469,1.05359282532666,"GO"
28.5,11,1.09463655621957,1.06744654294909,1.12251915388833,"GO"
28.5,12,1.16256144032908,1.12392253959213,1.20252869297424,"GO"
28.6,0,1.08652463843031,1.04534694116632,1.12932438353811,"GO"
28.6,1,1.03338188798089,1.00387226936229,1.06375896515731,"GO"
28.6,2,0.985941593268066,0.964871321643252,1.00747198463775,"GO"
28.6,3,0.946628736433475,0.929535683125903,0.964036110618319,"GO"
28.6,4,0.917519723991867,0.900390172809104,0.934975157811496,"GO"
28.6,5,0.900590662659239,0.881980085772816,0.919593939537003,"GO"
28.6,6,0.898017609256201,0.878552514548715,0.917913970058424,"GO"
28.6,7,0.911591706967731,0.892706730037104,0.930876190636316,"GO"
28.6,8,0.940072309811925,0.922676761599796,0.957795822388384,"GO"
28.6,9,0.981744464594735,0.964934144888069,0.998847640399548,"GO"
28.6,10,1.03500605674852,1.01499691998558,1.05540964353008,"GO"
28.6,11,1.09805848982439,1.06990046550927,1.1269575871261,"GO"
28.6,12,1.16863027578172,1.12848276585573,1.21020609511749,"GO"
28.7,0,1.0894075509362,1.04667120556263,1.13388885232478,"GO"
28.7,1,1.03439230106266,1.00383054996229,1.06588450863336,"GO"
28.7,2,0.985360816293943,0.963595071898961,1.007618206654,"GO"
28.7,3,0.944790500183075,0.927173525381467,0.962742210384978,"GO"
28.7,4,0.914789305486308,0.89714855295743,0.9327769305022,"GO"
28.7,5,0.897360774020168,0.878196321200216,0.916943443408581,"GO"
28.7,6,0.894723071666901,0.874678613206579,0.91522687634754,"GO"
28.7,7,0.908718041287179,0.889271524382393,0.928589813031864,"GO"
28.7,8,0.938091534188777,0.920184742396448,0.956346792085271,"GO"
28.7,9,0.981119087018553,0.963818596019978,0.998730120882796,"GO"
28.7,10,1.03619994295393,1.01556076970622,1.057258564732,"GO"
28.7,11,1.10152821101741,1.0723709062115,1.13147829043015,"GO"
28.7,12,1.17479690827091,1.13308634848032,1.21804289455427,"GO"
28.8,0,1.09232416699967,1.0479824840631,1.13854201187171,"GO"
28.8,1,1.03541089547156,1.00376883534313,1.068050416304,"GO"
28.8,2,0.984771652300083,0.962294484387876,1.00777383940917,"GO"
28.8,3,0.942934628177286,0.924783354984721,0.961442167209558,"GO"
28.8,4,0.912037067661789,0.89387521425715,0.930567935570724,"GO"
28.8,5,0.894107775423209,0.874378539400115,0.914282176482402,"GO"
28.8,6,0.89140558446014,0.870770134500553,0.912530051874693,"GO"
28.8,7,0.905822990266337,0.885803276073579,0.926295162659674,"GO"
28.8,8,0.936093920085928,0.917664871481011,0.954893070939538,"GO"
28.8,9,0.9804873330498,0.962685535074444,0.998618318490439,"GO"
28.8,10,1.03740755946387,1.016121493424,1.05913953340982,"GO"
28.8,11,1.10504526495702,1.0748571508183,1.13608123337532,"GO"
28.8,12,1.18106104945849,1.1377323779217,1.2260398223843,"GO"
28.9,0,1.09527411287312,1.04928057512853,1.1432837038683,"GO"
28.9,1,1.03643752714162,1.00368723160604,1.07025646420603,"GO"
28.9,2,0.984174318202258,0.960969994652887,1.00793895126637,"GO"
28.9,3,0.941061727166379,0.922365973647066,0.960136431351309,"GO"
28.9,4,0.909263946014376,0.890571346121159,0.928348893238652,"GO"
28.9,5,0.890832800859096,0.87052821564117,0.911610979205268,"GO"
28.9,6,0.88806629906701,0.86682860085113,0.90982433062799,"GO"
28.9,7,0.902907517096362,0.882303250497349,0.923992951368556,"GO"
28.9,8,0.934080077125544,0.915117916639104,0.953435152583678,"GO"
28.9,9,0.979849371869587,0.961535144069679,0.998512428250515,"GO"
28.9,10,1.03862866544715,1.01667877781862,1.06105244667651,"GO"
28.9,11,1.10860919206004,1.07735854896616,1.14076631396241,"GO"
28.9,12,1.18742240186179,1.14242002914422,1.23419751446359,"GO"
29,0,1.09825701128355,1.05056534977106,1.14811369240031,"GO"
29,1,1.03747205153584,1.00358589638865,1.0725023753235,"GO"
29,2,0.983569030633628,0.959622072192658,1.00811357518187,"GO"
29,3,0.939172400921874,0.919922206816958,0.958825422537998,"GO"
29,4,0.906470868943408,0.887238159466494,0.926120486901859,"GO"
29,5,0.887536973923865,0.86664684735713,0.908930647453594,"GO"
29,6,0.8847063560886,0.862855559003407,0.907110498781036,"GO"
29,7,0.899972577139444,0.878772741118691,0.921683845782396,"GO"
29,8,0.932050611576065,0.912544677163356,0.951973491577122,"GO"
29,9,0.979205372371399,0.960367639126996,0.998412610146493,"GO"
29,10,1.03986301925919,1.01723235236282,1.06299715724846,"GO"
29,11,1.11221952771153,1.07987450855182,1.14553336339218,"GO"
29,12,1.19388065799592,1.14714855281977,1.24251651805092,"GO"
29.1,0,1.1012724812785,1.0518367431652,1.15303167140912,"GO"
29.1,1,1.03851432363418,1.00346503309716,1.07478782500728,"GO"
29.1,2,0.982956005927597,0.958251216710046,1.00829771227047,"GO"
29.1,3,0.937267250138,0.917452900647672,0.957509532708541,"GO"
29.1,4,0.903658757562801,0.883876882976032,0.923883366391978,"GO"
29.1,5,0.884221407573966,0.862735949356687,0.906241936707382,"GO"
29.1,6,0.881326885048382,0.858852574773969,0.904389299308446,"GO"
29.1,7,0.897019117737493,0.875213064684315,0.919368471581009,"GO"
29.1,8,0.930006126257449,0.909945980216737,0.950508506747154,"GO"
29.1,9,0.978555503150915,0.959183267876077,0.998318991601359,"GO"
29.1,10,1.04111037840792,1.01778198617636,1.06497347639326,"GO"
29.1,11,1.11587580197641,1.08240449030207,1.15038215065885,"GO"
29.1,12,1.20043549951265,1.15191726694709,1.25099729801723,"GO"
29.2,0,1.10432013807335,1.05309474698741,1.15803727142598,"GO"
29.2,1,1.0395641979217,1.00332488560758,1.07711244593137,"GO"
29.2,2,0.982335460101144,0.956857954621827,1.00849133511516,"GO"
29.2,3,0.935346872336821,0.914958919145813,0.956189128586273,"GO"
29.2,4,0.900828525521058,0.880488759597482,0.92163815102355,"GO"
29.2,5,0.880887203894236,0.85879704937134,0.903545565919944,"GO"
29.2,6,0.877929004157889,0.854821228175082,0.901661436259743,"GO"
29.2,7,0.894048078030083,0.871625556735584,0.917047417497613,"GO"
29.2,8,0.927947220450117,0.907322677362262,0.949040584375582,"GO"
29.2,9,0.977899932496121,0.957982306908409,0.998231669916788,"GO"
29.2,10,1.04237049952018,1.0183274849424,1.06698117681799,"GO"
29.2,11,1.11957753931283,1.0849480025821,1.15531238690761,"GO"
29.2,12,1.20708659633571,1.15672554895757,1.25964024255055,"GO"
29.3,0,1.10739959289983,1.05433940247051,1.1631300655948,"GO"
29.3,1,1.04062152837699,1.00316573343021,1.07947583259132,"GO"
29.3,2,0.981707608838612,0.955442835831535,1.00869439081917,"GO"
29.3,3,0.933411861776981,0.912441141506001,0.954864554077364,"GO"
29.3,4,0.89798107882993,0.877075043285671,0.919385432420659,"GO"
29.3,5,0.877535453878603,0.854831683945365,0.900842221078861,"GO"
29.3,6,0.874513820095532,0.850763108920691,0.898927578686741,"GO"
29.3,7,0.891060388781601,0.868011567441548,0.914721239022067,"GO"
29.3,8,0.925874489807585,0.904675641278286,0.947570081211859,"GO"
29.3,9,0.977238828377698,0.956765059302956,0.998150714643333,"GO"
29.3,10,1.04364313830875,1.01886868791818,1.06901999546619,"GO"
29.3,11,1.12332425828734,1.08750459648233,1.16032372951658,"GO"
29.3,12,1.21383360579248,1.16157282834959,1.26844566831392,"GO"
29.4,0,1.11051045285587,1.05557079414591,1.16830957501053,"GO"
29.4,1,1.04168616846075,1.00298788732292,1.0818775453597,"GO"
29.4,2,0.981072667475968,0.954006430761841,1.00890680380402,"GO"
29.4,3,0.931462809366067,0.909900459633007,0.953536132493072,"GO"
29.4,4,0.895117315701625,0.873636995988642,0.917125777122309,"GO"
29.4,5,0.874167237223366,0.850841394664638,0.898132558461065,"GO"
29.4,6,0.871082427798395,0.846679812310298,0.896188364227893,"GO"
29.4,7,0.888056972217464,0.864372457754508,0.912390461807188,"GO"
29.4,8,0.923788526272745,0.902005762671914,0.946097327300082,"GO"
29.4,9,0.976572358439702,0.955531852243182,0.998076169862487,"GO"
29.4,10,1.04492804953996,1.01940546506515,1.07108963619848,"GO"
29.4,11,1.1271154712919,1.09007386121011,1.16541578587644,"GO"
29.4,12,1.22067617174211,1.16645857987248,1.27741382503429,"GO"
29.5,0,1.11365232075664,1.05678904423714,1.1735752734094,"GO"
29.5,1,1.04275797110461,1.00279168533229,1.08431711411916,"GO"
29.5,2,0.980430850985521,0.952549327638777,1.00912847836129,"GO"
29.5,3,0.929500302576557,0.907337775849193,0.952204168597859,"GO"
29.5,4,0.892238126394492,0.870175884873732,0.914859728970163,"GO"
29.5,5,0.8707836221329,0.846827724715346,0.895417207590573,"GO"
29.5,6,0.867635910266838,0.842572935480322,0.893444402359569,"GO"
29.5,7,0.885038741869339,0.860709595883892,0.910055584782079,"GO"
29.5,8,0.921689917997776,0.899313947397253,0.944622628613023,"GO"
29.5,9,0.975900689990526,0.954283034740007,0.998008056366066,"GO"
29.5,10,1.04622498700182,1.01993771431704,1.0731897723381,"GO"
29.5,11,1.13095068426271,1.0926554198016,1.17058811685256,"GO"
29.5,12,1.22761392369985,1.17138231726469,1.28654489951737,"GO"
29.6,0,1.11682479498708,1.05799430766203,1.17892659125382,"GO"
29.6,1,1.04383678870013,1.00257748923758,1.08679404149838,"GO"
29.6,2,0.979782373961112,0.951072130017052,1.00935930096875,"GO"
29.6,3,0.927524925365329,0.904754000782514,0.950868950488079,"GO"
29.6,4,0.889344393067086,0.866692979786398,0.9125878112856,"GO"
29.6,5,0.867385665137624,0.842792215759372,0.892696773911646,"GO"
29.6,6,0.864175338381754,0.838444074007745,0.890696277328952,"GO"
29.6,7,0.882006602429248,0.857024354079205,0.90771708298139,"GO"
29.6,8,0.91957924926766,0.896601113780495,0.943146269491138,"GO"
29.6,9,0.975223989994144,0.953018975471164,0.997946373722414,"GO"
29.6,10,1.04753370347283,1.02046535899911,1.07532004906837,"GO"
29.6,11,1.13482939640097,1.09524892515936,1.17584023992392,"GO"
29.6,12,1.23464647595774,1.1763435875376,1.29583901909623,"GO"
29.7,0,1.12002746935562,1.05918676759751,1.18436291925792,"GO"
29.7,1,1.04492247308805,1.0023456813696,1.08930780573877,"GO"
29.7,2,0.979127450603764,0.949575454533613,1.00959914238378,"GO"
29.7,3,0.925537258096713,0.902150051428319,0.949530751307888,"GO"
29.7,4,0.88643698964052,0.863189550932128,0.910310528845514,"GO"
29.7,5,0.863974410924068,0.838736405110203,0.889971841193078,"GO"
29.7,6,0.860701770734286,0.834294818847486,0.88794455078662,"GO"
29.7,7,0.878961449612452,0.853318105709064,0.905375410103193,"GO"
29.7,8,0.917457100427261,0.89386819014985,0.941668514888407,"GO"
29.7,9,0.974542425061638,0.951740060743806,0.997891102222576,"GO"
29.7,10,1.04885395069131,1.02098834540658,1.07748008567393,"GO"
29.7,11,1.13875109989547,1.09785405641394,1.18117163200079,"GO"
29.7,12,1.24177342670165,1.18134196578637,1.30529625453194,"GO"
29.8,0,1.12325993294933,1.06036663155952,1.18988361140117,"GO"
29.8,1,1.04601487554769,1.00209666177565,1.09185786322079,"GO"
29.8,2,0.978466294707789,0.948059928875229,1.00984785952829,"GO"
29.8,3,0.923537877469049,0.899526849376785,0.948189830810455,"GO"
29.8,4,0.883516781669014,0.859666866770014,0.908028369667998,"GO"
29.8,5,0.86055089217686,0.834661823191245,0.887242973681222,"GO"
29.8,6,0.857216253467833,0.830126753582878,0.885189764138911,"GO"
29.8,7,0.875904170029005,0.849592222620708,0.903031000810742,"GO"
29.8,8,0.915324047811955,0.891116112565372,0.940189612429885,"GO"
29.8,9,0.97385616144301,0.950446692584114,0.997842204702692,"GO"
29.8,10,1.05018547932537,1.0215066405463,1.07966947762182,"GO"
29.8,11,1.14271527964721,1.10047051560145,1.18658173192903,"GO"
29.8,12,1.24899435712461,1.18637705050235,1.31491662239131,"GO"
29.9,0,1.1265217699905,1.0615341279509,1.19548798747734,"GO"
29.9,1,1.04711384678661,1.00183084570091,1.09444365067952,"GO"
29.9,2,0.977799119647363,0.946526189945175,1.01010529717993,"GO"
29.9,3,0.921527356444735,0.896885319196852,0.946846436773522,"GO"
29.9,4,0.880584626218524,0.856126192105463,0.905741806620134,"GO"
29.9,5,0.857116129432467,0.830569991257427,0.884510718020386,"GO"
29.9,6,0.853719820132151,0.825941451967421,0.88243244064135,"GO"
29.9,7,0.872835641063863,0.845848072762753,0.900684272794991,"GO"
29.9,8,0.913180663681762,0.888345822741318,0.938709794288176,"GO"
29.9,9,0.973165365019268,0.949139286955021,0.997799628241462,"GO"
29.9,10,1.05152803894341,1.02202023004205,1.08188779848193,"GO"
29.9,11,1.14672141299595,1.10309802464478,1.19206994269333,"GO"
29.9,12,1.25630883053662,1.19144845935644,1.32470008693185,"GO"
30,0,1.12981255969458,1.06268950303149,1.20117533522469,"GO"
30,1,1.04821923693048,1.00154866135781,1.09706458713799,"GO"
30,2,0.977126138363562,0.944974882213853,1.01037128948494,"GO"
30,3,0.919506264183728,0.89422638696698,0.945500806278866,"GO"
30,4,0.877641371753374,0.852568786368981,0.903451298860697,"GO"
30,5,0.853671130944498,0.826462419360579,0.881775604959611,"GO"
30,6,0.850213491549366,0.821740475735681,0.879673087254713,"GO"
30,7,0.869756730765435,0.84208701805305,0.898335628615666,"GO"
30,8,0.911027516158958,0.88555826615207,0.937229278887716,"GO"
30,9,0.972470201294802,0.947818272101049,0.997763305733707,"GO"
30,10,1.05288137798533,1.02252911620116,1.08413460168914,"GO"
30,11,1.15076896944885,1.10573632262314,1.19763563333508,"GO"
30,12,1.26371639147092,1.19655582542022,1.33464656152706,"GO"
30.1,0,1.13313187612958,1.06383301826687,1.20694491208097,"GO"
30.1,1,1.04933089551314,1.00125054795542,1.09972007558635,"GO"
30.1,2,0.976447563351851,0.943406656238346,1.01064566130736,"GO"
30.1,3,0.917475165980468,0.891550978942793,0.944153166865513,"GO"
30.1,4,0.87468785803075,0.848995902067709,0.901157293130732,"GO"
30.1,5,0.850216892560391,0.822340604539218,0.87903815086462,"GO"
30.1,6,0.846698275691692,0.817525372661404,0.876912196285072,"GO"
30.1,7,0.866668297742451,0.838310412473251,0.895985457338888,"GO"
30.1,8,0.908865169169132,0.882754390311453,0.935748272446874,"GO"
30.1,9,0.971770835390028,0.946484087017492,0.99773315734275,"GO"
30.1,10,1.05424524373422,1.02303331623811,1.08640942215174,"GO"
30.1,11,1.1548574104112,1.10838516331216,1.2032781406025,"GO"
30.1,12,1.27121656478688,1.20169879379034,1.34475590966641,"GO"
30.2,0,1.136479288077,1.0649649480148,1.2127959466043,"GO"
30.2,1,1.05044867146691,1.00093695396281,1.10240950443277,"GO"
30.2,2,0.975763606650036,0.94182216733634,1.0109282294294,"GO"
30.2,3,0.915434623204195,0.888860020351696,0.942803737566491,"GO"
30.2,4,0.871724916002984,0.845408783396621,0.898860224904836,"GO"
30.2,5,0.846754397609291,0.818206029213959,0.876298859053238,"GO"
30.2,6,0.843175167570662,0.813297674841604,0.874150246828476,"GO"
30.2,7,0.863571191069023,0.8345196003719,0.893634135989171,"GO"
30.2,8,0.906694182385653,0.879935143214671,0.934266970368551,"GO"
30.2,9,0.971067432034321,0.945137180039874,0.997709091835693,"GO"
30.2,10,1.05561938228873,1.0235328606486,1.08871177771224,"GO"
30.2,11,1.15898618891926,1.11104431297573,1.20899677035197,"GO"
30.2,12,1.27880885476966,1.20687701858116,1.35502794556469,"GO"
30.3,0,1.1398543588942,1.06608557751172,1.21872763959779,"GO"
30.3,1,1.05157241311306,1.00060833558172,1.105132248751,"GO"
30.3,2,0.975074479826673,0.940222074400474,1.0112188036167,"GO"
30.3,3,0.913385193242637,0.88615443430473,0.941452729838738,"GO"
30.3,4,0.868753367727488,0.841808664996565,0.896560519415575,"GO"
30.3,5,0.843284616800916,0.814060159770546,0.873558220971666,"GO"
30.3,6,0.839645149137663,0.809058897186369,0.871387706039909,"GO"
30.3,7,0.86046625019778,0.830715914958372,0.891282030833046,"GO"
30.3,8,0.904515111177502,0.877101471931696,0.932785558490275,"GO"
30.3,9,0.970360155559219,0.943778007548608,0.997691007806637,"GO"
30.3,10,1.05700353853605,1.02402779172708,1.09104117046805,"GO"
30.3,11,1.1631547493754,1.11371354839039,1.21479079872009,"GO"
30.3,12,1.28649274422666,1.21209016025185,1.36546243441491,"GO"
30.4,0,1.14325664637839,1.06719520112456,1.22473916497289,"GO"
30.4,1,1.05270196815257,1.00026515540601,1.10788767134699,"GO"
30.4,2,0.974380393969929,0.938607038839986,1.01151718756165,"GO"
30.4,3,0.911327429449017,0.883435140816274,0.940100348395438,"GO"
30.4,4,0.865774026284232,0.838196770846966,0.894258592562941,"GO"
30.4,5,0.839808508135239,0.809904445313532,0.870816717228052,"GO"
30.4,6,0.83610918919557,0.804810536095302,0.868625030244996,"GO"
30.4,7,0.857354304880944,0.826900676970838,0.88892949851075,"GO"
30.4,8,0.902328506560455,0.874254321340995,0.931304214204794,"GO"
30.4,9,0.969649169891905,0.942407032783079,0.997678794793627,"GO"
30.4,10,1.0583974561255,1.02451816221928,1.09339708796022,"GO"
30.4,11,1.16736252728549,1.11639265508282,1.22065947308591,"GO"
30.4,12,1.2942676935812,1.21733788323511,1.37605909231731,"GO"
30.5,0,1.14668570263217,1.06829412083641,1.23082967038288,"GO"
30.5,1,1.05383718365707,0.999907881247013,1.11067512366563,"GO"
30.5,2,0.973681559676902,0.936977723637338,1.01182317971712,"GO"
30.5,3,0.909261881092357,0.88070305592265,0.938746791949616,"GO"
30.5,4,0.862787695700664,0.834574313281586,0.891954851720077,"GO"
30.5,5,0.836327016822757,0.80574031657477,0.868074818498605,"GO"
30.5,6,0.832568243321268,0.80055406830284,0.865862665911585,"GO"
30.5,7,0.854236175099216,0.823075193502348,0.886576887031472,"GO"
30.5,8,0.900134915151552,0.871394632992619,0.929823107461982,"GO"
30.5,9,0.968934638548968,0.941024724758907,0.997672334295521,"GO"
30.5,10,1.0598008774427,1.02500403410128,1.09577900423886,"GO"
30.5,11,1.17160894899863,1.1190814257616,1.22660201284235,"GO"
30.5,12,1.30213313996328,1.22261985383677,1.38681758591578,"GO"
30.6,0,1.1501410739307,1.0693826449376,1.23699827765546,"GO"
30.6,1,1.05497790605998,0.999536985105944,1.11349394655641,"GO"
30.6,2,0.972978187043387,0.935334792508453,1.01213657403178,"GO"
30.6,3,0.907189093311049,0.877959090891159,0.937392253877295,"GO"
30.6,4,0.859795170883928,0.830942492116503,0.889649696445752,"GO"
30.6,5,0.832841075215162,0.801569184962007,0.865332986320357,"GO"
30.6,6,0.829023253798851,0.796290949876029,0.863101050496974,"GO"
30.6,7,0.851112670998344,0.819240756970194,0.884224536646546,"GO"
30.6,8,0.897934879126837,0.868523344090094,0.928342401662482,"GO"
30.6,9,0.968216724630434,0.939631557281922,0.997671500695266,"GO"
30.6,10,1.06121354358445,1.02548547747614,1.09818638081422,"GO"
30.6,11,1.17589343144935,1.12177965892529,1.23261760999522,"GO"
30.6,12,1.310088496298,1.22793573837726,1.3977375317706,"GO"
30.7,0,1.15362230059052,1.07046108689693,1.24324408304989,"GO"
30.7,1,1.05612398114795,0.9991529422762,1.11634347091524,"GO"
30.7,2,0.972270485654101,0.933678909156056,1.01245716059766,"GO"
30.7,3,0.905109607069647,0.87520415151165,0.936036922808022,"GO"
30.7,4,0.856797237560281,0.827302493880224,0.887343519113351,"GO"
30.7,5,0.829351602746209,0.797392441734118,0.862591673783451,"GO"
30.7,6,0.825475149563277,0.792022615349721,0.860340613185187,"GO"
30.7,7,0.847984592833238,0.815398644214833,0.881872780613916,"GO"
30.7,8,0.895728936182321,0.865641386580999,0.92686225445303,"GO"
30.7,9,0.96749559081407,0.938228008052256,0.997676162096124,"GO"
30.7,10,1.06263519433414,1.0259625695792,1.10061866750236,"GO"
30.7,11,1.18021538190239,1.1244871576294,1.2387054296071,"GO"
30.7,12,1.31813315039162,1.23328520154853,1.40881849549459,"GO"
30.8,0,1.15712891684015,1.07152976439,1.24956615736186,"GO"
30.8,1,1.0572752540524,0.99875623056029,1.11922301821785,"GO"
30.8,2,0.971558664573354,0.932010736606556,1.01278472621934,"GO"
30.8,3,0.903023959118842,0.872439137463269,0.934680983149956,"GO"
30.8,4,0.853794672221582,0.823655491136621,0.8850367054653,"GO"
30.8,5,0.825859505882563,0.793211457290631,0.859851326134706,"GO"
30.8,6,0.821924846154268,0.787750476985475,0.857581775527346,"GO"
30.8,7,0.844852730919494,0.81155011571576,0.87952194586603,"GO"
30.8,8,0.893517619498119,0.862749686346726,0.925382818432845,"GO"
30.8,9,0.96677139934997,0.936814557852053,0.997686181077369,"GO"
30.8,10,1.06406556813788,1.02643539388356,1.10307530317397,"GO"
30.8,11,1.18457419769994,1.12720372839649,1.24486461010257,"GO"
30.8,12,1.3262664640157,1.23866790496188,1.42005999067753,"GO"
30.9,0,1.16066045069236,1.0725889984648,1.25596354589646,"GO"
30.9,1,1.05843156924145,0.998347329587562,1.12213190095848,"GO"
30.9,2,0.970842932336165,0.930330936621737,1.01311905491358,"GO"
30.9,3,0.900932681958602,0.869664941749585,0.933324615556181,"GO"
30.9,4,0.850788242078721,0.820002641892119,0.882729635101139,"GO"
30.9,5,0.822365678084429,0.789027580564336,0.857112381303026,"GO"
30.9,6,0.818373245680236,0.783475924141741,0.854824951996917,"GO"
30.9,7,0.841717865592195,0.807696414912784,0.877172353592264,"GO"
30.9,8,0.891301457705747,0.85984916248247,0.923904241779831,"GO"
30.9,9,0.966044312055399,0.935391689810399,0.997701415375792,"GO"
30.9,10,1.06550440208124,1.026904039297,1.10555571641505,"GO"
30.9,11,1.1889692660118,1.12992918025421,1.25109426344986,"GO"
30.9,12,1.33448777198956,1.24408350586468,1.43146147762156,"GO"
31,0,1.16421642381826,1.0736391128266,1.26243526832752,"GO"
31,1,1.05959277051191,0.997926720220511,1.12506942300634,"GO"
31,2,0.97012349693983,0.928640169177352,1.01345992834715,"GO"
31,3,0.898836303804417,0.866882450195848,0.931967997338349,"GO"
31,4,0.847778705021878,0.816345089079329,0.880422681906681,"GO"
31,5,0.818870999775747,0.784842138506846,0.854375270356208,"GO"
31,6,0.814821236792003,0.779200322744084,0.852070550470379,"GO"
31,7,0.838580767171843,0.803838767622262,0.874824319745885,"GO"
31,8,0.889080974858506,0.856940726659199,0.922426668804731,"GO"
31,9,0.965314490309916,0.933959888739327,0.997721718499168,"GO"
31,10,1.06695143186661,1.02736859944258,1.10805932610736,"GO"
31,11,1.19339996358815,1.13266332388775,1.25739347523301,"GO"
31,12,1.34279638126135,1.24953165600583,1.44302236190819,"GO"
31.1,0,1.16779635142328,1.07468043322629,1.26898031845935,"GO"
31.1,1,1.06075870098163,0.997494884038751,1.12803487989069,"GO"
31.1,2,0.969400565835929,0.926939092001523,1.01380712621998,"GO"
31.1,3,0.896735348556623,0.864092541002685,0.930611302833212,"GO"
31.1,4,0.844766809587475,0.812683960110002,0.878116214431016,"GO"
31.1,5,0.815376338323742,0.780656435657935,0.851640417897675,"GO"
31.1,6,0.811269694666114,0.774925014845367,0.849318972642769,"GO"
31.1,7,0.835442195937295,0.79997838153879,0.872478155484612,"GO"
31.1,8,0.886856690404941,0.854025282559928,0.920950240440702,"GO"
31.1,9,0.964582095050765,0.932519640535028,0.997746940277526,"GO"
31.1,10,1.06840639179126,1.02782917201518,1.11058554193629,"GO"
31.1,11,1.19786565651533,1.13540597089408,1.26376130462745,"GO"
31.1,12,1.35119156998823,1.25501200063206,1.45474199281582,"GO"
31.2,0,1.17139974212502,1.0757132869386,1.27559766390511,"GO"
31.2,1,1.06192920308199,0.997052302891031,1.13102755902425,"GO"
31.2,2,0.968674345922784,0.925228360166502,1.01416042660006,"GO"
31.2,3,0.894630335772768,0.861296084350985,0.929254703727112,"GO"
31.2,4,0.841753294931704,0.809020366490834,0.875810596217429,"GO"
31.2,5,0.811882548027621,0.776471753790431,0.848908242410744,"GO"
31.2,6,0.807719480997501,0.770651318266806,0.846570614386469,"GO"
31.2,7,0.832302902105553,0.796116445813807,0.870134167552844,"GO"
31.2,8,0.884629119165313,0.85110372538329,0.919475094675179,"GO"
31.2,9,0.963847286768533,0.931071431638704,0.997776927357766,"GO"
31.2,10,1.06986901472602,1.02828585820683,1.1131337648335,"GO"
31.2,11,1.20236569997462,1.13815693312644,1.27019678429077,"GO"
31.2,12,1.35967258661584,1.26052417759897,1.4666196616046,"GO"
31.3,0,1.17502609783302,1.07673800231786,1.28228624569443,"GO"
31.3,1,1.06310411855071,0.996599458506773,1.13404673987369,"GO"
31.3,2,0.967945043538346,0.923508625728083,1.01451960621569,"GO"
31.3,3,0.892521780642972,0.858493942053281,0.927898369343021,"GO"
31.3,4,0.838738890810492,0.805355403496292,0.873506186093719,"GO"
31.3,5,0.808390470116201,0.772289351623258,0.846179156557221,"GO"
31.3,6,0.804171444001288,0.766380526311804,0.843825866060704,"GO"
31.3,7,0.829163625818274,0.792254130703426,0.867792658612809,"GO"
31.3,8,0.882398771311057,0.84817694140798,0.918001366930273,"GO"
31.3,9,0.963110225503073,0.929615748551833,0.997811523646816,"GO"
31.3,10,1.07133903209466,1.02873876219426,1.11570338736084,"GO"
31.3,11,1.20689943800414,1.140916022119,1.27669892017941,"GO"
31.3,12,1.36823864895766,1.26606781658247,1.47865459968394,"GO"
31.4,0,1.17867491363058,1.07775490842082,1.28904497782125,"GO"
31.4,1,1.0642832884248,0.996136832159611,1.13709169408447,"GO"
31.4,2,0.967212864453534,0.921780537407507,1.01488444071025,"GO"
31.4,3,0.89041019396825,0.855686967247294,0.926542466894261,"GO"
31.4,4,0.83572431756579,0.801690149893161,0.871203338426803,"GO"
31.4,5,0.804900932754247,0.768110464596008,0.8434535674363,"GO"
31.4,6,0.800626418423503,0.762113907545278,0.841085112778319,"GO"
31.4,7,0.82602509713485,0.788392587278589,0.865453927531072,"GO"
31.4,8,0.880166152347168,0.845245807612231,0.916529190397381,"GO"
31.4,9,0.962371070839697,0.928153077401004,0.99785057070818,"GO"
31.4,10,1.07281617385392,1.02918799068245,1.11829379404183,"GO"
31.4,11,1.211466203264,1.14368304858207,1.28326669130094,"GO"
31.4,12,1.37688894327454,1.27164253837794,1.49084597667668,"GO"
31.5,0,1.18234567765863,1.07876433468721,1.29587274674165,"GO"
31.5,1,1.06546655303382,0.995664904376345,1.14016168556713,"GO"
31.5,2,0.966478013866002,0.920044740311275,1.01525470486397,"GO"
31.5,3,0.888296082141756,0.852876004127782,0.925187161708645,"GO"
31.5,4,0.832710286118047,0.798025667712061,0.868902403345992,"GO"
31.5,5,0.801414751057329,0.763936304699109,0.840731876809088,"GO"
31.5,6,0.797085225560488,0.757852705632035,0.838348734635642,"GO"
31.5,7,0.822888036031933,0.784532947191367,0.86311826962612,"GO"
31.5,8,0.877931763097492,0.842311191343021,0.915058696331136,"GO"
31.5,9,0.961629981905629,0.926683903547761,0.997893908116383,"GO"
31.5,10,1.07430016847417,1.02963365249854,1.1209043616465,"GO"
31.5,11,1.21606531680475,1.14645782195973,1.2898990494108,"GO"
31.5,12,1.38562262335499,1.27724795427581,1.50319289839204,"GO"
31.6,0,1.18603787100166,1.07976661067,1.30276841083027,"GO"
31.6,1,1.06665375199334,0.995184154685509,1.1432559705505,"GO"
31.6,2,0.965740696394345,0.918301875684794,1.01563017278685,"GO"
31.6,3,0.886179947132905,0.850061887713169,0.923832617426395,"GO"
31.6,4,0.82969749796474,0.79436300206165,0.866603726938837,"GO"
31.6,5,0.797932727114959,0.759768060354282,0.838014481293438,"GO"
31.6,6,0.793548673286772,0.753598139228388,0.835617106910545,"GO"
31.6,7,0.819753152409247,0.780676322491886,0.860785976882093,"GO"
31.6,8,0.875696099692859,0.839373950030201,0.913590014307323,"GO"
31.6,9,0.960887117366726,0.925208711239321,0.997941373773455,"GO"
31.6,10,1.07579074292087,1.03007585823094,1.12353445943471,"GO"
31.6,11,1.22069608783942,1.14924015004227,1.2965949186614,"GO"
31.6,12,1.39443880959664,1.28288366550366,1.515694404719,"GO"
31.7,0,1.1897509675759,1.08076206580839,1.30973079980284,"GO"
31.7,1,1.06784472419865,0.994695061400467,1.14637379760731,"GO"
31.7,2,0.965001116072738,0.916552580696209,1.01601061808617,"GO"
31.7,3,0.884062286474339,0.847245443643806,0.922478996174829,"GO"
31.7,4,0.826686645184845,0.79070318098166,0.864307651423025,"GO"
31.7,5,0.794455650021812,0.755606896340551,0.835301772533211,"GO"
31.7,6,0.790017556091188,0.749351401921884,0.83289060023318,"GO"
31.7,7,0.816621146101551,0.776823805490937,0.858457338133147,"GO"
31.7,8,0.87345965356203,0.836434930941225,0.912123272448925,"GO"
31.7,9,0.960142635424455,0.923727983296296,0.997992804191272,"GO"
31.7,10,1.07728762263662,1.03051471990881,1.12618344936281,"GO"
31.7,11,1.22535781351912,1.15202983862686,1.30335319521068,"GO"
31.7,12,1.4033365880894,1.28854926272614,1.52834946744986,"GO"
31.8,0,1.19348443401968,1.08175102923726,1.31675871411153,"GO"
31.8,1,1.06903930781875,0.994198101432589,1.14951440765658,"GO"
31.8,2,0.964259476346007,0.914797488247199,1.01639581401192,"GO"
31.8,3,0.881943593251682,0.844427488008999,0.921126458722527,"GO"
31.8,4,0.823678410449103,0.787047215331292,0.862014515297386,"GO"
31.8,5,0.790984295916814,0.751453953761551,0.832594137345573,"GO"
31.8,6,0.786492655121013,0.745113662214525,0.83016958073332,"GO"
31.8,7,0.813492706896624,0.772976468663871,0.856132639222381,"GO"
31.8,8,0.87122291142541,0.833494970972579,0.910658597624026,"GO"
31.8,9,0.959396693813137,0.92224220083391,0.998048034743255,"GO"
31.8,10,1.0787905315239,1.03095035071768,1.12885068625804,"GO"
31.8,11,1.23004977871235,1.15482669122033,1.31017274679672,"GO"
31.8,12,1.41231500970092,1.29424432559498,1.54115698804362,"GO"
31.9,0,1.19723772958609,1.08273382962799,1.32385092431899,"GO"
31.9,1,1.07023734029048,0.993693750130619,1.15267703394681,"GO"
31.9,2,0.963515980065127,0.913037226807868,1.01678553358287,"GO"
31.9,3,0.87982435609607,0.841608827200254,0.919775164615374,"GO"
31.9,4,0.82067346703596,0.783396098709867,0.859724653474765,"GO"
31.9,5,0.787519428029883,0.74731035005037,0.829891957849523,"GO"
31.9,6,0.782974738233917,0.74088606354541,0.827454410167747,"GO"
31.9,7,0.810368514559106,0.769135364591844,0.853812163138826,"GO"
31.9,8,0.86898635529148,0.830554896474387,0.909196115618901,"GO"
31.9,9,0.958649449797444,0.920751843013506,0.998106899888618,"GO"
31.9,10,1.08029919192862,1.03138286474727,1.13153551796462,"GO"
31.9,11,1.23477125578831,1.15763050877905,1.31705241228403,"GO"
31.9,12,1.42137308916484,1.29996842234241,1.55411579533726,"GO"
32,0,1.20101030603801,1.08371079505592,1.33100617045628,"GO"
32,1,1.07143865831305,0.993182481142833,1.15586090202347,"GO"
32,2,0.962770829483149,0.911272420273191,1.01717954969578,"GO"
32,3,0.877705059179384,0.838790257788422,0.918425272296623,"GO"
32,4,0.817672478853059,0.779750807406932,0.857438397399167,"GO"
32,5,0.784061796736118,0.743177179008509,0.827195611578421,"GO"
32,6,0.779464560057486,0.736669724349119,0.824745446030676,"GO"
32,7,0.807249238860079,0.7653015259369,0.851496190135529,"GO"
32,8,0.866750462455912,0.827615523105048,0.907735951289281,"GO"
32,9,0.957901060170161,0.919257386821396,0.998169233372061,"GO"
32,10,1.08181332462427,1.03181237676797,1.13423728546512,"GO"
32,11,1.23952150440412,1.16044108948093,1.32399100118688,"GO"
32,12,1.43050980417251,1.30572110941201,1.56722464321281,"GO"
32.1,0,1.20480160754555,1.0846822528905,1.33822316136933,"GO"
32.1,1,1.07264309784264,0.992664766299021,1.15906522968387,"GO"
32.1,2,0.962024226251553,0.909503687838758,1.01757763522007,"GO"
32.1,3,0.875586182212165,0.835972566422687,0.917076939212905,"GO"
32.1,4,0.814676100464142,0.776112300379305,0.8551560751493,"GO"
32.1,5,0.780612139617226,0.739055510875939,0.824505471578943,"GO"
32.1,6,0.775962862056113,0.73246573814658,0.822043041649845,"GO"
32.1,7,0.804135539612235,0.761475965447774,0.849184997831439,"GO"
32.1,8,0.864515705503311,0.824677655713078,0.906278228692446,"GO"
32.1,9,0.957151681250198,0.917759306872402,0.998234868401561,"GO"
32.1,10,1.08333264879682,1.03223900203276,1.13695532298041,"GO"
32.1,11,1.2442997712963,1.16325822852564,1.33098729317425,"GO"
32.1,12,1.4397240944688,1.31150193112205,1.58048220822719,"GO"
32.2,0,1.20861107058596,1.08564852970465,1.34550057405809,"GO"
32.2,1,1.07385049408743,0.992141075509694,1.1622892269221,"GO"
32.2,2,0.961276371417022,0.907731643893822,1.01797956307973,"GO"
32.2,3,0.873468200444167,0.833156529749511,0.915730321907879,"GO"
32.2,4,0.81168497712125,0.772481519252801,0.852878011530418,"GO"
32.2,5,0.77717118152997,0.734946392429519,0.821821906498592,"GO"
32.2,6,0.772470372605044,0.728275173665499,0.819347546270537,"GO"
32.2,7,0.801028066710492,0.757659675993602,0.84687886129942,"GO"
32.2,8,0.862282552311563,0.821742088243611,0.904823071202504,"GO"
32.2,9,0.956401468880864,0.916258075235676,0.998303637806629,"GO"
32.2,10,1.08485688203038,1.03266285610175,1.13968895805111,"GO"
32.2,11,1.24910529007655,1.16608171795927,1.33804003756083,"GO"
32.2,12,1.44901486095259,1.31731041935657,1.59388708721138,"GO"
32.3,0,1.21243812384615,1.08660995120053,1.35283705301193,"GO"
32.3,1,1.07506068150274,0.991611876680281,1.16553209586636,"GO"
32.3,2,0.960527465418638,0.90595689792989,1.01838510632429,"GO"
32.3,3,0.871351584667502,0.830342914349887,0.91438557610505,"GO"
32.3,4,0.808699744802082,0.768859388346594,0.850604528156114,"GO"
32.3,5,0.773739634681454,0.730850847107353,0.819145280663611,"GO"
32.3,6,0.768987807071349,0.724099074987727,0.816659305129517,"GO"
32.3,7,0.797927460177926,0.753853630623048,0.84457805314247,"GO"
32.3,8,0.860051466058717,0.818809603667284,0.903370601610963,"GO"
32.3,9,0.955650578428391,0.914754161280603,0.998375374179218,"GO"
32.3,10,1.08638574029355,1.0330840546867,1.14243751160316,"GO"
32.3,11,1.25393728103204,1.16891134652018,1.34514795278777,"GO"
32.3,12,1.45838096478272,1.32314609328055,1.60743779484494,"GO"
32.4,0,1.21628218812775,1.08756684214878,1.36023120954478,"GO"
32.4,1,1.07627349378649,0.991077635638325,1.16879303071077,"GO"
32.4,2,0.959777708085495,0.90418005446328,1.01879403819038,"GO"
32.4,3,0.869236801222339,0.827532476693364,0.913042856781095,"GO"
32.4,4,0.805721030252392,0.765246814718394,0.848335943521533,"GO"
32.4,5,0.77031819871101,0.726769875156853,0.81647595414891,"GO"
32.4,6,0.765515867901618,0.71993846172122,0.813978659520608,"GO"
32.4,7,0.794834350216874,0.750058782646604,0.842282843559928,"GO"
32.4,8,0.857822905232382,0.815880973929477,0.90192094221446,"GO"
32.4,9,0.954899164780711,0.913248031540824,0.998449909999218,"GO"
32.4,10,1.08791893792653,1.03350271351324,1.14520029800003,"GO"
32.4,11,1.25879495093028,1.17174689950329,1.35230972589667,"GO"
32.4,12,1.46782122649011,1.32900845907554,1.62113276121178,"GO"
32.5,0,1.22014267625495,1.08851952633944,1.36768162113276,"GO"
32.5,1,1.07748876387492,0.990538816071979,1.17207121764356,"GO"
32.5,2,0.959027298634732,0.902401712970269,1.01920613215517,"GO"
32.5,3,0.867124312005112,0.824725963107518,0.911702318230904,"GO"
32.5,4,0.802749451033301,0.761644688228765,0.846072573069288,"GO"
32.5,5,0.766907560778516,0.722704453804566,0.813814282841406,"GO"
32.5,6,0.762055244716168,0.715794329194477,0.811305946853399,"GO"
32.5,7,0.791749357265076,0.746276065740069,0.839993500405252,"GO"
32.5,8,0.855597323641585,0.812956959918072,0.9004742148913,"GO"
32.5,9,0.954147382346484,0.911740149594579,0.998527077746299,"GO"
32.5,10,1.08945618762897,1.03391894819867,1.14797662508356,"GO"
32.5,11,1.26367749282888,1.17458815864018,1.35952401200008,"GO"
32.5,12,1.4773344250967,1.33489700969301,1.63497032934226,"GO"
32.6,0,1.22401899298501,1.08946832654224,1.37518683075726,"GO"
32.6,1,1.07870632393852,0.98999587947831,1.17536583477311,"GO"
32.6,2,0.958276435669976,0.900622467833591,1.01962116198286,"GO"
32.6,3,0.865014574479209,0.821924109761624,0.910364114125398,"GO"
32.6,4,0.799785615573395,0.758053881623102,0.843814729249215,"GO"
32.6,5,0.763508395658921,0.718655537445943,0.811160618497993,"GO"
32.6,6,0.758606614409552,0.711667648671545,0.808641500706357,"GO"
32.6,7,0.788673092056722,0.742506394067382,0.837710289236734,"GO"
32.6,8,0.853375170431041,0.810038311448093,0.899030541168267,"GO"
32.6,9,0.953395385054384,0.910230975959778,0.998606709999685,"GO"
32.6,10,1.09099720044856,1.03433287414351,1.15076579420549,"GO"
32.6,11,1.26858408589024,1.17743490199294,1.36678943375132,"GO"
32.6,12,1.48691929724211,1.3408112246227,1.64894875274714,"GO"
32.7,0,1.22791053492171,1.09041356447488,1.38274534625568,"GO"
32.7,1,1.07992600537831,0.989449285120099,1.17867605205334,"GO"
32.7,2,0.957525317180202,0.898842908299218,1.02003890176528,"GO"
32.7,3,0.862908041688081,0.819127642663434,0.909028397563073,"GO"
32.7,4,0.796830123225489,0.754475250629909,0.84156272157296,"GO"
32.7,5,0.760121365842796,0.714624057853449,0.8085153087992,"GO"
32.7,6,0.755170641257164,0.707559367585885,0.805985650875486,"GO"
32.7,7,0.785606155688266,0.738750662421225,0.835433473362343,"GO"
32.7,8,0.851156890097808,0.807125767261764,0.897590042279019,"GO"
32.7,9,0.952643326352619,0.90872096800234,0.998688639527294,"GO"
32.7,10,1.09254168577044,1.03474460643513,1.15356710025138,"GO"
32.7,11,1.27351389520137,1.18028690385964,1.37410458081624,"GO"
32.7,12,1.49657453631878,1.34675056967377,1.66306619294791,"GO"
32.8,0,1.23181669043162,1.09135556077771,1.39035563968229,"GO"
32.8,1,1.08114763882227,0.988899489990027,1.18200103120972,"GO"
32.8,2,0.956774140539,0.897063618442428,1.02045912595762,"GO"
32.8,3,0.860805162270748,0.816337277668078,0.907695321116099,"GO"
32.8,4,0.793883564327932,0.750909634074135,0.839316856664272,"GO"
32.8,5,0.756747121642708,0.710610924401534,0.805878697399444,"GO"
32.8,6,0.751747977027742,0.703470409791522,0.803338723419484,"GO"
32.8,7,0.782549139688873,0.735009746379908,0.833163313879745,"GO"
32.8,8,0.848942922510274,0.804220055042665,0.896152839215196,"GO"
32.8,9,0.951891359208715,0.907210579856492,0.998772699365507,"GO"
32.8,10,1.0940893513073,1.03515425976191,1.15637983165847,"GO"
32.8,11,1.27846607159909,1.18314393468989,1.38146800934952,"GO"
32.8,12,1.50629879161639,1.35271449676693,1.67732071700858,"GO"
32.9,0,1.23573683956344,1.09229463499359,1.39801614668117,"GO"
32.9,1,1.08237105412212,0.988346948781241,1.18533992566687,"GO"
32.9,2,0.956023102504247,0.89528517714234,1.02088160940984,"GO"
32.9,3,0.858706380479652,0.813553720498169,0.90636503687174,"GO"
32.9,4,0.790946520270338,0.74735785400447,0.837077438305766,"GO"
32.9,5,0.753386301305215,0.706617024307136,0.803251123974681,"GO"
32.9,6,0.748339261101554,0.699401675830074,0.800701040702224,"GO"
32.9,7,0.779502626095376,0.731284502479227,0.8309000697124,"GO"
32.9,8,0.846733702929429,0.801321891442795,0.894719052771274,"GO"
32.9,9,0.951139636109533,0.905700262355868,0.998858722890724,"GO"
32.9,10,1.09563990309031,1.03556194833675,1.15920327042895,"GO"
32.9,11,1.28343975150068,1.18600576100887,1.38887824147745,"GO"
32.9,12,1.51609066747646,1.35870244373579,1.69171029507339,"GO"
33,0,1.23967035397033,1.09323110555195,1.40572526587325,"GO"
33,1,1.08359608035034,0.987792113863455,1.18869188047894,"GO"
33,2,0.955272399218192,0.893508158064124,1.02130612739474,"GO"
33,3,0.856612136200823,0.810777666774322,0.905037696469734,"GO"
33,4,0.788019563563617,0.743820715833572,0.834844767482834,"GO"
33,5,0.750039531128323,0.702643222884495,0.800632924268127,"GO"
33,6,0.744945120594095,0.695354043212373,0.798072921433294,"GO"
33,7,0.776467187531605,0.727575768398108,0.828643997642527,"GO"
33,8,0.844529662032396,0.798431982121493,0.893288803584052,"GO"
33,9,0.950388309061539,0.904190462974331,0.998946543883744,"GO"
33,10,1.09719304546083,1.03596778582852,1.16203669213985,"GO"
33,11,1.28843405674023,1.18887214534853,1.39633376478966,"GO"
33,12,1.52594872245802,1.36471383413596,1.70623279791511,"GO"
19.3,0,1.09375489704869,0.942924137149559,1.26871264366441,"PE"
19.3,1,1.13281079387107,1.0287983014824,1.24733904873458,"PE"
19.3,2,1.16827738957681,1.10689432452871,1.233064465822,"PE"
19.3,3,1.19463989766579,1.14455157025738,1.24692021065857,"PE"
19.3,4,1.20609560102439,1.13227592476071,1.28472801284528,"PE"
19.3,5,1.19710254042063,1.10199436632669,1.30041907297435,"PE"
19.3,6,1.16315367421276,1.06299344476218,1.27275147038873,"PE"
19.3,7,1.10323098353912,1.01668800418594,1.19714071379767,"PE"
19.3,8,1.02435839038837,0.963324727473222,1.08925898197523,"PE"
19.3,9,0.935066091226331,0.895843589729968,0.976005861943871,"PE"
19.3,10,0.842725941090965,0.794601277923106,0.893765252484754,"PE"
19.3,11,0.753065700428684,0.678976648921872,0.835239253165245,"PE"
19.3,12,0.670086081495325,0.572565484611713,0.784216598243362,"PE"
19.4,0,1.09192192526378,0.944807325238669,1.26194352967212,"PE"
19.4,1,1.13039753377059,1.02900626100416,1.24177921240994,"PE"
19.4,2,1.16534406292157,1.10546925518518,1.22846183068119,"PE"
19.4,3,1.1913622589627,1.14250304046633,1.24231094518697,"PE"
19.4,4,1.20277270353662,1.13089241234464,1.27922175494438,"PE"
19.4,5,1.1941439861294,1.10153355920797,1.29454055002585,"PE"
19.4,6,1.16103840874177,1.06343938030087,1.26759476049517,"PE"
19.4,7,1.1024074467359,1.01797271840744,1.19384552910222,"PE"
19.4,8,1.02507218257068,0.965397820430507,1.08843521006877,"PE"
19.4,9,0.937346506779274,0.898849140657123,0.977492700420201,"PE"
19.4,10,0.846439530330351,0.799191969005072,0.896480327996537,"PE"
19.4,11,0.757981163846507,0.685164295709112,0.838536754387485,"PE"
19.4,12,0.675933920013932,0.57985699635577,0.787929898400465,"PE"
19.5,0,1.09009249754392,0.94668043882517,1.25522996405864,"PE"
19.5,1,1.12798941643832,1.02920362707799,1.23625693703512,"PE"
19.5,2,1.1624175995164,1.10403838590781,1.22388378240528,"PE"
19.5,3,1.18809258173756,1.14045143385554,1.23772388799384,"PE"
19.5,4,1.1994573913388,1.12950192467225,1.27374553527631,"PE"
19.5,5,1.19119065284383,1.10106231149635,1.28869652208344,"PE"
19.5,6,1.15892442943654,1.06387407981004,1.26246692031884,"PE"
19.5,7,1.10158158114496,1.01924830031679,1.19056561540566,"PE"
19.5,8,1.0257832488638,0.967466204402343,1.08761553515927,"PE"
19.5,9,0.939629083798871,0.901856906554394,0.978983260763501,"PE"
19.5,10,0.850165999156556,0.803800162921581,0.899206369273131,"PE"
19.5,11,0.762925215588972,0.691397528532206,0.841852712168563,"PE"
19.5,12,0.681829337220775,0.587229113470206,0.791669272573468,"PE"
19.6,0,1.08826689473685,0.948541054413701,1.24857519731946,"PE"
19.6,1,1.12558643196655,1.02938861765953,1.23077406733695,"PE"
19.6,2,1.15949767851751,1.10260051181026,1.21933089281828,"PE"
19.6,3,1.18483022088557,1.1383954483663,1.23315905236478,"PE"
19.6,4,1.19614869484851,1.12810233136984,1.26829956857764,"PE"
19.6,5,1.18824126236449,1.10057779363361,1.28288732132604,"PE"
19.6,6,1.15681018004639,1.06429434246561,1.25736813517094,"PE"
19.6,7,1.10075159395046,1.02051155404166,1.18730068933155,"PE"
19.6,8,1.02648961012948,0.969526980418105,1.08679896587238,"PE"
19.6,9,0.941911726477723,0.904864333763477,0.980475931442945,"PE"
19.6,10,0.853903232873805,0.808423031544809,0.901942055904824,"PE"
19.6,11,0.767895844367004,0.697673247756435,0.845186524913125,"PE"
19.6,12,0.687770556285545,0.594678907457473,0.795434867726759,"PE"
19.7,0,1.08644539577644,0.950386737621163,1.24198239651186,"PE"
19.7,1,1.12318857046194,1.02955945835791,1.2253324026846,"PE"
19.7,2,1.15658398218581,1.10115444673792,1.21480371060714,"PE"
19.7,3,1.18157453823632,1.13633380249872,1.22861643853101,"PE"
19.7,4,1.1928456550572,1.12669151813176,1.2628840582276,"PE"
19.7,5,1.18529454911646,1.10007718514508,1.27711326726578,"PE"
19.7,6,1.15469411572473,1.06469696655056,1.2522985814537,"PE"
19.7,7,1.09991569779737,1.0217592728849,1.18405046508187,"PE"
19.7,8,1.02718928184937,0.971577232086569,1.08598450632715,"PE"
19.7,9,0.944192318741289,0.90786884639672,0.981969078802913,"PE"
19.7,10,0.857649079145559,0.813057689663818,0.904686041728926,"PE"
19.7,11,0.772890983375712,0.703988237289559,0.848537575689314,"PE"
19.7,12,0.693755728495231,0.602203271606525,0.799226828402924,"PE"
19.8,0,1.08462827769303,0.95221504638471,1.23545464361004,"PE"
19.8,1,1.12079582204557,1.02971438510875,1.21993369509171,"PE"
19.8,2,1.15367619587009,1.09969902548216,1.21030275927881,"PE"
19.8,3,1.17832490251672,1.13426523709619,1.22409603193481,"PE"
19.8,4,1.18954732348117,1.12526738841477,1.25749919474218,"PE"
19.8,5,1.18234926011378,1.0995576765746,1.27137466517133,"PE"
19.8,6,1.15257470304288,1.06507875155286,1.24725842493577,"PE"
19.8,7,1.09907211087315,1.02298824134826,1.18081465267588,"PE"
19.8,8,1.0278802742349,0.97361402746598,1.0851711544369,"PE"
19.8,9,0.946468724270707,0.910867848186266,0.983461045206894,"PE"
19.8,10,0.861401347750965,0.817701196472928,0.907436952651867,"PE"
19.8,11,0.77790850957486,0.7103391643753,0.85190523008986,"PE"
19.8,12,0.69978293186207,0.609798918043193,0.803045294499504,"PE"
19.9,0,1.08281581562464,0.954023534610625,1.228994933595,"PE"
19.9,1,1.11840817685288,1.02985164715897,1.21457964698317,"PE"
19.9,2,1.15077400799103,1.09823310618628,1.2058285349514,"PE"
19.9,3,1.17508068931735,1.13218851727449,1.21959780137195,"PE"
19.9,4,1.18625276212018,1.12382786533585,1.25214515411328,"PE"
19.9,5,1.17940415493724,1.09901647168088,1.26567180431408,"PE"
19.9,6,1.15045042002428,1.06543650056323,1.24224781883703,"PE"
19.9,7,1.0982190570183,1.0241952374544,1.17759295600303,"PE"
19.9,8,1.02856059237557,0.975634421198448,1.08435790005076,"PE"
19.9,9,0.948738786573611,0.913858724547235,0.984950147075652,"PE"
19.9,10,0.865157810396515,0.82235055739473,0.910193384268374,"PE"
19.9,11,0.78294624302644,0.716722579831872,0.855288833809332,"PE"
19.9,12,0.70585016978223,0.617462375299315,0.806890398690428,"PE"
20,0,1.08100828282879,0.955809756318325,1.22260617222164,"PE"
20,1,1.11602562503367,1.02996951039872,1.20927190868944,"PE"
20,2,1.14787711002602,1.09675557295767,1.20138150396483,"PE"
20,3,1.17184128106214,1.13010243450448,1.21512169700215,"PE"
20,4,1.18296104342353,1.1223708937943,1.24682209597119,"PE"
20,5,1.17645800572527,1.09845078992259,1.26000495600957,"PE"
20,6,1.14831975619896,1.06576702300269,1.23726690169275,"PE"
20,7,1.09735476586572,1.02537703539474,1.17438507066293,"PE"
20,8,1.02922823642598,0.977635456929283,1.08354372291671,"PE"
20,9,0.951000329103696,0.916838844862721,0.986434672814016,"PE"
20,10,0.868916200584605,0.827002726264476,0.912953899255866,"PE"
20,11,0.78800194629216,0.723134918789136,0.858687709895113,"PE"
20,12,0.711955369749205,0.625189986480075,0.810762263433792,"PE"
20.1,0,1.079205950695,0.9575712703397,1.21629117339989,"PE"
20.1,1,1.11364815675215,1.03006626107919,1.20401207562911,"PE"
20.1,2,1.1449851964949,1.09526533869999,1.19696210029666,"PE"
20.1,3,1.1686060669813,1.12800580885658,1.21066764821876,"PE"
20.1,4,1.17967125026341,1.12089444284117,1.24153016154728,"PE"
20.1,5,1.17350959717772,1.09785786926239,1.25437437142337,"PE"
20.1,6,1.14618121267793,1.06606713771319,1.23231579496383,"PE"
20.1,7,1.09647747300862,1.02653040853409,1.17119068156221,"PE"
20.1,8,1.02988120183154,0.979614170033151,1.08272759044521,"PE"
20.1,9,0.953251155429843,0.919805564997334,0.987912880621639,"PE"
20.1,10,0.872674213540689,0.831654607903516,0.91571702452133,"PE"
20.1,11,0.793073323893673,0.72957250198342,0.862101155624493,"PE"
20.1,12,0.718096382126048,0.632977908118172,0.814660997499219,"PE"
20.2,0,1.07740908875805,0.95930564564038,1.21005265612041,"PE"
20.2,1,1.1112757621869,1.03014020995757,1.19880168513656,"PE"
20.2,2,1.14209796494646,1.09376134817879,1.19257072276943,"PE"
20.2,3,1.1653744430875,1.12589749141437,1.2062355613702,"PE"
20.2,4,1.17638247591551,1.11939650832053,1.23626947141133,"PE"
20.2,5,1.17055772657225,1.09723496932366,1.24878027910702,"PE"
20.2,6,1.14403330224719,1.06633367644809,1.22739460035643,"PE"
20.2,7,1.09558542019692,1.02765213280541,1.16800946023564,"PE"
20.2,8,1.03051747959319,0.981567590670073,1.08190845525182,"PE"
20.2,9,0.95548904945554,0.922756230044729,0.989382996184374,"PE"
20.2,10,0.87642950620074,0.836303061110095,0.918481248077308,"PE"
20.2,11,0.798158021838479,0.736031537674801,0.865528438954721,"PE"
20.2,12,0.724270978980657,0.640822109813678,0.818586691938766,"PE"
20.3,0,1.07561796471183,0.961010467336176,1.20389324084864,"PE"
20.3,1,1.10890843153084,1.0301896969139,1.19364221288942,"PE"
20.3,2,1.13921511594573,1.09224258133269,1.1882077320367,"PE"
20.3,3,1.16214581215519,1.12377636686376,1.20182531732631,"PE"
20.3,4,1.17309382404654,1.11787511580955,1.23104012295645,"PE"
20.3,5,1.16760120379318,1.09657937493694,1.24322288222655,"PE"
20.3,6,1.14187454948115,1.06656348780338,1.22250339680965,"PE"
20.3,7,1.09467685556176,1.02873899053174,1.16484106185495,"PE"
20.3,8,1.03113505657118,0.983492747195363,1.08108525245569,"PE"
20.3,9,0.957711775689379,0.925688177312868,0.990843210244543,"PE"
20.3,10,0.880179697260703,0.840944902096064,0.921245015623444,"PE"
20.3,11,0.803253627214402,0.742508124257788,0.868968794486999,"PE"
20.3,12,0.73047685298845,0.648718374769545,0.822539415414998,"PE"
20.4,0,1.07383284442392,0.96268334348483,1.19781544530457,"PE"
20.4,1,1.10654615499129,1.03021309608665,1.18853506888736,"PE"
20.4,2,1.1363363530621,1.09070805684089,1.18387344733701,"PE"
20.4,3,1.15891958370296,1.12164135626219,1.19743676888486,"PE"
20.4,4,1.16980440870871,1.11632832388561,1.22584218760229,"PE"
20.4,5,1.16463885137249,1.09588840011704,1.23770235544183,"PE"
20.4,6,1.13970349087519,1.06675344163461,1.21764223710656,"PE"
20.4,7,1.09375003386819,1.02978777471493,1.16168512188623,"PE"
20.4,8,1.03173191582798,0.985386669948302,1.08025689671032,"PE"
20.4,9,0.959917079567356,0.928598739548738,0.992291676050417,"PE"
20.4,10,0.883922367289665,0.845576908397726,0.924006726810312,"PE"
20.4,11,0.808357667855653,0.748998253642647,0.872421418879292,"PE"
20.4,12,0.736711616406846,0.656662301344832,0.826519208788533,"PE"
20.5,0,1.07205399195081,0.964321912740042,1.19182167953856,"PE"
20.5,1,1.10418892278993,1.03020882157665,1.18348159293186,"PE"
20.5,2,1.13346138285824,1.08915683595529,1.17956814300678,"PE"
20.5,3,1.15569517397896,1.11949141999066,1.19306973801496,"PE"
20.5,4,1.16651335434093,1.11475422775088,1.22067570768597,"PE"
20.5,5,1.16166950454272,1.09515939251527,1.23221884139181,"PE"
20.5,6,1.13751867499693,1.06690043400852,1.21281114405886,"PE"
20.5,7,1.0928032167956,1.03079529383463,1.15854125235306,"PE"
20.5,8,1.03230603701061,0.987246395444824,1.07942227894222,"PE"
20.5,9,0.962102687827702,0.931485248401723,0.993726506687614,"PE"
20.5,10,0.887655058908427,0.850195823288087,0.926764731163276,"PE"
20.5,11,0.813467612083448,0.75549781549098,0.875885465636594,"PE"
20.5,12,0.742972800126087,0.664649305760648,0.830526078855166,"PE"
20.6,0,1.07028166955374,0.965923852961318,1.18591424020731,"PE"
20.6,1,1.10183672516281,1.03017533377004,1.17848304955484,"PE"
20.6,2,1.1305899148797,1.08758802660257,1.17529204474662,"PE"
20.6,3,1.15247200594932,1.11732556088858,1.18872401293727,"PE"
20.6,4,1.16321979577659,1.1131509632455,1.21554069300851,"PE"
20.6,5,1.1586920113016,1.09438973839517,1.2267724467363,"PE"
20.6,6,1.13531866265614,1.06700139274279,1.20801010621177,"PE"
20.6,7,1.09183467324581,1.03175837720331,1.15540903765967,"PE"
20.6,8,1.03285539677224,0.989068970999379,1.07858026277341,"PE"
20.6,9,0.964266308938937,0.934345038121939,0.995145772298065,"PE"
20.6,10,0.891375277035167,0.854798360715881,0.929517323645892,"PE"
20.6,11,0.818580868524222,0.762002602395395,0.879360039201252,"PE"
20.6,12,0.749257852801004,0.67267462610747,0.834559991109701,"PE"
20.7,0,1.06851613771522,0.967486890879138,1.18009530394813,"PE"
20.7,1,1.09948955236032,1.03011114633177,1.17354062234382,"PE"
20.7,2,1.12772166164531,1.0860007877578,1.17104532563902,"PE"
20.7,3,1.14924950928942,1.11514282756838,1.18439934504352,"PE"
20.7,4,1.1599228782578,1.11151671128195,1.21043711700398,"PE"
20.7,5,1.15570523248817,1.09357686818332,1.22136323770212,"PE"
20.7,6,1.13310202709279,1.06705328359123,1.20323907301112,"PE"
20.7,7,1.09084267967849,1.03267388092627,1.15228802992559,"PE"
20.7,8,1.03337796923327,0.990851459800499,1.07772968060388,"PE"
20.7,9,0.966405633581827,0.937175449486357,0.996547497195494,"PE"
20.7,10,0.89508048919986,0.859381210793901,0.932262739845262,"PE"
20.7,11,0.823694786008479,0.768508316098885,0.882844188260228,"PE"
20.7,12,0.755564140068413,0.68073332781662,0.838620861400086,"PE"
20.8,0,1.06675765515619,0.969008812919725,1.17436691974503,"PE"
20.8,1,1.09714739464723,1.03001483392024,1.16865540761175,"PE"
20.8,2,1.12485633863837,1.08439433408606,1.16682810192045,"PE"
20.8,3,1.14602712037797,1.1129423179029,1.18009544566209,"PE"
20.8,4,1.15662175745596,1.10984970273264,1.20536491249822,"PE"
20.8,5,1.15270804187004,1.09271826265004,1.21599123507777,"PE"
20.8,6,1.13086735418304,1.06705311713527,1.19849794937137,"PE"
20.8,7,1.08982552047383,1.03353869451738,1.1491777437812,"PE"
20.8,8,1.0338717264819,0.992590946463041,1.07686932933198,"PE"
20.8,9,0.968518335185886,0.939973833941695,0.997929656890241,"PE"
20.8,10,0.898768125929107,0.863941045854967,0.93499915076581,"PE"
20.8,11,0.828806653553318,0.775010574854461,0.886336898181352,"PE"
20.8,12,0.761888943854914,0.68882031077288,0.842708546321817,"PE"
20.9,0,1.06500647885376,0.970487477296831,1.16873100017711,"PE"
20.9,1,1.09481024230266,1.02988504067125,1.16382840736244,"PE"
20.9,2,1.12199366429845,1.08276794084288,1.16264042851684,"PE"
20.9,3,1.14280428229397,1.11072318267408,1.17581198268071,"PE"
20.9,4,1.15331559949843,1.10814822380259,1.20032396702498,"PE"
20.9,5,1.1496993262417,1.09181145977696,1.21065640859883,"PE"
20.9,6,1.1286132426629,1.06699795644562,1.19378658958002,"PE"
20.9,7,1.08878148832196,1.03434974822255,1.14607765057194,"PE"
20.9,8,1.03433463911414,0.994284543077615,1.07599796569287,"PE"
20.9,9,0.970602070521029,0.942737557948581,0.999290175040519,"PE"
20.9,10,0.902435581202989,0.868474527088272,0.937724657223483,"PE"
20.9,11,0.833913700431695,0.78150492202919,0.889837082486998,"PE"
20.9,12,0.768229461779909,0.696930318258937,0.846822832189335,"PE"
21,0,1.06326286405964,0.971920827478486,1.16318931143941,"PE"
21,1,1.09247808562009,1.02972048949454,1.15906052150714,"PE"
21,2,1.11913336001398,1.08112094901712,1.15848229435831,"PE"
21,3,1.13958044481631,1.10848462936637,1.17154857704258,"PE"
21,4,1.15000358100129,1.10641062191645,1.19531411766912,"PE"
21,5,1.14667798553353,1.09085406236953,1.20535867066498,"PE"
21,6,1.12633830436909,1.06688492557949,1.18910479047209,"PE"
21,7,1.08770888463908,1.03510402110299,1.14298717191928,"PE"
21,8,1.03476467681337,0.995929395773898,1.07511430119868,"PE"
21,9,0.972654480344959,0.945464007506719,1.00062692035201,"PE"
21,10,0.906080212985533,0.872978311761572,0.940437283839572,"PE"
21,11,0.839013096331467,0.787986836058414,0.893343573271993,"PE"
21,12,0.774582806658719,0.705057947934819,0.850963422409027,"PE"
21.1,0,1.06152706431912,0.973306907133873,1.15774346202905,"PE"
21.1,1,1.09015091490732,1.02951999221866,1.15435253929567,"PE"
21.1,2,1.11627515011552,1.07945277069172,1.15435361749727,"PE"
21.1,3,1.13635506442605,1.10622592608205,1.16730479913825,"PE"
21.1,4,1.14668488910796,1.10463531214586,1.19033514541034,"PE"
21.1,5,1.14364293293125,1.08984374647215,1.20009786932977,"PE"
21.1,6,1.12404116449693,1.06671121897887,1.18445228380846,"PE"
21.1,7,1.08660602000983,1.03579854992841,1.1399056725878,"PE"
21.1,8,1.03515980896922,0.99752269180932,1.07421699666962,"PE"
21.1,9,0.974673190106809,0.948150592835452,1.00193770345282,"PE"
21.1,10,0.909699343830341,0.877449061025496,0.94313497264237,"PE"
21.1,11,0.844101951607236,0.794451741854798,0.896855110473621,"PE"
21.1,12,0.780946006110736,0.713197665065662,0.855129923068608,"PE"
21.2,0,1.05979933149065,0.974643876658058,1.15239488999742,"PE"
21.2,1,1.08782872048653,1.02928246060883,1.14970512993625,"PE"
21.2,2,1.11341876186972,1.07776289458834,1.15025424006363,"PE"
21.2,3,1.13312760431127,1.10394640554934,1.16308016512203,"PE"
21.2,4,1.14335872153348,1.10282078419729,1.18538676894649,"PE"
21.2,5,1.14059309500569,1.08877827064075,1.19487378050725,"PE"
21.2,6,1.12172046187488,1.06647411183321,1.17982872779342,"PE"
21.2,7,1.08547121465571,1.03643043892657,1.13683245261154,"PE"
21.2,8,1.03551800533589,0.999061667187565,1.07330465635162,"PE"
21.2,9,0.976655810707546,0.950794753178568,1.00322027377624,"PE"
21.2,10,0.913290261562888,0.881883448285095,0.94581557629593,"PE"
21.2,11,0.849177317628024,0.800895023772037,0.90037032990628,"PE"
21.2,12,0.787316002277549,0.721343818217693,0.85932182655128,"PE"
21.3,0,1.0580799157661,0.975930031359091,1.14714484868195,"PE"
21.3,1,1.08551149269424,1.02900691826754,1.14511883239342,"PE"
21.3,2,1.11056392547389,1.07605089175135,1.14618392310107,"PE"
21.3,3,1.12989753437454,1.10164546918677,1.15887413318924,"PE"
21.3,4,1.14002428661445,1.10096560997273,1.18046863798315,"PE"
21.3,5,1.13752741185243,1.08765548612229,1.18968609934469,"PE"
21.3,6,1.11937484925526,1.06617097146438,1.17523369767258,"PE"
21.3,7,1.08430279892909,1.03699687042863,1.1337667386397,"PE"
21.3,8,1.03583723672961,1.00054361480233,1.07237582162534,"PE"
21.3,9,0.978599939317564,0.953393961696414,1.00447231648954,"PE"
21.3,10,0.916850220040933,0.886278168110438,0.948476850988345,"PE"
21.3,11,0.85423618722374,0.807312040213475,0.903887749982763,"PE"
21.3,12,0.793689651656048,0.729490657643534,0.863538492981937,"PE"
21.4,0,1.05636906569152,0.977163821371516,1.14199439085221,"PE"
21.4,1,1.08319922188129,1.02869251340786,1.14059404437314,"PE"
21.4,2,1.10771037405134,1.07431642131527,1.14214234133993,"PE"
21.4,3,1.12666433124277,1.09932259117964,1.15468609985773,"PE"
21.4,4,1.1366808033644,1.09906845170439,1.17558032598744,"PE"
21.4,5,1.13444483724121,1.08647334798117,1.18453443071992,"PE"
21.4,6,1.11700299362106,1.06579926978266,1.17066667536078,"PE"
21.4,7,1.08309911383257,1.03749511643943,1.13070767447163,"PE"
21.4,8,1.03611547576524,1.00196589309051,1.07142896432229,"PE"
21.4,9,0.980503160251865,0.955945730402491,1.00569144951263,"PE"
21.4,10,0.920376439994457,0.890629945642578,0.951116449027214,"PE"
21.4,11,0.859275495233384,0.813698139960317,0.907405757059473,"PE"
21.4,12,0.800063725051483,0.737632356571758,0.867779129318853,"PE"
21.5,0,1.05466702818855,0.978343873331016,1.13694435123397,"PE"
21.5,1,1.08089189841288,1.02833853246435,1.13613101052896,"PE"
21.5,2,1.10485784364726,1.07255923628755,1.13812907797439,"PE"
21.5,3,1.12342747827948,1.09697732251655,1.15051539630561,"PE"
21.5,4,1.13332750153438,1.09712807065097,1.17072132241777,"PE"
21.5,5,1.13134433877482,1.08522992719875,1.17941827883579,"PE"
21.5,6,1.11460357650816,1.06535659684831,1.16612703806411,"PE"
21.5,7,1.08185851156329,1.03792255114704,1.12765431076575,"PE"
21.5,8,1.03635069763171,1.00332593516522,1.07046247967751,"PE"
21.5,9,0.982363045903162,0.958447615096028,1.00687522067594,"PE"
21.5,10,0.923866109946446,0.894935546433747,0.953731911207268,"PE"
21.5,11,0.864292119157887,0.820048680271278,0.910922589365448,"PE"
21.5,12,0.806434907655477,0.745763035599606,0.872042765920165,"PE"
21.6,0,1.05297404857631,0.979469013805274,1.13199532741484,"PE"
21.6,1,1.07858951266852,1.02794441447634,1.13172980995393,"PE"
21.6,2,1.10200607322528,1.070779189266,1.13414361952426,"PE"
21.6,3,1.12018646559955,1.09460929492607,1.14636128482461,"PE"
21.6,4,1.12996362167875,1.09514333632489,1.16589102445908,"PE"
21.6,5,1.12822489805708,1.08392342375281,1.17433703590319,"PE"
21.6,6,1.11217529434285,1.06484067555309,1.16161404587979,"PE"
21.6,7,1.0805793560817,1.03827666436636,1.12460559392667,"PE"
21.6,8,1.03654088090614,1.00462125838293,1.06947467896418,"PE"
21.6,9,0.984177157733182,0.960897220236639,1.00802110507222,"PE"
21.6,10,0.9273163872158,0.899191786641329,0.956320659034188,"PE"
21.6,11,0.869282879920407,0.826359046774105,0.914436319506143,"PE"
21.6,12,0.812799799253982,0.753876790359057,0.876328230442884,"PE"
21.7,0,1.05129037059403,0.980538294424735,1.12714765918667,"PE"
21.7,1,1.07629205504206,1.02750976614147,1.12739034305896,"PE"
21.7,2,1.09915480466465,1.06897623799789,1.13018535087378,"PE"
21.7,3,1.11694079008605,1.09221822464587,1.14222295545613,"PE"
21.7,4,1.12658841522593,1.09311323619821,1.16108872831464,"PE"
21.7,5,1.12508551086982,1.0825521806577,1.16928996993028,"PE"
21.7,6,1.10971685879409,1.06424937740879,1.15712682838507,"PE"
21.7,7,1.07926002370443,1.0385550758856,1.12156035420002,"PE"
21.7,8,1.03668400840634,1.0058494742799,1.06846378187436,"PE"
21.7,9,0.985943047322381,0.96329220370241,1.00912650266154,"PE"
21.7,10,0.930724399003547,0.9033955434745,0.95887998690904,"PE"
21.7,11,0.874244542736848,0.832624675128147,0.917944835573758,"PE"
21.7,12,0.819154914570102,0.761967722582068,0.880634118976186,"PE"
21.8,0,1.04961623642403,0.981551018592676,1.12240140644398,"PE"
21.8,1,1.07399951594169,1.02703437739585,1.12311231798076,"PE"
21.8,2,1.09630378275799,1.06715045067587,1.12625355059194,"PE"
21.8,3,1.1136899554095,1.08980391594999,1.13809952288421,"PE"
21.8,4,1.12320114455398,1.09103688580949,1.1563136201315,"PE"
21.8,5,1.12192518735844,1.08111469891277,1.16427621166848,"PE"
21.8,6,1.10722699714022,1.06358073939434,1.15266437026142,"PE"
21.8,7,1.07789890372087,1.03875555065251,1.11851729303666,"PE"
21.8,8,1.03677806808133,1.00700829879219,1.06742790873095,"PE"
21.8,9,0.98765825747822,0.965630281368866,1.01018873619218,"PE"
21.8,10,0.934087243563471,0.907543765771028,0.961407054398893,"PE"
21.8,11,0.879173818099291,0.838841074385206,0.921445820947411,"PE"
21.8,12,0.825496683746724,0.7700299746275,0.884958764373408,"PE"
21.9,0,1.04795188671545,0.982506769576222,1.11775632583595,"PE"
21.9,1,1.07171188578991,1.02651823732968,1.11889523670925,"PE"
21.9,2,1.09345275520969,1.06530201085569,1.12234738664885,"PE"
21.9,3,1.11043347204918,1.08736626435413,1.13399002366477,"PE"
21.9,4,1.11980108307086,1.08891353916369,1.15156476666617,"PE"
21.9,5,1.11874295222586,1.07960965326523,1.15929474080717,"PE"
21.9,6,1.10470445264961,1.06283298176874,1.14822549604451,"PE"
21.9,7,1.07649439903286,1.03887601469831,1.11547496982654,"PE"
21.9,8,1.03682105393959,1.00809556265001,1.06636507263908,"PE"
21.9,9,0.989320323402072,0.967909231443528,1.01120504950312,"PE"
21.9,10,0.937401991458183,0.911633484560405,0.96389887874017,"PE"
21.9,11,0.884067362874925,0.845003851912632,0.924936732929158,"PE"
21.9,12,0.831821452973789,0.778057767447233,0.889300201831545,"PE"
22,0,1.04629756060842,0.983405439689091,1.11321184646002,"PE"
22,1,1.06942915502352,1.02596155019656,1.11473838117541,"PE"
22,2,1.09060147263479,1.06343122187242,1.11846591265106,"PE"
22,3,1.10717085731658,1.08490525941467,1.12989341387512,"PE"
22,4,1.11638751529924,1.08674259928429,1.14684110583023,"PE"
22,5,1.11553784493453,1.07803590864385,1.15434437155867,"PE"
22,6,1.10214798497489,1.06200452670295,1.14380885414434,"PE"
22,7,1.07504492681703,1.03891457165099,1.11243178814831,"PE"
22,8,1.0368109670146,1.00910922181249,1.06527317170975,"PE"
22,9,0.990926773914779,0.970126898489457,1.01217260627458,"PE"
22,10,0.940665686901546,0.91566182344935,0.966352327741119,"PE"
22,11,0.888921781522982,0.851108739668313,0.928414780435618,"PE"
22,12,0.838125485264985,0.78604544185983,0.8936561318753,"PE"
22.1,0,1.04465349575879,0.984247260174149,1.10876704498824,"PE"
22.1,1,1.06715131409368,1.02536475122155,1.11064079959366,"PE"
22.1,2,1.08774968855858,1.06153851062653,1.11460806472387,"PE"
22.1,3,1.10390163538088,1.08242098703544,1.12580856726929,"PE"
22.1,4,1.11295973696563,1.08452362874055,1.14214143729175,"PE"
22.1,5,1.11230891991617,1.07639253706222,1.14942373783252,"PE"
22.1,6,1.09955637056031,1.06109401752079,1.13941290034281,"PE"
22.1,7,1.07354891920934,1.03886951963775,1.10938598173272,"PE"
22.1,8,1.03674581636713,1.01004736778374,1.06414998151341,"PE"
22.1,9,0.992475132740763,0.972281197071523,1.01308848929261,"PE"
22.1,10,0.94387534918828,0.919626008647948,0.968764113267215,"PE"
22.1,11,0.893733627432049,0.857151621532946,0.931876901048535,"PE"
22.1,12,0.84440496138856,0.793987502865618,0.898023881036192,"PE"
22.2,0,1.04301992836346,0.985032831282416,1.10442062072894,"PE"
22.2,1,1.06487835346582,1.02472852186057,1.10660129340516,"PE"
22.2,2,1.08489715941659,1.05962443060997,1.11077265917006,"PE"
22.2,3,1.10062533729646,1.07991363119656,1.12173427402405,"PE"
22.2,4,1.10951705509375,1.082256359936,1.13746441334537,"PE"
22.2,5,1.1090552467891,1.07467883472518,1.14453127826321,"PE"
22.2,6,1.09692840306181,1.06010033826693,1.13503588104767,"PE"
22.2,7,1.07200482401106,1.0387393683183,1.10633560039561,"PE"
22.2,8,1.03662362012389,1.01090823762633,1.06299314794581,"PE"
22.2,9,0.993962919850552,0.974370114961427,1.01394970029119,"PE"
22.2,10,0.947027974211459,0.923523378440638,0.971130785506919,"PE"
22.2,11,0.898499404380022,0.863128561313102,0.935319737818759,"PE"
22.2,12,0.850655980956834,0.801878666577827,0.902400360675267,"PE"
22.3,0,1.04139709318614,0.985763151929519,1.10017087124198,"PE"
22.3,1,1.06261026361968,1.02405380411529,1.10261840521689,"PE"
22.3,2,1.08204364455523,1.05768966404525,1.10695839103167,"PE"
22.3,3,1.09734150103227,1.07738347502377,1.11766924015722,"PE"
22.3,4,1.10605878810195,1.07994070490714,1.13280853030051,"PE"
22.3,5,1.10577591058261,1.07289433900222,1.13966522142518,"PE"
22.3,6,1.09426289377922,1.05902263324208,1.13067581665967,"PE"
22.3,7,1.07041110541587,1.03852285572992,1.10327849625641,"PE"
22.3,8,1.0364424065519,1.01169022346563,1.06180018071074,"PE"
22.3,9,0.99538765286146,0.976391715841701,1.01475316043103,"PE"
22.3,10,0.950120536068496,0.927351391897483,0.973448728223703,"PE"
22.3,11,0.903215568118831,0.869035830932911,0.938739616313015,"PE"
22.3,12,0.856874563678869,0.809713909163387,0.906782024577641,"PE"
22.4,0,1.03978522358374,0.986439648197471,1.09601566923905,"PE"
22.4,1,1.06034703504934,1.02334181346714,1.09869040817223,"PE"
22.4,2,1.07918890623288,1.05573502301874,1.10316383367291,"PE"
22.4,3,1.09404967150308,1.07483090112299,1.11361208769252,"PE"
22.4,4,1.10258426590453,1.07757676434815,1.1281721206708,"PE"
22.4,5,1.1024700119683,1.07103884485964,1.13482357164055,"PE"
22.4,6,1.09155867210022,1.05786032606391,1.12633048549096,"PE"
22.4,7,1.0687662447572,1.03821896456415,1.10021231061979,"PE"
22.4,8,1.03620021516789,1.01239188125964,1.06056844764307,"PE"
22.4,9,0.996746848496107,0.978344141455324,1.01549571146718,"PE"
22.4,10,0.953149988756078,0.931107636618788,0.975714155202086,"PE"
22.4,11,0.907878528085915,0.874869938237952,0.942132522486177,"PE"
22.4,12,0.863056650780625,0.817488516990135,0.911164826142332,"PE"
22.5,0,1.03818455153323,0.987064199847521,1.09195244160285,"PE"
22.5,1,1.05808865826313,1.02259404996569,1.09481529721656,"PE"
22.5,2,1.07633270962159,1.05376144950297,1.09938743948906,"PE"
22.5,3,1.09074940060252,1.07225639111565,1.10956135563517,"PE"
22.5,4,1.09909283001672,1.07516483554927,1.1235533464755,"PE"
22.5,5,1.09913666749798,1.06911242027386,1.13000409585468,"PE"
22.5,6,1.08881458595558,1.05661313773256,1.12199740875235,"PE"
22.5,7,1.06706874127532,1.03782693743678,1.09713446195479,"PE"
22.5,8,1.03589509788219,1.01301193859577,1.0592951701081,"PE"
22.5,9,0.998038024098348,0.980225613155899,1.0161741176495,"PE"
22.5,10,0.956113267954409,0.934789835311566,0.977923108089609,"PE"
22.5,11,0.912484649244262,0.880627653748981,0.945494082046804,"PE"
22.5,12,0.869198106596757,0.825198136974383,0.915544176192002,"PE"
22.6,0,1.03659530765904,0.987639163928871,1.08797815143965,"PE"
22.6,1,1.05583512378371,1.0218123069957,1.09099078273292,"PE"
22.6,2,1.07347482280918,1.05177001418183,1.09562754182681,"PE"
22.6,3,1.08744024723784,1.06966052432375,1.10551550180868,"PE"
22.6,4,1.09558383366331,1.07270541891845,1.11895019398204,"PE"
22.6,5,1.09577500984775,1.06711542008706,1.12520431211543,"PE"
22.6,6,1.08602950228506,1.0552811031074,1.1176738371989,"PE"
22.6,7,1.06531711290341,1.03734629066435,1.0940421354551,"PE"
22.6,8,1.03552512017622,1.01354930127018,1.05797741971916,"PE"
22.6,9,0.999258699206079,0.982034432823626,1.0167850683891,"PE"
22.6,10,0.959007292900949,0.938395851010293,0.980071455822238,"PE"
22.6,11,0.917030254052678,0.886306035633374,0.948819542052382,"PE"
22.6,12,0.875294720338039,0.832838825927305,0.91991490262069,"PE"
22.7,0,1.03501772126092,0.988167394519331,1.08408928412908,"PE"
22.7,1,1.05358642214801,1.02099867725706,1.08721428701241,"PE"
22.7,2,1.07061501680188,1.04976191401699,1.0918823581774,"PE"
22.7,3,1.08412177736638,1.06704397557028,1.10147290558656,"PE"
22.7,4,1.09205664189061,1.07019922274965,1.11436047022468,"PE"
22.7,5,1.092384188068,1.06504849772009,1.12042148023818,"PE"
22.7,6,1.08320230751351,1.05386458514464,1.11335674008019,"PE"
22.7,7,1.06350989707194,1.03677682602464,1.09093227469872,"PE"
22.7,8,1.03508836231293,1.01400305840896,1.05661211661113,"PE"
22.7,9,1.00040639718032,0.983768983124085,1.01732518171197,"PE"
22.7,10,0.961828968353717,0.941923690777276,0.982154895797312,"PE"
22.7,11,0.921511624567746,0.89190245211728,0.952103755514538,"PE"
22.7,12,0.881342208038196,0.840407097527471,0.924271213266678,"PE"
22.8,0,1.03345202034242,0.988652257628523,1.08028183833991,"PE"
22.8,1,1.05134254390726,1.02015555552693,1.08348294398933,"PE"
22.8,2,1.06775306552746,1.04773846852247,1.08814999467478,"PE"
22.8,3,1.08079356403354,1.06440751208018,1.09743187153336,"PE"
22.8,4,1.08851063168164,1.06764716591103,1.10978180162443,"PE"
22.8,5,1.0889633678391,1.0629126141333,1.11565259526289,"PE"
22.8,6,1.0803319080367,1.05236428621211,1.10904279707471,"PE"
22.8,7,1.06164565153064,1.03611863996396,1.0878015759403,"PE"
22.8,8,1.03458292057908,1.01437248590484,1.0551960294932,"PE"
22.8,9,1.00147864688984,0.985427727099853,1.01779100850759,"PE"
22.8,10,0.964575186644071,0.945371507749481,0.984168956926081,"PE"
22.8,11,0.92592500467875,0.897414600549939,0.955341169804865,"PE"
22.8,12,0.88733621468371,0.847899965419571,0.928606663522623,"PE"
22.9,0,1.03189843163976,0.989097640341701,1.07655132293383,"PE"
22.9,1,1.04910347962694,1.01928563783446,1.07979360260947,"PE"
22.9,2,1.06488874583877,1.04570111474669,1.08442845189925,"PE"
22.9,3,1.07745518741241,1.06175198948773,1.09339063394835,"PE"
22.9,4,1.08494519207443,1.06505037815406,1.10521163500788,"PE"
22.9,5,1.08551173173216,1.06070904343141,1.11089438430375,"PE"
22.9,6,1.07741723071616,1.05078125579499,1.10472839388997,"PE"
22.9,7,1.05972295518709,1.03537212972395,1.08464648555865,"PE"
22.9,8,1.03400690855877,1.01465704796889,1.05372577767779,"PE"
22.9,9,1.00247298445048,0.987009207098646,1.01817903756659,"PE"
22.9,10,0.967242829818706,0.948737601438065,0.986109004657989,"PE"
22.9,11,0.93026660247664,0.90284052236052,0.958525819621842,"PE"
22.9,12,0.893272316529932,0.855314980875844,0.932914130256043,"PE"
23,0,1.03035718065123,0.989507953389,1.07289276057207,"PE"
23,1,1.04686921988686,1.01839191676699,1.07614283411214,"PE"
23,2,1.06202183751778,1.0436514009952,1.0807156319525,"PE"
23,3,1.07410623484475,1.0590783469786,1.08934736228317,"PE"
23,4,1.08135972428308,1.06241019779174,1.10064724127469,"PE"
23,5,1.08202847947486,1.05843937454858,1.10614330735194,"PE"
23,6,1.07445722338264,1.04911689394325,1.10040962217274,"PE"
23,7,1.05774040896147,1.03453799590073,1.08146320114213,"PE"
23,8,1.03335845843691,1.01485639663437,1.05219783524489,"PE"
23,9,1.0033869550183,0.988512043055374,1.01848570138715,"PE"
23,10,0.96982877187047,0.952020416232314,0.987970248022774,"PE"
23,11,0.934532592757874,0.908178613221995,0.961651325203882,"PE"
23,12,0.899146023606572,0.862650263475578,0.937185793591771,"PE"
23.1,0,1.02882849166716,0.989888126493029,1.06930069867202,"PE"
23.1,1,1.04463975528104,1.01747767273791,1.0725269433944,"PE"
23.1,2,1.05915212328002,1.04159097936129,1.07700934673653,"PE"
23.1,3,1.07074630088346,1.05638760161606,1.08530016738335,"PE"
23.1,4,1.07775364182166,1.05972816656032,1.09608572189794,"PE"
23.1,5,1.07851282822175,1.05610550852978,1.10139556251172,"PE"
23.1,6,1.07145085534745,1.04737294989192,1.09608228429351,"PE"
23.1,7,1.05569663665617,1.03361724102146,1.07824767662134,"PE"
23.1,8,1.03263572233173,1.014970369098,1.05060853745239,"PE"
23.1,9,1.00421811463538,0.989934930158556,1.01870738271687,"PE"
23.1,10,0.972329881057406,0.955218538109161,0.989747748686456,"PE"
23.1,11,0.938719119663777,0.913427627856979,0.964710896351727,"PE"
23.1,12,0.904952782415346,0.869904523372575,0.94141312799052,"PE"
23.2,0,1.0273125878003,0.99024359607276,1.06576922813586,"PE"
23.2,1,1.04241507641782,1.01654646117717,1.06894198449606,"PE"
23.2,2,1.05627938877946,1.03952159716365,1.07330732733652,"PE"
23.2,3,1.06737498733634,1.05368084192076,1.08124710848347,"PE"
23.2,4,1.07412637063056,1.05700602156211,1.09152401835791,"PE"
23.2,5,1.07496401282874,1.05370965104324,1.09664709603143,"PE"
23.2,6,1.0683971179212,1.0455515154102,1.09174190344364,"PE"
23.2,7,1.0535902858398,1.03261116382764,1.07499563175483,"PE"
23.2,8,1.03183687365517,1.0149989828413,1.04895408944556,"PE"
23.2,9,1.00496403212724,0.991276635943163,1.01884042178449,"PE"
23.2,10,0.974743022309269,0.958330689599839,0.991436431966236,"PE"
23.2,11,0.942822299455756,0.918586679083727,0.96769734265874,"PE"
23.2,12,0.910687978822289,0.877077073936386,0.945586903838714,"PE"
23.3,0,1.02580969101667,0.990580285152434,1.06229201000279,"PE"
23.3,1,1.04019517391978,1.0156020957458,1.06538378010281,"PE"
23.3,2,1.05340342261381,1.03744508741755,1.06960723438067,"PE"
23.3,3,1.06399190331113,1.05095922079043,1.07718620086916,"PE"
23.3,4,1.07047734920517,1.05424568428236,1.08695892451425,"PE"
23.3,5,1.07138128613147,1.05125429991379,1.09189361733584,"PE"
23.3,6,1.06529502493926,1.04365501260256,1.08738373931665,"PE"
23.3,7,1.05142002874436,1.03152134908665,1.07170256614042,"PE"
23.3,8,1.0309601085,1.01494242853682,1.04723057725611,"PE"
23.3,9,1.00562229105053,0.992535996861296,1.01888112416646,"PE"
23.3,10,0.977065059720563,0.961355723113406,0.993031099700574,"PE"
23.3,11,0.946838223426526,0.923655230897829,0.970603090148762,"PE"
23.3,12,0.916346941146881,0.884167833865362,0.949697200449289,"PE"
23.4,0,1.02432002216701,0.990904575622239,1.05886230987818,"PE"
23.4,1,1.03798003842374,1.01464862781618,1.06184794482503,"PE"
23.4,2,1.0505240163302,1.03536335848624,1.06590666922969,"PE"
23.4,3,1.06059666526178,1.04822394785754,1.07311542410714,"PE"
23.4,4,1.06680602872681,1.05144924677526,1.08238710181998,"PE"
23.4,5,1.06776391922715,1.04874222764833,1.08713061908445,"PE"
23.4,6,1.06214361329331,1.04168617608398,1.08300280944578,"PE"
23.4,7,1.04918456317483,1.03034965290572,1.06836377777193,"PE"
23.4,8,1.03000364705232,1.01480106080824,1.04543398101705,"PE"
23.4,9,1.00619049168958,0.993711914388113,1.01882576922701,"PE"
23.4,10,0.979292859128987,0.96429261275904,0.994526444827871,"PE"
23.4,11,0.950762960947171,0.928633085603039,0.973420204301705,"PE"
23.4,12,0.92192494344984,0.891177318260513,0.953733430978694,"PE"
23.5,0,1.02284380101858,0.991223273297246,1.05547303969366,"PE"
23.5,1,1.0357696605808,1.01369032258724,1.05832991188227,"PE"
23.5,2,1.04764096443124,1.03327838307014,1.06220318583778,"PE"
23.5,3,1.05718889703578,1.04547628138852,1.0690327307391,"PE"
23.5,4,1.06311187319556,1.04861895521275,1.07780509718142,"PE"
23.5,5,1.06411120175947,1.04617645911914,1.08235340208609,"PE"
23.5,6,1.05894194346836,1.03964802966855,1.07859391605258,"PE"
23.5,7,1.04688261343003,1.02909818368389,1.06497438599963,"PE"
23.5,8,1.02896573502816,1.01457538697281,1.0435601902596,"PE"
23.5,9,1.00666625310029,0.994803350721857,1.01867061906822,"PE"
23.5,10,0.981423290777945,0.967140444841199,0.995917067494332,"PE"
23.5,11,0.954592562649626,0.933520365224822,0.976140419225372,"PE"
23.5,12,0.927417209021016,0.898106618588735,0.957684379322221,"PE"
23.6,0,1.02138124628755,0.991543566491277,1.05211680608195,"PE"
23.6,1,1.0335640310563,1.01273163230282,1.0548249627241,"PE"
23.6,2,1.04475406438146,1.03119218668821,1.05849430312993,"PE"
23.6,3,1.05376822992264,1.04271751982397,1.06493605533908,"PE"
23.6,4,1.05939435956491,1.04575719107633,1.07320936318193,"PE"
23.6,5,1.0604224422062,1.04356024476013,1.07755710471036,"PE"
23.6,6,1.05568910008453,1.03754385792469,1.07415167804711,"PE"
23.6,7,1.04451293123386,1.02776927899198,1.06152935859768,"PE"
23.6,8,1.02784464513279,1.0142660539428,1.04160502110991,"PE"
23.6,9,1.00704721519978,0.995809324131839,1.01841192793187,"PE"
23.6,10,0.9834532320616,0.969898407219514,0.997197492493158,"PE"
23.6,11,0.958323063743844,0.938317487640539,0.978755172529847,"PE"
23.6,12,0.932818914068492,0.904957371909859,0.961538248600063,"PE"
23.7,0,1.01993257567175,0.991872979025576,1.04878596444716,"PE"
23.7,1,1.03136314052981,1.01177716709602,1.05132825906374,"PE"
23.7,2,1.04186311661412,1.02910683578538,1.0547775177613,"PE"
23.7,3,1.05033430270334,1.03994899304323,1.0608233238507,"PE"
23.7,4,1.05565297787809,1.04286645033256,1.0685962803267,"PE"
23.7,5,1.05669696816923,1.04089702979039,1.07273673627725,"PE"
23.7,6,1.052384192443,1.03537717313541,1.06967056763483,"PE"
23.7,7,1.04207429667582,1.02636547879824,1.05802354251421,"PE"
23.7,8,1.02663867854123,1.01387383349165,1.03956423517421,"PE"
23.7,9,1.00733104089992,0.996728903993928,1.01804595200814,"PE"
23.7,10,0.985379570350754,0.972565777722847,0.998362187838914,"PE"
23.7,11,0.961950487468649,0.943025138015562,0.981255645303807,"PE"
23.7,12,0.938125191609546,0.911731720141721,0.965282720442858,"PE"
23.8,0,1.01849800588403,0.992219318683269,1.04547267772043,"PE"
23.8,1,1.02916697969515,1.01083166396971,1.04783487681344,"PE"
23.8,2,1.03896792453835,1.02702442555208,1.05105031717163,"PE"
23.8,3,1.04688676170067,1.03717205340063,1.05669246315565,"PE"
23.8,4,1.05188723140573,1.03994932095202,1.06396218094694,"PE"
23.8,5,1.05293412666642,1.03819042008151,1.06788721380394,"PE"
23.8,6,1.04902635507533,1.03315167832568,1.06514495086145,"PE"
23.8,7,1.03956551915961,1.02488949553335,1.05445169780299,"PE"
23.8,8,1.02534616639851,1.01339960608732,1.03743355990365,"PE"
23.8,9,1.0075154182829,0.997561205524125,1.01756895963534,"PE"
23.8,10,0.987199205897593,0.975141911775976,0.99940558431123,"PE"
23.8,11,0.96547084867491,0.94764423621501,0.983632806509847,"PE"
23.8,12,0.943331135563729,0.918432260428045,0.968905023990794,"PE"
23.9,0,1.01707775268595,0.992590622038388,1.04216897887304,"PE"
23.9,1,1.02697553926037,1.00989995431091,1.04433984152298,"PE"
23.9,2,1.03606829454661,1.02494706745336,1.04731019293693,"PE"
23.9,3,1.04342526083048,1.03438806651498,1.05254141089165,"PE"
23.9,4,1.04809663678477,1.037008459086,1.05930337444667,"PE"
23.9,5,1.0491332844251,1.03544414529061,1.06300340148206,"PE"
23.9,6,1.04561474829553,1.03087122703906,1.06056913140685,"PE"
23.9,7,1.03698543835888,1.02334418147886,1.05080853424541,"PE"
23.9,8,1.02396547133791,1.01284434344138,1.03520871028388,"PE"
23.9,9,1.00759806281678,0.998305384167337,1.01697724192776,"PE"
23.9,10,0.988909054817163,0.977626229323019,1.00032209587561,"PE"
23.9,11,0.968880157539399,0.952175900826981,0.985877461147954,"PE"
23.9,12,0.948431805047865,0.925061987776485,0.972392013413587,"PE"
24,0,1.01567203092207,0.992995096233678,1.03886683661386,"PE"
24,1,1.02478880994774,1.00898693006567,1.04083816519383,"PE"
24,2,1.03316403602248,1.02287687630245,1.04355465458254,"PE"
24,3,1.03994946165371,1.03159840167319,1.04836812565793,"PE"
24,4,1.04428072415846,1.03404656406683,1.0546161737243,"PE"
24,5,1.04529382817662,1.03266201973273,1.0580801524074,"PE"
24,6,1.0421485587541,1.02853978039634,1.05593739708808,"PE"
24,7,1.03433292517884,1.02173249381226,1.04708875032176,"PE"
24,8,1.0224949890157,1.01220908978352,1.03288541183306,"PE"
24,9,1.00757671960896,0.998960629500091,1.01626712396662,"PE"
24,10,0.990506052143186,0.98001820098486,1.00110614103527,"PE"
24,11,0.972174423407334,0.95662141022204,0.987980301745506,"PE"
24,12,0.953422228872293,0.931624230934544,0.97573025295397,"PE"
24.1,0,1.01428105455458,0.993441057461855,1.03555822451787,"PE"
24.1,1,1.02260678249376,1.00809750814927,1.03732488489337,"PE"
24.1,2,1.03025496134879,1.02081595641209,1.03978124432385,"PE"
24.1,3,1.03645903342908,1.02880442148308,1.0441705979725,"PE"
24.1,4,1.04043903731719,1.03106635206833,1.0498969229303,"PE"
24.1,5,1.04141516495169,1.02984790105581,1.05311235249348,"PE"
24.1,6,1.03862699999334,1.02616136153399,1.05124406896647,"PE"
24.1,7,1.03160688272251,1.02005745724758,1.04328707458502,"PE"
24.1,8,1.02093314966043,1.01149494157515,1.03045942518748,"PE"
24.1,9,1.00744916569507,0.999526158319498,1.01543497687559,"PE"
24.1,10,0.991987154955641,0.982317333106182,1.00175216544878,"PE"
24.1,11,0.975349658761264,0.960982160563189,0.989931963240811,"PE"
24.1,12,0.958297410237211,0.938122581766266,0.978906109197732,"PE"
24.2,0,1.01290503669852,0.993936864193882,1.03223519554367,"PE"
24.2,1,1.02042944764913,1.00723659155985,1.03379510470023,"PE"
24.2,2,1.02734088591597,1.01876638576213,1.03598755379531,"PE"
24.2,3,1.03295365316652,1.02600746996386,1.03994686279198,"PE"
24.2,4,1.03657113383987,1.02807052758109,1.04514202740369,"PE"
24.2,5,1.03749672237602,1.0270056458789,1.04809496740382,"PE"
24.2,6,1.03504931300313,1.02374000654446,1.0464835539293,"PE"
24.2,7,1.02880624726056,1.01832212334542,1.03939831035501,"PE"
24.2,8,1.01927841963515,1.01070302476516,1.02792657316459,"PE"
24.2,9,1.00721321236114,1.00000120621835,1.01447723147379,"PE"
24.2,10,0.993349345577272,0.984523150789176,1.00225466670625,"PE"
24.2,11,0.978401883313618,0.965259619599679,0.991723082406205,"PE"
24.2,12,0.963052331627466,0.944560816750868,0.981905851910563,"PE"
24.3,0,1.0115440079795,0.994490415900124,1.02889003626356,"PE"
24.3,1,1.01825670156738,1.00640876046138,1.03024412248909,"PE"
24.3,2,1.02442161714412,1.01673007722196,1.03217134339095,"PE"
24.3,3,1.02943306998745,1.02320883600532,1.03569516631721,"PE"
24.3,4,1.03267671139093,1.02506176975856,1.04034822262502,"PE"
24.3,5,1.03353811832402,1.02413909562291,1.04302340042887,"PE"
24.3,6,1.0314149555945,1.02127975422438,1.04165073891231,"PE"
24.3,7,1.02593017056408,1.01652957391966,1.03541770143996,"PE"
24.3,8,1.01752945359683,1.00983451402288,1.02528302861473,"PE"
24.3,9,1.00686680940234,1.00038503199344,1.01339058407932,"PE"
24.3,10,0.994589675547808,0.98663510460138,1.00260837881494,"PE"
24.3,11,0.981327100406472,0.969455070320867,0.993344516392536,"PE"
24.3,12,0.967681861086301,0.950942459796615,0.984715925373364,"PE"
24.4,0,1.01019408823494,0.995100176570641,1.02551694787321,"PE"
24.4,1,1.01608640614896,1.00561271568039,1.02666918254128,"PE"
24.4,2,1.02149672945608,1.01470627239501,1.02833262854146,"PE"
24.4,3,1.02589842139877,1.02040926073604,1.03141711029683,"PE"
24.4,4,1.02875818883214,1.02204301949205,1.03551747911274,"PE"
24.4,5,1.02954262575381,1.02125265696996,1.03789988795616,"PE"
24.4,6,1.02772746698255,1.01878540210363,1.03674801799225,"PE"
24.4,7,1.02298173555221,1.01468380288826,1.03134752747073,"PE"
24.4,8,1.01568818451915,1.00889149671546,1.02253066016549,"PE"
24.4,9,1.00641014107512,1.00067719760063,1.01217592894835,"PE"
24.4,10,0.995706106977456,0.988651002095429,1.00281155773967,"PE"
24.4,11,0.984120727593746,0.973565247989603,0.994790650631345,"PE"
24.4,12,0.972178714499969,0.957263321960643,0.987326508019775,"PE"
24.5,0,1.00884765251776,0.995754771473932,1.02211268793026,"PE"
24.5,1,1.01391448357888,1.00484108105893,1.02306981610233,"PE"
24.5,2,1.01856557611985,1.01269146537896,1.02447375960469,"PE"
24.5,3,1.02235216007106,1.01760881224059,1.02711761791904,"PE"
24.5,4,1.02482055762905,1.01901716756916,1.03065699849246,"PE"
24.5,5,1.02551697179827,1.01835084794804,1.03273352358416,"PE"
24.5,6,1.02399424949392,1.01626200580666,1.03178532406543,"PE"
24.5,7,1.01996776016396,1.01278927587253,1.02719712437478,"PE"
24.5,8,1.01375967829041,1.00787668161808,1.01967701413387,"PE"
24.5,9,1.00584554347791,1.00087743240999,1.0108383150355,"PE"
24.5,10,0.99669748870409,0.990566828723884,1.00286609159809,"PE"
24.5,11,0.986777614625269,0.977581920722048,0.996059808477567,"PE"
24.5,12,0.976533490329182,0.963510736093003,0.989732259342926,"PE"
24.6,0,1.00749696355354,0.996441295953693,1.01867529546544,"PE"
24.6,1,1.01173681152157,1.00408558689725,1.01944633918201,"PE"
24.6,2,1.01562750970968,1.01068175498066,1.02059746640903,"PE"
24.6,3,1.01879676175922,1.0148072947378,1.02280191239585,"PE"
24.6,4,1.02086884470894,1.01598662008866,1.02577453038352,"PE"
24.6,5,1.02146793059679,1.0154375056107,1.02753416874254,"PE"
24.6,6,1.02022277144803,1.01371389264729,1.02677344261598,"PE"
24.6,7,1.01689515491967,1.01084985551822,1.02297660770697,"PE"
24.6,8,1.01174911598075,1.00679242316162,1.01673021184776,"PE"
24.6,9,1.00517546899618,1.00098529938855,1.00938317884275,"PE"
24.6,10,0.997562748103727,0.99237814598358,1.00277443677274,"PE"
24.6,11,0.989292600510785,0.981495795824657,0.997151341441136,"PE"
24.6,12,0.980736630695746,0.969670181880267,0.991929376361096,"PE"
24.7,0,1.00613432555136,0.997145852349749,1.01520382265766,"PE"
24.7,1,1.00954930341781,1.00333741079142,1.01579965529985,"PE"
24.7,2,1.01268189146213,1.00867300701793,1.01670670887408,"PE"
24.7,3,1.01523467050882,1.01200431379256,1.01847533864804,"PE"
24.7,4,1.01690800461506,1.01295336296658,1.02087808546452,"PE"
24.7,5,1.01740217785488,1.01251586675941,1.02231206985106,"PE"
24.7,6,1.01642040401545,1.01114474233555,1.02172359153315,"PE"
24.7,7,1.01377076514868,1.00886885988156,1.01869648785749,"PE"
24.7,8,1.00966166220938,1.0056407470415,1.01369865444934,"PE"
24.7,9,1.00440239762437,1.00100021833098,1.00781614017592,"PE"
24.7,10,0.998300857834886,0.994080213705069,1.00253942188366,"PE"
24.7,11,0.991660543461585,0.985296809456321,0.998065378899535,"PE"
24.7,12,0.984778517447754,0.97572574851428,0.993915277836293,"PE"
24.8,0,1.00475208482306,0.997853715972158,1.01169814352273,"PE"
24.8,1,1.00734790880063,1.00258728650456,1.01213113613564,"PE"
24.8,2,1.00972809132247,1.00666091074164,1.01280461725149,"PE"
24.8,3,1.01166829846655,1.00919931922696,1.01414331799806,"PE"
24.8,4,1.01294291894633,1.00991903587038,1.01597585608356,"PE"
24.8,5,1.01332628955291,1.00958867003954,1.01707774618633,"PE"
24.8,6,1.01259441878388,1.00855769662015,1.01664729780793,"PE"
24.8,7,1.01060136741186,1.00684915565047,1.01436756249243,"PE"
24.8,8,1.00750246127712,1.00442341048183,1.01059095087452,"PE"
24.8,9,1.00352883450311,1.0009214998495,1.00614296109195,"PE"
24.8,10,0.998910836933912,0.995668047239377,1.00216418806509,"PE"
24.8,11,0.993876327602743,0.988974239474981,0.998802714106594,"PE"
24.8,12,0.988649485933005,0.981660300815347,0.995688432366841,"PE"
24.9,0,1.0033426309869,0.998549485781155,1.00815878380648,"PE"
24.9,1,1.00512861377468,1.0018256021721,1.0084425153821,"PE"
24.9,2,1.00676548799497,1.00464102967455,1.00889443878885,"PE"
24.9,3,1.00810002574829,1.00639164359263,1.00981130793756,"PE"
24.9,4,1.00897839603365,1.00688499806568,1.01107614635075,"PE"
24.9,5,1.00924674108364,1.00665824696477,1.01184189118713,"PE"
24.9,6,1.00875198584746,1.0059554572895,1.01155628867804,"PE"
24.9,7,1.00739366637573,1.00479324180674,1.01000082089438,"PE"
24.9,8,1.00527663355266,1.00314195666998,1.00741585300817,"PE"
24.9,9,1.00255730750153,1.00074837644382,1.00436950834377,"PE"
24.9,10,0.999391751888486,0.997136469772566,1.00165213490842,"PE"
24.9,11,0.99593486989001,0.992516809714759,0.999364701286914,"PE"
24.9,12,0.992339839607854,0.987455635267833,0.997248202453009,"PE"
25,0,1.00189839875008,0.99921722351287,1.00458676831949,"PE"
25,1,1.00288744165647,1.00104249033385,1.0047357932797,"PE"
25,2,1.00379346899689,1.00260884826447,1.00497948940406,"PE"
25,3,1.00453220036363,1.00358053722895,1.00548476592985,"PE"
25,4,1.00501917084677,1.00385238759491,1.00618731025735,"PE"
25,5,1.00516990680783,1.00372660363501,1.00661528537054,"PE"
25,6,1.00490017240758,1.00334037436767,1.00646239531745,"PE"
25,7,1.00415429213113,1.0027033253123,1.00560735857869,"PE"
25,8,1.00298927211199,1.00179776448719,1.00418219687953,"PE"
25,9,1.00149036484685,1.00048003138572,1.00250171859192,"PE"
25,10,0.999742717687983,0.998480160901189,1.0010068709508,"PE"
25,11,0.997831127223542,0.995912787684812,0.999753161891635,"PE"
25,12,0.995839865473075,0.993092628835654,0.998594701914303,"PE"
25.1,0,1.00041187026373,0.999840584882396,1.00098348206409,"PE"
25.1,1,1.00062045377285,1.0002279121685,1.00101314943099,"PE"
25.1,2,1.00081143071611,1.0005598156531,1.00106310905384,"PE"
25.1,3,1.00096713819557,1.00076520086342,1.00116911627523,"PE"
25.1,4,1.00106990512591,1.00082217517723,1.00131769639431,"PE"
25.1,5,1.00110206001698,1.00079549493521,1.0014087190062,"PE"
25.1,6,1.00104594187341,1.0007145263859,1.00137746711872,"PE"
25.1,7,1.00088979794938,1.00058139043152,1.00119830052717,"PE"
25.1,8,1.00064543963035,1.00039209464556,1.00089884877366,"PE"
25.1,9,1.00033057280355,1.0001156261113,1.00054556569254,"PE"
25.1,10,0.99996289884933,0.99969370253579,1.00023216765173,"PE"
25.1,11,0.999560103749821,0.99915007765864,0.999970298105409,"PE"
25.1,12,0.999139850324774,0.998551383504583,0.999728663940538,"PE"
25.2,0,0.998875578043937,0.997350541634076,1.00040294636816,"PE"
25.2,1,0.998323750414844,0.997276861597469,0.999371738201059,"PE"
25.2,2,0.997818778472264,0.997148619548424,0.998489387793341,"PE"
25.2,3,0.997407123034085,0.996869719115039,0.997944816662977,"PE"
25.2,4,0.997135187732106,0.996475597880446,0.997795214181283,"PE"
25.2,5,0.997049373292325,0.996232922708526,0.997866492988276,"PE"
25.2,6,0.997196153449836,0.996313294613004,0.998079794610592,"PE"
25.2,7,0.997606658467936,0.996784731377801,0.99842926330134,"PE"
25.2,8,0.998250165525265,0.997574655148222,0.998926133325989,"PE"
25.2,9,0.999080513403803,0.998507029394732,0.999654326788531,"PE"
25.2,10,1.00005151041706,0.999331915847175,1.00077162314947,"PE"
25.2,11,1.00111685834227,1.00001861172555,1.00221631108217,"PE"
25.2,12,1.00223009780469,1.00065131702591,1.00381136950982,"PE"
25.3,0,0.997282108451473,0.993689673467915,1.00088753097979,"PE"
25.3,1,0.995993471944102,0.99352922825386,0.998463827680967,"PE"
25.3,2,0.994814926581286,0.993239283600247,0.996393069111876,"PE"
25.3,3,0.993854406662381,0.992591840673276,0.995118578621645,"PE"
25.3,4,0.99321953521045,0.991669206138697,0.994772287993876,"PE"
25.3,5,0.993017919249009,0.99109850412535,0.994941051616112,"PE"
25.3,6,0.993357562200667,0.991281539079814,0.995437933099449,"PE"
25.3,7,0.994311268297501,0.992377630908479,0.996248673358663,"PE"
25.3,8,0.995808443349133,0.994218395246601,0.997401034406996,"PE"
25.3,9,0.997742782231186,0.996392064785096,0.999095330721183,"PE"
25.3,10,1.00000781893625,0.998310083694813,1.00170844136173,"PE"
25.3,11,1.0024965122502,0.999900826552537,1.00509893620037,"PE"
25.3,12,1.0051009462303,1.00136426600902,1.00885157020766,"PE"
25.4,0,0.995624105722566,0.990002595577834,1.00127753636574,"PE"
25.4,1,0.993625800048774,0.989772492697718,0.997494108804346,"PE"
25.4,2,0.991799298423226,0.989338263894266,0.994266454913879,"PE"
25.4,3,0.990311208994469,0.988340623831301,0.992285723173394,"PE"
25.4,4,0.989327392560388,0.986906567165434,0.991754156101655,"PE"
25.4,5,0.989013671654774,0.986015888903195,0.992020568561132,"PE"
25.4,6,0.989536819574666,0.98629366689081,0.992790636465019,"PE"
25.4,7,0.991009941042149,0.987987813136454,0.994041313249198,"PE"
25.4,8,0.993325228429193,0.990838735280697,0.995817961390444,"PE"
25.4,9,0.996319986259296,0.994206571801594,0.99843789326492,"PE"
25.4,10,0.999831143396973,0.997170675118665,1.00249870984978,"PE"
25.4,11,1.0036942569049,0.9996198124148,1.00778530880683,"PE"
25.4,12,1.00774278718127,1.00186937538108,1.01365063158018,"PE"
25.5,0,0.993894276541941,0.986290899339008,1.00155626864736,"PE"
25.5,1,0.991216959145873,0.986008766476509,0.99645266198736,"PE"
25.5,2,0.98877132651322,0.98544858092813,0.992105275765795,"PE"
25.5,3,0.986779718262903,0.984121058097791,0.989445560952781,"PE"
25.5,4,0.985463134207257,0.98219553891233,0.988741600228622,"PE"
25.5,5,0.985042506912366,0.980995264078499,0.989106447252486,"PE"
25.5,6,0.985740474382218,0.981360886591181,0.990139607265669,"PE"
25.5,7,0.987708908723819,0.983625867307436,0.991808898888462,"PE"
25.5,8,0.990805435752597,0.987444183012131,0.994178130172685,"PE"
25.5,9,0.994814741746723,0.991956364099654,0.997681355968574,"PE"
25.5,10,0.999520856149101,0.995917687722505,1.00313706061559,"PE"
25.5,11,1.00470536187071,0.999178508883529,1.01026278607581,"PE"
25.5,12,1.0101460848144,1.002168651898,1.0181870194536,"PE"
25.6,0,0.992085395148654,0.982555927791623,1.00170728548695,"PE"
25.6,1,0.988763217926733,0.982239949793164,0.995329808496079,"PE"
25.6,2,0.985730452575514,0.981573068290342,0.98990544517193,"PE"
25.6,3,0.983262091255376,0.979937947970902,0.98659751069116,"PE"
25.6,4,0.98163106516947,0.977543748336576,0.985735471937132,"PE"
25.6,5,0.98111020589527,0.976046521967576,0.986200159979502,"PE"
25.6,6,0.981974974210465,0.976494086634607,0.987486625033157,"PE"
25.6,7,0.984414321602397,0.97930209895985,0.98955323143409,"PE"
25.6,8,0.988253938093855,0.984043041484238,0.992482853885062,"PE"
25.6,9,0.99322967218986,0.989647136489447,0.996825176716808,"PE"
25.6,10,0.99907638378602,0.994555069062868,1.00361825271221,"PE"
25.6,11,1.00552518292823,0.998579846600376,1.01251882555514,"PE"
25.6,12,1.01230139587514,1.00226412331402,1.02243918768875,"PE"
25.7,0,0.99019030896416,0.978798646674862,1.0017145521169,"PE"
25.7,1,0.986260891042186,0.978467646379929,0.994116206905867,"PE"
25.7,2,0.982676127620405,0.97771432392209,0.987663111982784,"PE"
25.7,3,0.979760453598976,0.975795878590103,0.983741136336265,"PE"
25.7,4,0.977835422415833,0.972958546566086,0.982736743210472,"PE"
25.7,5,0.977222456126602,0.971179202496749,0.983303314468686,"PE"
25.7,6,0.978246667265021,0.971703771543181,0.98483361909293,"PE"
25.7,7,0.981132248382552,0.975026469111242,0.98727626306766,"PE"
25.7,8,0.985675564381727,0.980643360544532,0.990733591139342,"PE"
25.7,9,0.99156740633475,0.98728443007091,0.995868962741373,"PE"
25.7,10,0.998497207996115,0.99308667004897,1.00393722365327,"PE"
25.7,11,1.00614917027574,0.997826663929003,1.01454109159643,"PE"
25.7,12,1.01419939036937,1.00215770972219,1.02638576089062,"PE"
25.8,0,0.988201944730937,0.975019504073899,1.00156261437822,"PE"
25.8,1,0.983706340923808,0.974693070089016,0.992802960100386,"PE"
25.8,2,0.979607812023987,0.97387465574407,0.985374719136967,"PE"
25.8,3,0.97627690009087,0.971699177439752,0.98087618861871,"PE"
25.8,4,0.974080376407637,0.968446960467266,0.979746561695688,"PE"
25.8,5,0.973384854291317,0.966402431720189,0.980417726057688,"PE"
25.8,6,0.974561804626672,0.966999994054021,0.98218274754626,"PE"
25.8,7,0.977868676798482,0.97080852942004,0.984980168679464,"PE"
25.8,8,0.98307509830238,0.977252884645485,0.988931999165011,"PE"
25.8,9,0.989830576249115,0.984873594070219,0.994812507489972,"PE"
25.8,10,0.997782866380714,0.991516194061219,1.00408914590198,"PE"
25.8,11,1.00657287683418,0.996921616336215,1.01631757178846,"PE"
25.8,12,1.01583087285443,1.00185108351818,1.03000573560338,"PE"
25.9,0,0.986113315148771,0.971218274125957,1.00123679323149,"PE"
25.9,1,0.981095979737465,0.970916940143077,0.991381735820956,"PE"
25.9,2,0.976524975610571,0.970056019827517,0.9830370705403,"PE"
25.9,3,0.97281349507423,0.967651870695361,0.978002652460615,"PE"
25.9,4,0.970370032820371,0.964015638690748,0.976766312499496,"PE"
25.9,5,0.969602909072329,0.961724854012156,0.977545497924337,"PE"
25.9,6,0.970926542911839,0.962392280535637,0.979536485066213,"PE"
25.9,7,0.974629514567787,0.966657350924216,0.982667425803406,"PE"
25.9,8,0.98045727713542,0.973878995219877,0.987079993516818,"PE"
25.9,9,0.988021815455546,0.982419743225771,0.993655832496572,"PE"
25.9,10,0.996932953237292,0.989847140145011,1.00406949006776,"PE"
25.9,11,1.00679196664016,0.995867075496004,1.01783670635592,"PE"
25.9,12,1.01718680430416,1.00134551338009,1.03327870452821,"PE"
26,0,0.983917867995632,0.967393811989372,1.00072417144188,"PE"
26,1,0.978426457101321,0.967139274796185,0.989845368607938,"PE"
26,2,0.973427137769171,0.966259824792232,0.980647614888913,"PE"
26,3,0.969372186615889,0.963657416541554,0.975120846946701,"PE"
26,4,0.966708249520027,0.959670435472523,0.973797675896866,"PE"
26,5,0.965881796473228,0.957154093420719,0.974689082114473,"PE"
26,6,0.967346680732447,0.957889049632688,0.976897690899493,"PE"
26,7,0.97142035547866,0.962580997757454,0.980340884805275,"PE"
26,8,0.977826632001784,0.970528321111644,0.985179825722946,"PE"
26,9,0.986143712096543,0.979927528370488,0.992399328269384,"PE"
26,10,0.995947218769394,0.988082645820818,1.00387438922226,"PE"
26,11,1.00680248699527,0.994664961998737,1.01908812167564,"PE"
26,12,1.01825876662565,1.00064165918449,1.03618603752217,"PE"
26.1,0,0.981614114963362,0.963543100022297,1.0000240473654,"PE"
26.1,1,0.975697169139438,0.963358196512532,0.988194182924906,"PE"
26.1,2,0.970314407827655,0.962485246397633,0.978207254149395,"PE"
26.1,3,0.9659536435208,0.959715786322722,0.972232044870571,"PE"
26.1,4,0.96309614469073,0.955411622416243,0.970842474756961,"PE"
26.1,5,0.962223021154302,0.952690521128208,0.971850902161662,"PE"
26.1,6,0.96382406622353,0.953490902468837,0.974269212455355,"PE"
26.1,7,0.968243306610829,0.958580501703173,0.978003515751637,"PE"
26.1,8,0.975185342200272,0.967202346172697,0.983234227465841,"PE"
26.1,9,0.984198198416838,0.977398680852587,0.991045018519973,"PE"
26.1,10,0.994826902488332,0.986224214083996,1.00350463087518,"PE"
26.1,11,1.00660445049034,0.993315988449868,1.02007068398064,"PE"
26.1,12,1.01904498525035,0.999739125418589,1.03872365856352,"PE"
26.2,0,0.979204367986932,0.959661944303851,0.999144750894795,"PE"
26.2,1,0.972909565843382,0.959570571393395,0.986433985709947,"PE"
26.2,2,0.967187334359633,0.958729902144653,0.975719373780992,"PE"
26.2,3,0.962557582255294,0.955824436152123,0.969338158885172,"PE"
26.2,4,0.959532801077721,0.951235415698162,0.967902562446443,"PE"
26.2,5,0.958625361567952,0.948329242079003,0.969033267208615,"PE"
26.2,6,0.96035761104627,0.949192763435823,0.971653784797166,"PE"
26.2,7,0.965097876445988,0.95465177856451,0.975658278792612,"PE"
26.2,8,0.972533827617314,0.96389880264048,0.981246208905979,"PE"
26.2,9,0.982186715250884,0.974832807525123,0.989596099114113,"PE"
26.2,10,0.993574375484241,0.9842721865173,1.0029644778564,"PE"
26.2,11,1.00620089824028,0.991820064934985,1.0207902455431,"PE"
26.2,12,1.01954879274652,0.998636887122142,1.04089860308128,"PE"
26.3,0,0.976691050705185,0.955745924996921,0.998095187830042,"PE"
26.3,1,0.97006514718211,0.955773098848493,0.984570910094864,"PE"
26.3,2,0.964046472706811,0.954991289987687,0.973187516244705,"PE"
26.3,3,0.959183699214406,0.951980712235546,0.96644118626953,"PE"
26.3,4,0.956017265756597,0.94713789325171,0.964979881954553,"PE"
26.3,5,0.955087550310891,0.944065194679452,0.966238596550087,"PE"
26.3,6,0.956946172899216,0.944989371679312,0.969054261635886,"PE"
26.3,7,0.961983516337523,0.950790555651407,0.973308243550112,"PE"
26.3,8,0.969872462387787,0.960615259383737,0.979218874684133,"PE"
26.3,9,0.980110696242428,0.972229400286326,0.988055881262088,"PE"
26.3,10,0.99219207903538,0.982226804339485,1.00225845736572,"PE"
26.3,11,1.00559506522898,0.99017697312192,1.02125323317165,"PE"
26.3,12,1.01977388675273,0.997333755553119,1.04271892364258,"PE"
26.4,0,0.974076603256372,0.951790458765526,0.996884577139069,"PE"
26.4,1,0.967165411841254,0.951962363706917,0.982611255995041,"PE"
26.4,2,0.960892374007035,0.951266837681492,0.970615307767119,"PE"
26.4,3,0.955831694165107,0.94818191913765,0.963543186313287,"PE"
26.4,4,0.952548600163076,0.943115103032103,0.962076455732201,"PE"
26.4,5,0.951608341055737,0.939893291810306,0.963469409407824,"PE"
26.4,6,0.953588627649882,0.940875433973096,0.966473603145629,"PE"
26.4,7,0.958899684431908,0.946992510709592,0.970956575057419,"PE"
26.4,8,0.967201618078994,0.957349224295499,0.977155406067239,"PE"
26.4,9,0.977971579270243,0.969587893406309,0.986427755920357,"PE"
26.4,10,0.990682494968586,0.980088242028394,1.00139126636798,"PE"
26.4,11,1.00479030244064,0.988386397489497,1.02146645729156,"PE"
26.4,12,1.0197241993615,0.995828415204448,1.0441933840078,"PE"
26.5,0,0.971363480136681,0.947790835122995,0.995522403865406,"PE"
26.5,1,0.964211856499057,0.94813485955722,0.980561462161123,"PE"
26.5,2,0.957725585124284,0.947553915192981,0.968006444482735,"PE"
26.5,3,0.952501270200989,0.94442532667423,0.96064627251091,"PE"
26.5,4,0.949125879754086,0.939163071251368,0.959194375497179,"PE"
26.5,5,0.948186507978897,0.935808431646501,0.960728310955026,"PE"
26.5,6,0.950283868858008,0.936845637433265,0.963914859961196,"PE"
26.5,7,0.95584584554119,0.943253285083894,0.968606518404113,"PE"
26.5,8,0.964521663656742,0.954098155061296,0.975059048933389,"PE"
26.5,9,0.975770805644391,0.966907669255543,0.984715185764306,"PE"
26.5,10,0.989048142794129,0.977856612531734,1.00036775967782,"PE"
26.5,11,1.003790070539,0.986447936835412,1.02143708561561,"PE"
26.5,12,1.01940388619997,0.994119445438288,1.04533141160059,"PE"
26.6,0,0.968554148096906,0.943742252957355,0.994018371918878,"PE"
26.6,1,0.961205975119853,0.944287012254395,0.978428078133093,"PE"
26.6,2,0.954546648581409,0.943849847252831,0.965364678470861,"PE"
26.6,3,0.949192133697764,0.940708176717714,0.957752604869805,"PE"
26.6,4,0.945748193677552,0.935277810316844,0.956335792400916,"PE"
26.6,5,0.9448208452043,0.931805508112706,0.958017978816877,"PE"
26.6,6,0.947030807311676,0.932894661862879,0.961381157660895,"PE"
26.6,7,0.95282147101832,0.939568496541476,0.966261383789851,"PE"
26.6,8,0.961832965452692,0.950859469637224,0.972933102074985,"PE"
26.6,9,0.973509819317896,0.964188063708491,0.982921697519472,"PE"
26.6,10,0.987291576868974,0.975531971854011,0.999192938703905,"PE"
26.6,11,1.00259793354328,0.98436111504616,1.02117261742721,"PE"
26.6,12,1.01881731537154,0.992205341510919,1.04614304990562,"PE"
26.7,0,0.965651084078835,0.939639859973124,0.992382354032215,"PE"
26.7,1,0.958149258265267,0.940415205442513,0.97621773425313,"PE"
26.7,2,0.951356102495601,0.940151927179283,0.962693802554985,"PE"
26.7,3,0.945903994269546,0.937027690805284,0.954864381442287,"PE"
26.7,4,0.942414644450675,0.93145532764523,0.953502906382395,"PE"
26.7,5,0.941510166262538,0.927879422463163,0.955341148554142,"PE"
26.7,6,0.943828370575954,0.929017193326846,0.958875680130342,"PE"
26.7,7,0.949826038635263,0.935933753192072,0.96392453054785,"PE"
26.7,8,0.959135887132986,0.94763055750627,0.970780904751791,"PE"
26.7,9,0.971190066114153,0.961428371968858,0.981050873906773,"PE"
26.7,10,0.985415383591699,0.973114324061735,0.997871939821093,"PE"
26.7,11,1.00121755251325,0.982125393030797,1.02068085661359,"PE"
26.7,12,1.01796905628964,0.99008453791342,1.04663890797356,"PE"
26.8,0,0.962656773192872,0.935478796297766,0.990624337656434,"PE"
26.8,1,0.955043192423311,0.936515808954838,0.973937108880234,"PE"
26.8,2,0.948154480516568,0.936457432539247,0.959997633299755,"PE"
26.8,3,0.942636564725906,0.933381079035621,0.951983828594781,"PE"
26.8,4,0.939124347646503,0.927691635976056,0.950697954083132,"PE"
26.8,5,0.938253303565003,0.924025096751205,0.952700597360148,"PE"
26.8,6,0.940675502553737,0.925207939762035,0.956401650997845,"PE"
26.8,7,0.946859032463835,0.932344669220438,0.961599349420827,"PE"
26.8,8,0.956430789668124,0.944408792255852,0.968605822951055,"PE"
26.8,9,0.968812992970403,0.958627855237359,0.979106344782638,"PE"
26.8,10,0.983422178632121,0.970603627323433,0.996410021763988,"PE"
26.8,11,0.999652679255068,0.97974018292223,1.01996988238377,"PE"
26.8,12,1.0168638684335,0.987755435678864,1.04683010548546,"PE"
26.9,0,0.959573706738295,0.931254242616964,0.988754366450924,"PE"
26.9,1,0.951889259355512,0.932585210367259,0.971592892535321,"PE"
26.9,2,0.944942311767384,0.932763642875936,0.957279991976544,"PE"
26.9,3,0.939389561029701,0.929765550510877,0.949113189757024,"PE"
26.9,4,0.93587643158858,0.923982765501027,0.94792319500466,"PE"
26.9,5,0.935049107892611,0.920237489546175,0.950099125609354,"PE"
26.9,6,0.937571163058456,0.921461648977643,0.953962312782172,"PE"
26.9,7,0.943919942759226,0.928796882736846,0.959289242781644,"PE"
26.9,8,0.953718031304087,0.941191545723877,0.966411234107486,"PE"
26.9,9,0.966380047197541,0.955785748469005,0.977091777228783,"PE"
26.9,10,0.981314604198556,0.967999801382806,0.994812551653146,"PE"
26.9,11,0.99790715005929,0.97720486522331,1.01904801703161,"PE"
26.9,12,1.01550669005567,0.98521643460153,1.04672821253221,"PE"
27,0,0.956404380267429,0.926961472578269,0.986782477647679,"PE"
27,1,0.948688935462206,0.928619849564965,0.96919174912107,"PE"
27,2,0.941720120788005,0.929067859491596,0.9545446835092,"PE"
27,3,0.93616270225564,0.926178325421132,0.946254712553421,"PE"
27,4,0.932670037053494,0.920324777917611,0.945180895798112,"PE"
27,5,0.931896447898725,0.916511613979851,0.947539536171499,"PE"
27,6,0.934514327398381,0.917773129096494,0.951560903698052,"PE"
27,7,0.941008265846136,0.925286075774745,0.956997602767687,"PE"
27,8,0.950997967534702,0.937976203762459,0.964200510234022,"PE"
27,9,0.963892675756539,0.952901269356001,0.975010864457141,"PE"
27,10,0.979095326345486,0.965302736730967,0.993084989397215,"PE"
27,11,0.995984879482035,0.974518809298445,1.01792379037914,"PE"
27,12,1.01390262686941,0.982465970835478,1.04634518374056,"PE"
27.1,0,0.953151291694929,0.922595908702729,0.984718636068046,"PE"
27.1,1,0.945443691166075,0.924616255846584,0.966740274696237,"PE"
27.1,2,0.9384884274814,0.925367427074668,0.951795473610767,"PE"
27.1,3,0.932955710549603,0.922616648736301,0.943410634351008,"PE"
27.1,4,0.929504316981123,0.916713782348101,0.942473312742743,"PE"
27.1,5,0.928794209625897,0.912842557986073,0.945024611623941,"PE"
27.1,6,0.931503985972189,0.914137271248354,0.949200632304531,"PE"
27.1,7,0.938123504007486,0.921807996247965,0.954727787514815,"PE"
27.1,8,0.948270951075223,0.934760183513346,0.961976999569397,"PE"
27.1,9,0.961352324551705,0.94997362858675,0.972867313480976,"PE"
27.1,10,0.976767032324252,0.962512305643966,0.991232870313493,"PE"
27.1,11,0.993889854179646,0.971681397389319,1.01660590075643,"PE"
27.1,12,1.01205694074381,0.979502559943622,1.04569328677067,"PE"
27.2,0,0.949816939453261,0.918153180624126,0.982572665989253,"PE"
27.2,1,0.942154990314038,0.920571086804643,0.964244954569181,"PE"
27.2,2,0.935247747062293,0.921659756784382,0.949036064498283,"PE"
27.2,3,0.929768311088674,0.91907780534835,0.940583166380601,"PE"
27.2,4,0.92637843619241,0.913145952916083,0.939802672619588,"PE"
27.2,5,0.925741296036076,0.90922550640724,0.942557089684972,"PE"
27.2,6,0.928539143875536,0.910549074121041,0.946884650386786,"PE"
27.2,7,0.935265165375655,0.918358481495437,0.952483095861187,"PE"
27.2,8,0.945537331837127,0.931540951955814,0.959744006981757,"PE"
27.2,9,0.958760437741005,0.947002041354423,0.970664831580123,"PE"
27.2,10,0.974332427979227,0.959628375160321,0.989261785900502,"PE"
27.2,11,0.991626126806893,0.968692052123522,1.0151031725825,"PE"
27.2,12,1.00997503843293,0.976324845093787,1.04478502558193,"PE"
27.3,0,0.946403820695357,0.913629184132224,0.980354182400048,"PE"
27.3,1,0.938824289597521,0.916481167984295,0.961712119711982,"PE"
27.3,2,0.931998590008474,0.917942350250598,0.946270069727854,"PE"
27.3,3,0.926600232041892,0.915559136390708,0.937774476703701,"PE"
27.3,4,0.923291571114478,0.909617547634788,0.937171152324018,"PE"
27.3,5,0.922736626553916,0.905655764472624,0.940139637359795,"PE"
27.3,6,0.925618820518346,0.907003669796679,0.944616024640599,"PE"
27.3,7,0.932432763826184,0.914933482882763,0.950266741050007,"PE"
27.3,8,0.942797456904114,0.928316045370409,0.957504773484979,"PE"
27.3,9,0.956118457063637,0.94398574001356,0.968407111663169,"PE"
27.3,10,0.971794235191808,0.956650821978771,0.987177362790148,"PE"
27.3,11,0.989197809988204,0.965550267270991,1.01342451082439,"PE"
27.3,12,1.00766246036458,0.972931649725549,1.04363305923332,"PE"
27.4,0,0.942914429545336,0.909020139245162,0.978072523435061,"PE"
27.4,1,0.93545303799117,0.912343532144244,0.959147903674246,"PE"
27.4,2,0.928741462014663,0.914212823819397,0.943500988819571,"PE"
27.4,3,0.923451204531711,0.912058056354626,0.934986672404874,"PE"
27.4,4,0.920242909512926,0.906124928138586,0.934580857684225,"PE"
27.4,5,0.919779136622856,0.902128782009554,0.937774824434908,"PE"
27.4,6,0.922742049252556,0.903496350153005,0.942397707876312,"PE"
27.4,7,0.929625818873909,0.911529090800416,0.948081824089812,"PE"
27.4,8,0.940051670509286,0.92508308926211,0.95526245532407,"PE"
27.4,9,0.953427821185026,0.940923987708929,0.966097816703583,"PE"
27.4,10,0.969155189374372,0.953579549155258,0.984985240007856,"PE"
27.4,11,0.986609070370927,0.962255641283079,1.01157885282985,"PE"
27.4,12,1.00512486951316,0.969322033644297,1.04225011734807,"PE"
27.5,0,0.939351255398081,0.904322645397031,0.975736685915404,"PE"
27.5,1,0.932042676210015,0.908155456839162,0.956558201280046,"PE"
27.5,2,0.925476863948878,0.910468932285118,0.940732182431492,"PE"
27.5,3,0.92032096259614,0.908572070530425,0.932221781481145,"PE"
27.5,4,0.91723165023113,0.902664579687079,0.932033802054552,"PE"
27.5,5,0.91686777727364,0.89864017763814,0.935465097067152,"PE"
27.5,6,0.919907877010055,0.900022593002104,0.940232510566729,"PE"
27.5,7,0.926843855571477,0.908141559305661,0.945931307523684,"PE"
27.5,8,0.93730031401351,0.921839818209414,0.953020103163138,"PE"
27.5,9,0.950689965059377,0.937816092729135,0.963740563498352,"PE"
27.5,10,0.966418037016232,0.950414504370636,0.982691044776065,"PE"
27.5,11,0.983864122769145,0.958807912929725,1.00957511824712,"PE"
27.5,12,1.00236804037963,0.965495351154424,1.04064891371373,"PE"
27.6,0,0.935716781268355,0.899533731816901,0.97335526593174,"PE"
27.6,1,0.928594636185088,0.903914499024019,0.953948630410012,"PE"
27.6,2,0.922205291811305,0.906708591307299,0.937966848884239,"PE"
27.6,3,0.917209243151569,0.905098792233175,0.929481734968376,"PE"
27.6,4,0.914257002936392,0.899233130799474,0.929531885324441,"PE"
27.6,5,0.91400151470496,0.895185762133101,0.93321275228096,"PE"
27.6,6,0.917115363950574,0.8965780870811,0.938123073621487,"PE"
27.6,7,0.924086404410191,0.904767329607746,0.943817990406407,"PE"
27.6,8,0.934543725884939,0.918584095057794,0.950780641957398,"PE"
27.6,9,0.947906319309935,0.93466142327208,0.961338906063043,"PE"
27.6,10,0.963585533283443,0.947155699431163,0.980300367205484,"PE"
27.6,11,0.980967224406066,0.955206998144837,1.00742215794888,"PE"
27.6,12,0.999397848100957,0.961451309547548,1.03884205978028,"PE"
27.7,0,0.932013482190072,0.894650901302477,0.970936406278071,"PE"
27.7,1,0.925110340557469,0.899618525453916,0.951324498097163,"PE"
27.7,2,0.918927236695614,0.902929897722909,0.935208002825679,"PE"
27.7,3,0.914115785956263,0.901635959235076,0.926768349881856,"PE"
27.7,4,0.911318187872782,0.895827371843356,0.927076874017366,"PE"
27.7,5,0.911179329875918,0.891761560120733,0.931019914202987,"PE"
27.7,6,0.914363583119281,0.893158755008653,0.936071843271167,"PE"
27.7,7,0.921353001223147,0.901403051599635,0.941744485284861,"PE"
27.7,8,0.931782241679685,0.915313928862201,0.948546852104473,"PE"
27.7,9,0.945078309627027,0.931459422255044,0.958896319031404,"PE"
27.7,10,0.960660439674199,0.943803230558815,0.97781873432305,"PE"
27.7,11,0.977922669262512,0.951453027015606,1.00512870305034,"PE"
27.7,12,0.996220257709685,0.957190026043336,1.03684198003356,"PE"
27.8,0,0.928243823666217,0.889672165849246,0.968487752285692,"PE"
27.8,1,0.921591202190745,0.895265737815508,0.948690772002278,"PE"
27.8,2,0.915643184752706,0.899131147032649,0.932458456756847,"PE"
27.8,3,0.911040333574513,0.898181448826654,0.924083313548536,"PE"
27.8,4,0.908414435620524,0.892444271912294,0.924670383143939,"PE"
27.8,5,0.908400218110016,0.888363829319408,0.928888512823085,"PE"
27.8,6,0.911651620113848,0.889760773380643,0.934081048885094,"PE"
27.8,7,0.918643187090625,0.898045602696789,0.939713197919809,"PE"
27.8,8,0.929016194023626,0.912027491006934,0.946321352446581,"PE"
27.8,9,0.942207356183996,0.928209621763978,0.95641618146571,"PE"
27.8,10,0.957645521731394,0.9403572989363,0.97525158397725,"PE"
27.8,11,0.974734782538527,0.947546379726039,1.00270331523522,"PE"
27.8,12,0.992841313563578,0.952712081167067,1.03466083133021,"PE"
27.9,0,0.924410260169844,0.884596072964578,0.966016417237133,"PE"
27.9,1,0.918038623701804,0.890854691765548,0.946052058094909,"PE"
27.9,2,0.912353617156856,0.895310847460823,0.929720806019413,"PE"
27.9,3,0.907982631341432,0.894733290968338,0.921428169868874,"PE"
27.9,4,0.905544986861768,0.889080993382522,0.922313860417523,"PE"
27.9,5,0.905663188710384,0.884989076627271,0.926820265975457,"PE"
27.9,6,0.908978572760774,0.88638058929517,0.932152684430085,"PE"
27.9,7,0.915956508247675,0.894692103351262,0.937726310379522,"PE"
27.9,8,0.926245912595343,0.908723128991938,0.944106585634393,"PE"
27.9,9,0.939294873071064,0.924911656718957,0.95390176150161,"PE"
27.9,10,0.954543546813779,0.936818230901226,0.972604239231438,"PE"
27.9,11,0.971407915234638,0.943487720204954,1.0001543396617,"PE"
27.9,12,0.989267128963625,0.948018566560098,1.03231042826406,"PE"
28,0,0.920515233696482,0.879421721943122,0.963528958091956,"PE"
28,1,0.914453997009914,0.886384309347469,0.943412585070479,"PE"
28,2,0.909059010074219,0.891467730151635,0.926997417681685,"PE"
28,3,0.904942427328391,0.891289679071612,0.918804307968658,"PE"
28,4,0.902709092152625,0.885734903637426,0.920008573342377,"PE"
28,5,0.902967264585967,0.881634070504222,0.924816665090484,"PE"
28,6,0.906343550800735,0.883014932762168,0.930288494112405,"PE"
28,7,0.913292515993876,0.891339928759379,0.93578576798571,"PE"
28,8,0.923471724110162,0.905399377468757,0.941904806269234,"PE"
28,9,0.936342267747193,0.9215652773388,0.951356202245059,"PE"
28,10,0.951357281927017,0.933186497143569,0.969881883895622,"PE"
28,11,0.967946438858803,0.939278026245799,0.997489861701775,"PE"
28,12,0.985503875977754,0.943111125366155,1.02980217648277,"PE"
28.1,0,0.916561172368209,0.874148769864439,0.96103136177068,"PE"
28.1,1,0.910838702903993,0.881853884581105,0.940776195709468,"PE"
28.1,2,0.905759834633661,0.887600755255968,0.924290423568881,"PE"
28.1,3,0.901919472309077,0.887848978058904,0.916212953591209,"PE"
28.1,4,0.899906011701303,0.8824035835818,0.91775559955109,"PE"
28.1,5,0.900311481888416,0.878295849274792,0.922878965088353,"PE"
28.1,6,0.903745675582759,0.879660824652271,0.928489962545962,"PE"
28.1,7,0.910650766605217,0.887986716460877,0.933893270412684,"PE"
28.1,8,0.920693952305291,0.9020549662295,0.93971807212009,"PE"
28.1,9,0.93335094050995,0.918170360018801,0.948782509307935,"PE"
28.1,10,0.948089491615801,0.929462730256984,0.967089539850384,"PE"
28.1,11,0.964354740264581,0.9349186149647,0.994717668666679,"PE"
28.1,12,0.981557775486254,0.937991983613332,1.02714701559186,"PE"
28.2,0,0.912550489089545,0.868777427552669,0.958529041763213,"PE"
28.2,1,0.907194110627974,0.877263082344362,0.938146345060738,"PE"
28.2,2,0.902456556899903,0.883709113864211,0.921601717481859,"PE"
28.2,3,0.898913519726171,0.884409729484249,0.913655163447502,"PE"
28.2,4,0.897135015152235,0.879084832724516,0.915555820611481,"PE"
28.2,5,0.897694889659427,0.874971725178236,0.921008178585993,"PE"
28.2,6,0.901184079767019,0.876315580055448,0.926758309573979,"PE"
28.2,7,0.908030821248065,0.884630369720907,0.932050267047201,"PE"
28.2,8,0.917912917926054,0.89868882498855,0.937548238575524,"PE"
28.2,9,0.930322283983388,0.914726916290182,0.946183540314127,"PE"
28.2,10,0.944742935918052,0.925647740031075,0.964232046779584,"PE"
28.2,11,0.960637216625587,0.930411162640436,0.991845217492072,"PE"
28.2,12,0.977435087463685,0.932663971399851,1.02435537289084,"PE"
28.3,0,0.908485580255276,0.863308446171043,0.956026844394204,"PE"
28.3,1,0.903521577484145,0.872611930961252,0.935526105035215,"PE"
28.3,2,0.899149637848913,0.879792225934619,0.918932956454554,"PE"
28.3,3,0.895924325658624,0.880970653640575,0.911131822597968,"PE"
28.3,4,0.894395381376046,0.875776670774257,0.913409919357168,"PE"
28.3,5,0.895116549488262,0.87165928419453,0.919205074386563,"PE"
28.3,6,0.898657907036047,0.872976807133753,0.925094489657701,"PE"
28.3,7,0.905432245895181,0.881269056777404,0.930257956525374,"PE"
28.3,8,0.915128938713173,0.895300084937967,0.93539695634936,"PE"
28.3,9,0.927257682623936,0.911235099604809,0.943561996632921,"PE"
28.3,10,0.941320368382092,0.921742525948152,0.961314044851652,"PE"
28.3,11,0.956798270550822,0.92575771822329,0.988879609111977,"PE"
28.3,12,0.97314210151085,0.927130533159201,1.02143712871372,"PE"
28.4,0,0.904368824510206,0.857743095479228,0.953529063721597,"PE"
28.4,1,0.899822448454342,0.867900809155873,0.932918174750716,"PE"
28.4,2,0.895839533345547,0.875849734537117,0.916285565729949,"PE"
28.4,3,0.892951648789542,0.877530648721514,0.908643644797647,"PE"
28.4,4,0.891686398265255,0.87247733585417,0.911318380634886,"PE"
28.4,5,0.892575535179235,0.868356381863129,0.917470180032688,"PE"
28.4,6,0.896166311814187,0.869642401746814,0.923499195551483,"PE"
28.4,7,0.902854611243745,0.877901206209645,0.928517290189752,"PE"
28.4,8,0.912342329391126,0.891888077192464,0.933265672324046,"PE"
28.4,9,0.924158512244253,0.90769520977843,0.940920417506654,"PE"
28.4,10,0.937824534147569,0.917748286459828,0.958339960777037,"PE"
28.4,11,0.95284230534496,0.920960710089005,0.985827569959368,"PE"
28.4,12,0.968685127649176,0.921395726786859,1.01840159363553,"PE"
28.5,0,0.900202581560794,0.852083135038453,0.951039463786767,"PE"
28.5,1,0.896098055838844,0.863130428211991,0.930324895788444,"PE"
28.5,2,0.892526694123377,0.871881496867347,0.913660746999433,"PE"
28.5,3,0.889995250374642,0.874088787234145,0.906191175607932,"PE"
28.5,4,0.889007362535565,0.869185279584561,0.909281495218365,"PE"
28.5,5,0.890070932428926,0.865061135471115,0.915803788044933,"PE"
28.5,6,0.893708458995088,0.866310538289696,0.921972865822721,"PE"
28.5,7,0.900297492635358,0.874525498827442,0.926828979066104,"PE"
28.5,8,0.909553401657536,0.888452328358519,0.931155633296913,"PE"
28.5,9,0.921026139555025,0.904107695023302,0.938261176641981,"PE"
28.5,10,0.934258168090758,0.913666424757707,0.955313997530078,"PE"
28.5,11,0.948773720417276,0.916022945924886,0.982695440719074,"PE"
28.5,12,0.964070487388649,0.915464211912881,1.01525749729934,"PE"
28.6,0,0.895989191038529,0.846330779800088,0.948561306783036,"PE"
28.6,1,0.892349718912826,0.858301810286566,0.927748271412755,"PE"
28.6,2,0.889211565766688,0.867887572578332,0.911059489357856,"PE"
28.6,3,0.8870548942113,0.870644309964571,0.903774797972597,"PE"
28.6,4,0.886357579532653,0.865899159398363,0.907299366523057,"PE"
28.6,5,0.887601838512886,0.861771913109001,0.914205965345503,"PE"
28.6,6,0.891283523677077,0.862979657301236,0.9205156956567,"PE"
28.6,7,0.897760469977984,0.871140856586201,0.925193503853689,"PE"
28.6,8,0.906762464173588,0.88499255355726,0.929067892299456,"PE"
28.6,9,0.917861921724618,0.900473151598976,0.935586481236036,"PE"
28.6,10,0.930623993034773,0.909498550907238,0.952240127868346,"PE"
28.6,11,0.944596906842376,0.910947605940947,0.979489172151166,"PE"
28.6,12,0.959304505079263,0.909341228061199,1.01201298815788,"PE"
28.7,0,0.891730971414869,0.840488661561687,0.946097385660145,"PE"
28.7,1,0.888578743600189,0.853416263864723,0.925189988766428,"PE"
28.7,2,0.885894588694609,0.863868210025551,0.908482582378135,"PE"
28.7,3,0.884130346608153,0.867196617874687,0.901394739879405,"PE"
28.7,4,0.883736363044308,0.86261782853576,0.905371919674397,"PE"
28.7,5,0.885167361981639,0.858487320171001,0.912676565288657,"PE"
28.7,6,0.888890690906229,0.859648450473234,0.919127650314255,"PE"
28.7,7,0.895243127669793,0.867746429097878,0.923611127358027,"PE"
28.7,8,0.903969822555463,0.881508647297804,0.927003317092692,"PE"
28.7,9,0.914667205956521,0.896792321201244,0.932898373317549,"PE"
28.7,10,0.92692471802508,0.905246480371986,0.949122091623945,"PE"
28.7,11,0.940316243075507,0.905738229875533,0.976214327525009,"PE"
28.7,12,0.954393499554799,0.90303256381439,1.00867564304101,"PE"
28.8,0,0.88743021896746,0.834559787733205,0.943650059722737,"PE"
28.8,1,0.884786422164596,0.848475357321432,0.922651443075745,"PE"
28.8,2,0.882576198147332,0.859823831028457,0.905930630701976,"PE"
28.8,3,0.88122137635527,0.863745262353515,0.899051083683569,"PE"
28.8,4,0.881143035117845,0.859340324210238,0.903498912436394,"PE"
28.8,5,0.882766622365757,0.855206183912028,0.911215241683996,"PE"
28.8,6,0.886529155426968,0.856315843718031,0.917808480583067,"PE"
28.8,7,0.892745054524881,0.864341578332659,0.922081908770438,"PE"
28.8,8,0.901175779366771,0.878000672635496,0.924962600403907,"PE"
28.8,9,0.911443329084488,0.893066086287503,0.930198733204586,"PE"
28.8,10,0.923163036670608,0.90091222910457,0.945963396591855,"PE"
28.8,11,0.935936090824755,0.90039869849239,0.972876090975077,"PE"
28.8,12,0.949343776076592,0.896544518379856,1.00525248517945,"PE"
28.9,0,0.883089206797328,0.828547498744099,0.941221291892154,"PE"
28.9,1,0.880974032917529,0.843480891484008,0.920133762970599,"PE"
28.9,2,0.879256824174402,0.855755014723887,0.903404069570888,"PE"
28.9,3,0.878327754694865,0.860289934261059,0.896743776654744,"PE"
28.9,4,0.878576925882652,0.856065854450143,0.901679947495637,"PE"
28.9,5,0.880398749889818,0.851927536670082,0.909821464202443,"PE"
28.9,6,0.884198121440049,0.852980978939223,0.916557739576298,"PE"
28.9,7,0.890265843700821,0.860925862095424,0.920605719209405,"PE"
28.9,8,0.898380634111962,0.874468849059468,0.922946271460066,"PE"
28.9,9,0.908191617185263,0.889295463597905,0.92748928481943,"PE"
28.9,10,0.919341625550628,0.896498005509647,0.942767322710989,"PE"
28.9,11,0.931460791082056,0.894933210431857,0.969479280922576,"PE"
28.9,12,0.944161618583841,0.88988385712042,1.0017500091433,"PE"
29,0,0.878710183896655,0.822455425260527,0.938812686461527,"PE"
29,1,0.877142839943147,0.83843487198375,0.917637836130509,"PE"
29,2,0.875936891625022,0.851662481032656,0.900903180775772,"PE"
29,3,0.875449255292557,0.856830452190594,0.894472642321321,"PE"
29,4,0.876037373377789,0.852793784102213,0.899914485613409,"PE"
29,5,0.878062885195044,0.848650598326874,0.908494534590643,"PE"
29,6,0.881896802367753,0.84964319510534,0.91537480027724,"PE"
29,7,0.887805092628029,0.857499016821669,0.91918225797824,"PE"
29,8,0.895584683230718,0.870913539539917,0.920954708387218,"PE"
29,9,0.904913385208784,0.885481596173102,0.924771602559587,"PE"
29,10,0.91546314268747,0.89200619968545,0.939536929132052,"PE"
29,11,0.926894660314501,0.889346255377378,0.966028367606918,"PE"
29,12,0.938853282255948,0.883057762671677,0.998174211091206,"PE"
29.1,0,0.874295374266697,0.81628744619202,0.936425526363334,"PE"
29.1,1,0.873294092839754,0.833339482058985,0.915164334593268,"PE"
29.1,2,0.872616820140361,0.847547074189002,0.89842810857497,"PE"
29.1,3,0.872585654209156,0.853366750342095,0.892237392218985,"PE"
29.1,4,0.873523723384517,0.849523620442927,0.898201859199292,"PE"
29.1,5,0.875758179070437,0.845374758519921,0.907233603179193,"PE"
29.1,6,0.87962442062615,0.846302009158356,0.914258873296745,"PE"
29.1,7,0.885362402940897,0.854060940177428,0.91781106905373,"PE"
29.1,8,0.892788220093288,0.867335237132396,0.91898815107828,"PE"
29.1,9,0.901609936625701,0.881625744190924,0.922047119402357,"PE"
29.1,10,0.911530226085052,0.887439370419143,0.93627506369729,"PE"
29.1,11,0.92224198681706,0.883642584531769,0.96252749373658,"PE"
29.1,12,0.933424986391308,0.876073783232248,0.994530622757645,"PE"
29.2,0,0.869846976085359,0.810047648267245,0.934060809167635,"PE"
29.2,1,0.869429026477649,0.828197056338071,0.912713739196522,"PE"
29.2,2,0.869297024147809,0.843409746701886,0.895978875211339,"PE"
29.2,3,0.869736729872976,0.849898866351493,0.890037637698526,"PE"
29.2,4,0.871035329263683,0.846254998787058,0.896541285916118,"PE"
29.2,5,0.873483792192234,0.842099559044574,0.906037685244935,"PE"
29.2,6,0.877380207404293,0.842957097206888,0.91320902439222,"PE"
29.2,7,0.882937380410673,0.850611673874855,0.916491557393269,"PE"
29.2,8,0.889991534996779,0.863734551489992,0.917046714178019,"PE"
29.2,9,0.898282563092101,0.877729274947123,0.919317135917478,"PE"
29.2,10,0.907545492333084,0.882800230446564,0.932984374321542,"PE"
29.2,11,0.917507027227456,0.877827179373099,0.958980497292132,"PE"
29.2,12,0.927882907605985,0.868939779499987,0.990824347715743,"PE"
29.3,0,0.865367160923877,0.803740287763727,0.931719281223329,"PE"
29.3,1,0.865548860773123,0.823010055999906,0.91028636275343,"PE"
29.3,2,0.865977912857157,0.839251544034765,0.893555395741248,"PE"
29.3,3,0.866902263052664,0.846426929363852,0.887872901504504,"PE"
29.3,4,0.868571551797832,0.842987668417469,0.894931881991527,"PE"
29.3,5,0.871238894871497,0.838824676802619,0.904905676869492,"PE"
29.3,6,0.875163402450186,0.839608276366245,0.912224191384802,"PE"
29.3,7,0.880529634880055,0.847151387036871,0.915223004726377,"PE"
29.3,8,0.887194915162357,0.860112195579932,0.915130399888387,"PE"
29.3,9,0.894932544131247,0.873793652292272,0.916582829875417,"PE"
29.3,10,0.903511535276726,0.878091630491008,0.929667321759613,"PE"
29.3,11,0.912694003203557,0.871905219589086,0.955390935583937,"PE"
29.3,12,0.922233173354696,0.861663871558946,0.987060098617225,"PE"
29.4,0,0.860858073012026,0.79736975479727,0.929401469533285,"PE"
29.4,1,0.861654800478373,0.81778104558852,0.907882371684365,"PE"
29.4,2,0.862659890258661,0.835073590211931,0.89115749196693,"PE"
29.4,3,0.864082036830534,0.842951148578915,0.885742628896015,"PE"
29.4,4,0.866131759037991,0.839721479092018,0.893372674979578,"PE"
29.4,5,0.869022666809682,0.835549907571774,0.903836370018554,"PE"
29.4,6,0.872973253863403,0.836255487520629,0.911303200198204,"PE"
29.4,7,0.878138780199472,0.843680360366408,0.914004584574326,"PE"
29.4,8,0.884398644733373,0.856468972843811,0.913239110354632,"PE"
29.4,9,0.891561146832182,0.869820425811237,0.913845266164417,"PE"
29.4,10,0.899430924751381,0.873316542573078,0.926326193267351,"PE"
29.4,11,0.907807098263316,0.865882050984846,0.951762109769941,"PE"
29.4,12,0.916481855775645,0.854254386820575,0.983242234309285,"PE"
29.5,0,0.856321828551196,0.790940540420039,0.927107711110425,"PE"
29.5,1,0.857748034987094,0.812512671652214,0.905501805932624,"PE"
29.5,2,0.859343355122954,0.830877074488724,0.88878490533439,"PE"
29.5,3,0.861275836576395,0.839471802439261,0.883646198139026,"PE"
29.5,4,0.863715326154989,0.836456368317375,0.891862615781968,"PE"
29.5,5,0.866834296862014,0.832275150792811,0.902828466644103,"PE"
29.5,6,0.87080901789423,0.832898779201893,0.910444779823722,"PE"
29.5,7,0.875764434165015,0.840198971302966,0.912835376314465,"PE"
29.5,8,0.881603004774381,0.852805764984364,0.911372659448975,"PE"
29.5,9,0.888169625565008,0.865811219997389,0.911105406763687,"PE"
29.5,10,0.895306205382224,0.868478043040284,0.922963116706839,"PE"
29.5,11,0.902850454786941,0.859763154034843,0.948097089161779,"PE"
29.5,12,0.910634965859789,0.846719809907816,0.979374795939569,"PE"
29.6,0,0.851760515074694,0.78445720664507,0.924838179692523,"PE"
29.6,1,0.853829738155472,0.807207643288696,0.903144597080963,"PE"
29.6,2,0.856028701002776,0.826663239162108,0.886437308719857,"PE"
29.6,3,0.858483449921882,0.835989228577707,0.881582930253354,"PE"
29.6,4,0.861321635295276,0.833192349518969,0.890400589799028,"PE"
29.6,5,0.864672982808515,0.829000395501534,0.901880591681324,"PE"
29.6,6,0.868669958749182,0.829538292707506,0.909647576087693,"PE"
29.6,7,0.873406218458004,0.836707680284265,0.91171437817081,"PE"
29.6,8,0.878808273271035,0.849123520509274,0.909530783820966,"PE"
29.6,9,0.884759221712646,0.861767723634323,0.9083641205594,"PE"
29.6,10,0.891139895447979,0.863579295707595,0.919580074703325,"PE"
29.6,11,0.897828171180679,0.853554113618071,0.944398734778211,"PE"
29.6,12,0.904698447944314,0.839068735158765,0.975461541369411,"PE"
29.7,0,0.847176190854511,0.777924359409872,0.922592909798077,"PE"
29.7,1,0.849901068138355,0.801868714606323,0.900810584657046,"PE"
29.7,2,0.852716316236476,0.822433368548216,0.884114317077685,"PE"
29.7,3,0.855704666735257,0.832503814593737,0.879552097944231,"PE"
29.7,4,0.858950075441103,0.829929501183455,0.888985427133512,"PE"
29.7,5,0.862537931132528,0.825725707473432,0.900991304871442,"PE"
29.7,6,0.866555348402799,0.826174248519511,0.908910164158624,"PE"
29.7,7,0.871063758586147,0.833207018175434,0.910640519067816,"PE"
29.7,8,0.876014725130858,0.845423244115992,0.907713153130204,"PE"
29.7,9,0.881331163418894,0.857691679556724,0.905622192831277,"PE"
29.7,10,0.886934485808393,0.858623535434842,0.916178918526621,"PE"
29.7,11,0.892744299201283,0.847260590345529,0.940669721733853,"PE"
29.7,12,0.898678174529264,0.831309822229297,0.971505977409812,"PE"
29.8,0,0.84257088435384,0.771346624411399,0.920371818185557,"PE"
29.8,1,0.845963167240299,0.79649866905693,0.898499530670386,"PE"
29.8,2,0.849406583953264,0.818188779114268,0.881815496961723,"PE"
29.8,3,0.852939279096693,0.829015989689477,0.87755293368767,"PE"
29.8,4,0.856600042275025,0.826667957005965,0.887615911814373,"PE"
29.8,5,0.860428356806599,0.822451217600128,0.900159111390425,"PE"
29.8,6,0.864464466415582,0.822806934036868,0.908231059780656,"PE"
29.8,7,0.868736683826281,0.829697574882888,0.909612669329558,"PE"
29.8,8,0.873222632184866,0.841705986961911,0.905919379416712,"PE"
29.8,9,0.877886665352543,0.853584874921751,0.90288033427778,"PE"
29.8,10,0.882692438894749,0.853614052399214,0.912761381437021,"PE"
29.8,11,0.887602841439939,0.84088829376825,0.936912560171022,"PE"
29.8,12,0.892579941415487,0.823451755099328,0.967511389566681,"PE"
29.9,0,0.837946593724527,0.764728625686469,0.918174722836142,"PE"
29.9,1,0.842017161781257,0.791100305556166,0.896211132462807,"PE"
29.9,2,0.846099882080165,0.813930810723163,0.879540374961377,"PE"
29.9,3,0.850187081274024,0.825526217164429,0.875584636970134,"PE"
29.9,4,0.854270938048615,0.823407897039191,0.886290790042939,"PE"
29.9,5,0.858343483085567,0.819177111478692,0.899382471301662,"PE"
29.9,6,0.862396599757966,0.819436692595185,0.907608729258497,"PE"
29.9,7,0.866424627168657,0.826179989134657,0.908629650241981,"PE"
29.9,8,0.870432263190021,0.83797283783177,0.904149025596707,"PE"
29.9,9,0.874426928487365,0.849449132084798,0.900139189485355,"PE"
29.9,10,0.878416187762746,0.848554177255666,0.909329091301086,"PE"
29.9,11,0.882407748964197,0.834442957647176,0.93312961454855,"PE"
29.9,12,0.88640946316136,0.815503204639252,0.963480869127404,"PE"
30,0,0.83330528634865,0.758074966772383,0.916001359618967,"PE"
30,1,0.838064161976596,0.785676426280602,0.893945033981065,"PE"
30,2,0.842796583350643,0.809660818928554,0.877288445113948,"PE"
30,3,0.847447869698952,0.8220349877443,0.873646380706952,"PE"
30,4,0.851962171455325,0.82014953981454,0.885008777490756,"PE"
30,5,0.856282541306723,0.815903620166517,0.898659807879093,"PE"
30,6,0.86035104264021,0.816063913719541,0.907041598247271,"PE"
30,7,0.864127225262745,0.822654939382513,0.907690242522311,"PE"
30,8,0.867643883832518,0.83422491518875,0.902401613096928,"PE"
30,9,0.870953139897724,0.84528630014017,0.89739934478048,"PE"
30,10,0.874108135206942,0.843447267317905,0.905883582342527,"PE"
30,11,0.877162919116138,0.827930317375645,0.929323121191186,"PE"
30,12,0.880172368855049,0.807472794772769,0.959417337538806,"PE"
30.1,0,0.828648898423372,0.751390214258753,0.913851396821367,"PE"
30.1,1,0.834105261831196,0.780229826014774,0.891700835596247,"PE"
30.1,2,0.839497055314868,0.805380168245189,0.875059175367948,"PE"
30.1,3,0.844721442943709,0.818542813702066,0.871737316881047,"PE"
30.1,4,0.849673157507414,0.816893135386298,0.883768565697666,"PE"
30.1,5,0.854244770696913,0.812631012034645,0.897989514867187,"PE"
30.1,6,0.8583270963481,0.812689024536568,0.90652805942036,"PE"
30.1,7,0.861844118364538,0.819123135762716,0.906793193758252,"PE"
30.1,8,0.86485775673187,0.830463360076614,0.900676628659787,"PE"
30.1,9,0.867466472569583,0.841098247158667,0.894661335431794,"PE"
30.1,10,0.869770652935953,0.838296693839866,0.902426305945975,"PE"
30.1,11,0.871872193464822,0.821356089571725,0.925495204075892,"PE"
30.1,12,0.87387419819843,0.799369072178704,0.955323568118019,"PE"
30.2,0,0.82397933458819,0.744678883530073,0.911724447737719,"PE"
30.2,1,0.830141539047325,0.774763282913633,0.889478102602189,"PE"
30.2,2,0.836201660351576,0.801090226312147,0.872852013179191,"PE"
30.2,3,0.842007601698169,0.815050223718027,0.869856581455009,"PE"
30.2,4,0.847403317416867,0.813638959236935,0.882568827631568,"PE"
30.2,5,0.852229418186456,0.809359585639781,0.897369962756794,"PE"
30.2,6,0.856324069084362,0.809312482259693,0.906066479100591,"PE"
30.2,7,0.859574950285333,0.815585313040358,0.905937224891482,"PE"
30.2,8,0.8620741414458,0.826689329826806,0.89897353036504,"PE"
30.2,9,0.86396808522667,0.836886853130583,0.891925652192996,"PE"
30.2,10,0.865406080807501,0.833105830433271,0.898958640475612,"PE"
30.2,11,0.866539355910822,0.814725953800579,0.921647888887726,"PE"
30.2,12,0.8675203978982,0.791200479405101,0.951202205205083,"PE"
30.3,0,0.819298467593692,0.737945426496387,0.909620081512435,"PE"
30.3,1,0.826174054946009,0.769279550544525,0.887276372526458,"PE"
30.3,2,0.832910755681498,0.796792358864037,0.870666390324034,"PE"
30.3,3,0.83930614874739,0.811557758418831,0.868003298616275,"PE"
30.3,4,0.845152078480235,0.810387306974069,0.88140822247888,"PE"
30.3,5,0.850235738229735,0.806089663528399,0.896799504162845,"PE"
30.3,6,0.854341275815684,0.8059347676551,0.905655202946563,"PE"
30.3,7,0.85731936834195,0.812042224455741,0.905121035826505,"PE"
30.3,8,0.859293294475896,0.822903992515673,0.89729175292241,"PE"
30.3,9,0.860459122171557,0.832654003604058,0.889192747195767,"PE"
30.3,10,0.861016726122387,0.827878042621022,0.895481900106246,"PE"
30.3,11,0.861168130940423,0.808045536344973,0.91778311541939,"PE"
30.3,12,0.861116318359151,0.782975331220574,0.94705578091262,"PE"
30.4,0,0.814608138010883,0.731194221114056,0.907537832427765,"PE"
30.4,1,0.822203854401609,0.763781351076113,0.885095161384079,"PE"
30.4,2,0.829624693382319,0.792487925426101,0.868501727013238,"PE"
30.4,3,0.836616888949591,0.808065966532515,0.86617658441816,"PE"
30.4,4,0.842918873967325,0.807138489746323,0.880285399738093,"PE"
30.4,5,0.848262992632373,0.802821586883994,0.896276478392208,"PE"
30.4,6,0.85237803812524,0.802556379394103,0.905292560787751,"PE"
30.4,7,0.855077023308386,0.808494636388936,0.904343310248257,"PE"
30.4,8,0.856515469274044,0.819108522112059,0.895630712294522,"PE"
30.4,9,0.856940713141384,0.828401583994688,0.88646303921598,"PE"
30.4,10,0.856604862976374,0.822616678498601,0.891997342691881,"PE"
30.4,11,0.855762182026911,0.801320395912848,0.913902748417137,"PE"
30.4,12,0.854667210674081,0.77470179399715,0.94288672965704,"PE"
30.5,0,0.80991015398016,0.72442956250789,0.905477207817595,"PE"
30.5,1,0.818231965789307,0.758271369488077,0.882933968997705,"PE"
30.5,2,0.82634382040513,0.788178275652461,0.86635743538666,"PE"
30.5,3,0.833939629214559,0.804575401596349,0.86437554987969,"PE"
30.5,4,0.840703143013669,0.803892830305022,0.87919900268906,"PE"
30.5,5,0.846310450384845,0.799555710929584,0.895799215289049,"PE"
30.5,6,0.850433684070636,0.799177829199182,0.904976870700575,"PE"
30.5,7,0.852847569368866,0.80494332375945,0.90360271973104,"PE"
30.5,8,0.853740916249607,0.815304094253654,0.893989809711361,"PE"
30.5,9,0.853413973177992,0.824131474532238,0.883736918346462,"PE"
30.5,10,0.852172731668971,0.817325060455412,0.888506176716912,"PE"
30.5,11,0.850325110176174,0.794556011152592,0.910008586993449,"PE"
30.5,12,0.848178223904335,0.766387867902054,0.938697400671083,"PE"
30.6,0,0.805206290998959,0.717655655518154,0.903437694776027,"PE"
30.6,1,0.814259400945202,0.752752248683938,0.880792283499407,"PE"
30.6,2,0.82306847859234,0.7838647462316,0.864232922464092,"PE"
30.6,3,0.831274178482465,0.801086619156216,0.862599303605326,"PE"
30.6,4,0.838504330516706,0.800650659640887,0.878147671308514,"PE"
30.6,5,0.844377387502432,0.796292401000996,0.895366038441626,"PE"
30.6,6,0.848507548047172,0.795799637694833,0.904706442413725,"PE"
30.6,7,0.85063066407227,0.801389066081039,0.902897927218365,"PE"
30.6,8,0.850969882777333,0.81149188259084,0.892368435137126,"PE"
30.6,9,0.849880002512188,0.819845545803658,0.881014750116234,"PE"
30.6,10,0.847722538168007,0.812006477894146,0.885009567388808,"PE"
30.6,11,0.844860452613672,0.787757769836918,0.906102372736163,"PE"
30.6,12,0.84165440264454,0.758041371669995,0.934490068702112,"PE"
30.7,0,0.800498291747125,0.710876608509923,0.901418765815418,"PE"
30.7,1,0.810287155138728,0.747226585398904,0.87866958511963,"PE"
30.7,2,0.819799004697015,0.779548658289037,0.862127592621717,"PE"
30.7,3,0.828620347703095,0.797600174399442,0.860846953982409,"PE"
30.7,4,0.83632188703562,0.797412314128508,0.877130044698685,"PE"
30.7,5,0.842463086871409,0.793032029211471,0.894975267829494,"PE"
30.7,6,0.846598970656341,0.792422330879865,0.904479580125608,"PE"
30.7,7,0.848425968287927,0.797832644096211,0.902227589948678,"PE"
30.7,8,0.848202613205995,0.807673055638812,0.890765970248254,"PE"
30.7,9,0.846339886461878,0.815545654847767,0.878296879099933,"PE"
30.7,10,0.843256453628908,0.806664180877732,0.881508641939541,"PE"
30.7,11,0.839371681609726,0.780930959573278,0.902185796646251,"PE"
30.7,12,0.835100684864751,0.749669929729575,0.930266943097403,"PE"
30.8,0,0.795787865949002,0.704096428296804,0.89941988361389,"PE"
30.8,1,0.806316207057083,0.741696926804729,0.876565349358779,"PE"
30.8,2,0.816535730403604,0.775231315223412,0.860040849657375,"PE"
30.8,3,0.825977949815486,0.794116620167172,0.859117611010047,"PE"
30.8,4,0.83415526869475,0.794178133116135,0.876144763091152,"PE"
30.8,5,0.840566838101346,0.789774971634168,0.894625221984088,"PE"
30.8,6,0.844707298579469,0.789046437144194,0.904294584810387,"PE"
30.8,7,0.846233146162732,0.794274836920545,0.901590361896499,"PE"
30.8,8,0.845439348867726,0.803848774081941,0.889181790978291,"PE"
30.8,9,0.842794695343795,0.81123364175528,0.875583632062824,"PE"
30.8,10,0.838776613967502,0.801301374629133,0.878004494207203,"PE"
30.8,11,0.83386220343988,0.774080759900668,0.898260505034175,"PE"
30.8,12,0.828521900022827,0.741280961465212,0.926030175468967,"PE"
30.9,0,0.791076690271259,0.697319016045676,0.897440504977621,"PE"
30.9,1,0.802347518801376,0.736165767723542,0.874479049626878,"PE"
30.9,2,0.813278982350027,0.770914000918661,0.857972098501403,"PE"
30.9,3,0.823346799727962,0.790636505296979,0.857410387808548,"PE"
30.9,4,0.832003937090537,0.790948456903533,0.87519046948287,"PE"
30.9,5,0.838687937383437,0.786521605935575,0.894314219729268,"PE"
30.9,6,0.842831884456421,0.78567248476005,0.904149756082285,"PE"
30.9,7,0.84405186507959,0.790716419632856,0.900984895792508,"PE"
30.9,8,0.842680328088054,0.800020188478164,0.887615269681376,"PE"
30.9,9,0.839245484398552,0.80691132672795,0.872875320686663,"PE"
30.9,10,0.834285119485193,0.795921214808308,0.874498188570154,"PE"
30.9,11,0.828335357477049,0.767212235638096,0.894328104498964,"PE"
30.9,12,0.821922767439588,0.732881672407494,0.921781866118123,"PE"
31,0,0.786366408255448,0.690548164043154,0.895480084129123,"PE"
31,1,0.798382035894189,0.730635548372306,0.872410159427045,"PE"
31,2,0.810029082151076,0.766597978281168,0.855920746623542,"PE"
31,3,0.820726714298556,0.787160373251165,0.855724401853719,"PE"
31,4,0.829867359201928,0.787723625056132,0.874265810955852,"PE"
31,5,0.836825687354748,0.783272309399474,0.894040581561784,"PE"
31,6,0.840972086769285,0.782300999784458,0.904043393680879,"PE"
31,7,0.841881795617139,0.787158161253422,0.900409844780043,"PE"
31,8,0.839925786196615,0.796188437315495,0.886065776961857,"PE"
31,9,0.835693293728742,0.802580507551858,0.870172243920424,"PE"
31,10,0.829784034545266,0.790526803492054,0.870990763304511,"PE"
31,11,0.822794415411982,0.760330331357688,0.890390166106189,"PE"
31,12,0.815307894929038,0.724479047158628,0.917524069385646,"PE"
31.1,0,0.781658630284292,0.683787553217741,0.893538075419391,"PE"
31.1,1,0.794420687298252,0.725108652568609,0.870358154149475,"PE"
31.1,2,0.806786346423114,0.762284488056762,0.853886205180511,"PE"
31.1,3,0.818117512315822,0.783688760990972,0.854058775975657,"PE"
31.1,4,0.827745007304184,0.784503975009131,0.873369439726584,"PE"
31.1,5,0.834979396968288,0.780027457287559,0.893802630725222,"PE"
31.1,6,0.839127269730957,0.778932504316635,0.903973798633392,"PE"
31.1,7,0.839722611510757,0.783600823058469,0.899863863759408,"PE"
31.1,8,0.837175955538518,0.792354645377095,0.884532683213183,"PE"
31.1,9,0.832139148249799,0.798242957442068,0.867474689997696,"PE"
31.1,10,0.825275387299124,0.785121185785634,0.867483233432548,"PE"
31.1,11,0.817242580598552,0.753439866864527,0.886448228871688,"PE"
31.1,12,0.808681777675686,0.716079843874574,0.913258798077904,"PE"
31.2,0,0.77695493358067,0.677040751323885,0.891613935549594,"PE"
31.2,1,0.790464385445929,0.719587406336887,0.868322512534195,"PE"
31.2,2,0.803551086810018,0.757974747887936,0.851867889943248,"PE"
31.2,3,0.815519014480023,0.78022219806145,0.852412639157041,"PE"
31.2,4,0.825636358886033,0.781289840920405,0.87250001396605,"PE"
31.2,5,0.833148381368813,0.776787421488981,0.893598694024835,"PE"
31.2,6,0.837296803178546,0.775567515060412,0.903939274143534,"PE"
31.2,7,0.837573989614821,0.780045157184922,0.899345610465702,"PE"
31.2,8,0.834431065486378,0.788519922375729,0.88301535990483,"PE"
31.2,9,0.828584057653347,0.793900423218582,0.864782938159813,"PE"
31.2,10,0.820761169461171,0.779707346999413,0.863976593125235,"PE"
31.2,11,0.811682987520247,0.746545533574985,0.882503802647985,"PE"
31.2,12,0.802048797350817,0.707690590140636,0.908988027103845,"PE"
31.3,0,0.772256862238319,0.670311211705317,0.889707125376794,"PE"
31.3,1,0.786514026279215,0.714074076861772,0.866302717853302,"PE"
31.3,2,0.800323610010353,0.753669951576727,0.849865222037841,"PE"
31.3,3,0.812931043384698,0.776761205856018,0.85078512716176,"PE"
31.3,4,0.823540896570122,0.778081552735999,0.871656198426335,"PE"
31.3,5,0.831331961774269,0.773552569416834,0.893427102424947,"PE"
31.3,6,0.835480062471538,0.772206542147768,0.903938126250518,"PE"
31.3,7,0.835435609866188,0.776491905484784,0.898853746320433,"PE"
31.3,8,0.831691342452966,0.784685361822625,0.881513180651859,"PE"
31.3,9,0.825029016382743,0.789554623776599,0.86209726012075,"PE"
31.3,10,0.816243336131097,0.774288210328632,0.860471817717132,"PE"
31.3,11,0.806118701374224,0.739651891695239,0.878558370500342,"PE"
31.3,12,0.795413221459426,0.69931758009217,0.904713696442573,"PE"
31.4,0,0.7675659272832,0.663602272565092,0.887817111368209,"PE"
31.4,1,0.782570489299942,0.708570871742127,0.864298258856497,"PE"
31.4,2,0.797104217805726,0.749371268523235,0.847877628529573,"PE"
31.4,3,0.810353423498587,0.773306297033665,0.849175383020698,"PE"
31.4,4,0.821458108036697,0.774879435436501,0.870836664905308,"PE"
31.4,5,0.829529465362793,0.770323263114896,0.893286191465368,"PE"
31.4,6,0.833676428394621,0.768850088185095,0.903968664296351,"PE"
31.4,7,0.833307155248905,0.772941798593528,0.898386937092261,"PE"
31.4,8,0.82895700990449,0.780852040099686,0.880025522097716,"PE"
31.4,9,0.821475003620544,0.785207248817254,0.859417921306568,"PE"
31.4,10,0.811723805662265,0.768866634979785,0.856969865386543,"PE"
31.4,11,0.800552717769176,0.732763368111229,0.874613390649643,"PE"
31.4,12,0.788779202909353,0.690966872646304,0.900437713546935,"PE"
31.5,0,0.762883606764543,0.656917156678701,0.885943366759608,"PE"
31.5,1,0.778634637629903,0.703079938505396,0.862308630517692,"PE"
31.5,2,0.793893207090298,0.745079843313856,0.845904542875449,"PE"
31.5,3,0.807785981147925,0.769857975065304,0.847582557398027,"PE"
31.5,4,0.819387485950469,0.771683808436697,0.870040092576733,"PE"
31.5,5,0.82774022516517,0.767099858542713,0.893174301528484,"PE"
31.5,6,0.831885287065128,0.765498647488777,0.90402920123458,"PE"
31.5,7,0.831188311760099,0.769395555181363,0.897943853397685,"PE"
31.5,8,0.826228288374484,0.777021015707691,0.878551764637262,"PE"
31.5,9,0.8179229832876,0.780859957808231,0.856745181899038,"PE"
31.5,10,0.807204459574906,0.763445414692349,0.853471678548475,"PE"
31.5,11,0.794987962533289,0.725884254910522,0.870670298050114,"PE"
31.5,12,0.782150779794115,0.682644290723843,0.896161955275215,"PE"
31.6,0,0.758211345874537,0.650258971494575,0.884085372465597,"PE"
31.6,1,0.774707318080586,0.697603364347276,0.860333334615114,"PE"
31.6,2,0.790690869901416,0.740796795436869,0.843945405266993,"PE"
31.6,3,0.805228544499089,0.766416733888972,0.846005808858097,"PE"
31.6,4,0.817328527890609,0.768494985114624,0.869265168209511,"PE"
31.6,5,0.825963579962687,0.763882705011376,0.893089777984459,"PE"
31.6,6,0.830106029845006,0.762152705481137,0.904118053809221,"PE"
31.6,7,0.829078768377057,0.765853881360347,0.897523171068447,"PE"
31.6,8,0.823505395478283,0.773193328666443,0.877091293003646,"PE"
31.6,9,0.814373904053485,0.776514379146744,0.854079297709931,"PE"
31.6,10,0.802687142512824,0.758027276609835,0.849978185002746,"PE"
31.6,11,0.789427291628463,0.71901870846504,0.866730505661316,"PE"
31.6,12,0.775531875380831,0.674355421352772,0.891888269430957,"PE"
31.7,0,0.753550557095681,0.643630709573247,0.882242617782657,"PE"
31.7,1,0.770789361232219,0.692143176066435,0.858371880172588,"PE"
31.7,2,0.787497493451341,0.736523219106199,0.841999662881945,"PE"
31.7,3,0.802680943541588,0.762983057656451,0.844444304050224,"PE"
31.7,4,0.815280736283823,0.765313272449407,0.868510586296454,"PE"
31.7,5,0.824198874190276,0.760672144746202,0.893030971238164,"PE"
31.7,6,0.828338053257256,0.758812738221764,0.904233542628662,"PE"
31.7,7,0.826978217025447,0.762317470223911,0.897123571408788,"PE"
31.7,8,0.820788545928087,0.769370000045872,0.875643496739638,"PE"
31.7,9,0.810828699357995,0.772172109500326,0.85142052090953,"PE"
31.7,10,0.798173662242296,0.752614880459046,0.846490298874639,"PE"
31.7,11,0.783873491167023,0.71217074901142,0.862795405466062,"PE"
31.7,12,0.76892629829462,0.666105616555919,0.887618475979975,"PE"
31.8,0,0.748902620374762,0.63703524932257,0.880414600919814,"PE"
31.8,1,0.766881581521855,0.686701340168111,0.856423783785665,"PE"
31.8,2,0.784313360160025,0.73226018317692,0.840066770060723,"PE"
31.8,3,0.800143010071412,0.759557420556308,0.842897217826178,"PE"
31.8,4,0.813243618340458,0.762138970750196,0.867775049110111,"PE"
31.8,5,0.822445457844888,0.757468512555822,0.892996236698141,"PE"
31.8,6,0.82658075890678,0.755479212052753,0.904373992155856,"PE"
31.8,7,0.824886352548697,0.758787001498581,0.896743741362529,"PE"
31.8,8,0.818077951548583,0.765552031609785,0.874207770571308,"PE"
31.8,9,0.807288287443416,0.767834713303605,0.848769100630169,"PE"
31.8,10,0.793665789691858,0.747210818001034,0.843008921380911,"PE"
31.8,11,0.778329277527075,0.705344260672907,0.858866369278855,"PE"
31.8,12,0.762337742890834,0.657899994935378,0.883354368003873,"PE"
31.9,0,0.744268883322507,0.630475355991704,0.878600829386614,"PE"
31.9,1,0.762984777340176,0.681279763113991,0.854488569852666,"PE"
31.9,2,0.781138747688922,0.728008731138471,0.838146188421137,"PE"
31.9,3,0.797614577674704,0.756140286700615,0.841363733302956,"PE"
31.9,4,0.811216685993582,0.758972373461047,0.86705726670061,"PE"
31.9,5,0.820702686399015,0.754272135590173,0.892983934684984,"PE"
31.9,6,0.824833553405557,0.752152583339406,0.904537730633084,"PE"
31.9,7,0.822802872678476,0.755263141290509,0.896382373607116,"PE"
31.9,8,0.815373821293127,0.761740405556382,0.872783514699546,"PE"
31.9,9,0.803753571397279,0.763503722391807,0.846125283463075,"PE"
31.9,10,0.789165259031661,0.741817612721465,0.839534941449751,"PE"
31.9,11,0.772797297562701,0.698542991872963,0.85494474938319,"PE"
31.9,12,0.755769789806514,0.649743443875298,0.879097712440802,"PE"
32,0,0.73965066143788,0.623953682891199,0.876800820263593,"PE"
32,1,0.759099731136747,0.675880291698856,0.852565770727676,"PE"
32,2,0.777973928975792,0.72376988117359,0.836237386922803,"PE"
32,3,0.795095481711771,0.752732110064445,0.839843041881592,"PE"
32,4,0.809199455841003,0.755813767028835,0.866355956848288,"PE"
32,5,0.818969920719272,0.751083333172417,0.892992430293967,"PE"
32,6,0.823095848302102,0.748833298290663,0.904723089956914,"PE"
32,7,0.820727478006299,0.75174654191188,0.896038166589316,"PE"
32,8,0.812676361260458,0.757936084341773,0.871370135022794,"PE"
32,9,0.800225439205315,0.759180635753981,0.843489313864497,"PE"
32,10,0.784673767791095,0.736437719731912,0.836069236219478,"PE"
32,11,0.76728012890519,0.691770556096496,0.851031879030486,"PE"
32,12,0.749225906682489,0.641640622292665,0.874850250656604,"PE"
32.1,0,0.735049238356079,0.617472772810549,0.875014100376577,"PE"
32.1,1,0.755227209533427,0.670504713537155,0.850654926809909,"PE"
32.1,2,0.774819172270465,0.719544626272809,0.834339841890881,"PE"
32.1,3,0.792585559301423,0.749333334468942,0.838334343231045,"PE"
32.1,4,0.807191449090166,0.752663430823191,0.865669844981933,"PE"
32.1,5,0.817246526989991,0.747902416692047,0.893020093224555,"PE"
32.1,6,0.821367060015133,0.745521792845817,0.904928405516682,"PE"
32.1,7,0.818659871956199,0.748237841774419,0.895709824515124,"PE"
32.1,8,0.809985774711945,0.75414001057462,0.869967043302489,"PE"
32.1,9,0.796704763814336,0.75486691939104,0.840861434485045,"PE"
32.1,10,0.780192977013361,0.731073525857058,0.832612671437355,"PE"
32.1,11,0.761780280351502,0.685030432959594,0.847129072828568,"PE"
32.1,12,0.742709449047614,0.633595963872813,0.870613698882938,"PE"
32.2,0,0.730465866119256,0.611035059608014,0.873240206392825,"PE"
32.2,1,0.751367963445654,0.665154757644936,0.848755586581601,"PE"
32.2,2,0.771674741171547,0.715333934395811,0.8324530370073,"PE"
32.2,3,0.790084649305635,0.745944393600129,0.836836845244842,"PE"
32.2,4,0.805192191505892,0.74952163709915,0.864997664071834,"PE"
32.2,5,0.815531876641728,0.744729689548364,0.893065297587531,"PE"
32.2,6,0.819646609771398,0.742218492616086,0.905152016007835,"PE"
32.2,7,0.816599760758486,0.744737665339074,0.89539605730457,"PE"
32.2,8,0.807302262089342,0.750353106971636,0.868573657281071,"PE"
32.2,9,0.793192403204759,0.750564006265563,0.838241886434312,"PE"
32.2,10,0.775724511445713,0.725727349885805,0.829166101776896,"PE"
32.2,11,0.756300192336218,0.678325969553049,0.843237627043362,"PE"
32.2,12,0.736223661356737,0.625613680732753,0.866389748553244,"PE"
32.3,0,0.725901765468995,0.604642869950574,0.871478684854215,"PE"
32.3,1,0.74752272821132,0.659832095104547,0.846867306604656,"PE"
32.3,2,0.768540894664021,0.711138748672308,0.830576463276292,"PE"
32.3,3,0.787592592314522,0.742565711056872,0.835349763976916,"PE"
32.3,4,0.803201213360909,0.746388650994604,0.864338154505381,"PE"
32.3,5,0.813825346284632,0.741565447135147,0.893126421698823,"PE"
32.3,6,0.817933923547589,0.738923812871334,0.905392263229776,"PE"
32.3,7,0.814546853424548,0.741246623112573,0.895095580520532,"PE"
32.3,8,0.804626021033045,0.746576276365123,0.867189400761027,"PE"
32.3,9,0.789689200472478,0.746273296331925,0.835630909491226,"PE"
32.3,10,0.77126995976406,0.72040144296701,0.825730371089353,"PE"
32.3,11,0.750842237483234,0.671660382028848,0.839358819833765,"PE"
32.3,12,0.729771678174057,0.617697767460938,0.8621800665625,"PE"
32.4,0,0.721358126159641,0.598298425184417,0.869729092160247,"PE"
32.4,1,0.743692223726972,0.6545383398012,0.844989651484667,"PE"
32.4,2,0.76541788715773,0.70695998763619,0.828709618969972,"PE"
32.4,3,0.785109230631625,0.73919770042244,0.833872323562046,"PE"
32.4,4,0.801218049389131,0.743264730555915,0.863690063951758,"PE"
32.4,5,0.812126317646598,0.738409976858775,0.893201847867726,"PE"
32.4,6,0.816228432016301,0.735638158563734,0.90564749187636,"PE"
32.4,7,0.812500861722691,0.737765311682924,0.89480711527928,"PE"
32.4,8,0.801957246400838,0.742810401754958,0.865813703652167,"PE"
32.4,9,0.786195983919837,0.741996156636797,0.833028742269132,"PE"
32.4,10,0.766830874830672,0.715097989132962,0.822306312602759,"PE"
32.4,11,0.74540872123353,0.665036757402186,0.835493911436511,"PE"
32.4,12,0.72335652549371,0.609852005487089,0.857986295472485,"PE"
32.5,0,0.716836107291512,0.592003843318666,0.867990994511584,"PE"
32.5,1,0.739877154591052,0.649275049221921,0.843122193809491,"PE"
32.5,2,0.762305968526698,0.702798545487644,0.826852009558752,"PE"
32.5,3,0.782634408259509,0.735840765355006,0.832403756125422,"PE"
32.5,4,0.799242238741641,0.740150126786061,0.863052147221195,"PE"
32.5,5,0.81043417751614,0.735263558183255,0.893289962185997,"PE"
32.5,6,0.814529570495967,0.732361924381397,0.90591604932595,"PE"
32.5,7,0.810461500155006,0.734294313787139,0.894529388149277,"PE"
32.5,8,0.799296130287112,0.739056346398507,0.864446001993283,"PE"
32.5,9,0.782713567155402,0.737733921481322,0.830435622343339,"PE"
32.5,10,0.762408773983702,0.709819105935742,0.818894749079849,"PE"
32.5,11,0.740001882545364,0.658458055544513,0.831644144315073,"PE"
32.5,12,0.716981122189528,0.602079967740044,0.853810053680623,"PE"
32.6,0,0.712336837663118,0.585761141106937,0.866263967823117,"PE"
32.6,1,0.736078210253916,0.644043725308656,0.84126451406843,"PE"
32.6,2,0.75920538414927,0.698655292378755,0.825003147630587,"PE"
32.6,3,0.780167970885659,0.73249529969316,0.830943301685095,"PE"
32.6,4,0.797273324945331,0.737045083710617,0.862423166123383,"PE"
32.6,5,0.808748317689915,0.732126462696662,0.893389154323284,"PE"
32.6,6,0.812836778904718,0.729095494826135,0.906196285436867,"PE"
32.6,7,0.808428485935228,0.730834198405453,0.894261131043768,"PE"
32.6,8,0.796642862042542,0.735314953932866,0.86308573795342,"PE"
32.6,9,0.779242749202272,0.733487892637381,0.827851786347767,"PE"
32.6,10,0.758005139357298,0.704566845183475,0.815496492944474,"PE"
32.6,11,0.734623894663322,0.651927111345721,0.827810743284329,"PE"
32.6,12,0.710648281586078,0.5943850235555,0.849652935567429,"PE"
32.7,0,0.707861416141473,0.579572236213064,0.864547597614058,"PE"
32.7,1,0.732296065174363,0.638845815358353,0.839416200557012,"PE"
32.7,2,0.75611637494904,0.694531074718775,0.823162552802365,"PE"
32.7,3,0.777709765868669,0.729161687573181,0.829490208050457,"PE"
32.7,4,0.795310855864172,0.733949838457623,0.861801889328875,"PE"
32.7,5,0.807068134924836,0.728998954194364,0.89349781733348,"PE"
32.7,6,0.811149501718115,0.725839244310401,0.906486552353143,"PE"
32.7,7,0.806401538967596,0.727385520877217,0.894001081111807,"PE"
32.7,8,0.793997628294222,0.73158704852465,0.861732359817204,"PE"
32.7,9,0.775784314614668,0.729259339611363,0.825277470046367,"PE"
32.7,10,0.75362141823105,0.699343193765037,0.812112346384536,"PE"
32.7,11,0.729276865952695,0.645446637025835,0.823994915620727,"PE"
32.7,12,0.70436071314329,0.586770343798972,0.845516511634911,"PE"
32.8,0,0.703410912049628,0.573438949448736,0.862841478881306,"PE"
32.8,1,0.728531378982419,0.633682712963729,0.837576849271576,"PE"
32.8,2,0.75303917743653,0.690426715495832,0.821329751626201,"PE"
32.8,3,0.775259642224725,0.725840303555339,0.828043730719323,"PE"
32.8,4,0.793354383663042,0.730864621348032,0.861187092236667,"PE"
32.8,5,0.805393030894707,0.725881288775186,0.893614347475843,"PE"
32.8,6,0.809467187930694,0.72259353726926,0.906785204324715,"PE"
32.8,7,0.804380381826675,0.723948823034367,0.893747980631652,"PE"
32.8,8,0.791360612966228,0.727873435043188,0.860385321957965,"PE"
32.8,9,0.772339033602517,0.725049499949672,0.822712908384152,"PE"
32.8,10,0.74925902340758,0.694150074553134,0.80874310143823,"PE"
32.8,11,0.723962840795748,0.639019224578541,0.820197851165947,"PE"
32.8,12,0.698121024247122,0.579238906172389,0.84140232864607,"PE"
32.9,0,0.69898636557057,0.567363007072105,0.86114521596129,"PE"
32.9,1,0.724784796648109,0.628555758989223,0.835746063797098,"PE"
32.9,2,0.749974023751614,0.686343014612346,0.819504277492895,"PE"
32.9,3,0.772817450614376,0.722531512756953,0.826603132775756,"PE"
32.9,4,0.791403464774105,0.727789655994012,0.86057755685059,"PE"
32.9,5,0.803722412151313,0.722773714947251,0.893737144054095,"PE"
32.9,6,0.807789291021277,0.719358728283928,0.907090597545526,"PE"
32.9,7,0.802364739738145,0.720524633349013,0.893500576909794,"PE"
32.9,8,0.788731997300614,0.724174899253636,0.859044084801856,"PE"
32.9,9,0.768907662163789,0.720859579580963,0.820158335521961,"PE"
32.9,10,0.74491933361706,0.688989347376905,0.805389540069231,"PE"
32.9,11,0.718683800546486,0.632647348330625,0.816420722430677,"PE"
32.9,12,0.691931722098965,0.571793500675502,0.837311909773779,"PE"
13.7,0,0.495814226645019,0.404841037426714,0.607230306754906,"RJ"
13.7,1,0.589265101338157,0.513759574040801,0.675867423596651,"RJ"
13.7,2,0.693621566183543,0.636536946053661,0.755825533863596,"RJ"
13.7,3,0.800893397654536,0.746338233792282,0.859436386030234,"RJ"
13.7,4,0.898436169641957,0.820778015461632,0.983441973000364,"RJ"
13.7,5,0.969795712568319,0.866260819966366,1.08570502375071,"RJ"
13.7,6,0.997640196995507,0.883228229379408,1.12687290731249,"RJ"
13.7,7,0.971810721913426,0.868341448842345,1.0876091202199,"RJ"
13.7,8,0.902173530004471,0.823390828357782,0.988494224381938,"RJ"
13.7,9,0.805895986647618,0.745955139985498,0.870653349620146,"RJ"
13.7,10,0.699404293226249,0.633079398424502,0.772677750374853,"RJ"
13.7,11,0.595412370853994,0.510417097522912,0.694561160052169,"RJ"
13.7,12,0.502027541104861,0.402157525087934,0.62669883392754,"RJ"
13.8,0,0.500976886029555,0.41051549778149,0.611372388356117,"RJ"
13.8,1,0.593813045726209,0.518965445972168,0.679455512908171,"RJ"
13.8,2,0.697212854278705,0.640766589384221,0.758631570723136,"RJ"
13.8,3,0.803245399547225,0.749389247823325,0.860972016569276,"RJ"
13.8,4,0.899460144088956,0.82294230637619,0.983092671911677,"RJ"
13.8,5,0.969728193780976,0.867842520240589,1.08357535829544,"RJ"
13.8,6,0.997094101433238,0.884553992408391,1.1239524728231,"RJ"
13.8,7,0.971619080733436,0.869796588711579,1.08536139402856,"RJ"
13.8,8,0.902971304529254,0.825330272784785,0.987916236311227,"RJ"
13.8,9,0.807953346992176,0.748747822408291,0.871840413259854,"RJ"
13.8,10,0.702666801969246,0.637054549464774,0.775036666804291,"RJ"
13.8,11,0.599625090544948,0.515366267933015,0.697659648259652,"RJ"
13.8,12,0.506866704595223,0.407583583343626,0.630334161448848,"RJ"
13.9,0,0.506191506563311,0.41626464239838,0.615545533342738,"RJ"
13.9,1,0.598394592582928,0.524219490752849,0.683065194539492,"RJ"
13.9,2,0.70082167349224,0.645020171665739,0.761450633036926,"RJ"
13.9,3,0.805603794244142,0.752449107290847,0.862513447105066,"RJ"
13.9,4,0.900485354571567,0.825109029525366,0.982747545817462,"RJ"
13.9,5,0.969661236201162,0.869423790452576,1.08145523887922,"RJ"
13.9,6,0.996549101041511,0.885878398355624,1.12104563406226,"RJ"
13.9,7,0.971428172457767,0.871250981480937,1.08312382344821,"RJ"
13.9,8,0.903770109761383,0.827271304331826,0.987342854781865,"RJ"
13.9,9,0.810015786541298,0.751547889760279,0.873032288940898,"RJ"
13.9,10,0.705943858412894,0.641051053456242,0.777405681722199,"RJ"
13.9,11,0.603866531895745,0.520359262908647,0.700775049732925,"RJ"
13.9,12,0.511751134152394,0.413078349039772,0.633994068958202,"RJ"
14,0,0.511457635868409,0.422088059617675,0.619749616999465,"RJ"
14,1,0.603009182089142,0.529520938540644,0.686696308338534,"RJ"
14,2,0.704447540279505,0.649296907593643,0.76428261278031,"RJ"
14,3,0.807968325552272,0.755517238574035,0.864060780833886,"RJ"
14,4,0.901511839060688,0.827277783962987,0.982407133034949,"RJ"
14,5,0.969595133054814,0.87100433269492,1.0793456321105,"RJ"
14,6,0.996005613861154,0.887201209851478,1.11815355054464,"RJ"
14,7,0.971238363025032,0.872704407728623,1.08089743727394,"RJ"
14,8,0.904570118795021,0.829213672503321,0.986774732436122,"RJ"
14,9,0.812083225948373,0.75435497183822,0.874229229588944,"RJ"
14,10,0.709235168841475,0.645068326463142,0.779784875626407,"RJ"
14,11,0.608136306999475,0.525395466130856,0.703907421612292,"RJ"
14,12,0.516680505160109,0.418641495197002,0.637678652200688,"RJ"
14.1,0,0.516774786479854,0.427985272535516,0.623984508530343,"RJ"
14.1,1,0.607656231447804,0.53486897392381,0.690348690275582,"RJ"
14.1,2,0.708089959774989,0.653595988005893,0.767127400313274,"RJ"
14.1,3,0.810338734120666,0.758593058842362,0.865614121250136,"RJ"
14.1,4,0.902539635695297,0.82944816446212,0.982071971344027,"RJ"
14.1,5,0.969530177489699,0.872583846446606,1.07724749763715,"RJ"
14.1,6,0.995464057022958,0.888522187565027,1.11527737032688,"RJ"
14.1,7,0.971050018090491,0.874156646305283,1.07868325616349,"RJ"
14.1,8,0.905371505334697,0.831157124889016,0.986212520023178,"RJ"
14.1,9,0.814155584961019,0.757168693920251,0.875431488181726,"RJ"
14.1,10,0.712540433160117,0.649105768244899,0.782174329248071,"RJ"
14.1,11,0.612434012842191,0.530474225843383,0.707056821638543,"RJ"
14.1,12,0.521654468294503,0.424272641498908,0.641388007791968,"RJ"
14.2,0,0.522142434915118,0.433955736682581,0.628250070901833,"RJ"
14.2,1,0.612335134456927,0.540262734890786,0.694022172316178,"RJ"
14.2,2,0.711748425658334,0.657916579688834,0.769984884203269,"RJ"
14.2,3,0.812714757420216,0.761675976195258,0.867173571927491,"RJ"
14.2,4,0.903568782782976,0.831619761645097,0.981742597848862,"RJ"
14.2,5,0.969466662578449,0.874162028688262,1.07516178809703,"RJ"
14.2,6,0.99492484675491,0.889841090319928,1.11241823001721,"RJ"
14.2,7,0.970863503030878,0.875607474464056,1.07648229258701,"RJ"
14.2,8,0.906174443697762,0.833101407331911,0.985656866240051,"RJ"
14.2,9,0.816232782415546,0.759988676960656,0.876639317514877,"RJ"
14.2,10,0.715859344824609,0.653162762213584,0.784574123356325,"RJ"
14.2,11,0.616759231040951,0.535594854141539,0.710223308033689,"RJ"
14.2,12,0.526672648909366,0.429971352498582,0.6451222331379,"RJ"
14.3,0,0.527560020744857,0.439998837700271,0.632546160673965,"RJ"
14.3,1,0.617045261087717,0.545701311823336,0.697716582279484,"RJ"
14.3,2,0.715422420023857,0.662257825215242,0.772854951025216,"RJ"
14.3,3,0.815096129724264,0.764765389829558,0.868739236276821,"RJ"
14.3,4,0.904599318800456,0.833792162131258,0.981419548826881,"RJ"
14.3,5,0.969404881322471,0.875738574031562,1.07308944906424,"RJ"
14.3,6,0.994388398391173,0.891157675223762,1.10957725478455,"RJ"
14.3,7,0.970679182950612,0.877056668004898,1.07429555077324,"RJ"
14.3,8,0.906979108817178,0.835046264113144,0.985108417561093,"RJ"
14.3,9,0.818314736231486,0.762814537806055,0.877852969949377,"RJ"
14.3,10,0.719191590772479,0.657238675417215,0.786984338542627,"RJ"
14.3,11,0.621111527584183,0.540756626283432,0.71340693936454,"RJ"
14.3,12,0.531734646421347,0.435737135827965,0.648881426338804,"RJ"
14.4,0,0.53302694566586,0.446113889019959,0.636872627817165,"RJ"
14.4,1,0.621785957068419,0.55118374651731,0.701431743679597,"RJ"
14.4,2,0.719111413253729,0.666618842818048,0.775737485135748,"RJ"
14.4,3,0.817482582090082,0.767860690237205,0.870311217278521,"RJ"
14.4,4,0.905631282394171,0.835964948704204,0.981103359563365,"RJ"
14.4,5,0.969345126656747,0.877313174864428,1.07103141898945,"RJ"
14.4,6,0.993855126382793,0.892471697812476,1.10675555836494,"RJ"
14.4,7,0.97049742268937,0.878504001434815,1.07212402665032,"RJ"
14.4,8,0.907785676244654,0.836991438155455,0.98456781805444,"RJ"
14.4,9,0.820401363406214,0.765645889434631,0.879072697139112,"RJ"
14.4,10,0.722536851355385,0.661332858551281,0.78940505498272,"RJ"
14.4,11,0.625490452574635,0.545958780026893,0.716607774386832,"RJ"
14.4,12,0.536840033695695,0.441569440414639,0.652665686075954,"RJ"
14.5,0,0.538542572577373,0.452300129551439,0.641229315511993,"RJ"
14.5,1,0.626556543474416,0.556709031235618,0.705167475546947,"RJ"
14.5,2,0.722814863894976,0.670998726303569,0.778632368418451,"RJ"
14.5,3,0.819873842341214,0.770961259435891,0.871889617186715,"RJ"
14.5,4,0.906664712380838,0.838137700500539,0.980794564169707,"RJ"
14.5,5,0.969287691455519,0.878885521513835,1.06898862913215,"RJ"
14.5,6,0.993325444310144,0.893782912211696,1.10395424306371,"RJ"
14.5,7,0.970318586831041,0.879949248145782,1.06996870777916,"RJ"
14.5,8,0.908594322154112,0.838936671246934,0.984035709183702,"RJ"
14.5,9,0.822492580009642,0.768482341220049,0.88029874973693,"RJ"
14.5,10,0.725894800272876,0.665444646001067,0.791836352173993,"RJ"
14.5,11,0.629895539975151,0.551200514995784,0.719825871867376,"RJ"
14.5,12,0.541988356433117,0.447467654711118,0.656475111477532,"RJ"
14.6,0,0.544106224661952,0.45855672138736,0.645616059928597,"RJ"
14.6,1,0.63135631632514,0.562276107798462,0.708923592226554,"RJ"
14.6,2,0.726532218540467,0.675396545008426,0.781539479996521,"RJ"
14.6,3,0.822269635050736,0.774066471235465,0.87347453720263,"RJ"
14.6,4,0.907699647748043,0.84030999322224,0.980493695383219,"RJ"
14.6,5,0.969232868538857,0.880455302428234,1.066962003483,"RJ"
14.6,6,0.992799764897095,0.895091071316924,1.10117439975082,"RJ"
14.6,7,0.97014303971405,0.881392180612309,1.06783057327758,"RJ"
14.6,8,0.909405223345496,0.840881704286946,0.983512729593004,"RJ"
14.6,9,0.824588301179005,0.771323499221858,0.881531377077496,"RJ"
14.6,10,0.729265104507588,0.669573355917521,0.794278308645804,"RJ"
14.6,11,0.634326307357537,0.556480992079693,0.723061290381372,"RJ"
14.6,12,0.547179132558379,0.453431104942245,0.660309801960932,"RJ"
14.7,0,0.549717184472105,0.464882747531071,0.650032689982201,"RJ"
14.7,1,0.636184546188368,0.567883866716399,0.712699903149425,"RJ"
14.7,2,0.730262911714055,0.679811343804685,0.784458695908886,"RJ"
14.7,3,0.824669681525414,0.777175691543171,0.875066077114237,"RJ"
14.7,4,0.908736127654857,0.842481399375015,0.980201284346166,"RJ"
14.7,5,0.969180950680115,0.882022204381773,1.06495245867375,"RJ"
14.7,6,0.992278500026895,0.896395926994805,1.09841710784718,"RJ"
14.7,7,0.969971145443044,0.882832570610807,1.06571059373257,"RJ"
14.7,8,0.910218557248923,0.842826277556236,0.982999514873373,"RJ"
14.7,9,0.826688441113725,0.77416896650419,0.88277082683518,"RJ"
14.7,10,0.732647424261917,0.673718290329631,0.796731001640159,"RJ"
14.7,11,0.63878225565478,0.561799332871394,0.726314088081727,"RJ"
14.7,12,0.552411851611303,0.459459053376799,0.664169857047892,"RJ"
14.8,0,0.55537469302398,0.471277209656102,0.65447902706043,"RJ"
14.8,1,0.641040477792471,0.573531146372321,0.716496212572966,"RJ"
14.8,2,0.734006365760044,0.684242143158156,0.787389888745478,"RJ"
14.8,3,0.827073699790813,0.780288278710957,0.876664334899048,"RJ"
14.8,4,0.909774191432451,0.844651488535178,0.979917860361527,"RJ"
14.8,5,0.969132230614273,0.883585912702781,1.06296090387232,"RJ"
14.8,6,0.991762060759765,0.897697230307892,1.09568343529934,"RJ"
14.8,7,0.969803267901953,0.884270189463118,1.06360973109852,"RJ"
14.8,8,0.911034501929183,0.844770131013375,0.982496697308317,"RJ"
14.8,9,0.828792913070374,0.777018343484709,0.884017344655126,"RJ"
14.8,10,0.73604141289625,0.677878735296481,0.799194506759917,"RJ"
14.8,11,0.643262868916886,0.567154619146837,0.729584322436865,"RJ"
14.8,12,0.557685974140811,0.465550696630065,0.66805537614848,"RJ"
14.9,0,0.561077948899443,0.477739025906306,0.658954884717637,"RJ"
14.9,1,0.645923329647243,0.57921673225906,0.720312319285654,"RJ"
14.9,2,0.73776199073715,0.68868793924523,0.790332927236916,"RJ"
14.9,3,0.829481404577355,0.783403583928266,0.878269406286789,"RJ"
14.9,4,0.910813878584745,0.846819827647838,0.97964395062273,"RJ"
14.9,5,0.969087001047155,0.885146111529159,1.06098824066023,"RJ"
14.9,6,0.991250857352208,0.898994731765591,1.09297443853952,"RJ"
14.9,7,0.969639770768418,0.885704808306817,1.06152893857852,"RJ"
14.9,8,0.911853236090586,0.846713004619886,0.982004905596257,"RJ"
14.9,9,0.830901629357715,0.779871228315791,0.885271173755554,"RJ"
14.9,10,0.739446716868791,0.682053961102375,0.801668897581497,"RJ"
14.9,11,0.647767614070619,0.572545892392871,0.732872049933105,"RJ"
14.9,12,0.563000931102716,0.471705164004732,0.671966458309421,"RJ"
15,0,0.566826107357902,0.484267028746583,0.663460068330698,"RJ"
15,1,0.650832293673898,0.584939356280003,0.724148016270706,"RJ"
15,2,0.741529184317137,0.693147704134039,0.793287675793423,"RJ"
15,3,0.831892507307354,0.78652095166397,0.879881384278472,"RJ"
15,4,0.911855228789066,0.848985981359392,0.979380079914393,"RJ"
15,5,0.969045554665544,0.886702484093658,1.05903536288939,"RJ"
15,6,0.990745299278005,0.900288181604249,1.09029116242798,"RJ"
15,7,0.969481017529576,0.887136198395099,1.05946916048576,"RJ"
15,8,0.912674939082151,0.848654638696532,0.981524764547324,"RJ"
15,9,0.83301450133184,0.782727217300016,0.886532554499329,"RJ"
15,10,0.742862975677069,0.686243222498654,0.804154245228808,"RJ"
15,11,0.652295940683422,0.577972153388381,0.736177325737272,"RJ"
15,12,0.568356123261988,0.477921515878256,0.675903201921721,"RJ"
15.1,0,0.572618279459316,0.490859962875149,0.667994374709977,"RJ"
15.1,1,0.655766534844878,0.590697696120805,0.728003090322723,"RJ"
15.1,2,0.74530733168831,0.697620386036224,0.796253993987361,"RJ"
15.1,3,0.834306716083046,0.789639720161219,0.881500358618183,"RJ"
15.1,4,0.912898281896821,0.851149512387581,0.979126770280845,"RJ"
15.1,5,0.969008184148171,0.888254713042263,1.05710315651481,"RJ"
15.1,6,0.990245795250919,0.901577330099629,1.0876346401742,"RJ"
15.1,7,0.96932737149922,0.888564131429387,1.05743133208192,"RJ"
15.1,8,0.913499790903156,0.85059477431343,0.98105689475188,"RJ"
15.1,9,0.835131439391405,0.785585905342099,0.887801723932716,"RJ"
15.1,10,0.746289821801163,0.690445758996059,0.806650617904933,"RJ"
15.1,11,0.656847280731822,0.58343236184503,0.739500203314723,"RJ"
15.1,12,0.573750920600219,0.484198742145553,0.679865704381863,"RJ"
15.2,0,0.578453531199852,0.497516483209363,0.672557591658264,"RJ"
15.2,1,0.660725190834111,0.59649037470112,0.731877321610621,"RJ"
15.2,2,0.749095805464024,0.702104909636059,0.799231735973287,"RJ"
15.2,3,0.83672373567564,0.792759221989209,0.883126415213783,"RJ"
15.2,4,0.913943077934193,0.853309981932629,0.978884540658959,"RJ"
15.2,5,0.968975182177596,0.889802480789233,1.05519249939977,"RJ"
15.2,6,0.989752753249083,0.902861927915375,1.08500589323328,"RJ"
15.2,7,0.969179195836312,0.88998837992804,1.05541637938899,"RJ"
15.2,8,0.914327972209039,0.852533153716834,0.980601912217909,"RJ"
15.2,9,0.837252352972949,0.788446886439427,0.889078915289235,"RJ"
15.2,10,0.749726880648724,0.694660795211737,0.80915808037783,"RJ"
15.2,11,0.661421048374586,0.588925436114324,0.742840733997457,"RJ"
15.2,12,0.579184661729057,0.490535760726805,0.683854061700157,"RJ"
15.3,0,0.584330882661708,0.504235152958362,0.677149497469498,"RJ"
15.3,1,0.665707371678372,0.602315959716105,0.735770483179307,"RJ"
15.3,2,0.752893965596425,0.706600176504168,0.802220749838954,"RJ"
15.3,3,0.839143267515395,0.79587878465598,0.884759635502521,"RJ"
15.3,4,0.914989657102851,0.855466950133247,0.978653906471535,"RJ"
15.3,5,0.968946841452969,0.891345469912714,1.05330426108928,"RJ"
15.3,6,0.989266580541072,0.904141726491381,1.08240593117317,"RJ"
15.3,7,0.96903685356487,0.891408717634866,1.0534252189707,"RJ"
15.3,8,0.915159664317651,0.854469520795593,0.98016042797429,"RJ"
15.3,9,0.839377150546327,0.791309754213424,0.890364357456468,"RJ"
15.3,10,0.753173770501859,0.698887541275222,0.811676693416109,"RJ"
15.3,11,0.666016639730975,0.594450252968375,0.746198966496425,"RJ"
15.3,12,0.58465665331041,0.496931416151074,0.687868368049023,"RJ"
15.4,0,0.590249307178668,0.511014441797072,0.681769860357974,"RJ"
15.4,1,0.670712159450427,0.608172963278445,0.73968234038167,"RJ"
15.4,2,0.756701159295572,0.711105065603576,0.805220876880199,"RJ"
15.4,3,0.841565009682764,0.798997731286509,0.886400095757455,"RJ"
15.4,4,0.916038059780676,0.857619976571553,0.97843537917722,"RJ"
15.4,5,0.968923454703682,0.892883363595149,1.05143930254769,"RJ"
15.4,6,0.988787683713663,0.905416478476404,1.07983575150859,"RJ"
15.4,7,0.968900707595207,0.892824919971455,1.05145875767951,"RJ"
15.4,8,0.915995049215875,0.856403621590476,0.979733047636757,"RJ"
15.4,9,0.841505739610223,0.794174102483962,0.891658274403689,"RJ"
15.4,10,0.756630102465927,0.703125193297967,0.814206513170682,"RJ"
15.4,11,0.670633432664361,0.600005647462306,0.749574946351548,"RJ"
15.4,12,0.590166169484222,0.503384478227445,0.691908715243118,"RJ"
15.5,0,0.596207730519001,0.5178527241576,0.6864184378075,"RJ"
15.5,1,0.675738607944618,0.614059841672636,0.74361265023151,"RJ"
15.5,2,0.760516720954151,0.715618433896314,0.808231950792169,"RJ"
15.5,3,0.843988656900602,0.802115381370423,0.888047866330504,"RJ"
15.5,4,0.917088326522513,0.859768620831275,0.978229465772648,"RJ"
15.5,5,0.968905314703898,0.894415846113147,1.0495984758556,"RJ"
15.5,6,0.988316468701265,0.906685938209631,1.07729633949645,"RJ"
15.5,7,0.968771120746542,0.894236764537716,1.04951789236454,"RJ"
15.5,8,0.916834309566598,0.85833520484972,0.97932037093321,"RJ"
15.5,9,0.843638026687781,0.797039525889036,0.89296088456815,"RJ"
15.5,10,0.760095480420326,0.707372933911219,0.816747590497882,"RJ"
15.5,11,0.67527078657155,0.605590412886993,0.752968715312292,"RJ"
15.5,12,0.595712451304655,0.509893640816568,0.695975192142208,"RJ"
15.6,0,0.602205030087355,0.524748277655644,0.691094975828573,"RJ"
15.6,1,0.680785742375608,0.619974995234403,0.747561160666935,"RJ"
15.6,2,0.764339972077963,0.720139117059286,0.811253796768889,"RJ"
15.6,3,0.846413900527484,0.805231051583744,0.88970301082787,"RJ"
15.6,4,0.918140498060929,0.861912443113834,0.978036668242226,"RJ"
15.6,5,0.968892714287979,0.895942603381848,1.04778262386104,"RJ"
15.6,6,0.987853340817028,0.907949862256365,1.07478866788773,"RJ"
15.6,7,0.968648455770966,0.895644031665328,1.0476035095359,"RJ"
15.6,8,0.917677628716055,0.860264022634331,0.978922991184862,"RJ"
15.6,9,0.845773917322327,0.799905620551885,0.894272400197937,"RJ"
15.6,10,0.763569500971328,0.711629932877268,0.819299970219433,"RJ"
15.6,11,0.679928042178128,0.611203300821549,0.756380310640958,"RJ"
15.6,12,0.601294706185561,0.51645752071666,0.700067883966661,"RJ"
15.7,0,0.608240034147353,0.531699281671239,0.69579920811013,"RJ"
15.7,1,0.685852559090983,0.625916768369297,0.751527609712659,"RJ"
15.7,2,0.768170221222361,0.724665930318516,0.81428623050272,"RJ"
15.7,3,0.848840428552126,0.808344056689022,0.891365585213616,"RJ"
15.7,4,0.919194615306997,0.864051004917239,0.977857482950681,"RJ"
15.7,5,0.968885946366789,0.897463323559276,1.0459925797793,"RJ"
15.7,6,0.987398704785617,0.909208010003456,1.07231369662989,"RJ"
15.7,7,0.968533075378774,0.89704650502922,1.0457164849799,"RJ"
15.7,8,0.918525190701528,0.862189830976806,0.978541494739544,"RJ"
15.7,9,0.847913316073206,0.802771984797687,0.895593026649342,"RJ"
15.7,10,0.767051753407036,0.715895347779277,0.821863690314428,"RJ"
15.7,11,0.684604521340145,0.616843021295713,0.75980976433011,"RJ"
15.7,12,0.606912107356096,0.523074656679378,0.704186871514205,"RJ"
15.8,0,0.614311521066627,0.538703816105105,0.700530855050716,"RJ"
15.8,1,0.690938025298414,0.631883449725789,0.755511724528377,"RJ"
15.8,2,0.772006763934856,0.729197669411315,0.817329057074906,"RJ"
15.8,3,0.851267925588958,0.811453710518173,0.893035636837227,"RJ"
15.8,4,0.920250719351094,0.866183869782947,0.977692399973248,"RJ"
15.8,5,0.968885303944892,0.898977697716593,1.04422916673549,"RJ"
15.8,6,0.986952964777655,0.910460144320575,1.06987237251368,"RJ"
15.8,7,0.968425342265162,0.898443972322553,1.04385768331995,"RJ"
15.8,8,0.919377180259424,0.864112390597084,0.9781764603534,"RJ"
15.8,9,0.850056126511712,0.805638219921837,0.896922961636803,"RJ"
15.8,10,0.770541819654523,0.720168324795093,0.824438781038358,"RJ"
15.8,11,0.689299526852479,0.622508243073179,0.763257102224745,"RJ"
15.8,12,0.612563793327413,0.52974350857239,0.708332230265344,"RJ"
15.9,0,0.620418218586087,0.545759860333866,0.705289622652097,"RJ"
15.9,1,0.696041078808131,0.637873272539517,0.759513220329156,"RJ"
15.9,2,0.775848882704052,0.7337331116862,0.820382069728047,"RJ"
15.9,3,0.853696072874838,0.814559327042173,0.89471320338118,"RJ"
15.9,4,0.921308851463723,0.868310604116126,0.977541902358118,"RJ"
15.9,5,0.968891080138638,0.900485420580644,1.04249319724344,"RJ"
15.9,6,0.986516524445828,0.91170603229395,1.06746562875751,"RJ"
15.9,7,0.968325619138285,0.899836226001093,1.0420279575168,"RJ"
15.9,8,0.920233782833716,0.866031467679656,0.977828458517044,"RJ"
15.9,9,0.852202251217146,0.808503931011711,0.898262394433616,"RJ"
15.9,10,0.774039274239223,0.724447999560547,0.827025263964043,"RJ"
15.9,11,0.694012342264219,0.628197594067697,0.766722343039032,"RJ"
15.9,12,0.618248867371344,0.536462456707045,0.712504029363386,"RJ"
16,0,0.626558803115239,0.552865292389671,0.710075201256268,"RJ"
16,1,0.701160627791424,0.643884415166716,0.763531799162386,"RJ"
16,2,0.779695846915126,0.738271017350635,0.823445048511186,"RJ"
16,3,0.856124548266959,0.817660221531487,0.896398311724744,"RJ"
16,4,0.922369053096346,0.870430778084944,0.977406465315527,"RJ"
16,5,0.968903568195136,0.901986191355659,1.04078547261385,"RJ"
16,6,0.986089786962658,0.912945446039691,1.06509438452228,"RJ"
16,7,0.968234268748684,0.90122306410324,1.04022814830215,"RJ"
16,8,0.92109518458476,0.867946834715826,0.977498050722211,"RJ"
16,9,0.854351591772966,0.811368727823586,0.899611505021802,"RJ"
16,10,0.77754368424665,0.72873349812788,0.829623150939278,"RJ"
16,11,0.6987422317014,0.633909661904718,0.770205497256548,"RJ"
16,12,0.623966397012037,0.543229801351155,0.716702330453534,"RJ"
16.1,0,0.63273189905543,0.560017888392076,0.71488726410468,"RJ"
16.1,1,0.706295550555933,0.649915001826312,0.767567148524486,"RJ"
16.1,2,0.783546912812045,0.742810130876735,0.826517758788035,"RJ"
16.1,3,0.858553026241949,0.820755711810799,0.898090976720646,"RJ"
16.1,4,0.923431365882238,0.872543966604739,0.977286555327727,"RJ"
16.1,5,0.968923061512122,0.903479714631415,1.03910678228456,"RJ"
16.1,6,0.985673155059925,0.914178163604369,1.06275954434878,"RJ"
16.1,7,0.968151653920075,0.902604291152367,1.03845908353869,"RJ"
16.1,8,0.921961572398487,0.869858271415163,0.977185788664875,"RJ"
16.1,9,0.856504048763064,0.81423222571619,0.90097046318973,"RJ"
16.1,10,0.781054609286495,0.733023938024932,0.832232442955949,"RJ"
16.1,11,0.703488439697448,0.63964299464221,0.773706565902085,"RJ"
16.1,12,0.62971541353151,0.550043762448744,0.720927186363854,"RJ"
16.2,0,0.638936078152911,0.567215322262612,0.719725465696102,"RJ"
16.2,1,0.711444695338472,0.655963103571591,0.771618939799121,"RJ"
16.2,2,0.787401323466697,0.747349182575046,0.829599949598991,"RJ"
16.2,3,0.860981177896187,0.823845119611067,0.899791199881678,"RJ"
16.2,4,0.924495831637366,0.874649750412992,0.977182629173904,"RJ"
16.2,5,0.968949853658721,0.904965701385659,1.03745790306494,"RJ"
16.2,6,0.985267031069759,0.915403969961042,1.0604619975095,"RJ"
16.2,7,0.968078137581508,0.903979719148486,1.03672157749962,"RJ"
16.2,8,0.922833133895976,0.87176556569019,0.976892213380816,"RJ"
16.2,9,0.858659521768149,0.817094046642046,0.902339427576447,"RJ"
16.2,10,0.784571601459194,0.737318429420692,0.834853128925424,"RJ"
16.2,11,0.708250191031678,0.64539610166522,0.777225539172235,"RJ"
16.2,12,0.635494911490128,0.556902479570416,0.725178639609167,"RJ"
16.3,0,0.645169858883676,0.574455165755129,0.724589439917081,"RJ"
16.3,1,0.716606880116154,0.662026739513798,0.775686826497293,"RJ"
16.3,2,0.79125830875516,0.751886890346194,0.832691351867836,"RJ"
16.3,3,0.863408670947366,0.826927772021338,0.901498967974993,"RJ"
16.3,4,0.925562492361274,0.876747717241142,0.977095132864082,"RJ"
16.3,5,0.968984238397096,0.906443870088995,1.03583959828623,"RJ"
16.3,6,0.984871816967379,0.916622658109439,1.05820261726589,"RJ"
16.3,7,0.968014082800904,0.905349168656618,1.03501643006013,"RJ"
16.3,8,0.923710057443404,0.873668514718263,0.976617854309703,"RJ"
16.3,9,0.860817909362253,0.819953820197391,0.90371854466196,"RJ"
16.3,10,0.78809420532502,0.741616076402719,0.837485184355152,"RJ"
16.3,11,0.713026690576212,0.651167454769633,0.78076239491104,"RJ"
16.3,12,0.64130384826301,0.563804012120044,0.729456720697083,"RJ"
16.4,0,0.651431705872032,0.581734888837764,0.729478797916303,"RJ"
16.4,1,0.72178089243659,0.668103878321409,0.779770442278341,"RJ"
16.4,2,0.795117085341284,0.756421961619745,0.835791676444519,"RJ"
16.4,3,0.865835169737308,0.830003003041959,0.903214251522576,"RJ"
16.4,4,0.926631390237999,0.878837463089228,0.977024500476066,"RJ"
16.4,5,0.969026509705002,0.907913947920855,1.03425261684923,"RJ"
16.4,6,0.984487914415497,0.917834030289507,1.05598226002196,"RJ"
16.4,7,0.967959852819952,0.906712469999496,1.03334442579327,"RJ"
16.4,8,0.924592532162379,0.875566926084478,0.976363228283887,"RJ"
16.4,9,0.862979109109353,0.822811184731076,0.905107947703189,"RJ"
16.4,10,0.791621957875778,0.745915978371662,0.840128569921633,"RJ"
16.4,11,0.717817123151667,0.656955489451444,0.784317096916228,"RJ"
16.4,12,0.647141143593404,0.570746339825469,0.733761446213467,"RJ"
16.5,0,0.65772002934492,0.589051860465301,0.734393125691461,"RJ"
16.5,1,0.726965489267932,0.674192440020056,0.783869398729601,"RJ"
16.5,2,0.79897685666779,0.760953095488792,0.838900611976214,"RJ"
16.5,3,0.86826033523607,0.833070155239844,0.904937003207383,"RJ"
16.5,4,0.927702567636998,0.880918593609209,0.976971152889605,"RJ"
16.5,5,0.969076961799233,0.909375672105511,1.03269769216024,"RJ"
16.5,6,0.984115724810377,0.91903789931798,1.05380176436442,"RJ"
16.5,7,0.967915811090395,0.908069464562525,1.03170633296223,"RJ"
16.5,8,0.925480747940671,0.877460619009209,0.976128838438314,"RJ"
16.5,9,0.865143017560114,0.825665788512282,0.9065077556158,"RJ"
16.5,10,0.795154388509163,0.750217231557802,0.84278322993527,"RJ"
16.5,11,0.722620653391988,0.662758606418646,0.787889593060701,"RJ"
16.5,12,0.653005679164086,0.577727363543045,0.73809281666261,"RJ"
16.6,0,0.664033184624017,0.596403349783542,0.739331981354478,"RJ"
16.6,1,0.732159396869548,0.680290298119231,0.787983282881432,"RJ"
16.6,2,0.802836812955085,0.765478985047663,0.842017822599983,"RJ"
16.6,3,0.870683825047345,0.836128581505335,0.906667156185761,"RJ"
16.6,4,0.9287760671141,0.882990725602571,0.976935496412222,"RJ"
16.6,5,0.969135889159971,0.910828791377345,1.03117554094618,"RJ"
16.6,6,0.983755649329545,0.920234090058011,1.05166194997926,"RJ"
16.6,7,0.967882321311682,0.90942000621901,1.03010290240095,"RJ"
16.6,8,0.926374895443313,0.879349425663575,0.975915173038313,"RJ"
16.6,9,0.867309530248755,0.828517290956385,0.907918071802698,"RJ"
16.6,10,0.798691019005872,0.75451893066403,0.845449090693105,"RJ"
16.6,11,0.727436425618786,0.668575173343562,0.791479813213335,"RJ"
16.6,12,0.658896298187853,0.584744906407991,0.742450814035381,"RJ"
16.7,0,0.670369471657678,0.603786527810188,0.744294892038185,"RJ"
16.7,1,0.737361310684107,0.686395282092705,0.792111654433474,"RJ"
16.7,2,0.806696131207986,0.769998319938654,0.845142945451853,"RJ"
16.7,3,0.873105293415183,0.839177646908828,0.908404622308097,"RJ"
16.7,4,0.929851931412474,0.885053488637408,0.976917921291569,"RJ"
16.7,5,0.969203586556039,0.912273067584747,1.02968686193931,"RJ"
16.7,6,0.983408088981171,0.921422441032204,1.04956361643443,"RJ"
16.7,7,0.967859747470016,0.910763962883776,1.02853486627497,"RJ"
16.7,8,0.927275166124113,0.881233192575667,0.975722704222437,"RJ"
16.7,9,0.869478541690046,0.831365363907564,0.90933898293062,"RJ"
16.7,10,0.802231363509517,0.758820170639029,0.848126058716075,"RJ"
16.7,11,0.732263563725559,0.674403526873963,0.795087666942565,"RJ"
16.7,12,0.664811805018195,0.591796715364599,0.746835399076616,"RJ"
16.8,0,0.676727134594819,0.611198469639477,0.749281350404964,"RJ"
16.8,1,0.742569895251874,0.692505180240105,0.796254042667514,"RJ"
16.8,2,0.810553975230551,0.774509789111729,0.848275587989078,"RJ"
16.8,3,0.875524391232057,0.842216730653788,0.910149290251239,"RJ"
16.8,4,0.930930203463614,0.887106526789569,0.976918800109765,"RJ"
16.8,5,0.969280349071058,0.913708277442045,1.02823233442241,"RJ"
16.8,6,0.983073444655098,0.922602806189554,1.04750754181803,"RJ"
16.8,7,0.967848453878775,0.912101218203165,1.02700293671451,"RJ"
16.8,8,0.92818175223755,0.883111782129865,0.975551886658079,"RJ"
16.8,9,0.871649945376423,0.834209692976077,0.910770557657029,"RJ"
16.8,10,0.805774928509432,0.763120048583615,0.850814018868276,"RJ"
16.8,11,0.73710117107217,0.680241974921705,0.798713040985892,"RJ"
16.8,12,0.670750964781264,0.598880463112382,0.751246508221075,"RJ"
16.9,0,0.683104361402833,0.61863615722027,0.754290810715458,"RJ"
16.9,1,0.747783784147998,0.698617742957136,0.800409943022315,"RJ"
16.9,2,0.814409495649215,0.779012083798748,0.851415325124736,"RJ"
16.9,3,0.877940766048296,0.84524522812104,0.911901023567911,"RJ"
16.9,4,0.932010926388352,0.889149500511666,0.976938486055953,"RJ"
16.9,5,0.969366472130511,0.91513421443869,1.02681261662489,"RJ"
16.9,6,0.982752117175542,0.923775056836816,1.04549448122154,"RJ"
16.9,7,0.967848805220339,0.913431673389187,1.02550780431206,"RJ"
16.9,8,0.929094846851073,0.884985074160799,0.975403156108342,"RJ"
16.9,9,0.873823633775238,0.837049978927252,0.912212845310307,"RJ"
16.9,10,0.809321212826429,0.767417665792159,0.853512832356712,"RJ"
16.9,11,0.741948330389954,0.686088799247733,0.802355796468367,"RJ"
16.9,12,0.676712503030245,0.605993750506129,0.75568405016551,"RJ"
17,0,0.689499283531681,0.626096482759415,0.759322684413454,"RJ"
17,1,0.753001579943587,0.704730686441373,0.804578813306305,"RJ"
17,2,0.818261829944419,0.783503900700811,0.854561696176756,"RJ"
17,3,0.880354062082893,0.848262552997251,0.913659658660379,"RJ"
17,4,0.933094143497878,0.891182088632711,0.976977311074384,"RJ"
17,5,0.969462251529722,0.91655069091458,1.02542834396125,"RJ"
17,6,0.982444507355454,0.924939083744641,1.04352516505765,"RJ"
17,7,0.967861166589296,0.91475524920513,1.02405013647703,"RJ"
17,8,0.930014643857799,0.886852967642711,0.975276927909434,"RJ"
17,9,0.875999498326143,0.839885939118371,0.913665874527164,"RJ"
17,10,0.812869707601593,0.771712129929768,0.856222334611268,"RJ"
17,11,0.746804103697849,0.69194225836207,0.806015765853273,"RJ"
17,12,0.682695105423273,0.613134109449437,0.760147902042839,"RJ"
17.1,0,0.695909975626289,0.633576252803696,0.764376335181604,"RJ"
17.1,1,0.758221854191369,0.710841696859265,0.808760069525322,"RJ"
17.1,2,0.822110102490937,0.787983945383916,0.857714201636899,"RJ"
17.1,3,0.882763920235715,0.851268139478373,0.915425002687683,"RJ"
17.1,4,0.934179898294797,0.893203990489839,0.977035583886595,"RJ"
17.1,5,0.969567983462745,0.91795754030975,1.02408012710349,"RJ"
17.1,6,0.982151016052556,0.926094799438374,1.0416002972029,"RJ"
17.1,7,0.967885903537063,0.916071888109279,1.02263057564103,"RJ"
17.1,8,0.930941337989619,0.88871538247391,0.975173595358967,"RJ"
17.1,9,0.878177429438602,0.842717308978632,0.915129651852143,"RJ"
17.1,10,0.816419896288167,0.776002557344453,0.858942333046095,"RJ"
17.1,11,0.751667532229909,0.697800590756826,0.809692749608889,"RJ"
17.1,12,0.688697417426048,0.620299006322559,0.764637905163219,"RJ"
17.2,0,0.702334455289429,0.641072193054445,0.769451073421939,"RJ"
17.2,1,0.763443147436726,0.716948434997798,0.812953081304774,"RJ"
17.2,2,0.825953424607082,0.792450935874042,0.860872299769233,"RJ"
17.2,3,0.885169978101145,0.854261444536547,0.917196831418114,"RJ"
17.2,4,0.935268234474185,0.895214928192003,0.977113587887858,"RJ"
17.2,5,0.969683964552177,0.919354619595754,1.02276854988022,"RJ"
17.2,6,0.981872044227039,0.92724214068268,1.03972055295587,"RJ"
17.2,7,0.967923382117906,0.917381556562387,1.02124973730803,"RJ"
17.2,8,0.93187512483071,0.890572261354784,0.975093528016706,"RJ"
17.2,9,0.88035731648954,0.845543843526341,0.916604160305165,"RJ"
17.2,10,0.819971254646616,0.780288075511788,0.861672604705321,"RJ"
17.2,11,0.756537636374613,0.70366201848919,0.813386512576249,"RJ"
17.2,12,0.69471804404029,0.627485845986177,0.769153860286114,"RJ"
17.3,0,0.708770682897213,0.648580953968545,0.774546150115512,"RJ"
17.3,1,0.768663969254896,0.72304854142101,0.817157166888827,"RJ"
17.3,2,0.829790894612993,0.796903606438276,0.864035403052179,"RJ"
17.3,3,0.887571869983155,0.857241950236506,0.918974887040995,"RJ"
17.3,4,0.936359195924686,0.897214649013611,0.977211578919978,"RJ"
17.3,5,0.969810491879888,0.92074181189473,1.02149416699656,"RJ"
17.3,6,0.981607993000956,0.928381071168061,1.03788657680305,"RJ"
17.3,7,0.967973968936376,0.918684247503333,1.01990820794502,"RJ"
17.3,8,0.932816200831456,0.892423571756469,0.975037069920743,"RJ"
17.3,9,0.882539047821135,0.848365318916381,0.918089357924125,"RJ"
17.3,10,0.823523250742939,0.784567825607589,0.864412893797945,"RJ"
17.3,11,0.761413415626326,0.709524751129697,0.817096780024482,"RJ"
17.3,12,0.700755549559226,0.634691976402813,0.773695522387381,"RJ"
17.4,0,0.715216561469413,0.656099117197948,0.779660750017132,"RJ"
17.4,1,0.773882798315116,0.72913964214707,0.821371587703684,"RJ"
17.4,2,0.833621597898183,0.801340711533507,0.867202874483262,"RJ"
17.4,3,0.889969226911847,0.860209166085005,0.920758875954364,"RJ"
17.4,4,0.937452826729614,0.89920292791387,0.97732978292473,"RJ"
17.4,5,0.969947863018676,0.922119029290473,1.02025750157048,"RJ"
17.4,6,0.981359263719283,0.92951158440583,1.03609897998557,"RJ"
17.4,7,0.968038031196164,0.919979982995697,1.01860654271054,"RJ"
17.4,8,0.933764763322789,0.894269307975629,0.975004537723691,"RJ"
17.4,9,0.884722510738745,0.85118153400989,0.919585176290695,"RJ"
17.4,10,0.827075344950294,0.788840965201952,0.867162909128994,"RJ"
17.4,11,0.766293848549319,0.715386990088772,0.820823233382621,"RJ"
17.4,12,0.706808457351272,0.64191469391687,0.778262594886138,"RJ"
17.5,0,0.721669936596734,0.663623202916464,0.784793984144483,"RJ"
17.5,1,0.779098082472518,0.735219354855682,0.825595542477936,"RJ"
17.5,2,0.837444606998547,0.805761029898721,0.870374023771169,"RJ"
17.5,3,0.892361676661472,0.863162631394295,0.922548466547688,"RJ"
17.5,4,0.938549171168084,0.901179570175019,0.9774683934848,"RJ"
17.5,5,0.970096376064859,0.923486215833621,1.01905904248356,"RJ"
17.5,6,0.981126258012677,0.930633706836088,1.03435833786268,"RJ"
17.5,7,0.96811593675038,0.921268817045972,1.01734526302033,"RJ"
17.5,8,0.934721010530941,0.896109493269013,0.974996218755264,"RJ"
17.5,9,0.88690759150898,0.853992311956891,0.92109151904867,"RJ"
17.5,10,0.830626989954019,0.793106671065525,0.869922321436471,"RJ"
17.5,11,0.771177892754726,0.721246933331441,0.824565505639835,"RJ"
17.5,12,0.712875249673093,0.64915124923251,0.782854723298012,"RJ"
17.6,0,0.728128596427253,0.671149678077294,0.78994488152621,"RJ"
17.6,1,0.784308238888515,0.741285295628107,0.829828160920396,"RJ"
17.6,2,0.841258981683,0.810163368761069,0.873548103445586,"RJ"
17.6,3,0.894748843769954,0.866101917638127,0.924343287001202,"RJ"
17.6,4,0.93964827371616,0.903144414149733,0.977627569262003,"RJ"
17.6,5,0.970256329671796,0.92484335074041,1.01789924154671,"RJ"
17.6,6,0.980909377861932,0.931747501150752,1.03266518706961,"RJ"
17.6,7,0.968208054153271,0.922550838591656,1.01612485395202,"RJ"
17.6,8,0.935685141592628,0.897944182059484,0.975012369019636,"RJ"
17.6,9,0.889094175357913,0.856797501781503,0.922608260425291,"RJ"
17.6,10,0.834177630760106,0.797364142076182,0.872690760646295,"RJ"
17.6,11,0.776064484890824,0.72710278048621,0.828323176409972,"RJ"
17.6,12,0.718954367513257,0.656398854125513,0.787471488284392,"RJ"
17.7,0,0.734590271714138,0.678674965636992,0.795112380181242,"RJ"
17.7,1,0.789511654180478,0.74733508621291,0.83406849696498,"RJ"
17.7,2,0.845063769049946,0.814546568119822,0.876724304921323,"RJ"
17.7,3,0.897130349559927,0.869026630776433,0.926142923125876,"RJ"
17.7,4,0.940750179048023,0.905097334104778,0.977807431345759,"RJ"
17.7,5,0.970428023084346,0.926190451781173,1.01677851048489,"RJ"
17.7,6,0.980709025664134,0.932853069830497,1.03102002247134,"RJ"
17.7,7,0.968314752713384,0.923826174654499,1.01494576149355,"RJ"
17.7,8,0.936657356570648,0.899773462203019,0.975053211138115,"RJ"
17.7,9,0.891282146469449,0.85959697995821,0.924135243767153,"RJ"
17.7,10,0.837726704707221,0.801612602211431,0.875467813060303,"RJ"
17.7,11,0.780952540647021,0.732952738349162,0.832095766661153,"RJ"
17.7,12,0.725044210467641,0.663654688920707,0.792112398071904,"RJ"
17.8,0,0.741052635926838,0.686195454771059,0.800295317312084,"RJ"
17.8,1,0.794706684601448,0.753366361799521,0.83831552160314,"RJ"
17.8,2,0.848858003633739,0.818909505066217,0.879901754559305,"RJ"
17.8,3,0.899505812161312,0.871936413522665,0.927946916270115,"RJ"
17.8,4,0.941854932037164,0.907038243144436,0.978008060528349,"RJ"
17.8,5,0.97061175617428,0.927527578850911,1.01569721774834,"RJ"
17.8,6,0.980525604300536,0.933950558890737,1.02942329391701,"RJ"
17.8,7,0.968436402548168,0.925094993650739,1.01380838964363,"RJ"
17.8,8,0.937637856469914,0.901597457303909,0.975118932249991,"RJ"
17.8,9,0.893471387983831,0.86239065196663,0.925672280103337,"RJ"
17.8,10,0.841273641482321,0.805851303608817,0.878253018495436,"RJ"
17.8,11,0.785840954771947,0.738795026778474,0.835882733117064,"RJ"
17.8,12,0.731143136647826,0.670915910760158,0.796776880222657,"RJ"
17.9,0,0.74751330542785,0.693707512092672,0.805492418708338,"RJ"
17.9,1,0.799891656250635,0.759376779268981,0.84256811533705,"RJ"
17.9,2,0.852640707521335,0.823251098091265,0.883079509772956,"RJ"
17.9,3,0.901874846535454,0.874830947525951,0.929754761321154,"RJ"
17.9,4,0.942962577757596,0.908967096193513,0.978229494527214,"RJ"
17.9,5,0.970807829476637,0.928854837709834,1.01465568516268,"RJ"
17.9,6,0.980359517206148,0.935040161827247,1.02787540280461,"RJ"
17.9,7,0.968573374640054,0.926357508846231,1.01271309737648,"RJ"
17.9,8,0.938626843253922,0.903416329062915,0.97520968188684,"RJ"
17.9,9,0.895661781996301,0.86517845381122,0.927219146749382,"RJ"
17.9,10,0.844817863139951,0.81007952967347,0.881045867395318,"RJ"
17.9,11,0.790728601106015,0.74462788496753,0.83968346234353,"RJ"
17.9,12,0.737249462623652,0.678179662678942,0.801464272744168,"RJ"
18,0,0.753969839717183,0.701207493868982,0.810702287373687,"RJ"
18,1,0.805064865315444,0.76536402587668,0.84682506030118,"RJ"
18,2,0.856410890479284,0.827570311328083,0.886256555233958,"RJ"
18,3,0.904237064500831,0.877709955438791,0.931565904830505,"RJ"
18,4,0.944073161485083,0.910883893015748,0.978471725178513,"RJ"
18,5,0.971016544227034,0.930172383876676,1.01365418443515,"RJ"
18,6,0.980211168441061,0.936122123746902,1.02637669847056,"RJ"
18,7,0.968726040893996,0.927613981939942,1.01166019548735,"RJ"
18,8,0.939624519861649,0.905230279640691,0.975325569838072,"RJ"
18,9,0.897853209555919,0.867960353491559,0.928775585966559,"RJ"
18,10,0.848358784125288,0.814296598208772,0.883845797938621,"RJ"
18,11,0.795614332628851,0.750449578076777,0.843497264541989,"RJ"
18,12,0.743361463401144,0.685443083494633,0.806173814538486,"RJ"
18.1,0,0.76041974174661,0.708691759208644,0.815923391410205,"RJ"
18.1,1,0.810224578345749,0.771325828305934,0.851085032115857,"RJ"
18.1,2,0.860167550091254,0.831866158670497,0.88943179923618,"RJ"
18.1,3,0.906592074760353,0.880573202840158,0.933379743293726,"RJ"
18.1,4,0.945186728698398,0.912788681239478,0.978734695630164,"RJ"
18.1,5,0.971238202399947,0.931480426651976,1.01269293353978,"RJ"
18.1,6,0.980080962763521,0.937196745663084,1.02492747442465,"RJ"
18.1,7,0.968894774196495,0.928864726754395,1.01064994334045,"RJ"
18.1,8,0.940631090224901,0.907039554016253,0.975466664028009,"RJ"
18.1,9,0.900045550664529,0.870736352408137,0.930341303691555,"RJ"
18.1,10,0.851895811301004,0.818501864543028,0.886652193171692,"RJ"
18.1,11,0.800496981521957,0.756258404195318,0.847323367080583,"RJ"
18.1,12,0.749477372437001,0.692703318503512,0.810904635203104,"RJ"
18.2,0,0.766860458305754,0.71615668416976,0.821154051218089,"RJ"
18.2,1,0.815369032561128,0.777259962013937,0.85534659155356,"RJ"
18.2,2,0.863909671906237,0.836137707705842,0.89260407028038,"RJ"
18.2,3,0.908939482930276,0.883420499983535,0.935195621615025,"RJ"
18.2,4,0.9463033250806,0.914681559358399,0.979018297566575,"RJ"
18.2,5,0.97147310674795,0.932779233242368,1.01177209301066,"RJ"
18.2,6,0.979969305704744,0.938264388928839,1.02352796445765,"RJ"
18.2,7,0.969079948476116,0.930110113006429,1.00968254554607,"RJ"
18.2,8,0.941646759286097,0.908844442317832,0.97563298842721,"RJ"
18.2,9,0.90223868427589,0.873506486688122,0.931915968352199,"RJ"
18.2,10,0.855428343978017,0.822694724622065,0.889464378195852,"RJ"
18.2,11,0.805375359246999,0.762052701593149,0.851160907803629,"RJ"
18.2,12,0.755595381690834,0.69995753096076,0.815655744211892,"RJ"
18.3,0,0.77328938048203,0.723598676709325,0.826392426096839,"RJ"
18.3,1,0.820496436191753,0.783164260773694,0.859608176116582,"RJ"
18.3,2,0.86763622959761,0.840384083397314,0.895772113944779,"RJ"
18.3,3,0.911278891570743,0.886251703339886,0.937012831786824,"RJ"
18.3,4,0.947422996520327,0.91656267967147,0.979322368501074,"RJ"
18.3,5,0.971721560841938,0.934069132950373,1.01089176217887,"RJ"
18.3,6,0.979876603645512,0.939325479773739,1.02217833865546,"RJ"
18.3,7,0.969281938765516,0.931350570126037,1.00875814859908,"RJ"
18.3,8,0.942671733016504,0.91064528210119,0.975824521023099,"RJ"
18.3,9,0.904432488294959,0.876270828415354,0.933499209785036,"RJ"
18.3,10,0.8589557739502,0.826874618035004,0.892281617442456,"RJ"
18.3,11,0.810248256640071,0.767830856214014,0.855008928171142,"RJ"
18.3,12,0.761713641716347,0.707202914303488,0.82042601952258,"RJ"
18.4,0,0.779703844196419,0.731014192363946,0.831636500364965,"RJ"
18.4,1,0.825604968853594,0.78903662629739,0.863868091642729,"RJ"
18.4,2,0.871346185133205,0.844604471450267,0.898934590107598,"RJ"
18.4,3,0.913609900217968,0.889066716906715,0.938830611813201,"RJ"
18.4,4,0.948545789113117,0.918432251122532,0.97964668917554,"RJ"
18.4,5,0.971983869112329,0.935350521387404,1.01005197539551,"RJ"
18.4,6,0.979803263894542,0.940380513902902,1.02087869936182,"RJ"
18.4,7,0.969501121264981,0.932586591085401,1.00787683751715,"RJ"
18.4,8,0.943706218434933,0.912442460548351,0.976041191876963,"RJ"
18.4,9,0.906626839577346,0.879029486748824,0.935090618270555,"RJ"
18.4,10,0.86247748553311,0.831041030938166,0.895103112071085,"RJ"
18.4,11,0.815114444022336,0.773591309347302,0.858866366291553,"RJ"
18.4,12,0.767830261792613,0.714436705054537,0.825214195678129,"RJ"
18.5,0,0.786101130817004,0.738399750517636,0.836884069148955,"RJ"
18.5,1,0.830692781958621,0.794875037809231,0.868124504073008,"RJ"
18.5,2,0.875038488956531,0.848798121297635,0.902090070586804,"RJ"
18.5,3,0.915932105418078,0.891865493256348,0.940648144904133,"RJ"
18.5,4,0.949671749162754,0.920290541997272,0.979990981109657,"RJ"
18.5,5,0.97226033689125,0.93662386466085,1.00925269829012,"RJ"
18.5,6,0.979749694768649,0.941430061108868,1.01962907713891,"RJ"
18.5,7,0.9697378734075,0.93381873619451,1.00703863252217,"RJ"
18.5,8,0.944750423626885,0.914236416558046,0.976282881296174,"RJ"
18.5,9,0.908821613928921,0.881782608914259,0.936689743701535,"RJ"
18.5,10,0.86599285560682,0.835193498840259,0.89792799752802,"RJ"
18.5,11,0.819972671327368,0.779332565405558,0.862732049922555,"RJ"
18.5,12,0.773943310096629,0.721656196321621,0.830018851492512,"RJ"
18.6,0,0.792478467852141,0.745751951076982,0.842132724027495,"RJ"
18.6,1,0.835757999160608,0.800677561419921,0.872375431531062,"RJ"
18.6,2,0.878712080179315,0.852964348642466,0.90523703725947,"RJ"
18.6,3,0.918245100762645,0.894648034299407,0.94246455896467,"RJ"
18.6,4,0.950800923182625,0.92213788243287,0.980354904344517,"RJ"
18.6,5,0.972551270455734,0.937889703479433,1.00849382412034,"RJ"
18.6,6,0.979716305674727,0.942474769839231,1.01842942678314,"RJ"
18.6,7,0.969992573925379,0.935047636814289,1.00624348581424,"RJ"
18.6,8,0.945804557764159,0.916027642697808,0.976549418151743,"RJ"
18.6,9,0.911016686105596,0.884530381054059,0.93829609489931,"RJ"
18.6,10,0.869501253662907,0.839331609210868,0.90075534130328,"RJ"
18.6,11,0.824821668245593,0.785053199722427,0.866604689526759,"RJ"
18.6,12,0.780050813918279,0.728858751781244,0.834838397436429,"RJ"
18.7,0,0.798833029725083,0.753067491338112,0.847379838752389,"RJ"
18.7,1,0.840798716837163,0.806442359141632,0.876618736877215,"RJ"
18.7,2,0.882365886785484,0.857102537500431,0.908373880718259,"RJ"
18.7,3,0.920548476925895,0.897414391743005,0.944278926399546,"RJ"
18.7,4,0.951933357897112,0.923974666694325,0.980738055426641,"RJ"
18.7,5,0.972856977071909,0.939148657114921,1.00777517027496,"RJ"
18.7,6,0.97970350719355,0.943515371655492,1.01727962346098,"RJ"
18.7,7,0.97026560291842,0.936273998933198,1.00549127849252,"RJ"
18.7,8,0.946868831124934,0.917816686986946,0.976840578372106,"RJ"
18.7,9,0.913211929813275,0.887273028921833,0.93990913909179,"RJ"
18.7,10,0.873002041855663,0.843455003873835,0.903584140924911,"RJ"
18.7,11,0.82966014438615,0.790751866274615,0.870482871479939,"RJ"
18.7,12,0.786150759918847,0.736041820010253,0.839671062864841,"RJ"
18.8,0,0.8051619386318,0.760343182795508,0.852622555301681,"RJ"
18.8,1,0.845813004608567,0.812167697372767,0.880852120909481,"RJ"
18.8,2,0.885998825846733,0.861212141692144,0.911498899515515,"RJ"
18.8,3,0.922841821703642,0.900164667227558,0.946090264249403,"RJ"
18.8,4,0.953069100242997,0.92580135517113,0.981139965678806,"RJ"
18.8,5,0.973177765040211,0.940401427152881,1.0070964749979,"RJ"
18.8,6,0.979711711165417,0.944552685511757,1.01617945903635,"RJ"
18.8,7,0.97055734192367,0.937498606548918,1.00478181768133,"RJ"
18.8,8,0.947943455114313,0.919604154479488,0.977156083644145,"RJ"
18.8,9,0.915407217707967,0.890010818409102,0.941528301565723,"RJ"
18.8,10,0.876494575057606,0.847563381147582,0.906413322228751,"RJ"
18.8,11,0.834486789456541,0.796427305221294,0.874365051539755,"RJ"
18.8,12,0.792241094434186,0.743202949001026,0.84451488325487,"RJ"
18.9,0,0.811462265483695,0.767575967611635,0.857857770551112,"RJ"
18.9,1,0.850798905893979,0.817851954676834,0.88507311638867,"RJ"
18.9,2,0.889609803749816,0.865292685744158,0.914610300036424,"RJ"
18.9,3,0.925124720053932,0.902899012131081,0.947897534669818,"RJ"
18.9,4,0.954208197370894,0.927618476048896,0.981560099803162,"RJ"
18.9,5,0.973513943741615,0.941648800961044,1.00645739440448,"RJ"
18.9,6,0.979741330777668,0.945587621776144,1.01512863866701,"RJ"
18.9,7,0.970868173986763,0.938722324793563,1.00411483392352,"RJ"
18.9,8,0.949028642285357,0.921390708616777,0.977495600351866,"RJ"
18.9,9,0.917602421396083,0.892744055893345,0.943152965504086,"RJ"
18.9,10,0.87997820091934,0.851656497695776,0.909241737940514,"RJ"
18.9,11,0.839300273460396,0.802078350145944,0.878249548691247,"RJ"
18.9,12,0.798319723823632,0.750339800669988,0.849367687648681,"RJ"
19,0,0.817731030936787,0.774762934440918,0.863082123875059,"RJ"
19,1,0.855754438505526,0.823493628680513,0.889279083063826,"RJ"
19,2,0.893197716435667,0.869343765168214,0.917706197031873,"RJ"
19,3,0.927396754139438,0.905617627035302,0.949699645758815,"RJ"
19,4,0.955350696646707,0.92942662661275,0.98199785485985,"RJ"
19,5,0.9738658236849,0.94289165480123,1.0058574998645,"RJ"
19,6,0.979792780654067,0.946621185913498,1.01412677775157,"RJ"
19,7,0.971198483734871,0.939946102738862,1.00348997890463,"RJ"
19,8,0.950124606360582,0.923177072320789,0.977858738781768,"RJ"
19,9,0.919797411434896,0.895473088398553,0.944782472017505,"RJ"
19,10,0.883452259933842,0.8557341700541,0.912068166604672,"RJ"
19,11,0.84409924691369,0.807703934879359,0.882134539491478,"RJ"
19,12,0.804384514865736,0.757450165144884,0.854227086519971,"RJ"
19.1,0,0.823965206508913,0.781901333283995,0.868291986005203,"RJ"
19.1,1,0.860677595280798,0.829091341923065,0.893467203866998,"RJ"
19.1,2,0.896761449650478,0.873365046100637,0.92078461482939,"RJ"
19.1,3,0.929657503371599,0.908320760853811,0.951495452732709,"RJ"
19.1,4,0.956496645653102,0.931226474143085,0.982452559660649,"RJ"
19.1,5,0.974233716554959,0.944130956510073,1.00529627582692,"RJ"
19.1,6,0.979866476946104,0.947654481745585,1.01317339931131,"RJ"
19.1,7,0.971548657451279,0.941170975817437,1.00290682357217,"RJ"
19.1,8,0.951231562253966,0.924964028801479,0.97824505262174,"RJ"
19.1,9,0.92199205733319,0.898198303561648,0.946416120376411,"RJ"
19.1,10,0.88691608550522,0.859796275802233,0.914891311891235,"RJ"
19.1,11,0.848882341079733,0.81330309977929,0.886018053038974,"RJ"
19.1,12,0.810433295201849,0.764531974595337,0.859090460303337,"RJ"
19.2,0,0.830161715786348,0.78898858904065,0.873483449482217,"RJ"
19.2,1,0.865566344754184,0.834643846503126,0.897634482432277,"RJ"
19.2,2,0.900299879208846,0.877356264297017,0.92384348922716,"RJ"
19.2,3,0.931906544456534,0.911008709628425,0.953283759444117,"RJ"
19.2,4,0.957646092191011,0.93301875636927,0.98292347461207,"RJ"
19.2,5,0.974617935262156,0.945367767675309,1.00477311815957,"RJ"
19.2,6,0.979962837426207,0.948688714204933,1.01226793189086,"RJ"
19.2,7,0.971919083151602,0.942398067797794,1.00236485671248,"RJ"
19.2,8,0.952349726093422,0.926752422054462,0.978654038777269,"RJ"
19.2,9,0.924186227552079,0.900920129400556,0.948053168448181,"RJ"
19.2,10,0.890369004022023,0.863842754354465,0.917709802307229,"RJ"
19.2,11,0.853648168223251,0.818874997342213,0.889897966693417,"RJ"
19.2,12,0.816463853828568,0.771583316355307,0.86395494884136,"RJ"
19.3,0,0.83631743572119,0.796022313434231,0.878652321030766,"RJ"
19.3,1,0.8704186318675,0.840150027389665,0.901777742073083,"RJ"
19.3,2,0.90381187126908,0.881317223491171,0.926880670062271,"RJ"
19.3,3,0.934143451442725,0.913681815005957,0.955063320229961,"RJ"
19.3,4,0.958799084281158,0.934804281453533,0.983409792035793,"RJ"
19.3,5,0.975018793992752,0.946603245238391,1.00428733307339,"RJ"
19.3,6,0.980082281582908,0.94972519150103,1.01140970805945,"RJ"
19.3,7,0.972310150661673,0.943628592254163,1.00186348404446,"RJ"
19.3,8,0.953479315243793,0.928543157029264,0.979085137524867,"RJ"
19.3,9,0.926379789506009,0.90363903388238,0.949692833340907,"RJ"
19.3,10,0.893810334935143,0.86787360734756,0.920522191334407,"RJ"
19.3,11,0.858395321883852,0.824418897026707,0.893772002667003,"RJ"
19.3,12,0.822473941640023,0.778602445076704,0.868817442013343,"RJ"
19.4,0,0.842429198020735,0.80300031499817,0.883794116169775,"RJ"
19.4,1,0.875232378720308,0.84560890429118,0.905893626324247,"RJ"
19.4,2,0.90729628262078,0.885247793141214,0.929893924430459,"RJ"
19.4,3,0.936367795770503,0.916340462413292,0.956832842071595,"RJ"
19.4,4,0.959955670165603,0.936583927484927,0.983910636986585,"RJ"
19.4,5,0.975436608260404,0.947838642460829,1.00383813669412,"RJ"
19.4,6,0.980225230717977,0.9507653266232,1.01059796358866,"RJ"
19.4,7,0.972722251697108,0.944863853478012,1.00140202788349,"RJ"
19.4,8,0.95462054833033,0.930337199452972,0.979537733018023,"RJ"
19.4,9,0.928572609563951,0.906355524292775,0.951334292252715,"RJ"
19.4,10,0.897239390840385,0.871888898610517,0.923326958008724,"RJ"
19.4,11,0.863122377169186,0.829934189175977,0.897637725600701,"RJ"
19.4,12,0.828461272020956,0.785587793651926,0.873674571810727,"RJ"
19.5,0,0.848493790629955,0.809920606846972,0.888904056337484,"RJ"
19.5,1,0.880005485360253,0.851019632010027,0.909978601122341,"RJ"
19.5,2,0.910751960984748,0.889147905598775,0.932880940521339,"RJ"
19.5,3,0.938579146323333,0.918985078953954,0.958590987043846,"RJ"
19.5,4,0.961115898309314,0.938358641472175,0.984425068578975,"RJ"
19.5,5,0.975871694958743,0.949075309200914,1.00342465533475,"RJ"
19.5,6,0.980392108045549,0.95181063811304,1.00983183737419,"RJ"
19.5,7,0.973155779944575,0.946105246785872,1.00097972742125,"RJ"
19.5,8,0.955773645262694,0.932135575299403,0.980011154155681,"RJ"
19.5,9,0.930764553050769,0.909070146410428,0.952976683522803,"RJ"
19.5,10,0.900655477565744,0.875888753707485,0.92612250795046,"RJ"
19.5,11,0.867827891068066,0.835420387939396,0.901492541226181,"RJ"
19.5,12,0.834423521491481,0.792537982650804,0.878522706116182,"RJ"
19.6,0,0.854507959308085,0.816781411999621,0.893977068764644,"RJ"
19.6,1,0.884735830613766,0.856381499246173,0.914028958660187,"RJ"
19.6,2,0.914177745325337,0.893017552749543,0.935839332020951,"RJ"
19.6,3,0.940777069480918,0.921616131054035,0.960336375025116,"RJ"
19.6,4,0.962279817401766,0.940129437833782,0.98495208182439,"RJ"
19.6,5,0.976324372415064,0.950314691459352,1.0030459265108,"RJ"
19.6,6,0.980583338793277,0.952862750051021,1.00911037215746,"RJ"
19.6,7,0.973611131144795,0.947354258188056,1.00059573965717,"RJ"
19.6,8,0.956938827259457,0.933939369899739,0.980504675817459,"RJ"
19.6,9,0.932955484248787,0.911783483493215,0.954619107877671,"RJ"
19.6,10,0.904057894263455,0.879873359052144,0.928907174846779,"RJ"
19.6,11,0.872510402783837,0.840877133109391,0.905333696197657,"RJ"
19.6,12,0.840358330404404,0.799451828034915,0.883357944425433,"RJ"
19.7,0,0.860468409300195,0.82358116608145,0.899007789270382,"RJ"
19.7,1,0.889421272957392,0.861693925854596,0.918040822911213,"RJ"
19.7,2,0.917572466175286,0.896856782183738,0.938766643022954,"RJ"
19.7,3,0.942961129174125,0.924234121889189,0.962067586636828,"RJ"
19.7,4,0.963447476358558,0.941897396393897,0.985490609970316,"RJ"
19.7,5,0.976794960445111,0.951558330166429,1.00270090072575,"RJ"
19.7,6,0.980799350305529,0.953923391216378,1.00843251608823,"RJ"
19.7,7,0.974088703177293,0.948612463394572,1.00024914100559,"RJ"
19.7,8,0.95811631687314,0.93574972669669,0.981017520463678,"RJ"
19.7,9,0.935145266399532,0.914496155085164,0.956260629863461,"RJ"
19.7,10,0.907445933506866,0.883842960599134,0.931679222381254,"RJ"
19.7,11,0.877168434088228,0.846304190810166,0.909158279157552,"RJ"
19.7,12,0.84626330369592,0.806328346939914,0.888176115722868,"RJ"
19.8,0,0.866371807104489,0.830318517298873,0.903990568086198,"RJ"
19.8,1,0.894059651429971,0.86695645860144,0.922010156778309,"RJ"
19.8,2,0.92093494597311,0.900665692963539,0.941660353381339,"RJ"
19.8,3,0.945130886941755,0.926839588627351,0.963783166377522,"RJ"
19.8,4,0.964618924323059,0.943663659902556,0.986039527322964,"RJ"
19.8,5,0.977283780408995,0.952807859199281,1.00238844403858,"RJ"
19.8,6,0.981040572148667,0.954994393396454,1.00779712515258,"RJ"
19.8,7,0.974588896146915,0.949881526147807,0.999938929589273,"RJ"
19.8,8,0.95930633801576,0.937567845650558,0.981548860091989,"RJ"
19.8,9,0.937333761705687,0.917208815655718,0.957900279452964,"RJ"
19.8,10,0.910818881392183,0.887797862125316,0.934436846597641,"RJ"
19.8,11,0.881800489695959,0.851701452998028,0.912963223076517,"RJ"
19.8,12,0.852136011690457,0.813166761353846,0.89297277868413,"RJ"
19.9,0,0.872214782335958,0.836992323656891,0.908919478737323,"RJ"
19.9,1,0.898648786585864,0.872168765503599,0.925932770781979,"RJ"
19.9,2,0.924263999413095,0.904444431060485,0.944517884431489,"RJ"
19.9,3,0.947285901989157,0.929433099523734,0.96548162591502,"RJ"
19.9,4,0.965794210668073,0.94542943110873,0.98659765252505,"RJ"
19.9,5,0.977791155268243,0.954065002635068,1.00210734140775,"RJ"
19.9,6,0.981307436218423,0.956077688840564,1.00720296647165,"RJ"
19.9,7,0.975112112472151,0.951163195885845,0.999664028215846,"RJ"
19.9,8,0.960509115984923,0.939394981311761,0.982097818536203,"RJ"
19.9,9,0.939520831333223,0.919922153084808,0.959537053813829,"RJ"
19.9,10,0.914176017645144,0.891738423120527,0.937178178678277,"RJ"
19.9,11,0.886405057660312,0.857068935758636,0.916745308882657,"RJ"
19.9,12,0.857973990960395,0.819966499565429,0.897743224332508,"RJ"
20,0,0.877993929686837,0.843601647467923,0.913788329931214,"RJ"
20,1,0.903186481489351,0.877330628872591,0.929804333166145,"RJ"
20,2,0.927558433807936,0.908193184539315,0.947336605002882,"RJ"
20,3,0.949425731248696,0.932015250905502,0.967161447499228,"RJ"
20,4,0.966973384997538,0.947195969423685,0.987163752251304,"RJ"
20,5,0.978317409644003,0.955331571263591,1.00185630078844,"RJ"
20,6,0.981600376849431,0.957175306873517,1.0066487224563,"RJ"
20,7,0.97565875697528,0.952459304755029,0.999423288018985,"RJ"
20,8,0.961724877490448,0.94123244058022,0.982663474087076,"RJ"
20,9,0.941706335413734,0.9226368870089,0.961169919222847,"RJ"
20,10,0.917516615732652,0.895665056313799,0.939901288111165,"RJ"
20,11,0.890980609789894,0.862406776413137,0.920501170367982,"RJ"
20,12,0.863774745241338,0.826727195309165,0.902482481222506,"RJ"
20.1,0,0.883705810984197,0.850145747278041,0.918590680324642,"RJ"
20.1,1,0.907670522750297,0.882441937214654,0.933620381268656,"RJ"
20.1,2,0.930817049464042,0.911912178565482,0.950113837645968,"RJ"
20.1,3,0.951549929442091,0.934586664083207,0.96882108745844,"RJ"
20.1,4,0.968156497148241,0.948964587220021,0.987736545276405,"RJ"
20.1,5,0.97886286987641,0.956609458400405,1.00163395794235,"RJ"
20.1,6,0.98191983092691,0.958289369704262,1.00613299578298,"RJ"
20.1,7,0.976229236974363,0.953771764004941,0.999215492731455,"RJ"
20.1,8,0.96295385068154,0.943081580177284,0.983244862409562,"RJ"
20.1,9,0.943890133046972,0.925353767044386,0.962797813109994,"RJ"
20.1,10,0.92083994297944,0.899578224866437,0.94260418621435,"RJ"
20.1,11,0.895525602086788,0.867715229471879,0.924227300333323,"RJ"
20.1,12,0.869535746403542,0.833448684591581,0.90718532316609,"RJ"
20.2,0,0.889346957344834,0.856624067408586,0.923319855968113,"RJ"
20.2,1,0.912098681601117,0.887502676163154,0.937376333979144,"RJ"
20.2,2,0.934038640069549,0.915601670311714,0.952846864997479,"RJ"
20.2,3,0.953658049144619,0.937147982224658,0.970458979743392,"RJ"
20.2,4,0.969343597191563,0.950736645818077,0.98831470686371,"RJ"
20.2,5,0.979427864085133,0.957900635057853,1.00143888190285,"RJ"
20.2,6,0.982266238000567,0.959422087484676,1.00565431513604,"RJ"
20.2,7,0.976823962377121,0.95510255981266,0.999039363543638,"RJ"
20.2,8,0.964196265174513,0.944943803860259,0.983840979726623,"RJ"
20.2,9,0.946072082303581,0.928073570905264,0.964419646215309,"RJ"
20.2,10,0.924145260689778,0.903478439267682,0.945284829981806,"RJ"
20.2,11,0.900038475206273,0.872994661499669,0.92792005790741,"RJ"
20.2,12,0.875254435480072,0.840131000242008,0.911846279457449,"RJ"
20.3,0,0.894913871427451,0.863036225373195,0.927968970163397,"RJ"
20.3,1,0.916468715015023,0.892512918635551,0.941067505090375,"RJ"
20.3,2,0.937221993095019,0.919261943834584,0.955532936212859,"RJ"
20.3,3,0.955749640851204,0.9396998672244,0.97207353948585,"RJ"
20.3,4,0.970534735435246,0.952513551215878,0.98889687341874,"RJ"
20.3,5,0.980012722231115,0.959207144545782,1.00126958102427,"RJ"
20.3,6,0.982640040400735,0.960575752691294,1.00521114164441,"RJ"
20.3,7,0.977443345776717,0.956453748595205,0.998893564489054,"RJ"
20.3,8,0.965452352081069,0.946820559412922,0.984450786236432,"RJ"
20.3,9,0.94825204022803,0.930797102432079,0.966034304841678,"RJ"
20.3,10,0.927431824274296,0.907366253971664,0.947941126212095,"RJ"
20.3,11,0.904517654938288,0.878245544979315,0.931575676952997,"RJ"
20.3,12,0.880928223752172,0.846774364288938,0.916459647493954,"RJ"
20.4,0,0.900403029781969,0.86938199747889,0.932530945420497,"RJ"
20.4,1,0.920778366865475,0.89747281441458,0.944689117341667,"RJ"
20.4,2,0.940365890206851,0.922893304985281,0.95816927340114,"RJ"
20.4,3,0.95782425304439,0.942242996598318,0.973663166542108,"RJ"
20.4,4,0.97172996242519,0.954296749620986,0.989481647349095,"RJ"
20.4,5,0.980617776179533,0.960531096585277,1.00112450953213,"RJ"
20.4,6,0.983041683356784,0.961752733917731,1.00480187592542,"RJ"
20.4,7,0.978087802549471,0.957827451878785,0.998776708288707,"RJ"
20.4,8,0.966722344037154,0.948713335447301,0.985073209727853,"RJ"
20.4,9,0.950429862841761,0.933525189548296,0.967640653187404,"RJ"
20.4,10,0.930698883381933,0.911242263815725,0.95057093587962,"RJ"
20.4,11,0.908961552710783,0.883468451278956,0.9351902754539,"RJ"
20.4,12,0.886554493892286,0.853379178315853,0.921019507637554,"RJ"
20.5,0,0.905810885295625,0.875661302952086,0.936998537167218,"RJ"
20.5,1,0.925025369126719,0.902382579351453,0.948236316954387,"RJ"
20.5,2,0.943469107693372,0.926496076409757,0.960753078006616,"RJ"
20.5,3,0.9598814322642,0.944778060428153,0.975226248996536,"RJ"
20.5,4,0.97292932894727,0.956087722842451,0.990067602072713,"RJ"
20.5,5,0.981243359763976,0.96187466102656,1.0010020744837,"RJ"
20.5,6,0.983471615117856,0.962955469176593,1.00442486563743,"RJ"
20.5,7,0.978757750954557,0.959225850800142,0.998687362579451,"RJ"
20.5,8,0.968006475232369,0.950623658052273,0.985707149358857,"RJ"
20.5,9,0.952605405146529,0.936258682158555,0.969237535744108,"RJ"
20.5,10,0.933945682037073,0.915107100259727,0.953172078708742,"RJ"
20.5,11,0.913368566115089,0.888664042842506,0.938759865762885,"RJ"
20.5,12,0.892130601165091,0.859946011995282,0.925519740115445,"RJ"
20.6,0,0.91113386973534,0.881874186944229,0.941364358849746,"RJ"
20.6,1,0.929207443115206,0.907242484377961,0.951704188470292,"RJ"
20.6,2,0.946530416903588,0.930070592682208,0.963281537092747,"RJ"
20.6,3,0.9619207231799,0.947305758374735,0.976761166606268,"RJ"
20.6,4,0.974132886029188,0.957887983598082,0.990653287119339,"RJ"
20.6,5,0.981889808851874,0.963240061265669,1.00090064304464,"RJ"
20.6,6,0.983930287075948,0.964186458815918,1.00407841343703,"RJ"
20.6,7,0.979453612235688,0.960651180318147,0.998624056448697,"RJ"
20.6,8,0.969304981439979,0.952553087322794,0.986351479564277,"RJ"
20.6,9,0.954778521127969,0.938998450000506,0.970823779748327,"RJ"
20.6,10,0.937171458781878,0.918961427483335,0.955742337913611,"RJ"
20.6,11,0.917737079453422,0.893833064730091,0.942280365582611,"RJ"
20.6,12,0.897653874686839,0.866475590033658,0.929954043724411,"RJ"
20.7,0,0.916368396385633,0.888020802765907,0.945620908067556,"RJ"
20.7,1,0.933322300771665,0.91205284449419,0.955087769723262,"RJ"
20.7,2,0.949548584698564,0.933617195602412,0.96575182949717,"RJ"
20.7,3,0.963941668663657,0.949826796771305,0.978266294175527,"RJ"
20.7,4,0.975340684942339,0.959699070786224,0.991237233276112,"RJ"
20.7,5,0.982557461411193,0.964629567452779,1.00081854998921,"RJ"
20.7,6,0.984418153891397,0.965448258155568,1.00376078523598,"RJ"
20.7,7,0.98017581072484,0.962105723212175,0.998585287199485,"RJ"
20.7,8,0.970618100047497,0.95450321379937,0.98700505406348,"RJ"
20.7,9,0.956949063759355,0.941745380457573,0.972398197679465,"RJ"
20.7,10,0.940375446823873,0.922805938373076,0.958279465071763,"RJ"
20.7,11,0.922065464308604,0.898976335635728,0.94574760955126,"RJ"
20.7,12,0.903121618743215,0.872968777779524,0.934315956082635,"RJ"
20.8,0,0.921510862781206,0.894101393671874,0.949760593411405,"RJ"
20.8,1,0.937367645983499,0.916814007869294,0.958382066804014,"RJ"
20.8,2,0.952522373915371,0.937136229671268,0.968161131842741,"RJ"
20.8,3,0.9659438098661,0.952341885798998,0.979740004857421,"RJ"
20.8,4,0.976552777203714,0.961522544761582,0.991817957737801,"RJ"
20.8,5,0.983246657578403,0.966045489577227,1.00075410533948,"RJ"
20.8,6,0.984935673620799,0.966743469942474,1.00347021865954,"RJ"
20.8,7,0.980924773948052,0.963591803936599,0.99856952727708,"RJ"
20.8,8,0.971946070087873,0.956475654840116,0.987666709945871,"RJ"
20.8,9,0.959116885005589,0.944500376333788,0.973959589802988,"RJ"
20.8,10,0.943556874188792,0.926641350422531,0.960781185107878,"RJ"
20.8,11,0.926352080136087,0.904094738501369,0.949157361312479,"RJ"
20.8,12,0.908531114165869,0.879426565751116,0.938598875168705,"RJ"
20.9,0,0.926557653533081,0.900116274471339,0.953775761720287,"RJ"
20.9,1,0.941341175947144,0.921526345153579,0.961582068916189,"RJ"
20.9,2,0.955450543843543,0.940628037739101,0.970506624409303,"RJ"
20.9,3,0.967926686293787,0.954851736734536,0.981180673393004,"RJ"
20.9,4,0.977769214577821,0.963359982640543,0.99239396923637,"RJ"
20.9,5,0.983957739727758,0.96749017049917,1.00070560207411,"RJ"
20.9,6,0.985483307847421,0.968074736708707,1.00320493162309,"RJ"
20.9,7,0.981700932733321,0.965111782386842,0.998575231302256,"RJ"
20.9,8,0.973289132271278,0.958472050936256,0.988335271823568,"RJ"
20.9,9,0.961281835827393,0.947264353582641,0.975506746766932,"RJ"
20.9,10,0.946714963878724,0.930468401556278,0.963245201376872,"RJ"
20.9,11,0.930595274878312,0.90918921082821,0.95250532596726,"RJ"
20.9,12,0.91387961976767,0.885850053323332,0.942796081902888,"RJ"
21,0,0.931505143247003,0.906065813165779,0.957658725544321,"RJ"
21,1,0.945240582569953,0.92619023904924,0.964682763072913,"RJ"
21,2,0.95833185071397,0.944092956796051,0.972785496896002,"RJ"
21,3,0.969889835888583,0.957357059243989,0.982586679313598,"RJ"
21,4,0.978990049078643,0.965212973641245,0.992963773144677,"RJ"
21,5,0.984691052541889,0.968965978973467,1.00067132386142,"RJ"
21,6,0.986061521814133,0.96944473309087,1.00296313096918,"RJ"
21,7,0.982504721320645,0.966668047609506,0.998600843179318,"RJ"
21,8,0.974647529017505,0.960494061964563,0.989009556058011,"RJ"
21,9,0.963443766185727,0.950038238968431,0.977038452273269,"RJ"
21,10,0.94984893403557,0.934287845869312,0.965669200854304,"RJ"
21,11,0.934793385601441,0.914260734755113,0.955787162836281,"RJ"
21,12,0.919164373836672,0.892240431774672,0.946900763564505,"RJ"
21.1,0,0.936349699532608,0.911950412715075,0.961401790701017,"RJ"
21.1,1,0.949063553911085,0.930806074119966,0.967679148649657,"RJ"
21.1,2,0.961165048200138,0.947531313839711,0.974994954138111,"RJ"
21.1,3,0.971832795108939,0.959858558673614,0.98395641015522,"RJ"
21.1,4,0.980215332971614,0.967083114434705,0.993525876578134,"RJ"
21.1,5,0.985446943083742,0.970475302674332,1.00064955280884,"RJ"
21.1,6,0.98667078455893,0.970856158129477,1.00274302114722,"RJ"
21.1,7,0.983336577474244,0.96826301145369,0.998644803282365,"RJ"
21.1,8,0.97602150448899,0.962543363343906,0.989688375093593,"RJ"
21.1,9,0.965602525046416,0.952822967618179,0.978553485866061,"RJ"
21.1,10,0.952957998109847,0.938100449245454,0.968050859470292,"RJ"
21.1,11,0.938944739154466,0.91931032692563,0.958998498509382,"RJ"
21.1,12,0.924382595688675,0.898598966825441,0.950906037907922,"RJ"
21.2,0,0.941087686101633,0.917770492890447,0.964997283953697,"RJ"
21.2,1,0.952807775660852,0.935374226727649,0.970566251900925,"RJ"
21.2,2,0.963948887931606,0.950943421706056,0.977132221891327,"RJ"
21.2,3,0.973755099013081,0.962356933254583,0.985288264768118,"RJ"
21.2,4,0.981445118775623,0.968972004440335,0.994078793561066,"RJ"
21.2,5,0.986225760869875,0.972020541173366,1.00063857727662,"RJ"
21.2,6,0.987311569053071,0.972311727505924,1.00254281297877,"RJ"
21.2,7,0.984196942597008,0.969899102106118,0.998705555777818,"RJ"
21.2,8,0.977411304624458,0.964621642022415,0.990370541972027,"RJ"
21.2,9,0.967757960385009,0.955619480390517,0.98005062591004,"RJ"
21.2,10,0.956041365034841,0.941906984775012,0.970387847666304,"RJ"
21.2,11,0.943047652850674,0.924339028090957,0.962134940232831,"RJ"
21.2,12,0.9295314872782,0.904926980687724,0.95480497794969,"RJ"
21.3,0,0.945715465953247,0.923526471966353,0.968437581046136,"RJ"
21.3,1,0.956470932657864,0.939895054850556,0.973339140681896,"RJ"
21.3,2,0.966682120019614,0.954329574674269,0.979194552871915,"RJ"
21.3,3,0.975656281344108,0.964852871084851,0.986580656857995,"RJ"
21.3,4,0.982679459265052,0.970881240932964,0.994621050390786,"RJ"
21.3,5,0.987027857945143,0.973604098737258,1.00063669988995,"RJ"
21.3,6,0.987984352341909,0.973814165579868,1.00236073264679,"RJ"
21.3,7,0.985086261847194,0.971578757367291,0.998781556226672,"RJ"
21.3,8,0.978817177173207,0.966730592157137,0.991054875165876,"RJ"
21.3,9,0.969909919191855,0.958428720936917,0.981528652884213,"RJ"
21.3,10,0.959098239406127,0.945708227823478,0.972677836322718,"RJ"
21.3,11,0.947100435171421,0.929347892280632,0.965192089800351,"RJ"
21.3,12,0.934608234867578,0.911225833473672,0.958590637572752,"RJ"
21.4,0,0.950229404644345,0.929218747687123,0.971715135642929,"RJ"
21.4,1,0.960050710443261,0.944368887328686,0.975992939824388,"RJ"
21.4,2,0.969363493594679,0.957690043533265,0.981179233363767,"RJ"
21.4,3,0.977535874616988,0.967347046662928,0.987832018983949,"RJ"
21.4,4,0.983918407471837,0.972812413721151,0.995151191439681,"RJ"
21.4,5,0.987853588958786,0.975228376672578,1.00064224602274,"RJ"
21.4,6,0.988689615688448,0.975366196937144,1.00219503119931,"RJ"
21.4,7,0.986004984257443,0.973304417386901,0.998871279748911,"RJ"
21.4,8,0.980239371730041,0.968871910241228,0.991740203976467,"RJ"
21.4,9,0.972058247477401,0.961251632245646,0.982986353200146,"RJ"
21.4,10,0.962127821666474,0.949504950489919,0.974918503318012,"RJ"
21.4,11,0.951101386492149,0.934337975186146,0.968165558300323,"RJ"
21.4,12,0.93961001075379,0.917496903529054,0.962256078372455,"RJ"
21.5,0,0.954625873642452,0.934847676425581,0.974822510242565,"RJ"
21.5,1,0.963544796851264,0.94879601173431,0.978522847964002,"RJ"
21.5,2,0.971991757356051,0.961025069586906,0.983083590914242,"RJ"
21.5,3,0.979393410207459,0.969840116595655,0.989040807390843,"RJ"
21.5,4,0.985162016687554,0.974767098973906,0.995667785818312,"RJ"
21.5,5,0.988703311241952,0.976895764710792,1.0006535732604,"RJ"
21.5,6,0.98942784471969,0.976970536900617,1.00204399511614,"RJ"
21.5,7,0.986953562856132,0.975078516340415,0.998973230268924,"RJ"
21.5,8,0.981678139770853,0.971047289249732,0.992425374925404,"RJ"
21.5,9,0.974202790277722,0.964089152311305,0.984422523902066,"RJ"
21.5,10,0.965129308296136,0.953297914998991,0.977107541175272,"RJ"
21.5,11,0.955048799830564,0.93931032108658,0.971050982387458,"RJ"
21.5,12,0.944533975052567,0.923741565790317,0.965794398637154,"RJ"
21.6,0,0.958901579693726,0.940413381741191,0.977753249147379,"RJ"
21.6,1,0.966951010875127,0.953176434895773,0.980924646479188,"RJ"
21.6,2,0.974565596285462,0.964334553424696,0.984905184710262,"RJ"
21.6,3,0.981228182762059,0.972332287450811,0.990205466868485,"RJ"
21.6,4,0.986409964420964,0.976746265607325,0.996169273607582,"RJ"
21.6,5,0.989576912454751,0.978607912304112,1.00066886170767,"RJ"
21.6,6,0.990199017124266,0.978629108037852,1.00190571224654,"RJ"
21.6,7,0.987931966656547,0.976902746082781,0.999085707001552,"RJ"
21.6,8,0.983133327077663,0.973257808063646,0.993109051684678,"RJ"
21.6,9,0.976343108269172,0.96694174994418,0.985835873898027,"RJ"
21.6,10,0.968101763956545,0.957087508540689,0.979242772486703,"RJ"
21.6,11,0.958941007782124,0.94426564660968,0.973844446960281,"RJ"
21.6,12,0.949377505169919,0.929960902541389,0.969199505978742,"RJ"
21.7,0,0.963055576251251,0.945914610998351,0.980507153779705,"RJ"
21.7,1,0.970268086914153,0.957508427396697,0.983197780351252,"RJ"
21.7,2,0.977083240128156,0.967616150365749,0.986642955244672,"RJ"
21.7,3,0.983037804890765,0.974820668383807,0.991324206786284,"RJ"
21.7,4,0.987659248578069,0.978746639964794,0.996653016695806,"RJ"
21.7,5,0.990470918234991,0.980361268158934,1.00068482072083,"RJ"
21.7,6,0.990999465895379,0.9803382446167,1.00177662842166,"RJ"
21.7,7,0.988936691596334,0.978773547655041,0.999205365049555,"RJ"
21.7,8,0.984601875531609,0.975500190264818,0.99378848202704,"RJ"
21.7,9,0.978476738697962,0.969806577838316,0.987224411600783,"RJ"
21.7,10,0.971043334666353,0.960871503175249,0.981322845650024,"RJ"
21.7,11,0.962776667543085,0.949202407596804,0.976545048923966,"RJ"
21.7,12,0.954139601746073,0.93615394929054,0.972470799605218,"RJ"
21.8,0,0.967087990494346,0.951349178299111,0.983087180492985,"RJ"
21.8,1,0.973495175155227,0.961789273411231,0.985343548997247,"RJ"
21.8,2,0.979542716920896,0.970866395634501,0.988296575705141,"RJ"
21.8,3,0.984819145422746,0.977300908211445,0.992395219366103,"RJ"
21.8,4,0.988905689903756,0.980762958169455,0.997116026230527,"RJ"
21.8,5,0.991380384151925,0.98214983423135,1.00069768565446,"RJ"
21.8,6,0.991823932762204,0.982091650193238,1.00165265981676,"RJ"
21.8,7,0.989962713770304,0.980684895504795,0.999328305297299,"RJ"
21.8,8,0.98607944895132,0.977769121682446,0.994460407965239,"RJ"
21.8,9,0.980600320581005,0.972679227353579,0.988585919882122,"RJ"
21.8,10,0.973951753568131,0.964646372706733,0.983346898010697,"RJ"
21.8,11,0.966554580625817,0.95411781982585,0.979153452452308,"RJ"
21.8,12,0.958820003743585,0.942318483690404,0.975610492090159,"RJ"
21.9,0,0.97099903080682,0.95671447506543,0.985496867038939,"RJ"
21.9,1,0.976631454167808,0.966015960406174,0.987363600979104,"RJ"
21.9,2,0.981942048951439,0.974081634716441,0.989865893303323,"RJ"
21.9,3,0.986569050947332,0.97976850076084,0.993416803593184,"RJ"
21.9,4,0.990145083395502,0.982789757759686,0.997555457239525,"RJ"
21.9,5,0.992300342457323,0.98396736131116,1.00070389360155,"RJ"
21.9,6,0.992667137392762,0.983882756958319,1.00152994723261,"RJ"
21.9,7,0.991004983662908,0.982630515613063,0.999450823112281,"RJ"
21.9,8,0.987561680101718,0.980059091609211,0.995121702716892,"RJ"
21.9,9,0.982710461048238,0.975555126856665,0.9899182769561,"RJ"
21.9,10,0.976824732255891,0.968408378060733,0.985314232263851,"RJ"
21.9,11,0.97027355283249,0.959008768513364,0.981670656448293,"RJ"
21.9,12,0.963418496677011,0.948451817002912,0.978621352292208,"RJ"
22,0,0.974788981536734,0.962007526064066,0.987740254396037,"RJ"
22,1,0.979676129677923,0.970185219892942,0.989259885000745,"RJ"
22,2,0.984279254610426,0.97725805004942,0.991350903691673,"RJ"
22,3,0.988284349666095,0.982218806217875,0.994387349959052,"RJ"
22,4,0.991373203174646,0.984821404143904,0.997968589875557,"RJ"
22,5,0.993225807290895,0.985807382177595,1.00070005774306,"RJ"
22,6,0.993523782604766,0.985704761334465,1.00140482761283,"RJ"
22,7,0.992058431237059,0.984603917500143,0.999569383684064,"RJ"
22,8,0.989044175441317,0.982364417158494,0.99576935390624,"RJ"
22,9,0.984803739254737,0.978429560603955,0.991219443790578,"RJ"
22,10,0.979659963113679,0.972153590770621,0.987224295049015,"RJ"
22,11,0.973932394204728,0.963871844279184,0.984097952555826,"RJ"
22,12,0.967934909488296,0.954550843800252,0.981506637484225,"RJ"
22.1,0,0.978458201728899,0.967225039502116,0.989821823702337,"RJ"
22.1,1,0.982628434901509,0.974293562526514,0.991034610321274,"RJ"
22.1,2,0.9865523494873,0.980391682291027,0.992751729599021,"RJ"
22.1,3,0.98996185242614,0.984647066148727,0.995305326092309,"RJ"
22.1,4,0.992585802876178,0.986852108488148,0.998352810514544,"RJ"
22.1,5,0.99415177427743,0.987663234090929,1.00068294149742,"RJ"
22.1,6,0.994388553503508,0.987550648085081,1.00127380530422,"RJ"
22.1,7,0.99311796522939,0.986598415630288,0.999680596721086,"RJ"
22.1,8,0.990522515012737,0.984679259134313,0.996400445775337,"RJ"
22.1,9,0.986876706901598,0.981297681243009,0.992487451301498,"RJ"
22.1,10,0.982455120122024,0.975877910849385,0.989076658384321,"RJ"
22.1,11,0.977529919549175,0.968703373198187,0.986436890850299,"RJ"
22.1,12,0.972369114205209,0.960612085328136,0.984270038552813,"RJ"
22.2,0,0.982007123806038,0.972363453832945,0.99174643740928,"RJ"
22.2,1,0.985487630863321,0.978337310800415,0.992690210076969,"RJ"
22.2,2,0.988759347500301,0.983478450230068,0.994068601137645,"RJ"
22.2,3,0.99159835385491,0.987048417691136,0.996169263578566,"RJ"
22.2,4,0.993778616219702,0.988875944537032,0.998705594479715,"RJ"
22.2,5,0.995073220375362,0.989528079820991,1.00064943491782,"RJ"
22.2,6,0.995256116903404,0.989413212826384,1.0011335258037,"RJ"
22.2,7,0.99417847270601,0.988607149492333,0.999781193267327,"RJ"
22.2,8,0.991992252529879,0.986997637082075,0.997012142793482,"RJ"
22.2,9,0.988925888876626,0.984154521754848,0.993720388487976,"RJ"
22.2,10,0.985207859717112,0.979577083654649,0.990871002440244,"RJ"
22.2,11,0.981064948968082,0.973499444950661,0.988689247935345,"RJ"
22.2,12,0.976721025573036,0.966631730171379,0.986915628796198,"RJ"
22.3,0,0.985436252201673,0.977418981950258,0.993519284038929,"RJ"
22.3,1,0.98825300670121,0.98231262985185,0.994229307019372,"RJ"
22.3,2,0.99089826206017,0.986514169667325,0.995301837463701,"RJ"
22.3,3,0.993190633597179,0.989417907141237,0.9969777457488,"RJ"
22.3,4,0.994947357763052,0.990886864636742,0.999024490129438,"RJ"
22.3,5,0.99598510397845,0.991394927558042,1.00059653299859,"RJ"
22.3,6,0.996121121034844,0.991285083317956,1.00098075162243,"RJ"
22.3,7,0.995234818880647,0.99062310268361,0.999868004318836,"RJ"
22.3,8,0.993448915663771,0.989313443750631,0.997601674441911,"RJ"
22.3,9,0.990947784016362,0.986995007006394,0.994916391345611,"RJ"
22.3,10,0.987915821703107,0.98324671597789,0.992607099430446,"RJ"
22.3,11,0.984536308394654,0.978255939446643,0.990856997091856,"RJ"
22.3,12,0.980990600660449,0.972605672740821,0.989447815857632,"RJ"
22.4,0,0.988746161947798,0.982387653431863,0.995145825938769,"RJ"
22.4,1,0.990923879955619,0.986215556863407,0.995654681203024,"RJ"
22.4,2,0.992967107267178,0.989494571565643,0.996451829497619,"RJ"
22.4,3,0.994735457654795,0.991750503144583,0.99772939623247,"RJ"
22.4,4,0.996087723839911,0.992878715214234,0.999307104061033,"RJ"
22.4,5,0.99688236527216,0.993256650038216,1.0005213155657,"RJ"
22.4,6,0.996978195538079,0.993158739895437,1.00081233991156,"RJ"
22.4,7,0.996281847197163,0.992639121313802,0.999937940931514,"RJ"
22.4,8,0.994888006529159,0.991620459187338,0.998166320959872,"RJ"
22.4,9,0.99293886599092,0.989813965074672,0.996073632403192,"RJ"
22.4,10,0.990576630218029,0.98688229158035,0.994284798405683,"RJ"
22.4,11,0.987942830132908,0.982968552295297,0.992942280128821,"RJ"
22.4,12,0.985177838440501,0.978529550109729,0.991871296319525,"RJ"
22.5,0,0.991937497220411,0.987265355475719,0.996631749442658,"RJ"
22.5,1,0.993499596844128,0.99004202952197,0.996969239180711,"RJ"
22.5,2,0.99496389914103,0.99241531974781,0.997519023432132,"RJ"
22.5,3,0.996229579829629,0.994041109685271,0.998422868086163,"RJ"
22.5,4,0.997195393682724,0.994845251953245,0.999551087196401,"RJ"
22.5,5,0.997759926846401,0.995106003201875,1.0004209284411,"RJ"
22.5,6,0.997821951745885,0.99502653539528,1.00062522150773,"RJ"
22.5,7,0.997314379678386,0.994647932033936,0.999987975523532,"RJ"
22.5,8,0.996305002373791,0.99391236467924,0.99870339984691,"RJ"
22.5,9,0.99489558431303,0.992606138497458,0.997190310734816,"RJ"
22.5,10,0.993187894753495,0.990479186390284,0.995904010744345,"RJ"
22.5,11,0.991283353401753,0.987632819484358,0.994947380590756,"RJ"
22.5,12,0.9892827793477,0.984398777730776,0.994191012477639,"RJ"
22.6,0,0.995010969845961,0.992047873153654,0.997982916859149,"RJ"
22.6,1,0.995979532520904,0.99378791397371,0.998175984284309,"RJ"
22.6,2,0.996886656883132,0.995272028403138,0.998503904772748,"RJ"
22.6,3,0.997669743270057,0.996284579054955,0.99905683332035,"RJ"
22.6,4,0.998266030732051,0.996780154895926,0.999754121527001,"RJ"
22.6,5,0.998612694566121,0.996935644690343,1.00029256558316,"RJ"
22.6,6,0.998646983256727,0.996880714908542,1.00041638107048,"RJ"
22.6,7,0.998327217543204,0.996642159984959,1.00001512408686,"RJ"
22.6,8,0.997695356472323,0.996182756746017,0.999210252923719,"RJ"
22.6,9,0.996814365472552,0.995366195599452,0.99826464230487,"RJ"
22.6,10,0.995747211228596,0.994032683569749,0.997464696139394,"RJ"
22.6,11,0.994556724883025,0.992244141629278,0.996874697980946,"RJ"
22.6,12,0.993305504812113,0.990208584566344,0.996412110810115,"RJ"
22.7,0,0.997967357771742,0.996730929595938,0.999205319716178,"RJ"
22.7,1,0.998363091320926,0.997449032697406,0.999277987584404,"RJ"
22.7,2,0.998733404170648,0.998060279650088,0.999406982668418,"RJ"
22.7,3,0.999052682121163,0.998475724974115,0.999629972655935,"RJ"
22.7,4,0.999295284133351,0.998677043689283,0.999913907304997,"RJ"
22.7,5,0.999435558701213,0.998738152475691,1.00013345191668,"RJ"
22.7,6,0.999447866800085,0.998713435689628,1.00018283799445,"RJ"
22.7,7,0.999315142093778,0.998614346951378,1.00001642903147,"RJ"
22.7,8,0.999054499226647,0.998425161384301,0.999684233759837,"RJ"
22.7,9,0.998691614197692,0.998088742038877,0.999294850507334,"RJ"
22.7,10,0.998252163118125,0.997537988654726,0.998966848885524,"RJ"
22.7,11,0.997761799273181,0.996797808148838,0.9987267226617,"RJ"
22.7,12,0.997246136771488,0.995954048168824,0.998539901649236,"RJ"
22.8,0,1.00080750350329,1.00030503269199,1.00131022671451,"RJ"
22.8,1,1.00064970698886,1.00027835913094,1.00102119270763,"RJ"
22.8,2,1.00050217048174,1.00022877429912,1.00077564139272,"RJ"
22.8,3,1.00037512327875,1.00014096534865,1.00060933603105,"RJ"
22.8,4,1.00027879042205,1.00002815047418,1.00052949318854,"RJ"
22.8,5,1.00022339531702,0.999940826573727,1.00050604391012,"RJ"
22.8,6,1.00021916339549,0.999921627787679,1.00051678753768,"RJ"
22.8,7,1.00027291587463,0.999988942392335,1.00055696999876,"RJ"
22.8,8,1.00037783947432,1.00012269528045,1.00063304875877,"RJ"
22.8,9,1.00052371484397,1.00027915676308,1.00076833271682,"RJ"
22.8,10,1.00070032263528,1.00041048427201,1.00099024497035,"RJ"
22.8,11,1.00089743983835,1.00050601109083,1.00128902172485,"RJ"
22.8,12,1.00110483716236,1.00057981955197,1.00163013025652,"RJ"
22.9,0,1.00353231251172,1.00128816765495,1.00578148707552,"RJ"
22.9,1,1.00283884289246,1.00118021908009,1.00450021449478,"RJ"
22.9,2,1.00219099245125,1.00096978909217,1.00341368570309,"RJ"
22.9,3,1.00163378824702,1.00058847892329,1.00268018959969,"RJ"
22.9,4,1.00121217539755,1.00009455013816,1.00233104962507,"RJ"
22.9,5,1.00097106792653,0.999711926270958,1.00223179547666,"RJ"
22.9,6,1.00095541980668,0.999629783612169,1.00228281396334,"RJ"
22.9,7,1.00119528410522,0.999929709132968,1.00246246087007,"RJ"
22.9,8,1.00166076600665,1.00052297736639,1.00279984853322,"RJ"
22.9,9,1.00230703291187,1.0012157710394,1.00339948419076,"RJ"
22.9,10,1.00308925196891,1.00179562488558,1.00438454952373,"RJ"
22.9,11,1.00396251897249,1.00221516104685,1.00571292340932,"RJ"
22.9,12,1.00488180739115,1.00253738384632,1.00723171334675,"RJ"
23,0,1.00614275161411,1.00216082721903,1.01014049754347,"RJ"
23,1,1.00492999222042,1.00198666830943,1.00788196211037,"RJ"
23,2,1.00379791525619,1.00163051254045,1.00597000795938,"RJ"
23,3,1.00282539509974,1.0009711586612,1.00468306639527,"RJ"
23,4,1.00209105618652,1.00011078586449,1.0040752475447,"RJ"
23,5,1.00167342940521,0.999443968550257,1.00390786352116,"RJ"
23,6,1.00165117029205,0.999304317683311,1.00400353445224,"RJ"
23,7,1.00207697638739,0.999835750279412,1.00432322641502,"RJ"
23,8,1.00289864929772,1.00088239426129,1.0049189660345,"RJ"
23,9,1.00403791669404,1.00210288215481,1.00597668773451,"RJ"
23,10,1.00541650457531,1.00312228662341,1.00771596958041,"RJ"
23,11,1.00695591875818,1.00385678648274,1.01006461875384,"RJ"
23,12,1.00857728778617,1.00441815880276,1.01275363903278,"RJ"
23.1,0,1.00863984732964,1.00292905719711,1.01438315533938,"RJ"
23.1,1,1.0069226781646,1.00270075811421,1.0111623748136,"RJ"
23.1,2,1.00532099403006,1.00221138939405,1.0084402469709,"RJ"
23.1,3,1.00394666054442,1.00128761668381,1.00661276582689,"RJ"
23.1,4,1.00291104349584,1.00007450462192,1.00575562772311,"RJ"
23.1,5,1.00232532416906,0.999134134606621,1.00552670624766,"RJ"
23.1,6,1.00230093865236,0.998942202222129,1.00567096813877,"RJ"
23.1,7,1.00291270868898,0.999704045616026,1.00613167032855,"RJ"
23.1,8,1.00408684344559,1.00119822159714,1.00698379944407,"RJ"
23.1,9,1.00571269905261,1.00293864772912,1.00849442318916,"RJ"
23.1,10,1.00767962652444,1.0043904642094,1.01097956013722,"RJ"
23.1,11,1.00987653153005,1.00543349162944,1.01433920535346,"RJ"
23.1,12,1.01219155703165,1.0062277128419,1.01819074852606,"RJ"
23.2,0,1.01102468421468,1.0035987973015,1.0185055171846,"RJ"
23.2,1,1.00881645408642,1.00332545856374,1.01433750070725,"RJ"
23.2,2,1.00675829530528,1.00271280599235,1.01082010632436,"RJ"
23.2,3,1.00499430208892,1.00153642047248,1.00846412230792,"RJ"
23.2,4,1.00366774405492,0.99998330714377,1.00736575626803,"RJ"
23.2,5,1.00292159061623,0.998779551421327,1.00708080726403,"RJ"
23.2,6,1.00289924057643,0.998540349647363,1.00727715920942,"RJ"
23.2,7,1.0036971856043,0.999531515668431,1.0078802164795,"RJ"
23.2,8,1.00522068832657,1.00146768284572,1.00898775821547,"RJ"
23.2,9,1.00732769932717,1.00372118363418,1.01094717375377,"RJ"
23.2,10,1.0098761579005,1.00560011599588,1.01417038251421,"RJ"
23.2,11,1.01272326044006,1.00694784394453,1.01853180222197,"RJ"
23.2,12,1.01572493158469,1.00797157614037,1.02353792613201,"RJ"
23.3,0,1.01329840317946,1.00417582940112,1.02250385223712,"RJ"
23.3,1,1.01061090366762,1.00386362507791,1.01740353280817,"RJ"
23.3,2,1.00810789848269,1.0031350714965,1.0131053771922,"RJ"
23.3,3,1.00596504030974,1.00171608066061,1.01023202268852,"RJ"
23.3,4,1.00435676324723,0.999834733504294,1.00889924512321,"RJ"
23.3,5,1.00345706383235,0.998377272909183,1.00856270097269,"RJ"
23.3,6,1.00344058628502,0.998095591684587,1.00881420436352,"RJ"
23.3,7,1.00442510289238,0.999315002690745,1.00956133411777,"RJ"
23.3,8,1.00629551196306,1.00168793499692,1.01092428292061,"RJ"
23.3,9,1.00887922537364,1.00444855279468,1.01332944186995,"RJ"
23.3,10,1.01200363425644,1.00675114781985,1.01728352430099,"RJ"
23.3,11,1.0154950200248,1.0084023454685,1.02263758144679,"RJ"
23.3,12,1.01917776507609,1.0096551959348,1.02879014638633,"RJ"
23.4,0,1.01546219978919,1.0046657226001,1.02637469956876,"RJ"
23.4,1,1.01230564104502,1.00431796276325,1.02035684801659,"RJ"
23.4,2,1.00936789732719,1.00347839777505,1.01529196285011,"RJ"
23.4,3,1.006855601221,1.00182503792903,1.01191142497871,"RJ"
23.4,4,1.00497370793026,0.99962624768696,1.01034977419618,"RJ"
23.4,5,1.00392657855897,0.997924259777135,1.00996500011153,"RJ"
23.4,6,1.00391948347302,0.997604657057053,1.01027428267017,"RJ"
23.4,7,1.00509115029301,0.999051250364105,1.01116756525669,"RJ"
23.4,8,1.00730663310562,1.00185605325844,1.01278686673448,"RJ"
23.4,9,1.01036357573428,1.00511875318083,1.01563576636095,"RJ"
23.4,10,1.0140595881223,1.00784339566543,1.02031412090945,"RJ"
23.4,11,1.01819073677405,1.00979940211102,1.0266518026107,"RJ"
23.4,12,1.02255044769617,1.01128388875,1.03394252565029,"RJ"
23.5,0,1.0175173225525,1.00507377435617,1.03011493097372,"RJ"
23.5,1,1.01390031092949,1.00469098802659,1.02319404946798,"RJ"
23.5,2,1.01053640148839,1.00374287768696,1.01737590515844,"RJ"
23.5,3,1.00766271874297,1.00186164883015,1.01349737853535,"RJ"
23.5,4,1.00551418944301,0.999355220914611,1.01171111533886,"RJ"
23.5,5,1.00432497242469,0.997417357778662,1.01128042576104,"RJ"
23.5,6,1.00433044054936,0.997064147409414,1.01164968817185,"RJ"
23.5,7,1.00569001462049,0.998736881902672,1.01269155453691,"RJ"
23.5,8,1.00824936402905,1.00196901456367,1.01456907877304,"RJ"
23.5,9,1.01177704193857,1.00572970482653,1.01786074099355,"RJ"
23.5,10,1.01604155056674,1.0088766068649,1.02325737900306,"RJ"
23.5,11,1.02080934970053,1.01114129034203,1.03056985051369,"RJ"
23.5,12,1.0258434055665,1.01286278868941,1.03899037904824,"RJ"
23.6,0,1.01946507119975,1.00540494681485,1.0337218199382,"RJ"
23.6,1,1.01539458870897,1.00498498696568,1.02591201276789,"RJ"
23.6,2,1.01161153804514,1.00392846150036,1.01935341326677,"RJ"
23.6,3,1.00838313726866,1.00182417036121,1.01498504589001,"RJ"
23.6,4,1.00597382679964,0.999018913502954,1.01297715841784,"RJ"
23.6,5,1.00464708943749,0.99685327403577,1.01250184014444,"RJ"
23.6,6,1.00466797017372,0.9964705111025,1.01293286559602,"RJ"
23.6,7,1.00621638313465,0.99836837625366,1.01412608188557,"RJ"
23.6,8,1.00911901354228,1.00202367966821,1.01626458950524,"RJ"
23.6,9,1.01311591093471,1.00627923569827,1.01999903463856,"RJ"
23.6,10,1.0179470528114,1.00985041954829,1.02610860209468,"RJ"
23.6,11,1.02334981091032,1.01243012070862,1.03438727678034,"RJ"
23.6,12,1.02905710009849,1.01439679082753,1.04392928372657,"RJ"
23.7,0,1.02130679495404,1.00566379750426,1.03719311762823,"RJ"
23.7,1,1.01678818053557,1.00520197002648,1.02850793661854,"RJ"
23.7,2,1.01259145307281,1.00403493118346,1.02122089480246,"RJ"
23.7,3,1.00901361432711,1.00171074310393,1.01636972639698,"RJ"
23.7,4,1.00634825006757,0.998614454991851,1.01414193971619,"RJ"
23.7,5,1.00488778373677,0.996228551090484,1.0136222825556,"RJ"
23.7,6,1.0049265930887,0.995820014507938,1.01411644954322,"RJ"
23.7,7,1.00666494718796,0.997942042071726,1.01546409828888,"RJ"
23.7,8,1.00991089021149,1.00201677361119,1.0178671984622,"RJ"
23.7,9,1.01437646765132,1.00676506623146,1.02204541321282,"RJ"
23.7,10,1.01977362789738,1.01076434002826,1.02886321862712,"RJ"
23.7,11,1.02581108617373,1.01366779753975,1.03809984599581,"RJ"
23.7,12,1.03219202733988,1.01589048863541,1.04875514951924,"RJ"
23.8,0,1.02304389079732,1.00585440352737,1.04052713675797,"RJ"
23.8,1,1.01808082339664,1.00534362242076,1.03097939833967,"RJ"
23.8,2,1.01347431323195,1.00406187230866,1.02297498979747,"RJ"
23.8,3,1.00955092334124,1.00151937274866,1.01764688187907,"RJ"
23.8,4,1.00663310392805,0.998138822306127,1.01519967290987,"RJ"
23.8,5,1.00504192360284,0.995539538343854,1.01463500875081,"RJ"
23.8,6,1.00510084224528,0.995108710429495,1.01519330751928,"RJ"
23.8,7,1.00703040614723,0.997453989148983,1.01669876499294,"RJ"
23.8,8,1.01062030579527,1.00194486431756,1.01937086446507,"RJ"
23.8,9,1.0155549976883,1.00718479234507,1.02399476359084,"RJ"
23.8,10,1.0215188124032,1.01161771778303,1.03151681287324,"RJ"
23.8,11,1.02819215549614,1.01485597413989,1.04170358707281,"RJ"
23.8,12,1.03524871731005,1.01734810425726,1.05346429821536,"RJ"
23.9,0,1.02467780173438,1.00598027841867,1.04372284416714,"RJ"
23.9,1,1.01927228517006,1.00541124982635,1.03332441475589,"RJ"
23.9,2,1.01425830737712,1.00400864332811,1.02461260759019,"RJ"
23.9,3,1.0099918564785,1.00124790982682,1.0188121644412,"RJ"
23.9,4,1.0068240514165,0.997588815701973,1.01614478285567,"RJ"
23.9,5,1.00510439572116,0.994782360547488,1.01553353413103,"RJ"
23.9,6,1.00518526721907,0.994332403289328,1.01615658716521,"RJ"
23.9,7,1.00730747158788,0.996900096994705,1.01782349643221,"RJ"
23.9,8,1.01124257889049,1.00180433912548,1.02076973858366,"RJ"
23.9,9,1.01664779013606,1.00753586674205,1.02584211967628,"RJ"
23.9,10,1.02318014821341,1.01240971767882,1.03406515901316,"RJ"
23.9,11,1.03049201368848,1.01599600271392,1.04519485060883,"RJ"
23.9,12,1.03822773332516,1.01877341034734,1.05805355273063,"RJ"
24,0,1.02621001236502,1.00604423655707,1.04678000351377,"RJ"
24,1,1.02036237594647,1.00540570107124,1.03554155018001,"RJ"
24,2,1.01494167252767,1.00387434681377,1.02613101121945,"RJ"
24,3,1.01033326336211,1.00089404721087,1.01986149872752,"RJ"
24,4,1.00691682271048,0.996961058541018,1.01697200624978,"RJ"
24,5,1.00507016066015,0.993952911734445,1.01631175473563,"RJ"
24,6,1.00517449226731,0.993486640495804,1.01699984551438,"RJ"
24,7,1.00749092332168,0.996276010271805,1.01883208077915,"RJ"
24,8,1.01177308483555,1.00159140744064,1.02205826407143,"RJ"
24,9,1.01765117800201,1.0078155998265,1.0275827445687,"RJ"
24,10,1.02475521086383,1.01313929414389,1.03650430721862,"RJ"
24,11,1.03270968481072,1.01708885895422,1.04857042107258,"RJ"
24,12,1.04112967155211,1.02016959484564,1.06252038725995,"RJ"
24.1,0,1.02764191347824,1.00604616765216,1.04970123269964,"RJ"
24.1,1,1.02135150808492,1.00532646759448,1.03763198989815,"RJ"
24.1,2,1.01552390326785,1.00365806274787,1.02753002878774,"RJ"
24.1,3,1.0105738281279,1.0004562956547,1.02079367837729,"RJ"
24.1,4,1.00690944397934,0.996253294965881,1.01767957355615,"RJ"
24.1,5,1.00493678407034,0.99304826978231,1.01696762454358,"RJ"
24.1,6,1.00506586636047,0.992568177969,1.01772091645121,"RJ"
24.1,7,1.00757817100446,0.995578618074555,1.01972235266373,"RJ"
24.1,8,1.01220954404851,1.00130350509207,1.02323436985141,"RJ"
24.1,9,1.01856340147022,1.0080222238815,1.02921481117717,"RJ"
24.1,10,1.02624292877103,1.01380543384881,1.03883300847409,"RJ"
24.1,11,1.03484491219445,1.01813416278771,1.05182993699234,"RJ"
24.1,12,1.04395517215387,1.02153687598355,1.06686545252467,"RJ"
24.2,0,1.02897473780276,1.00598235637324,1.05249262507287,"RJ"
24.2,1,1.02224095683642,1.00517150814199,1.03960027255987,"RJ"
24.2,2,1.01600631280041,1.00335910593411,1.02881293601184,"RJ"
24.2,3,1.01071489091544,0.999934537811554,1.02161146764063,"RJ"
24.2,4,1.00680326492906,0.995465101628075,1.01827056781196,"RJ"
24.2,5,1.00470560198624,0.992067488002777,1.01750471502168,"RJ"
24.2,6,1.00486068359111,0.991575808670608,1.01832354581233,"RJ"
24.2,7,1.00757043654227,0.994806878882333,1.02049775302576,"RJ"
24.2,8,1.01255308255729,1.00094005654078,1.02430084428787,"RJ"
24.2,9,1.01938547607024,1.00815547635941,1.030740568484,"RJ"
24.2,10,1.02764420177723,1.01440738192719,1.04105374651361,"RJ"
24.2,11,1.03689848408857,1.0191299021101,1.05497686220282,"RJ"
24.2,12,1.04670492421376,1.02287165410766,1.07109351791464,"RJ"
24.3,0,1.03020974004683,1.00584872216442,1.05516076632631,"RJ"
24.3,1,1.02303209765264,1.00493862370966,1.04145133656436,"RJ"
24.3,2,1.01639038747288,1.00297680346048,1.02998336171188,"RJ"
24.3,3,1.01075802869947,0.999328765196259,1.02231800800789,"RJ"
24.3,4,1.00659992273711,0.994596188496642,1.01874852947697,"RJ"
24.3,5,1.00437827175941,0.991009750306158,1.01792713186805,"RJ"
24.3,6,1.00456057259699,0.990508456349799,1.01881204299382,"RJ"
24.3,7,1.0074692662656,0.993959891262787,1.02116225351933,"RJ"
24.3,8,1.01280511974124,1.00050063242893,1.02526093170354,"RJ"
24.3,9,1.02011866223884,1.00821520673531,1.03216265544899,"RJ"
24.3,10,1.02896011240902,1.01494437514222,1.0431693981066,"RJ"
24.3,11,1.03887129918127,1.02007385470864,1.05801513417951,"RJ"
24.3,12,1.04937964901348,1.02416987819721,1.07520995413575,"RJ"
24.4,0,1.03134821101477,1.00564112526268,1.05771244397501,"RJ"
24.4,1,1.02372633972771,1.00462559410064,1.04319024401374,"RJ"
24.4,2,1.0166776449635,1.00251048614716,1.03104500955495,"RJ"
24.4,3,1.01070484750921,0.998638977056966,1.02291650160611,"RJ"
24.4,4,1.0063010817258,0.993646262199997,1.01911706973109,"RJ"
24.4,5,1.0039564765786,0.98987422522367,1.01823906631812,"RJ"
24.4,6,1.00416718734215,0.989365025845511,1.0191908080366,"RJ"
24.4,7,1.00727623216664,0.993036740922459,1.0217199083141,"RJ"
24.4,8,1.01296710156774,0.999984800515809,1.02611794532204,"RJ"
24.4,9,1.02076424817835,1.00820126291238,1.03348377817859,"RJ"
24.4,10,1.03019177207694,1.01541562568455,1.04518293830623,"RJ"
24.4,11,1.04076428586735,1.0209637207957,1.06094886299464,"RJ"
24.4,12,1.05198009793024,1.02542735031476,1.07922041098437,"RJ"
24.5,0,1.03239147622374,1.00535540762595,1.0601546001491,"RJ"
24.5,1,1.02432512454514,1.0042302043033,1.04482214962091,"RJ"
24.5,2,1.01686963277095,1.00195950280635,1.0320016399421,"RJ"
24.5,3,1.01055698087928,0.997865189424354,1.02341019851887,"RJ"
24.5,4,1.00590843179767,0.992615037215647,1.01937985545732,"RJ"
24.5,5,1.00344192391715,0.98866008122891,1.01844477570388,"RJ"
24.5,6,1.00368220560728,0.988144420409539,1.01946431012096,"RJ"
24.5,7,1.00699293046668,0.992036516260932,1.02217483468436,"RJ"
24.5,8,1.01304049926577,0.999392136580003,1.02687525305588,"RJ"
24.5,9,1.02132354865959,1.00811349850989,1.03470669977979,"RJ"
24.5,10,1.03134032002473,1.01582033050538,1.04709742832134,"RJ"
24.5,11,1.04257840135316,1.02179713933892,1.06378231169384,"RJ"
24.5,12,1.05450705169879,1.02663975114741,1.08313078744484,"RJ"
24.6,0,1.03334089452331,1.00498743357393,1.06249428462698,"RJ"
24.6,1,1.02482992443129,1.00375027007867,1.04635227039841,"RJ"
24.6,2,1.01696792671378,1.00132323358918,1.03285705281942,"RJ"
24.6,3,1.01031608831331,0.997007443434715,1.02380238485306,"RJ"
24.6,4,1.00542368688593,0.991502246491305,1.01954059481818,"RJ"
24.6,5,1.00283634399624,0.987366501635985,1.01854856446254,"RJ"
24.6,6,1.00310732749571,0.986845558624787,1.01963706649074,"RJ"
24.6,7,1.00662098019679,0.990958323379037,1.02253119416483,"RJ"
24.6,8,1.01302680800963,0.998722234636943,1.0275362639936,"RJ"
24.6,9,1.02179790383146,1.00795177949435,1.03583423087773,"RJ"
24.6,10,1.0324069222814,1.01615768008268,1.04891600394913,"RJ"
24.6,11,1.04431463076091,1.02257170430107,1.06651987673248,"RJ"
24.6,12,1.0569613196701,1.02780266635667,1.08694720090469,"RJ"
24.7,0,1.03419785671944,1.00453313085779,1.06473860740636,"RJ"
24.7,1,1.02524224111665,1.00318366331504,1.04778585557946,"RJ"
24.7,2,1.01697412944142,1.00060110284305,1.03361507099535,"RJ"
24.7,3,1.00998385376206,0.996065813264737,1.02409637121935,"RJ"
24.7,4,1.00484858342131,0.990307651862317,1.0196030230656,"RJ"
24.7,5,1.00214148826557,0.985992699495515,1.01855476517926,"RJ"
24.7,6,1.00244427395613,0.985467391363162,1.01971362136843,"RJ"
24.7,7,1.00616202179337,0.989801300967668,1.02279317385177,"RJ"
24.7,8,1.0129275456143,0.997974716853649,1.02810441520903,"RJ"
24.7,9,1.02218867803826,1.00771599050286,1.03686922045189,"RJ"
24.7,10,1.03339277061726,1.01642686708395,1.05064186410945,"RJ"
24.7,11,1.04597398623357,1.02328498152543,1.06916606774235,"RJ"
24.7,12,1.05934373906776,1.02891161481743,1.09067595441731,"RJ"
24.8,0,1.03496378420437,1.00398853220116,1.06689469078518,"RJ"
24.8,1,1.02556360430673,1.00252833726623,1.04912815666307,"RJ"
24.8,2,1.0168898689579,0.999792591641218,1.03427952380777,"RJ"
24.8,3,1.0095619841172,0.995040413831212,1.02429548147735,"RJ"
24.8,4,1.00418487881678,0.989031054414629,1.01957088844,"RJ"
24.8,5,1.00135912790277,0.984537932630167,1.01846771952754,"RJ"
24.8,6,1.00169478532344,0.984008918917728,1.01969852473264,"RJ"
24.8,7,1.00561771570961,0.988564635222053,1.02296496770984,"RJ"
24.8,8,1.01274425124352,0.997149243327327,1.02858315872994,"RJ"
24.8,9,1.02249725864598,1.00740604103895,1.03781454681402,"RJ"
24.8,10,1.03429908150501,1.01662709516956,1.05227825924085,"RJ"
24.8,11,1.04755750604118,1.02393452663707,1.07172548626459,"RJ"
24.8,12,1.06165517424283,1.02996207926149,1.09432350150671,"RJ"
24.9,0,1.035640127594,1.00334981692807,1.06896962134972,"RJ"
24.9,1,1.02579557026383,1.00178235152139,1.05038439774352,"RJ"
24.9,2,1.01671679715999,0.998897249992544,1.03485423113836,"RJ"
24.9,3,1.00905220772238,0.993931408300606,1.02440304170514,"RJ"
24.9,4,1.0034343499715,0.987672304811806,1.0194479381444,"RJ"
24.9,5,1.00049105233285,0.983001518776832,1.01829175914564,"RJ"
24.9,6,1.00086061987902,0.982469208249235,1.01959631102301,"RJ"
24.9,7,1.00498974104414,0.987247574752754,1.02305075791847,"RJ"
24.9,8,1.01247848413173,0.996245521766141,1.028975948632,"RJ"
24.9,9,1.02272505487859,1.00702187162119,1.03867310865109,"RJ"
24.9,10,1.03512709508686,1.01675758804716,1.05382847945194,"RJ"
24.9,11,1.04906625368959,1.02451790409379,1.07420280332121,"RJ"
24.9,12,1.06389651592813,1.03094953945382,1.09789640839616,"RJ"
25,0,1.03622836537418,1.00261335201962,1.0709704025416,"RJ"
25,1,1.02593972040123,1.00094389638758,1.05155974645095,"RJ"
25,2,1.01645658839101,0.997914708646459,1.03534298786404,"RJ"
25,3,1.00845627290277,0.992739015387567,1.02442236941792,"RJ"
25,4,1.00259879179519,0.986231313521703,1.01923790446252,"RJ"
25,5,0.999539067768786,0.981382850688202,1.01803118660111,"RJ"
25,6,0.999943552431536,0.980847410159651,1.01941147796541,"RJ"
25,7,1.00427979418809,0.985849445353323,1.02305469640246,"RJ"
25,8,1.0121318223211,0.995263317030258,1.02928622830364,"RJ"
25,9,1.02287349666541,1.00656345990293,1.03944781611824,"RJ"
25,10,1.03587807414873,1.01681759880025,1.05529584240888,"RJ"
25,11,1.05050131703258,1.02503270735073,1.07660273586722,"RJ"
25,12,1.06606868049277,1.03186950773513,1.10140131383679,"RJ"
25.1,0,1.03673000255728,1.00177573177595,1.0729039086393,"RJ"
25.1,1,1.02599765989114,1.0000113162688,1.05265928592666,"RJ"
25.1,2,1.01611093801172,0.996844690353802,1.03574954888971,"RJ"
25.1,3,1.00777594651435,0.991463516381096,1.02435676310102,"RJ"
25.1,4,1.00168001575426,0.984708060825059,1.01894449114265,"RJ"
25.1,5,0.99850499577465,0.979681410971117,1.01769025667093,"RJ"
25.1,6,0.998945372919353,0.97914277612182,1.01914846579314,"RJ"
25.1,7,1.00348958749149,0.984369664413218,1.0229808867628,"RJ"
25.1,8,1.01170586141452,0.994202460440557,1.02951741797836,"RJ"
25.1,9,1.02294403350059,1.00603082674164,1.04014158200659,"RJ"
25.1,10,1.03655330310245,1.01680641945378,1.05668368099975,"RJ"
25.1,11,1.05186380738814,1.025476579973,1.07893002229481,"RJ"
25.1,12,1.06817260919764,1.0327175665257,1.10484488695072,"RJ"
25.2,0,1.03714656935047,1.00083381518297,1.07477684106706,"RJ"
25.2,1,1.02597101628773,0.998983131579876,1.05368798830245,"RJ"
25.2,2,1.01568156098938,0.995687020415414,1.03607761493509,"RJ"
25.2,3,1.00701301251429,0.990105261813302,1.02420949214623,"RJ"
25.2,4,1.00067984844068,0.983102606455175,1.01857136020208,"RJ"
25.2,5,0.997390671852135,0.977896786392383,1.01727315821088,"RJ"
25.2,6,0.997867885035763,0.97735467444407,1.01881163719009,"RJ"
25.2,7,1.00262084795014,0.982807754722275,1.02283336686564,"RJ"
25.2,8,1.01120221334572,0.993062858731211,1.02967290266168,"RJ"
25.2,9,1.02293813331567,1.00542404216953,1.04075731303719,"RJ"
25.2,10,1.03715408697697,1.0167233906952,1.05799533086135,"RJ"
25.2,11,1.05315485866001,1.02584723742675,1.08118939726481,"RJ"
25.2,12,1.0702092674529,1.0334894071876,1.10823378370066,"RJ"
25.3,0,1.03747961983691,0.999784760082823,1.07659568794364,"RJ"
25.3,1,1.02586143816642,0.997858058729604,1.05465069015598,"RJ"
25.3,2,1.01517019050644,0.99444163634115,1.03633081925718,"RJ"
25.3,3,1.00616927055336,0.988664677673649,1.0239837872918,"RJ"
25.3,4,0.999600130164835,0.981415098700336,1.0181221193242,"RJ"
25.3,5,0.996197944051666,0.976028681359812,1.01678399691096,"RJ"
25.3,6,0.996712904877887,0.975482605426115,1.01840525830407,"RJ"
25.3,7,1.00167531591395,0.98116335739427,1.02261609236608,"RJ"
25.3,8,1.01062250516739,0.991844502505809,1.02975602059642,"RJ"
25.3,9,1.02285728136616,1.00474323120017,1.04129790134942,"RJ"
25.3,10,1.03768175041943,1.01656791163675,1.05923411788576,"RJ"
25.3,11,1.0543756264651,1.02614248919671,1.08338556622281,"RJ"
25.3,12,1.07217964407797,1.03418086948497,1.11157460275557,"RJ"
25.4,0,1.03773073067123,0.998626053313873,1.07836668771646,"RJ"
25.4,1,1.0256705937808,0.996635027740364,1.05555207038209,"RJ"
25.4,2,1.01457857658973,0.993108596447628,1.0365127154844,"RJ"
25.4,3,1.0052465345916,0.987142271068511,1.02368283166986,"RJ"
25.4,4,0.998442713573331,0.97964578279598,1.0176003100248,"RJ"
25.4,5,0.994928671609003,0.974076930284231,1.01622677923479,"RJ"
25.4,6,0.995482259620265,0.973526215164848,1.01793348117581,"RJ"
25.4,7,1.00065474381761,0.979436243638466,1.02233292144159,"RJ"
25.4,8,1.0099683778583,0.990547474051607,1.02977005241506,"RJ"
25.4,9,1.02270297913303,1.00398857939537,1.04176621626259,"RJ"
25.4,10,1.03813763670689,1.01633944948134,1.06040334584804,"RJ"
25.4,11,1.0555272872677,1.02636026081715,1.08552318001837,"RJ"
25.4,12,1.07408475056508,1.03478798076613,1.11487384163693,"RJ"
25.5,0,1.03790149979038,0.99735553610966,1.08009579760199,"RJ"
25.5,1,1.0254001697381,0.995313197132372,1.05639663085777,"RJ"
25.5,2,1.01390848476147,0.991688087240804,1.03662676672012,"RJ"
25.5,3,1.00424663153824,0.985538635229959,1.02330975256041,"RJ"
25.5,4,0.997209462292645,0.97779500844003,1.01700939675739,"RJ"
25.5,5,0.993584723608279,0.972041508544996,1.01560539782447,"RJ"
25.5,6,0.994177786214,0.971485307693054,1.01740032790455,"RJ"
25.5,7,0.999560894934457,0.977626325127032,1.02198760099095,"RJ"
25.5,8,1.00924148515008,0.989171954371206,1.02971821112277,"RJ"
25.5,9,1.02247674323992,1.00316033811142,1.042165096394,"RJ"
25.5,10,1.03852310676977,1.01603754893892,1.06150628431112,"RJ"
25.5,11,1.05661103752142,1.02649861536321,1.08760681008523,"RJ"
25.5,12,1.07592562034687,1.03530699392476,1.11813785409713,"RJ"
25.6,0,1.03799354514107,0.995971424214384,1.08178866738512,"RJ"
25.6,1,1.02505186969453,0.993891965784881,1.05718868019473,"RJ"
25.6,2,1.01316169471297,0.9901804294565,1.03667633604624,"RJ"
25.6,3,1.00317139991674,0.983854453787538,1.02286761394103,"RJ"
25.6,4,0.99590224959963,0.975863236280823,1.01635275711133,"RJ"
25.6,5,0.992167977672305,0.969922541814816,1.01492361861851,"RJ"
25.6,6,0.99280133011227,0.969359855177581,1.01680967682753,"RJ"
25.6,7,0.998395542154389,0.975733662740176,1.0215837545201,"RJ"
25.6,8,1.00844349237475,0.987718229303713,1.02960363304208,"RJ"
25.6,9,1.02218010438701,1.00225882934367,1.04249734221733,"RJ"
25.6,10,1.03883953822748,1.01566184123242,1.06254615697207,"RJ"
25.6,11,1.05762809281931,1.02655577393327,1.08964092465697,"RJ"
25.6,12,1.07770330806891,1.03573442318306,1.12137280969505,"RJ"
25.7,0,1.03800850342486,0.994472322369831,1.08345061893199,"RJ"
25.7,1,1.0246274130714,0.99237098158571,1.05793232077364,"RJ"
25.7,2,1.01233999900204,0.988586082665784,1.03666467852342,"RJ"
25.7,3,1.00202268855607,0.982090504231174,1.02235940990708,"RJ"
25.7,4,0.994522957119644,0.97385104325095,1.01563367323223,"RJ"
25.7,5,0.990680318680957,0.967720313546428,1.01418506988354,"RJ"
25.7,6,0.991354744022995,0.967150005962406,1.0161652509312,"RJ"
25.7,7,0.997160466786611,0.973758473516702,1.02112487189056,"RJ"
25.7,8,1.00757607533359,0.986186694626947,1.02942936983009,"RJ"
25.7,9,1.02181460630212,1.0012844500922,1.04276570914112,"RJ"
25.7,10,1.03908832443732,1.01521205253219,1.06352613061371,"RJ"
25.7,11,1.05857968705326,1.02653013466071,1.09162986648429,"RJ"
25.7,12,1.07941888886787,1.03606707677952,1.1245846564939,"RJ"
25.8,0,1.03794802886197,0.992857233039304,1.08508663155985,"RJ"
25.8,1,1.02412853379291,0.990750146787096,1.05863143914749,"RJ"
25.8,2,1.01144520177506,0.986905648390109,1.03659493474639,"RJ"
25.8,3,1.00080235530875,0.980247660511165,1.02178805901892,"RJ"
25.8,4,0.993073473553106,0.971759126650396,1.01485532456402,"RJ"
25.8,5,0.989123637518354,0.965435270480484,1.01339323330359,"RJ"
25.8,6,0.989839886689345,0.964856090311816,1.01547060864231,"RJ"
25.8,7,0.995857457387843,0.97170113569209,1.02061430105114,"RJ"
25.8,8,1.00664091918804,0.984577860056863,1.02919838165487,"RJ"
25.8,9,1.02138180471003,1.000237676178,1.0429729011798,"RJ"
25.8,10,1.03927087355717,1.01468801166446,1.06444930481888,"RJ"
25.8,11,1.05946707158313,1.02642028982433,1.09357783248912,"RJ"
25.8,12,1.08107345765588,1.03630208573692,1.12777908771356,"RJ"
25.9,0,1.03781379197479,0.991125559442191,1.08670133319866,"RJ"
25.9,1,1.0235569790468,0.989029620092497,1.05928969979426,"RJ"
25.9,2,1.01047911751445,0.985139871710741,1.03647012597272,"RJ"
25.9,3,0.999512265796748,0.978326894741163,1.02115639961269,"RJ"
25.9,4,0.991555693431187,0.96958830691653,1.01402078197756,"RJ"
25.9,5,0.987499829849526,0.963068026096853,1.01255143720738,"RJ"
25.9,6,0.988258621698768,0.962478623784575,1.01472913707073,"RJ"
25.9,7,0.994488308616701,0.969562191765186,1.02005524181458,"RJ"
25.9,8,1.00563971737346,0.982892352088489,1.02891353158877,"RJ"
25.9,9,1.02088326632037,0.999119065449779,1.04312156527988,"RJ"
25.9,10,1.03938860762272,1.01408965695291,1.06531870259087,"RJ"
25.9,11,1.06029151441645,1.02622504068022,1.0954888557371,"RJ"
25.9,12,1.08266812841191,1.03643692802412,1.1309615130306,"RJ"
26,0,1.03760747839204,0.989277103164001,1.08829899708759,"RJ"
26,1,1.02291450806847,0.987209815598666,1.05991054209934,"RJ"
26,2,1.00944356981252,0.983289641396035,1.03629315080462,"RJ"
26,3,0.998154292185745,0.976329277991125,1.02046718608994,"RJ"
26,4,0.989971515901313,0.96733952905473,1.01313300331439,"RJ"
26,5,0.985810794927169,0.960619361996235,1.01166285194941,"RJ"
26,6,0.986612816321112,0.960018308246412,1.01394404769959,"RJ"
26,7,0.993054820114856,0.967342349594538,1.01945074168075,"RJ"
26,8,1.00457417053623,0.981130915652574,1.02857758124697,"RJ"
26,9,1.02032056783512,0.997929260333277,1.04321428635102,"RJ"
26,10,1.03944296163998,1.01341704207195,1.06613726200412,"RJ"
26,11,1.06105429939924,1.02594340970923,1.09736679003835,"RJ"
26,12,1.08420403348067,1.03646944760016,1.13413703504479,"RJ"
26.1,0,1.03733078767446,0.987312056769612,1.08988354358608,"RJ"
26.1,1,1.02220289094955,0.985291398804593,1.0604971803604,"RJ"
26.1,2,1.00834039017222,0.981355988606344,1.03606678336634,"RJ"
26.1,3,0.996730311988537,0.974255980178179,1.01972308618016,"RJ"
26.1,4,0.988322843543071,0.965013862739594,1.01219483033752,"RJ"
26.1,5,0.984058434429066,0.958090227261617,1.01073048739757,"RJ"
26.1,6,0.984904340376414,0.957476030600638,1.01311837444514,"RJ"
26.1,7,0.991558795415502,0.965042481582548,1.01880369365039,"RJ"
26.1,8,1.00344598549486,0.979294414592257,1.02819318766869,"RJ"
26.1,9,1.01969529497599,0.996668989689272,1.04325358303798,"RJ"
26.1,10,1.03943538269356,1.01267034081388,1.06690782898508,"RJ"
26.1,11,1.06175672541869,1.02557465005956,1.09921529740068,"RJ"
26.1,12,1.08568232287979,1.03639786802666,1.13731043123232,"RJ"
26.2,0,1.03698543216286,0.985230991974443,1.09145854655158,"RJ"
26.2,1,1.02142390747157,0.983275279969541,1.06105260653639,"RJ"
26.2,2,1.00717141683568,0.979340084268243,1.03579367288815,"RJ"
26.2,3,0.99524220689815,0.972108269083304,1.0189266791502,"RJ"
26.2,4,0.986611581215075,0.962612501130954,1.01120898704731,"RJ"
26.2,5,0.982244651326668,0.955481735905996,1.00975719242295,"RJ"
26.2,6,0.983135065132819,0.954852859381104,1.01225497394456,"RJ"
26.2,7,0.990002040879655,0.962663622056978,1.01811683592202,"RJ"
26.2,8,1.0022568742256,0.977383830992698,1.02776290141019,"RJ"
26.2,9,1.01900904153245,0.995339069961326,1.04324190425402,"RJ"
26.2,10,1.03936732907146,1.01184985070052,1.06763315129537,"RJ"
26.2,11,1.06240010561823,1.0251182520581,1.10103783846555,"RJ"
26.2,12,1.08710416361572,1.03622080054079,1.14048614149983,"RJ"
26.3,0,1.03657313584935,0.983034844015455,1.09302724364841,"RJ"
26.3,1,1.02057934596554,0.98116260515425,1.06157959541038,"RJ"
26.3,2,1.00593849364101,0.977243235235941,1.03547634458112,"RJ"
26.3,3,0.993691861651235,0.969887508539763,1.0180804549164,"RJ"
26.3,4,0.984839634933274,0.96013675847953,1.01017807928888,"RJ"
26.3,5,0.980371348785295,0.952795162561297,1.00874565623885,"RJ"
26.3,6,0.981306862235092,0.952150039404926,1.01135652787613,"RJ"
26.3,7,0.988386364660745,0.96020696300246,1.01739275332122,"RJ"
26.3,8,1.001008552873,0.975400263422641,1.02728916579215,"RJ"
26.3,9,1.01826340843084,0.993940405609479,1.04318162648131,"RJ"
26.3,10,1.03924026940679,1.01095599539881,1.0683158737593,"RJ"
26.3,11,1.06298576662561,1.02457394675969,1.10283766596074,"RJ"
26.3,12,1.0884707390091,1.03593724668195,1.14366826125208,"RJ"
26.4,0,1.03609563327249,0.980724892911188,1.09459254990434,"RJ"
26.4,1,1.01967100219809,0.978954745311587,1.06208071180321,"RJ"
26.4,2,1.00464346890804,0.975066879377632,1.03511720166702,"RJ"
26.4,3,0.992081162922236,0.967595155854666,1.01718681399948,"RJ"
26.4,4,0.983008910781161,0.957588066622885,1.00910459555227,"RJ"
26.4,5,0.978440429096357,0.950031936601389,1.00769841139766,"RJ"
26.4,6,0.979421602664108,0.949368984722554,1.01042554707585,"RJ"
26.4,7,0.986713575697895,0.957673848328031,1.01663388027804,"RJ"
26.4,8,0.999702740786037,0.97334492416907,1.02677431722192,"RJ"
26.4,9,1.01746000282515,0.992473988840991,1.04307505182871,"RJ"
26.4,10,1.03905568183707,1.00998932593091,1.06895853474767,"RJ"
26.4,11,1.06351504779452,1.02394170659668,1.10461782111089,"RJ"
26.4,12,1.08978324803,1.03554659574723,1.14686053970352,"RJ"
26.5,0,1.03555466843698,0.978302742310493,1.09615707382049,"RJ"
26.5,1,1.01870067828468,0.976653283806516,1.06255831946115,"RJ"
26.5,2,1.00328819435352,0.972812579737787,1.03471852841423,"RJ"
26.5,3,0.990411998248789,0.965232758537556,1.01624806824974,"RJ"
26.5,4,0.98112131385225,0.954967970492489,1.0079909088456,"RJ"
26.5,5,0.976453792641935,0.947193634918837,1.00661783822747,"RJ"
26.5,6,0.977481155727651,0.946511270128982,1.00946437718852,"RJ"
26.5,7,0.984985482738263,0.95506576687951,1.01584250514502,"RJ"
26.5,8,0.99834115958002,0.971219135563947,1.02622058649292,"RJ"
26.5,9,1.01660043720982,0.990940898663069,1.04292440682337,"RJ"
26.5,10,1.03881505318156,1.0089505206982,1.06956356389988,"RJ"
26.5,11,1.06398930046028,1.02322174327443,1.10638113286293,"RJ"
26.5,12,1.0910429046437,1.0350486175043,1.15006638301068,"RJ"
26.6,0,1.03495199375871,0.975770296608438,1.09772313536097,"RJ"
26.6,1,1.01767018163055,0.974260002742089,1.06301459124369,"RJ"
26.6,2,1.00187452403618,0.970482017933172,1.03428249402334,"RJ"
26.6,3,0.988686254988748,0.962801950419017,1.0152664422608,"RJ"
26.6,4,0.979178747225164,0.952278122766776,1.00683927950769,"RJ"
26.6,5,0.974413336892034,0.944281973590173,1.00550617047483,"RJ"
26.6,6,0.975487388082825,0.943578621512576,1.00847520557774,"RJ"
26.6,7,0.983203893388762,0.952384344418023,1.01502077563606,"RJ"
26.6,8,0.996925532224726,0.969024325514948,1.02563010095067,"RJ"
26.6,9,1.01568632855502,0.989342299294914,1.04273184190021,"RJ"
26.6,10,1.03851987813707,1.0078403843663,1.07013328103932,"RJ"
26.6,11,1.06440988721008,1.02241450313021,1.10813021971216,"RJ"
26.6,12,1.09225093716743,1.03444345070817,1.15328886168345,"RJ"
26.7,0,1.03428936903547,0.973129736961751,1.099292785194,"RJ"
26.7,1,1.0165813238999,0.971776868451096,1.06345152025409,"RJ"
26.7,2,1.00040431333219,0.968076986941298,1.03381115720535,"RJ"
26.7,3,0.986905819309179,0.960304447248246,1.01424407538388,"RJ"
26.7,4,0.977183110971627,0.949520277813126,1.00565185881803,"RJ"
26.7,5,0.972320955434747,0.94129879866893,1.00436550191546,"RJ"
26.7,6,0.973442162790323,0.940572905318314,1.00746006921942,"RJ"
26.7,7,0.981370613197437,0.949631334788647,1.01417070516303,"RJ"
26.7,8,0.995457582159121,0.966762022360206,1.02500488740638,"RJ"
26.7,9,1.01471929746485,0.987679437987002,1.0424994315424,"RJ"
26.7,10,1.03817165849269,1.00665984568169,1.07066989621265,"RJ"
26.7,11,1.06477818116834,1.02152066022828,1.10986749385842,"RJ"
26.7,12,1.09340858763855,1.0337315880479,1.15653072165415,"RJ"
26.8,0,1.03356856044423,0.970383496772048,1.10086782462017,"RJ"
26.8,1,1.01543592001372,0.969206016485201,1.06387093158316,"RJ"
26.8,2,0.998879417941247,0.96559938343571,1.03330647129921,"RJ"
26.8,3,0.985072575207632,0.957742041861214,1.01318302425196,"RJ"
26.8,4,0.975136301197589,0.946696285064106,1.00443069325969,"RJ"
26.8,5,0.970178537039532,0.938246076340664,1.0031977936995,"RJ"
26.8,6,0.971347338400747,0.937496117391918,1.00642086331306,"RJ"
26.8,7,0.979487444764724,0.946808610497516,1.01329417985288,"RJ"
26.8,8,0.993939032432892,0.964433849170533,1.02434687567561,"RJ"
26.8,9,1.01370096735872,0.985953642303949,1.04222917501757,"RJ"
26.8,10,1.03777190236385,1.005409954311,1.0711755107636,"RJ"
26.8,11,1.06509556529747,1.02054110750305,1.11159516738324,"RJ"
26.8,12,1.09451711119481,1.03291385819044,1.15979439834116,"RJ"
26.9,0,1.03279133956521,0.967534237130038,1.10244982569804,"RJ"
26.9,1,1.01423578717671,0.966549736398119,1.06427449437145,"RJ"
26.9,2,0.997301692923794,0.963051199814101,1.03277028978382,"RJ"
26.9,3,0.983188403565932,0.955116599010842,1.0120852657232,"RJ"
26.9,4,0.973040209117676,0.943808081970678,1.00317772929305,"RJ"
26.9,5,0.967987964753776,0.935125882661389,1.00200488221055,"RJ"
26.9,6,0.969204768073141,0.934350371452799,1.00535935036353,"RJ"
26.9,7,0.977556186884787,0.943918152903116,1.01239296604015,"RJ"
26.9,8,0.992371604875079,0.962041517621774,1.02365790262028,"RJ"
26.9,9,1.01263296367625,0.984166316933574,1.04192299764812,"RJ"
26.9,10,1.03732212344615,1.00409187680877,1.07165211933665,"RJ"
26.9,11,1.06536343171457,1.01947694628424,1.11331526011595,"RJ"
26.9,12,1.09557777546691,1.03199140559508,1.16308203303777,"RJ"
27,0,1.0319594824333,0.964584822633818,1.1040401511566,"RJ"
27,1,1.01298274393371,0.963810456579729,1.06466373393468,"RJ"
27,2,0.995672991769532,0.96043451605357,1.03220437205111,"RJ"
27,3,0.981255181236701,0.952430049947965,1.01095270015522,"RJ"
27,4,0.970896720163107,0.940857686668296,1.00189481850491,"RJ"
27,5,0.965751115032728,0.931940393082115,1.0007884872362,"RJ"
27,6,0.96701629872585,0.931137887419035,1.00427716951079,"RJ"
27,7,0.975578633717084,0.94096204220977,1.01146871804752,"RJ"
27,8,0.990757019289995,0.95958682155565,1.0229397165762,"RJ"
27,9,1.01151691310598,0.98231894008877,1.04158275254979,"RJ"
27,10,1.03682384028914,1.00270689183038,1.07210161269518,"RJ"
27,11,1.06558318102452,1.01832947454417,1.11502960885091,"RJ"
27,12,1.09659185998395,1.03096566874834,1.16639549097982,"RJ"
27.1,0,1.03107476861732,0.961538297914414,1.10563997376408,"RJ"
27.1,1,1.01167860925585,0.960990729356611,1.06504004373807,"RJ"
27.1,2,0.993995165497492,0.957751491513457,1.03161038932039,"RJ"
27.1,3,0.979274780162765,0.94968438683705,1.00978715492706,"RJ"
27.1,4,0.968707713123198,0.937847190481696,1.00058372300758,"RJ"
27.1,5,0.963469856902898,0.928691871939494,0.999550220270443,"RJ"
27.1,6,0.964783770219781,0.927860979779165,1.00317584591285,"RJ"
27.1,7,0.973556573988271,0.937942447430064,1.01052298608807,"RJ"
27.1,8,0.989096992680621,0.95707163034013,1.02219398205563,"RJ"
27.1,9,1.01035444283821,0.980413059570659,1.04121022277075,"RJ"
27.1,10,1.03627857559056,1.00125638471261,1.07252578123258,"RJ"
27.1,11,1.06575622166962,1.01710017420006,1.11673987758466,"RJ"
27.1,12,1.09756065559213,1.02983835742243,1.16973638049267,"RJ"
27.2,0,1.03013898032736,0.958397865125738,1.1072502948978,"RJ"
27.2,1,1.01032520165687,0.958093216533619,1.06540469704617,"RJ"
27.2,2,0.992270061787883,0.955004356791066,1.03098993058933,"RJ"
27.2,3,0.977249066529577,0.94688165708431,1.00859038813115,"RJ"
27.2,4,0.966475059320478,0.934778750381852,0.99924612097457,"RJ"
27.2,5,0.961146051158943,0.925382662067521,0.99829159279302,"RJ"
27.2,6,0.962509014574087,0.924522046175371,1.00205680001778,"RJ"
27.2,7,0.971491790224519,0.934861616459828,1.0095572241458,"RJ"
27.2,8,0.987393238499603,0.954497882130982,1.02142228462373,"RJ"
27.2,9,1.00914717984199,0.978450288561449,1.04080712376332,"RJ"
27.2,10,1.03568785551118,0.999741841545669,1.07292631905347,"RJ"
27.2,11,1.06588396929638,1.01579069778528,1.11844756846076,"RJ"
27.2,12,1.09848546388711,1.02861142949653,1.17310607268082,"RJ"
27.3,0,1.02915390155065,0.955166862586747,1.10887196212875,"RJ"
27.3,1,1.00892433833969,0.955120675512364,1.065758858113,"RJ"
27.3,2,0.99049952414586,0.952195405719932,1.03034450853226,"RJ"
27.3,3,0.975179899950713,0.944023957648353,1.00736409236567,"RJ"
27.3,4,0.964200621819465,0.931654581494644,0.997883612213404,"RJ"
27.3,5,0.958781549594014,0.922015174659502,0.997014024396486,"RJ"
27.3,6,0.96019385521429,0.921123556332308,1.00092135659015,"RJ"
27.3,7,0.969386058014279,0.931721866385496,1.00857279771479,"RJ"
27.3,8,0.98564746592798,0.951867577125247,1.02062613585841,"RJ"
27.3,9,1.00789675016662,0.976432301213582,1.04037510612241,"RJ"
27.3,10,1.03505320901057,0.998164842858259,1.07330482850437,"RJ"
27.3,11,1.06596784613958,1.01440285477656,1.12015403313681,"RJ"
27.3,12,1.09936759666036,1.02728706780697,1.17650572119717,"RJ"
27.4,0,1.02812131721615,0.951848744702494,1.11050568569552,"RJ"
27.4,1,1.00747783437351,0.952075946087081,1.06610359281266,"RJ"
27.4,2,0.98868539109731,0.949326987584829,1.02967556527186,"RJ"
27.4,3,0.973069132686489,0.941113429395351,1.00610989856513,"RJ"
27.4,4,0.961886254669071,0.928476949746334,0.996497723690469,"RJ"
27.4,5,0.956378194263535,0.918591879484248,0.995718850656859,"RJ"
27.4,6,0.957840106252779,0.917668041436821,0.999770753386862,"RJ"
27.4,7,0.967241145301511,0.928525574120511,1.00757099130019,"RJ"
27.4,8,0.983861379181681,0.949182770885673,1.01980697831469,"RJ"
27.4,9,1.00660477826781,0.974360828098583,1.03991575852746,"RJ"
27.4,10,1.03437616720405,0.996527057031614,1.07366282503838,"RJ"
27.4,11,1.06600928042406,1.0129385978313,1.12186048432077,"RJ"
27.4,12,1.10020837535992,1.02586765741455,1.17993628170596,"RJ"
27.5,0,1.02704301238821,0.948447063238621,1.11215205379371,"RJ"
27.5,1,1.00598750190166,0.948961937987035,1.06643987864156,"RJ"
27.5,2,0.986829495416759,0.946401499612982,1.02898447796493,"RJ"
27.5,3,0.970918608895695,0.938152251552216,1.00482937981574,"RJ"
27.5,4,0.959533802178565,0.925248164716417,0.995089914936977,"RJ"
27.5,5,0.953937816782317,0.915115295536601,0.994407330667349,"RJ"
27.5,6,0.955449571801622,0.914158084046942,0.998606149403177,"RJ"
27.5,7,0.965058811709323,0.925275167445512,1.0065530156062,"RJ"
27.5,8,0.982036676845867,0.946445567803184,1.01896619042652,"RJ"
27.5,9,1.00527288635849,0.972237651574636,1.03943061082936,"RJ"
27.5,10,1.03365826274095,0.994830233550303,1.07400174230693,"RJ"
27.5,11,1.06600970578442,1.01140000915304,1.12356800725976,"RJ"
27.5,12,1.10100913056588,1.02435576359969,1.18339853073073,"RJ"
27.6,0,1.02592077148948,0.944965449980798,1.11381154664962,"RJ"
27.6,1,1.00445514938017,0.945781619207623,1.06676861405027,"RJ"
27.6,2,0.984933663387409,0.943421379787256,1.02827256415633,"RJ"
27.6,3,0.968730163920409,0.935142636302826,1.00352405511042,"RJ"
27.6,4,0.95714509822702,0.921970572754477,0.993661583279163,"RJ"
27.6,5,0.951462237654888,0.91158798218071,0.993080654176271,"RJ"
27.6,6,0.953024045317569,0.910596308584604,0.997428632634388,"RJ"
27.6,7,0.962840807893977,0.92197311650713,1.00552001435582,"RJ"
27.6,8,0.980175051237107,0.943658114752753,1.01810509129081,"RJ"
27.6,9,1.00390269378449,0.970064601126786,1.0389211372285,"RJ"
27.6,10,1.03290102920441,0.993076196187588,1.07432293738113,"RJ"
27.6,11,1.06597056070287,1.00978928716632,1.12527757100084,"RJ"
27.6,12,1.1017712014808,1.02275411082353,1.18689308365135,"RJ"
27.7,0,1.0247563775532,0.94140760077616,1.11548454938132,"RJ"
27.7,1,1.00288258084728,0.942538005149808,1.06709062708515,"RJ"
27.7,2,0.982999714093324,0.940389100014774,1.02754108686753,"RJ"
27.7,3,0.966505623603797,0.932086823564197,1.00219539300614,"RJ"
27.7,4,0.954721965606096,0.918646550404661,0.99221406884863,"RJ"
27.7,5,0.948953265638882,0.90801253082525,0.991739948289331,"RJ"
27.7,6,0.95056530897912,0.906985372445655,0.996239227318642,"RJ"
27.7,7,0.960588874929168,0.918621925812552,1.00447307070479,"RJ"
27.7,8,0.978278187793382,0.940822594986822,1.01722494528919,"RJ"
27.7,9,1.00249581642511,0.967843548727915,1.03838875949607,"RJ"
27.7,10,1.03210600053295,0.99126683621197,1.07462769601658,"RJ"
27.7,11,1.06589328796561,1.00810873364632,1.12699003927956,"RJ"
27.7,12,1.10249593543558,1.02106556282607,1.19042041168029,"RJ"
27.8,0,1.02355161150511,0.937777260927165,1.11717136367638,"RJ"
27.8,1,1.00127159522394,0.939234148569175,1.0674066833383,"RJ"
27.8,2,0.981029458743723,0.937307159673522,1.026791259397,"RJ"
27.8,3,0.964246803640822,0.928987075971793,1.00084481515411,"RJ"
27.8,4,0.952266215396006,0.915278498169548,0.990748659340464,"RJ"
27.8,5,0.946412697141305,0.904391557153219,0.990386283712879,"RJ"
27.8,6,0.948075133095468,0.903327957743233,0.995038900644192,"RJ"
27.8,7,0.958304743720439,0.915224126741785,1.00341321322727,"RJ"
27.8,8,0.976347764491859,0.937941222300172,1.01632696651345,"RJ"
27.8,9,1.00105386611868,0.9655764042627,1.03783485019639,"RJ"
27.8,10,1.03127471046377,0.989404105689804,1.07491723788698,"RJ"
27.8,11,1.06577933413779,1.00636074141453,1.12870618092534,"RJ"
27.8,12,1.10318468741086,1.01929310397445,1.19398085770657,"RJ"
27.9,0,1.02230825147503,0.93407821188863,1.11887221833468,"RJ"
27.9,1,0.999623985645247,0.935873130321484,1.06771749321837,"RJ"
27.9,2,0.979024700029313,0.934178079550147,1.02602424981867,"RJ"
27.9,3,0.961955508961691,0.925845674096145,0.99947369968016,"RJ"
27.9,4,0.949779646374471,0.911868834634782,0.989266594497128,"RJ"
27.9,5,0.943842315647466,0.900727693915157,0.989020680528428,"RJ"
27.9,6,0.945555275547123,0.899626763686157,0.9938285689185,"RJ"
27.9,7,0.95599013444959,0.911782270586771,1.00234142146326,"RJ"
27.9,8,0.974385451294381,0.935016235490739,1.01541232296983,"RJ"
27.9,9,0.999578450112977,0.963265111050691,1.03726073587407,"RJ"
27.9,10,1.03040869199809,0.987490010947032,1.0751927217238,"RJ"
27.9,11,1.06563014905732,1.00454778268117,1.13042667970365,"RJ"
27.9,12,1.10383881957431,1.01743982192473,1.19757465094515,"RJ"
28,0,1.02102807213816,0.930314259204851,1.1205872787387,"RJ"
28,1,0.997941538822806,0.932458050880589,1.06802371856572,"RJ"
28,2,0.976987231510565,0.931004396174259,1.02524118517269,"RJ"
28,3,0.959633533147882,0.92266491190664,0.998083384398895,"RJ"
28,4,0.947264044458434,0.90841999096677,0.987769070305029,"RJ"
28,5,0.941243891182309,0.897023584283344,0.987644113499886,"RJ"
28,6,0.943007481257985,0.89588449958257,0.992609103207917,"RJ"
28,7,0.953646756048914,0.908298922116084,1.00125863102851,"RJ"
28,8,0.972392909620557,0.93204989313275,1.0144821405453,"RJ"
28,9,0.998071170540739,0.960911641498732,1.03666770017571,"RJ"
28,10,1.02950947688845,0.985526606241586,1.07545525031043,"RJ"
28,11,1.06544718534775,1.00267239808819,1.13215214354151,"RJ"
28,12,1.10445970083402,1.0155088916198,1.20120192036985,"RJ"
28.1,0,1.01971284408628,0.926489221614817,1.12231665532191,"RJ"
28.1,1,0.996226034438088,0.928992022596649,1.06832597864314,"RJ"
28.1,2,0.974918837037804,0.927788656548065,1.02444315534904,"RJ"
28.1,3,0.957282657880553,0.919447092492726,0.996675169850629,"RJ"
28.1,4,0.944721182178288,0.904934405788151,0.9862572428982,"RJ"
28.1,5,0.938619179803905,0.893281875755667,0.986257516923728,"RJ"
28.1,6,0.940433481698615,0.892103878450291,0.991381334465367,"RJ"
28.1,7,0.951276305705034,0.904776653655647,1.00016573829526,"RJ"
28.1,8,0.97037179184834,0.929044468671397,1.01353750672618,"RJ"
28.1,9,0.99653362392001,0.958517992907344,1.03605698688136,"RJ"
28.1,10,1.02857859514819,0.983515987687209,1.07570587529024,"RJ"
28.1,11,1.06523189795026,1.00073718648327,1.13388311310613,"RJ"
28.1,12,1.1050487064083,1.01350356061363,1.20486270694039,"RJ"
28.2,0,1.01836433322868,0.922606921248489,1.12406041111086,"RJ"
28.2,1,0.994479244566574,0.925478162657087,1.06862485553876,"RJ"
28.2,2,0.972821290202953,0.924533413264976,1.02363121666961,"RJ"
28.2,3,0.954904652421091,0.916194524048051,0.995250322154973,"RJ"
28.2,4,0.942152818184346,0.901414520429468,0.984732232169717,"RJ"
28.2,5,0.935969923128775,0.889505214591111,0.984861789038961,"RJ"
28.2,6,0.93783499442042,0.888287611208932,0.990146058169753,"RJ"
28.2,7,0.948880468392138,0.901218039669605,0.999063604659056,"RJ"
28.2,8,0.968323740841951,0.926002245842344,1.01257947406511,"RJ"
28.2,9,0.994967400679412,0.95608618345039,1.03542980282605,"RJ"
28.2,10,1.02761757458298,0.981460287459464,1.07594560175764,"RJ"
28.2,11,1.06498574367503,0.998744795436145,1.13562006972539,"RJ"
28.2,12,1.10560721741202,1.01142713568706,1.20855697465857,"RJ"
28.3,0,1.01698430022297,0.918671174835236,1.12581856841813,"RJ"
28.3,1,0.992702933132674,0.921919586709396,1.06892089902072,"RJ"
28.3,2,0.970696353822755,0.921241220006769,1.02280639517831,"RJ"
28.3,3,0.952501273123565,0.912909516118925,0.993810075678763,"RJ"
28.3,4,0.939560696785227,0.897862774550464,0.983195125096398,"RJ"
28.3,5,0.933297847888752,0.885696240753918,0.983457796018566,"RJ"
28.3,6,0.935213722620442,0.884438401424347,0.988904038505161,"RJ"
28.3,7,0.946460916434356,0.897625651820807,0.997953060410742,"RJ"
28.3,8,0.966250389506972,0.922925514414403,1.01160906339746,"RJ"
28.3,9,0.993374084708224,0.95361824834259,1.03478732069669,"RJ"
28.3,10,1.02662794034465,0.9793616683058,1.07617539261012,"RJ"
28.3,11,1.06471018077203,0.996697912493125,1.13736344265438,"RJ"
28.3,12,1.10613662045967,1.0092829707024,1.21228462050681,"RJ"
28.4,0,1.01557449993566,0.914685785845942,1.12759111476264,"RJ"
28.4,1,0.990898855395248,0.918319403103193,1.06921463088511,"RJ"
28.4,2,0.96854577945325,0.917914627405888,1.02196968965165,"RJ"
28.4,3,0.950074262978783,0.909594376115205,0.992355635519402,"RJ"
28.4,4,0.93694654751787,0.894281602120501,0.981646978786181,"RJ"
28.4,5,0.930604665519012,0.881857583340138,0.982046375567337,"RJ"
28.4,6,0.932571354736444,0.880558940573233,0.987656012110683,"RJ"
28.4,7,0.944019309096996,0.894002054487182,0.996834908236498,"RJ"
28.4,8,0.964153360372434,0.919816566249787,1.01062726681204,"RJ"
28.4,9,0.991755252931187,0.951116236205131,1.03413068169354,"RJ"
28.4,10,1.02561121450714,0.977222318373702,1.07639617264713,"RJ"
28.4,11,1.06440666852135,0.994599257153316,1.13911361570429,"RJ"
28.4,12,1.10663830728549,1.00707445563114,1.2160454833344,"RJ"
28.5,0,1.01413668093244,0.910654537492441,1.12937800809147,"RJ"
28.5,1,0.989068757463608,0.914680707708561,1.06950654883857,"RJ"
28.5,2,0.966371306935286,0.914556179257259,1.02112207434457,"RJ"
28.5,3,0.947625351189672,0.906251406078943,0.990888179807277,"RJ"
28.5,4,0.934312084748783,0.890673427744703,0.980088823260405,"RJ"
28.5,5,0.927892071776935,0.877991856458234,0.980628340153003,"RJ"
28.5,6,0.92990956407193,0.876651903794181,0.986402691433004,"RJ"
28.5,7,0.941557292206378,0.890349800708249,0.995709926370282,"RJ"
28.5,8,0.96203426519968,0.916677691673235,1.00963505038388,"RJ"
28.5,9,0.990112474907925,0.948582205635842,1.03346099804938,"RJ"
28.5,10,1.02456891566466,0.975044446364246,1.07660883240815,"RJ"
28.5,11,1.06407666684319,0.992451573541076,1.14087093325895,"RJ"
28.5,12,1.10711367438065,1.00480500668163,1.21983935176488,"RJ"
28.6,0,1.01267258499813,0.906581186511319,1.13117918137384,"RJ"
28.6,1,0.9872143758438,0.911006579268286,1.06979712995646,"RJ"
28.6,2,0.964174663970797,0.911168409062601,1.02026450148726,"RJ"
28.6,3,0.945156252777641,0.902882899704021,0.989408861833042,"RJ"
28.6,4,0.931659007306208,0.88704066332035,0.978521663985227,"RJ"
28.6,5,0.925161746391394,0.874101655534443,0.979204479898444,"RJ"
28.6,6,0.927230008450747,0.872719946091118,0.985144767714303,"RJ"
28.6,7,0.939076497797927,0.886671428534977,0.994578871424222,"RJ"
28.6,8,0.959894704617796,0.913511176138989,1.00863335667948,"RJ"
28.6,9,0.988447312456856,0.946018221987161,1.03277935540278,"RJ"
28.6,10,1.02350255855204,0.972830277012709,1.07681423174793,"RJ"
28.6,11,1.06372163592756,0.990257623742564,1.14263570571062,"RJ"
28.6,12,1.10756412264772,1.00247805744891,1.22366597120149,"RJ"
28.7,0,1.01118394668611,0.902469457663248,1.13299454663343,"RJ"
28.7,1,0.985337437014993,0.907300075242982,1.07008683375593,"RJ"
28.7,2,0.961957565729583,0.907753836889348,1.01939790354991,"RJ"
28.7,3,0.942668668219599,0.89949113959838,0.987918812007064,"RJ"
28.7,4,0.928988998142773,0.883385705006681,0.976946484167736,"RJ"
28.7,5,0.92241535274209,0.8701895540134,0.977775565162911,"RJ"
28.7,6,0.924534329900889,0.86876569895545,0.98388291364749,"RJ"
28.7,7,0.936578543792237,0.882969457755913,0.993442480922679,"RJ"
28.7,8,0.957736267785355,0.910319297182932,1.00762310704603,"RJ"
28.7,9,0.986761319303462,0.943426354352323,1.03208681502434,"RJ"
28.7,10,1.02241365368713,0.970582046893287,1.07701320315148,"RJ"
28.7,11,1.06334303588373,0.98802018176995,1.14440821435134,"RJ"
28.7,12,1.10799105707265,1.00009705100826,1.22752505000921,"RJ"
28.8,0,1.00967249289713,0.898323038883652,1.13482399848052,"RJ"
28.8,1,0.983439657035737,0.903564228109915,1.07037610492136,"RJ"
28.8,2,0.959721714486287,0.904314966525968,1.0185231952921,"RJ"
28.8,3,0.940164283115255,0.896078394779247,0.986419139659513,"RJ"
28.8,4,0.926303724028259,0.879710930490494,0.975364246833002,"RJ"
28.8,5,0.919654537568494,0.866258100424997,0.976342348839657,"RJ"
28.8,6,0.921824154367097,0.864791767374207,0.982617785729812,"RJ"
28.8,7,0.934065033698724,0.879246386972833,0.992301475565298,"RJ"
28.8,8,0.955560532078221,0.907104321646079,1.0066052036977,"RJ"
28.8,9,0.985056040752741,0.940808672757935,1.0313844158972,"RJ"
28.8,10,1.0213037070354,0.968302000541234,1.07720655479512,"RJ"
28.8,11,1.06294232640955,0.985742028114234,1.146188715758,"RJ"
28.8,12,1.1083958864143,0.997665432874429,1.23141626495018,"RJ"
28.9,0,1.00813994248746,0.894145577025294,1.13666741720053,"RJ"
28.9,1,0.981522741179865,0.899802042078527,1.07066537571734,"RJ"
28.9,2,0.957468799287249,0.900854282915481,1.01764127561413,"RJ"
28.9,3,0.937644767884332,0.892646918390964,0.984910934690304,"RJ"
28.9,4,0.923604835272045,0.876018696529647,0.973775896698607,"RJ"
28.9,5,0.91688093070799,0.862309815789394,0.974905568396396,"RJ"
28.9,6,0.919101091451857,0.860800727192934,0.981350026344319,"RJ"
28.9,7,0.931537556346559,0.875504690999915,0.991156561243602,"RJ"
28.9,8,0.95336906280315,0.903868503154964,1.00558053161227,"RJ"
28.9,9,0.983333013385688,0.938167245559203,1.030673176655,"RJ"
28.9,10,1.02017421969644,0.965992386882902,1.07739507336241,"RJ"
28.9,11,1.06252096648055,0.983425944846505,1.14797744571095,"RJ"
28.9,12,1.10878002291161,0.995186644751634,1.23533926594712,"RJ"
29,0,1.00658800590594,0.889940674138269,1.1385246714505,"RJ"
29,1,0.979588383601785,0.896016490188042,1.07095506812176,"RJ"
29,2,0.955200495646927,0.897374249849313,1.01675302922649,"RJ"
29,3,0.935111777493297,0.889198945634546,0.983395269078579,"RJ"
29,4,0.920893965474811,0.872311336756604,0.972182361863018,"RJ"
29,5,0.914096144862753,0.858347191333307,0.973465947683731,"RJ"
29,6,0.916366734184367,0.856795122803744,0.980080265597018,"RJ"
29,7,0.928997685642473,0.871746818561497,0.99000843083454,"RJ"
29,8,0.951163412936895,0.900614079844183,1.00454996025188,"RJ"
29,9,0.981593764779607,0.935504137032608,1.02995409738163,"RJ"
29,10,1.01902668761244,0.963655455961973,1.07757952662632,"RJ"
29,11,1.06208041405905,0.981074711227467,1.14977462268549,"RJ"
29,12,1.10914488200869,0.992664119002748,1.239293680245,"RJ"
29.1,0,1.00501838486008,0.885711884237588,1.14039562060997,"RJ"
29.1,1,0.977638267030877,0.892210511754994,1.07124559570936,"RJ"
29.1,2,0.952918465273514,0.893877307904161,1.01585932815355,"RJ"
29.1,3,0.9325669512112,0.885736691897817,0.981873198261593,"RJ"
29.1,4,0.918172731309042,0.868591159724577,0.970584555323851,"RJ"
29.1,5,0.911301775394916,0.854372686492211,0.972024198535163,"RJ"
29.1,6,0.913622658817041,0.85277746513084,0.978809122935549,"RJ"
29.1,7,0.926446980355089,0.86797519026479,0.988857765793078,"RJ"
29.1,8,0.94894512289052,0.89734327230637,1.00351434512149,"RJ"
29.1,9,0.979839813252069,0.932821405159679,1.02922816127864,"RJ"
29.1,10,1.01786260129849,0.961293455948709,1.07776066581005,"RJ"
29.1,11,1.06162212582298,0.978691099785885,1.15158045095484,"RJ"
29.1,12,1.10949188209779,0.990101273770769,1.24327911603708,"RJ"
29.2,0,1.00343277201067,0.881462710513086,1.14228011682869,"RJ"
29.2,1,0.975674062494733,0.888387010140989,1.07153736531323,"RJ"
29.2,2,0.950624355823408,0.890365872605263,1.0149610330868,"RJ"
29.2,3,0.930011912394212,0.882262351074985,0.980345762392879,"RJ"
29.2,4,0.915442732327891,0.864860447179327,0.968983376341396,"RJ"
29.2,5,0.908499400149566,0.850388727174659,0.970581022180696,"RJ"
29.2,6,0.910870424649096,0.84875022988775,0.977537208573309,"RJ"
29.2,7,0.923886983925371,0.864192196825304,0.987705237564494,"RJ"
29.2,8,0.946715720298628,0.894058281755131,1.00247452917843,"RJ"
29.2,9,0.978072667628293,0.930121099594681,1.02849633620654,"RJ"
29.2,10,1.01668344559463,0.95890863041801,1.07793922774016,"RJ"
29.2,11,1.06114755691477,0.976277872828056,1.1533951233416,"RJ"
29.2,12,1.10982244428024,0.987501508690373,1.24729516561616,"RJ"
29.3,0,1.00183285069504,0.877196602940678,1.14417800680839,"RJ"
29.3,1,0.973697429070919,0.8845488508134,1.0718307784895,"RJ"
29.3,2,0.948319800684161,0.886842332800249,1.0140589946017,"RJ"
29.3,3,0.92744826829842,0.87877809406463,0.978813987489404,"RJ"
29.3,4,0.912705550801918,0.861121452540474,0.967379711662075,"RJ"
29.3,5,0.905690579305078,0.846397704266581,0.969137110494352,"RJ"
29.3,6,0.90811157387679,0.84471585608247,0.976265124740914,"RJ"
29.3,7,0.921319224302802,0.860400197524259,0.986551508835495,"RJ"
29.3,8,0.944476719833162,0.8907612883869,1.00143134410591,"RJ"
29.3,9,0.976293827031744,0.927405259808419,1.0277595761072,"RJ"
29.3,10,1.01549069943948,0.95650321588155,1.078115936806,"RJ"
29.3,11,1.06065816070996,0.973837779342318,1.15521882365296,"RJ"
29.3,12,1.11013799214555,0.984868201132376,1.25134140810716,"RJ"
29.4,0,1.00022029467835,0.872916956257941,1.14608913335258,"RJ"
29.4,1,0.971710013666955,0.880698859674049,1.07212623280799,"RJ"
29.4,2,0.94600641878551,0.883309049228651,1.01315405425188,"RJ"
29.4,3,0.924877609920449,0.875286067435331,0.977278886477148,"RJ"
29.4,4,0.909962751583246,0.857376399576934,0.965774436615631,"RJ"
29.4,5,0.902876855250312,0.842401972355089,0.967693147094242,"RJ"
29.4,6,0.90534763146982,0.840676744748674,0.974993466784971,"RJ"
29.4,7,0.918745213806874,0.856601518878716,0.985397234641784,"RJ"
29.4,8,0.942229623041482,0.887454449928186,1.00038561146291,"RJ"
29.4,9,0.97450478069771,0.924675913400032,1.02701882231451,"RJ"
29.4,10,1.01428583566543,0.954079439559051,1.07829150673973,"RJ"
29.4,11,1.0601553886058,0.971373552264738,1.15705172883233,"RJ"
29.4,12,1.11043995156867,0.982204702928914,1.25541741183159,"RJ"
29.5,0,0.998596767932955,0.868627108270664,1.14801333671412,"RJ"
29.5,1,0.969713450828191,0.876839821633076,1.0724241229895,"RJ"
29.5,2,0.943685814438122,0.879768353273027,1.01224704555311,"RJ"
29.5,3,0.922301511865457,0.871788392248546,0.97574146014414,"RJ"
29.5,4,0.907215881996645,0.853627481262015,0.96416841609897,"RJ"
29.5,5,0.900059752488186,0.838403848652927,0.966249808312193,"RJ"
29.5,6,0.902580105073444,0.836635257882947,0.973722824132241,"RJ"
29.5,7,0.916166449013498,0.852798453506675,0.984243063348183,"RJ"
29.5,8,0.939975918208365,0.884139900355376,0.999338143721958,"RJ"
29.5,9,0.972707007809634,0.921935074568403,1.02627500476095,"RJ"
29.5,10,1.01307032081513,0.95163951737384,1.07846664223097,"RJ"
29.5,11,1.05964068982958,0.968887906074431,1.1588940108581,"RJ"
29.5,12,1.1107297505255,0.979514337531938,1.25952273635015,"RJ"
29.6,0,0.996963924445537,0.864330338460373,1.14995045576711,"RJ"
29.6,1,0.967709362573257,0.872974479407271,1.07272484190806,"RJ"
29.6,2,0.941359577199633,0.876222545878595,1.01133879486851,"RJ"
29.6,3,0.91972153224206,0.868287163028732,0.974202698009589,"RJ"
29.6,4,0.904466471757053,0.849876858794606,0.962562505458636,"RJ"
29.6,5,0.897240777565124,0.834405612106268,0.964807764048381,"RJ"
29.6,6,0.899810484935822,0.832593717569802,0.972453781135528,"RJ"
29.6,7,0.913584410665887,0.848993259170775,0.983089637516012,"RJ"
29.6,8,0.937717080241595,0.880819748774891,0.998289745205912,"RJ"
29.6,9,0.970901977357938,0.919184742734833,1.02552904308758,"RJ"
29.6,10,1.01184561497922,0.949185652158144,1.07864204038989,"RJ"
29.6,11,1.05911551126681,0.966383534689363,1.16074583841758,"RJ"
29.6,12,1.11100881892668,0.97680039756225,1.26365693422456,"RJ"
29.7,0,0.995323408051594,0.860029866865825,1.15190032902659,"RJ"
29.7,1,0.965699358256717,0.869105532524035,1.07302878147499,"RJ"
29.7,2,0.939029281767578,0.872673896629145,1.01043012220595,"RJ"
29.7,3,0.917139212583708,0.864784446871201,0.972663579117239,"RJ"
29.7,4,0.901716032913052,0.846126660773812,0.960957551282985,"RJ"
29.7,5,0.894421419025883,0.830409502670066,0.963367678524895,"RJ"
29.7,6,0.897040243860133,0.828554405277866,0.971186917815961,"RJ"
29.7,7,0.911000563609513,0.845188157985647,0.981937594671013,"RJ"
29.7,8,0.935454570580797,0.877496078452248,0.997241212933949,"RJ"
29.7,9,0.969091148021111,0.916426901308624,1.0247818476649,"RJ"
29.7,10,1.01061317165516,0.946720032054032,1.07881839207202,"RJ"
29.7,11,1.05858129730915,0.963863109635778,1.16260737838195,"RJ"
29.7,12,1.11127858846978,0.974066142710584,1.26781955253558,"RJ"
29.8,0,0.993676852297193,0.855728853214261,1.15386279553674,"RJ"
29.8,1,0.963685034458619,0.865235636513857,1.07333633341931,"RJ"
29.8,2,0.936696487898802,0.869124642967887,1.0095218419372,"RJ"
29.8,3,0.914556077796074,0.861282282678673,0.971125072760597,"RJ"
29.8,4,0.898966059815795,0.842378982515261,0.959354392114235,"RJ"
29.8,5,0.891603147393252,0.826417720736514,0.9619302109508,"RJ"
29.8,6,0.894270837180957,0.824519561312165,0.969922810514807,"RJ"
29.8,7,0.908416356750699,0.841385335775184,0.980787567983844,"RJ"
29.8,8,0.933189837129169,0.874170945979283,0.996193337386214,"RJ"
29.8,9,0.967275968068788,0.913663516587457,1.02403432053189,"RJ"
29.8,10,1.00937443762699,0.944244829096512,1.07899638307754,"RJ"
29.8,11,1.05803948972204,0.961329278466749,1.16447879710551,"RJ"
29.8,12,1.11154049250992,0.971314797956235,1.27201013419017,"RJ"
29.9,0,0.992025880327596,0.851430396280595,1.15583769564579,"RJ"
29.9,1,0.961667974900554,0.861367402275847,1.07364788997804,"RJ"
29.9,2,0.934362740354937,0.86557698955272,1.00861476344781,"RJ"
29.9,3,0.911973636129958,0.857782680517994,0.969588139147151,"RJ"
29.9,4,0.896218029112891,0.838635885498215,0.957753859089666,"RJ"
29.9,5,0.888787415172136,0.822432426703504,0.960496016109966,"RJ"
29.9,6,0.891503702764462,0.820491384408814,0.968662032466565,"RJ"
29.9,7,0.905833223038417,0.837586941567273,0.979640186873978,"RJ"
29.9,8,0.930924314207757,0.870846380569531,0.995146903195963,"RJ"
29.9,9,0.965457875286568,0.910896536784612,1.02328735626015,"RJ"
29.9,10,1.0081308528658,0.941762197965927,1.07917669523692,"RJ"
29.9,11,1.05749152753194,0.95878466340747,1.16636026157061,"RJ"
29.9,12,1.11179596594878,0.968549552072388,1.27622821904686,"RJ"
30,0,0.990372104802524,0.847137533454978,1.15782487168373,"RJ"
30,1,0.959649750387887,0.857503395602233,1.07396384450788,"RJ"
30,2,0.932029568873516,0.862033107736211,1.0077096917261,"RJ"
30,3,0.909393379179266,0.854287621089017,0.968053730008234,"RJ"
30,4,0.893473399766745,0.834899396933417,0.956156776520476,"RJ"
30,5,0.885975656877491,0.818455740671138,0.95906574488174,"RJ"
30,6,0.888740261031905,0.816472031459761,0.967405154303789,"RJ"
30,7,0.903252579468866,0.833795087214551,0.978496077546716,"RJ"
30,8,0.928659422531905,0.867524383472426,0.994102689777252,"RJ"
30,9,0.963638296922307,0.908127891175424,1.02254184275015,"RJ"
30,10,1.00688385045085,0.939274274897548,1.07936000739434,"RJ"
30,11,1.05693884693322,0.956231860207018,1.16825194039726,"RJ"
30,12,1.11204644514217,0.965773556390624,1.28047334488536,"RJ"
30.1,0,0.988717127837747,0.842853240501088,1.15982416855697,"RJ"
30.1,1,0.957631918777793,0.853646136849129,1.07428459202893,"RJ"
30.1,2,0.929698488164306,0.858495135161295,1.00680742789836,"RJ"
30.1,3,0.906816781903572,0.850799055298096,0.966522789160636,"RJ"
30.1,4,0.890733613096863,0.831171509442405,0.954563962415955,"RJ"
30.1,5,0.883169289085642,0.814489742255456,0.957640044703477,"RJ"
30.1,6,0.885981915005969,0.812463617356361,0.966152744502952,"RJ"
30.1,7,0.900675827112394,0.830011847130858,0.97735586347203,"RJ"
30.1,8,0.926396569209554,0.864206927497705,0.993061471895585,"RJ"
30.1,9,0.961818649653619,0.90535948935566,1.02179866196564,"RJ"
30.1,10,1.00563485651114,0.936783176736956,1.07954699629938,"RJ"
30.1,11,1.05638288121459,0.953673437178211,1.17015400473475,"RJ"
30.1,12,1.11229336782612,0.962989923800069,1.28474504824294,"RJ"
30.2,0,0.987062540972713,0.838580431489269,1.16183543427221,"RJ"
30.2,1,0.955616024972734,0.849798100741993,1.07461052970975,"RJ"
30.2,2,0.927370997930445,0.854965175464439,1.00590876971723,"RJ"
30.2,3,0.904245302674809,0.847318903929178,0.96499625302565,"RJ"
30.2,4,0.888000092845619,0.827454180839747,0.952976228959975,"RJ"
30.2,5,0.880369710508456,0.81053647050953,0.956219559982934,"RJ"
30.2,6,0.883230050379452,0.808468214941627,0.964905369779581,"RJ"
30.2,7,0.898104351162339,0.826239258133923,0.976220165813022,"RJ"
30.2,8,0.924137147760996,0.860895956641985,0.992024020188294,"RJ"
30.2,9,0.960000339576316,0.902593220604837,1.02105869061266,"RJ"
30.2,10,1.00438529018719,0.93429100013056,1.07973833741676,"RJ"
30.2,11,1.05582506070487,0.951111934408954,1.17206662905055,"RJ"
30.2,12,1.11253817306158,0.960201727959373,1.289042865138,"RJ"
7.1,0,0.98586430736422,0.719544994132803,1.35075421337078,"RS"
7.1,1,1.0135032238383,0.799866666553736,1.2842000144303,"RS"
7.1,2,1.04351874525704,0.857190956709941,1.27034864656337,"RS"
7.1,3,1.0777291617483,0.878093884689822,1.32275166281676,"RS"
7.1,4,1.11820235439801,0.880716040481417,1.41972718550439,"RS"
7.1,5,1.16734623868981,0.890711443069212,1.52989753481516,"RS"
7.1,6,1.22804596302716,0.924168864528267,1.63184126320584,"RS"
7.1,7,1.3031966526097,0.989526252058071,1.7162975836577,"RS"
7.1,8,1.39360898363951,1.08149304008006,1.79580073778097,"RS"
7.1,9,1.49947916874202,1.18014030005817,1.90522921501827,"RS"
7.1,10,1.62084439970941,1.25207821750403,2.09822080708861,"RS"
7.1,11,1.75742367148142,1.27790915284352,2.41686817424449,"RS"
7.1,12,1.90844104465584,1.26800892520272,2.8723356346603,"RS"
7.2,0,0.985790520605409,0.722347447254308,1.34531236209015,"RS"
7.2,1,1.01357739513577,0.802285572569377,1.28051553094753,"RS"
7.2,2,1.04368149279818,0.859366616020869,1.26752777929995,"RS"
7.2,3,1.07784577359282,0.880319558979655,1.31969294536457,"RS"
7.2,4,1.11805102985314,0.88308669661415,1.41553271060298,"RS"
7.2,5,1.16659947941793,0.893009601217298,1.52400863722295,"RS"
7.2,6,1.22624109750992,0.925950054884553,1.62391828942631,"RS"
7.2,7,1.29971984959653,0.9901466611378,1.70608229440885,"RS"
7.2,8,1.38777024832077,1.08024424060622,1.78284335128089,"RS"
7.2,9,1.49052938766242,1.1764849823334,1.88840307258229,"RS"
7.2,10,1.60797716008133,1.24602937905009,2.07506387153917,"RS"
7.2,11,1.73978981053771,1.2700025492944,2.3833563062787,"RS"
7.2,12,1.88517849799244,1.25881327653532,2.82321297013531,"RS"
7.3,0,0.985716866640334,0.725154056173288,1.33990526965631,"RS"
7.3,1,1.01365145817524,0.804705818183638,1.27685081360542,"RS"
7.3,2,1.04384393421447,0.861542886198671,1.26471958210225,"RS"
7.3,3,1.0779619115428,0.882546764637964,1.31664624391171,"RS"
7.3,4,1.11789919194373,0.885459697981426,1.41135571296736,"RS"
7.3,5,1.16585277769513,0.895309460596941,1.5181484828198,"RS"
7.3,6,1.22443880622469,0.927730453375828,1.61604093595664,"RS"
7.3,7,1.29625288681792,0.990763685653174,1.69593574221088,"RS"
7.3,8,1.38195751496103,1.07899399089423,1.76998814569345,"RS"
7.3,9,1.48163589292314,1.17283901914262,1.87173591888421,"RS"
7.3,10,1.59521663989353,1.24000802892351,2.0521771382419,"RS"
7.3,11,1.72233954683244,1.26214242638001,2.35033182672667,"RS"
7.3,12,1.86220863787523,1.24968065169371,2.77496575327235,"RS"
7.4,0,0.985643412845619,0.727964213817103,1.33453392192441,"RS"
7.4,1,1.01372535271271,0.807126810855064,1.27320648615778,"RS"
7.4,2,1.04400589374151,0.863719188622508,1.26192438529159,"RS"
7.4,3,1.07807731772829,0.884774897485259,1.31361175176152,"RS"
7.4,4,1.11774655816729,0.88783439017555,1.40719641198826,"RS"
7.4,5,1.16510591162395,0.897610359661012,1.51231742224291,"RS"
7.4,6,1.22263904416043,0.929509493815212,1.60820975175828,"RS"
7.4,7,1.29279603318481,0.991377013740096,1.68585871999705,"RS"
7.4,8,1.37617147382718,1.07774240280274,1.75723616371649,"RS"
7.4,9,1.47279982474377,1.16920304153077,1.8552289437473,"RS"
7.4,10,1.58256432156069,1.23401527297144,2.02956145416754,"RS"
7.4,11,1.70507439695697,1.25433024721927,2.31779366367295,"RS"
7.4,12,1.8395324524172,1.24061277101647,2.72758730407358,"RS"
7.5,0,0.985570226577894,0.730777302099784,1.32919929057152,"RS"
7.5,1,1.01379901848669,0.809547949760232,1.26958316698718,"RS"
7.5,2,1.04416719550645,0.865894938276108,1.25914251715392,"RS"
7.5,3,1.07819173417019,0.887003346963107,1.31058966080912,"RS"
7.5,4,1.11759284617713,0.890210111462464,1.40305502458783,"RS"
7.5,5,1.16435865987682,0.899911629674166,1.50651580013587,"RS"
7.5,6,1.22084176655454,0.931286605198704,1.60042527256795,"RS"
7.5,7,1.28934955451893,0.991986332182001,1.67585199493773,"RS"
7.5,8,1.37041280218667,1.07648958706581,1.74458840193343,"RS"
7.5,9,1.46402228986037,1.16557767179866,1.8388832568322,"RS"
7.5,10,1.57002161952547,1.22805219289177,2.00721752710929,"RS"
7.5,11,1.68799575944662,1.24656743223183,2.285740514501,"RS"
7.5,12,1.81715074750443,1.23161129362222,2.68107060746778,"RS"
7.6,0,0.985497375173954,0.733592691905886,1.32390233325736,"RS"
7.6,1,1.01387239521831,0.811968625824541,1.26598146910153,"RS"
7.6,2,1.04432766352898,0.868069543796528,1.25637430388587,"RS"
7.6,3,1.0783049027823,0.889231496166887,1.30758016149502,"RS"
7.6,4,1.11743777378472,0.892586192799587,1.39893176519405,"RS"
7.6,5,1.16361080169663,0.902212594731634,1.5007439551737,"RS"
7.6,6,1.21904692889211,0.933061211737963,1.59268802104982,"RS"
7.6,7,1.28591371357609,0.9925913264457,1.6659163088642,"RS"
7.6,8,1.36468216446278,1.07523565331776,1.73204581177744,"RS"
7.6,9,1.45530436209625,1.16196352359181,1.82269988974315,"RS"
7.6,10,1.55758988181436,1.22211984656703,1.98514593044653,"RS"
7.6,11,1.67110491827438,1.23885535987447,2.25417085668805,"RS"
7.6,12,1.79506415359771,1.22267781863116,2.63540833605611,"RS"
7.7,0,0.985424925950964,0.736409743088038,1.31864399378183,"RS"
7.7,1,1.01394542261148,0.814388221765662,1.26240200012447,"RS"
7.7,2,1.04448712172253,0.870242407533127,1.25362006953527,"RS"
7.7,3,1.07841656537401,0.891458721886633,1.30458344275528,"RS"
7.7,4,1.11728105896277,0.894961957861559,1.39482684571279,"RS"
7.7,5,1.16286211689764,0.904512571785743,1.4950022200863,"RS"
7.7,6,1.21725448690499,0.934832732899182,1.58499850694693,"RS"
7.7,7,1.28248877006984,0.993191680720414,1.65605237869311,"RS"
7.7,8,1.35898021239316,1.07398071011994,1.71960930049656,"RS"
7.7,9,1.44664708293959,1.1583612019939,1.80667979812798,"RS"
7.7,10,1.54527039160022,1.21621926840874,1.96334710786196,"RS"
7.7,11,1.65440304633241,1.23119536739418,2.22308295839912,"RS"
7.7,12,1.77327313246127,1.21381388640799,2.59059287220254,"RS"
7.8,0,0.985352946206717,0.739227804479455,1.31342520223783,"RS"
7.8,1,1.01401804035311,0.81680611215069,1.25884536227841,"RS"
7.8,2,1.0446453938959,0.872412925617449,1.25088013593512,"RS"
7.8,3,1.0785264636536,0.893684394656373,1.30159969196776,"RS"
7.8,4,1.11712241984903,0.897336723074262,1.39074047549715,"RS"
7.8,5,1.16211238586682,0.906810870680554,1.48929092167976,"RS"
7.8,6,1.21546439657102,0.93660058344837,1.57735722723175,"RS"
7.8,7,1.27907498069583,0.993787077960238,1.64626089685128,"RS"
7.8,8,1.35330758519131,1.07272486498932,1.70727973211898,"RS"
7.8,9,1.43805146212788,1.15477130362486,1.79082386376996,"RS"
7.8,10,1.53306436876975,1.21035146971206,1.94182137800892,"RS"
7.8,11,1.63789120889823,1.22358875159706,2.1924748888747,"RS"
7.8,12,1.75177798381317,1.20502097982513,2.54661632946663,"RS"
7.9,0,0.985281503219923,0.742046213922748,1.30824687515807,"RS"
7.9,1,1.01409018811326,0.819221663468089,1.25531215235942,"RS"
7.9,2,1.04480230375503,0.874580488044718,1.2481548226308,"RS"
7.9,3,1.07863433923211,0.895907878812416,1.29862909489414,"RS"
7.9,4,1.11696157475078,0.899709797657493,1.38667286131376,"RS"
7.9,5,1.16136138956568,0.909106794194996,1.48361038085546,"RS"
7.9,6,1.21367661411324,0.93836417350336,1.56976466625525,"RS"
7.9,7,1.27567259915654,0.994377199930271,1.63654253170017,"RS"
7.9,8,1.34766490971101,1.07146822442936,1.69505792841748,"RS"
7.9,9,1.42951847823822,1.1511944167437,1.77513289666994,"RS"
7.9,10,1.5209729714949,1.20451743902063,1.9205689391255,"RS"
7.9,11,1.6215703670826,1.21603676963257,2.1623445286074,"RS"
7.9,12,1.73057885189237,1.19630052554475,2.50347057337732,"RS"
8,0,0.985210664250558,0.744864298316528,1.30310991565413,"RS"
8,1,1.01416180554549,0.821634234215655,1.25180296170245,"RS"
8,2,1.04495767490521,0.876744478767742,1.24544444679938,"RS"
8,3,1.07873993362795,0.898128532561056,1.29567183561728,"RS"
8,4,1.11679824215006,0.902080483676718,1.38262420730571,"RS"
8,5,1.1606089095324,0.911399638094884,1.4779609126263,"RS"
8,6,1.21189109599904,0.940122908592908,1.56222129589412,"RS"
8,7,1.2722818761866,0.994961727256707,1.62689792795946,"RS"
8,8,1.34205280061352,1.07021089396327,1.68294466987215,"RS"
8,9,1.42104907928327,1.14763112135626,1.75960763711718,"RS"
8,10,1.50899729780639,1.1987181425013,1.89958987359241,"RS"
8,11,1.60544138125631,1.20854063979256,2.13268957930333,"RS"
8,12,1.70967573193816,1.18765389531889,2.46114724154839,"RS"
8.1,0,0.985140496540255,0.74768137368137,1.29801521354626,"RS"
8.1,1,1.01423283228708,0.824043175005781,1.24831837613587,"RS"
8.1,2,1.04511133085349,0.878904275804039,1.2427493231605,"RS"
8.1,3,1.07884298827197,0.900345708056211,1.29272809647351,"RS"
8.1,4,1.11663214070961,0.904448076104325,1.37859471495178,"RS"
8.1,5,1.15985472788449,0.913688691194275,1.47234282612999,"RS"
8.1,6,1.21010779893944,0.941876189723268,1.5547275756958,"RS"
8.1,7,1.26890305957853,0.99554033948117,1.61732770712925,"RS"
8.1,8,1.33647186053748,1.06895297816985,1.67094069663063,"RS"
8.1,9,1.41264418331228,1.1440819893279,1.7442487577471,"RS"
8.1,10,1.4971383871685,1.19295452432885,1.87888415243197,"RS"
8.1,11,1.58950501445327,1.20110154232458,2.10350757362472,"RS"
8.1,12,1.68906847657777,1.17908240730628,2.41963776313699,"RS"
8.2,0,0.985071067312736,0.750496745246873,1.29296364548184,"RS"
8.2,1,1.01430320795942,0.826447828689403,1.24485897592383,"RS"
8.2,2,1.04526309501142,0.881059251357061,1.24006976387797,"RS"
8.2,3,1.07894324451329,0.902558751487504,1.28979805797936,"RS"
8.2,4,1.11646298927946,0.906811862890854,1.37458458302156,"RS"
8.2,5,1.15909862732171,0.915973235426589,1.46675642463874,"RS"
8.2,6,1.20832667988829,0.943623413452632,1.54728395302067,"RS"
8.2,7,1.26553639420901,0.996112715119618,1.60783246791023,"RS"
8.2,8,1.33092268027135,1.06769458072222,1.65904670946486,"RS"
8.2,9,1.40430467901672,1.14054758450137,1.72905686558479,"RS"
8.2,10,1.48539722205351,1.18722750708039,1.8584516397453,"RS"
8.2,11,1.57376193574749,1.19372062025901,2.0747958847107,"RS"
8.2,12,1.66875680211842,1.17058732740531,2.37893337764819,"RS"
8.3,0,0.985002443774293,0.753309707561651,1.28795607504092,"RS"
8.3,1,1.01437287216835,0.828847530500126,1.24142533569498,"RS"
8.3,2,1.04541279069812,0.883208771952464,1.23740607845101,"RS"
8.3,3,1.07904044362564,0.904767003179375,1.28688189875221,"RS"
8.3,4,1.1162905069043,0.909171125046676,1.37059400752603,"RS"
8.3,5,1.1583403911296,0.91825254592601,1.46120200556503,"RS"
8.3,6,1.20654769604155,0.945363971973881,1.5398908631811,"RS"
8.3,7,1.26218212206556,0.996678531726156,1.59841278662119,"RS"
8.3,8,1.32540583892829,1.06643580442974,1.64726337072356,"RS"
8.3,9,1.39603142634004,1.13702846282001,1.71403250407243,"RS"
8.3,10,1.47377472951491,1.18153799213969,1.83829209708556,"RS"
8.3,11,1.55821272360164,1.18639898024971,2.04655173547351,"RS"
8.3,12,1.64874029474055,1.16216987060209,2.3390251530896,"RS"
8.4,0,0.98493469311432,0.756119544628269,1.28299335282641,"RS"
8.4,1,1.01444176450459,0.831241608220124,1.238018024356,"RS"
8.4,2,1.04556024114359,0.885352198590403,1.23475857359451,"RS"
8.4,3,1.07913432681442,0.906969797701804,1.28397979542433,"RS"
8.4,4,1.11611441283155,0.911525136734635,1.36662318166324,"RS"
8.4,5,1.15757980318321,0.920525891119647,1.45567986046306,"RS"
8.4,6,1.20477080483657,0.947097253206106,1.53254872957665,"RS"
8.4,7,1.25884048227376,0.997237465962134,1.58906921761341,"RS"
8.4,8,1.31992190412346,1.06517675128328,1.6355913052796,"RS"
8.4,9,1.38782525709128,1.13352517245643,1.6991761550796,"RS"
8.4,10,1.46227178275804,1.17588686011108,1.81840518776472,"RS"
8.4,11,1.54285786918503,1.17913769342778,2.01877220766837,"RS"
8.4,12,1.62901841658926,1.15383120233306,2.29990400348091,"RS"
8.5,0,0.984867882505884,0.758925530065259,1.2780763165369,"RS"
8.5,1,1.01450982454413,0.833629382369517,1.23463760498828,"RS"
8.5,2,1.04570526949237,0.887488886914928,1.23212755310696,"RS"
8.5,3,1.07922463522428,0.909166463993286,1.28109192254983,"RS"
8.5,4,1.11593442652005,0.913873165374213,1.36267229575856,"RS"
8.5,5,1.15681664795136,0.922792532831017,1.45019027502522,"RS"
8.5,6,1.20299596395135,0.948822640895389,1.52525796382507,"RS"
8.5,7,1.25551171112478,0.997789193670926,1.57980229368104,"RS"
8.5,8,1.31447143215343,1.06391752250437,1.62403110147139,"RS"
8.5,9,1.37968697556185,1.13003825394695,1.68448824089486,"RS"
8.5,10,1.45088920270727,1.17027497124326,1.79879048109196,"RS"
8.5,11,1.5276977796592,1.17193779626832,1.99145425073507,"RS"
8.5,12,1.60959051176123,1.14557243986154,2.26156070572447,"RS"
8.6,0,0.984802079106341,0.761726927298556,1.27320579101971,"RS"
8.6,1,1.01457699184877,0.836010166421066,1.23128463472589,"RS"
8.6,2,1.04584769880744,0.889618187401574,1.22951331772524,"RS"
8.6,3,1.07931110994743,0.91135632549672,1.27821845250379,"RS"
8.6,4,1.11575026764958,0.916214471757783,1.35874153719897,"RS"
8.6,5,1.1560507105013,0.925051726395429,1.44473352907323,"RS"
8.6,6,1.20122313130385,0.950539514725377,1.51801896588834,"RS"
8.6,7,1.2521960421035,0.998333389958822,1.57061252646709,"RS"
8.6,8,1.30905496817784,1.06265821859835,1.61258331203739,"RS"
8.6,9,1.37161735914536,1.12656824033194,1.66996912619743,"RS"
8.6,10,1.43962775956863,1.16470316586288,1.77944745654155,"RS"
8.6,11,1.51273278142912,1.16480029146994,1.96459469041036,"RS"
8.6,12,1.59045581218493,1.13739465366766,2.22398591584373,"RS"
8.7,0,0.984737350058005,0.764522989784813,1.2683825883015,"RS"
8.7,1,1.01464320596658,0.838383267042122,1.22795966461295,"RS"
8.7,2,1.04598735207452,0.891739445564371,1.22691616496501,"RS"
8.7,3,1.07939349203244,0.913538700308926,1.27535955537297,"RS"
8.7,4,1.11556165613102,0.918548310179556,1.35483109036096,"RS"
8.7,5,1.15528177650366,0.927302720787864,1.43930989654325,"RS"
8.7,6,1.19945226505132,0.952247250438218,1.51083212419325,"RS"
8.7,7,1.24889370591691,0.998869729282506,1.56150040686411,"RS"
8.7,8,1.30367304640305,1.06139893941207,1.60124845504297,"RS"
8.7,9,1.36361715895996,1.1231156573025,1.65561912000769,"RS"
8.7,10,1.42848817438696,1.15917226481817,1.76037550784869,"RS"
8.7,11,1.49796312335857,1.15772614884688,1.93819023711015,"RS"
8.7,12,1.57161344339221,1.1292988688514,2.18717018459719,"RS"
8.8,0,0.984673762488857,0.767312961269291,1.26360750759387,"RS"
8.8,1,1.01470840643251,0.84074798436592,1.22466323943832,"RS"
8.8,2,1.04612405220653,0.893852002183487,1.22433638894546,"RS"
8.8,3,1.0794715224938,0.915712901344542,1.27251539883748,"RS"
8.8,4,1.11536831211717,0.92087392857788,1.35094113653138,"RS"
8.8,5,1.15450963223796,0.929544758764025,1.43391964546444,"RS"
8.8,6,1.19768332358963,0.95394521996645,1.5036978157458,"RS"
8.8,7,1.245604930523,0.999397885543606,1.55246640540897,"RS"
8.8,8,1.29832619026775,1.06013978419642,1.5900270147987,"RS"
8.8,9,1.35568710047275,1.11968102335356,1.6414384776153,"RS"
8.8,10,1.41747112059672,1.15368306993256,1.74157394703136,"RS"
8.8,11,1.48338897994798,1.15071630623392,1.91223749408119,"RS"
8.8,12,1.55306243017942,1.12128606654851,2.15110397247628,"RS"
8.9,0,0.984611383513301,0.770096076081173,1.25888133527094,"RS"
8.9,1,1.0147725327689,0.843103612294429,1.22139589754551,"RS"
8.9,2,1.04625762204847,0.89595519355488,1.22177428019727,"RS"
8.9,3,1.07954494232197,0.917878236515072,1.26968614804258,"RS"
8.9,4,1.11516995601437,0.923190568691578,1.34707185382064,"RS"
8.9,5,1.1537340645984,0.93177707701523,1.42856303793035,"RS"
8.9,6,1.19591626555257,0.955632791576511,1.49661640623881,"RS"
8.9,7,1.24232994116005,0.999917532190869,1.54351097267102,"RS"
8.9,8,1.29301491263037,1.05888085167425,1.57891944276923,"RS"
8.9,9,1.3478278841262,1.11626484994395,1.62742740248368,"RS"
8.9,10,1.40657722556556,1.14823636446874,1.72304200833692,"RS"
8.9,11,1.46901045447356,1.14377167040385,1.88673296532223,"RS"
8.9,12,1.53480170215693,1.11335718535912,2.11577766409618,"RS"
9,0,0.984550280232968,0.772871559469364,1.2542048448158,"RS"
9,1,1.01483552448616,0.845449438835109,1.2181581706153,"RS"
9,2,1.04638788438256,0.898048351763308,1.21923012545231,"RS"
9,3,1.07961349249416,0.920034008923951,1.26687196545991,"RS"
9,4,1.11496630849473,0.925497466231029,1.34322341706772,"RS"
9,5,1.15295486110003,0.93399890633789,1.42324033006231,"RS"
9,6,1.19415104981127,0.95730933002454,1.48958825015193,"RS"
9,7,1.23906896037629,1.00042834233055,1.53463453963273,"RS"
9,8,1.28773971595829,1.05762224011402,1.56792615847181,"RS"
9,9,1.34004018596587,1.11286764166359,1.61358604812977,"RS"
9,10,1.39580707213003,1.14283291360319,1.70477885211195,"RS"
9,11,1.45482758208639,1.13689311799798,1.8616730632748,"RS"
9,12,1.51683009918586,1.1055131227891,2.08118158198932,"RS"
9.1,0,0.984490519737562,0.775638627982041,1.24957879673262,"RS"
9.1,1,1.01489732108341,0.847784746474056,1.21495058341887,"RS"
9.1,2,1.04651466193365,0.900130804980224,1.21670420741369,"RS"
9.1,3,1.07967691398568,0.922179517078478,1.26407301073727,"RS"
9.1,4,1.11475709050911,0.927793851064783,1.33939599773611,"RS"
9.1,5,1.15217180988542,0.936209471818366,1.41795177196434,"RS"
9.1,6,1.19238763547356,0.958974196725229,1.48261369084325,"RS"
9.1,7,1.23582220805992,1.0009299888456,1.5258375180621,"RS"
9.1,8,1.28250109251874,1.05636404740979,1.55704755036377,"RS"
9.1,9,1.3323246582694,1.10948989640838,1.59991451997802,"RS"
9.1,10,1.38516120012248,1.13747346491166,1.68678356859406,"RS"
9.1,11,1.44084033287041,1.13008149646962,1.83705411628418,"RS"
9.1,12,1.49914637670122,1.09775473670433,2.04730599981162,"RS"
9.2,0,0.984432169105754,0.778396489893443,1.2450039384208,"RS"
9.2,1,1.01495786204914,0.850108812588182,1.21177365353863,"RS"
9.2,2,1.04663777737496,0.90220187778806,1.21419680450468,"RS"
9.2,3,1.07973494778186,0.924314055119571,1.26128944053618,"RS"
9.2,4,1.11454202330081,0.930078947422509,1.33558976380008,"RS"
9.2,5,1.15138469973164,0.938407993034006,1.41269760766849,"RS"
9.2,6,1.19062598188332,0.960626749934498,1.4756930606318,"RS"
9.2,7,1.23258990146959,1.00142214452443,1.51712030087603,"RS"
9.2,8,1.27729952457121,1.05510637116803,1.54628397671766,"RS"
9.2,9,1.32468193017631,1.10613210556316,1.58641287718725,"RS"
9.2,10,1.37464010788867,1.13215874886586,1.66905518162459,"RS"
9.2,11,1.42704861485835,1.12333762504108,1.81287237583151,"RS"
9.2,12,1.48174921092108,1.0900828467981,2.01414115497213,"RS"
9.3,0,0.984375295406124,0.781144345681583,1.24048100400753,"RS"
9.3,1,1.01501708686201,0.852420909899193,1.20862789105406,"RS"
9.3,2,1.0467570533341,0.904260891532548,1.21170819059495,"RS"
9.3,3,1.07978733489071,0.926436913070294,1.25852140835618,"RS"
9.3,4,1.11432082841986,0.932351974115137,1.33180487962048,"RS"
9.3,5,1.15059332005762,0.940593684271278,1.40747807507009,"RS"
9.3,6,1.18886604861992,0.962266344946863,1.46882668086993,"RS"
9.3,7,1.22937225526514,1.0019044821998,1.50848326249358,"RS"
9.3,8,1.27213548456141,1.05384930880195,1.5356357664836,"RS"
9.3,9,1.31711260831841,1.10279475419316,1.57308113444968,"RS"
9.3,10,1.36424425379538,1.1268894793418,1.65159265228102,"RS"
9.3,11,1.41345227700492,1.11666229567452,1.789124023538,"RS"
9.3,12,1.46463720394129,1.08249823607217,1.98167726069711,"RS"
9.4,0,0.984319965698141,0.78388138856082,1.23601071413474,"RS"
9.4,1,1.01507493499155,0.854720306972274,1.20551379818981,"RS"
9.4,2,1.04687231239944,0.906307164704764,1.20923863470235,"RS"
9.4,3,1.07983381635608,0.928547377104218,1.25576906434498,"RS"
9.4,4,1.11409322773816,0.934612144773105,1.32804150580919,"RS"
9.4,5,1.14979746093193,0.942765754761908,1.40229340585179,"RS"
9.4,6,1.18710779549762,0.963892334308373,1.46201486200466,"RS"
9.4,7,1.22616948153873,1.00237667489882,1.49992675917835,"RS"
9.4,8,1.26700943531666,1.05259295763387,1.52510322013747,"RS"
9.4,9,1.30961727745045,1.09947832124462,1.55991926376069,"RS"
9.4,10,1.35397405772747,1.12166635414035,1.6343948824283,"RS"
9.4,11,1.40005111211621,1.11005627405719,1.76580517794259,"RS"
9.4,12,1.44780888871591,1.0750016523319,1.94990451753986,"RS"
9.5,0,0.9842662470332,0.786606805073417,1.23159377569636,"RS"
9.5,1,1.015131345899,0.857006268762545,1.20243186892281,"RS"
9.5,2,1.04698337712672,0.908340013354668,1.2067884006687,"RS"
9.5,3,1.07987413327154,0.930644729834661,1.25303255509344,"RS"
9.5,4,1.11385894346516,0.93685866810366,1.32429979908137,"RS"
9.5,5,1.14899691308092,0.944923408938035,1.39714382539555,"RS"
9.5,6,1.185351182565,0.965504068046109,1.45525790362713,"RS"
9.5,7,1.22298178984638,1.00283839600477,1.49145112936893,"RS"
9.5,8,1.26192183024256,1.05133741500636,1.51468661051418,"RS"
9.5,9,1.30219650108086,1.09618327975498,1.54692719615852,"RS"
9.5,10,1.34382990257388,1.11649005552042,1.61746071818792,"RS"
9.5,11,1.38684485973521,1.10352030060168,1.74291190105457,"RS"
9.5,12,1.43126273392344,1.06759380969635,1.91881312434796,"RS"
9.6,0,0.984214206455695,0.789319775744459,1.22723088152149,"RS"
9.6,1,1.01518625903811,0.859278057212462,1.19938258854545,"RS"
9.6,2,1.04709007004596,0.910358751537956,1.20435774680763,"RS"
9.6,3,1.07990802679478,0.932728250625963,1.25031202341426,"RS"
9.6,4,1.11361769816431,0.939090748168247,1.3205799120945,"RS"
9.6,5,1.14819146789728,0.94706584670743,1.39202955268153,"RS"
9.6,6,1.18359617010442,0.967100893915252,1.4485560945088,"RS"
9.6,7,1.21980938723972,1.00328931943163,1.48305669399638,"RS"
9.6,8,1.25687311352102,1.05008277840299,1.504386183625,"RS"
9.6,9,1.29485082210221,1.09291009707344,1.53410482343279,"RS"
9.6,10,1.33381213570205,1.11136125074551,1.60078895332428,"RS"
9.6,11,1.37383320898251,1.09705509146198,1.72044020468283,"RS"
9.6,12,1.41499714871934,1.06027539012412,1.8883932886997,"RS"
9.7,0,0.984163911004142,0.792019475804724,1.22292270999883,"RS"
9.7,1,1.01523961385606,0.861534931903464,1.19636643318149,"RS"
9.7,2,1.04719221366875,0.912362691798142,1.20194692552278,"RS"
9.7,3,1.07993523816269,0.934797215927961,1.24760760810329,"RS"
9.7,4,1.11336921477021,0.941307584681023,1.31688199327332,"RS"
9.7,5,1.14738091744889,0.949192263749903,1.3869508001729,"RS"
9.7,6,1.18184271863144,0.968682157664841,1.44190971262364,"RS"
9.7,7,1.21665247829822,1.00372911981239,1.47474375678757,"RS"
9.7,8,1.25186372030939,1.04882914557933,1.49420215945776,"RS"
9.7,9,1.28758076342132,1.08965923509243,1.52145199980064,"RS"
9.7,10,1.32392107042045,1.1062805926444,1.58437833254718,"RS"
9.7,11,1.36101580135218,1.09066133956615,1.69838605654361,"RS"
9.7,12,1.39901048737537,1.05304704495597,1.85863523682183,"RS"
9.8,0,0.984115427712349,0.794705075986279,1.21866992463778,"RS"
9.8,1,1.01529134979434,0.863776150765299,1.19338386925122,"RS"
9.8,2,1.04728963049573,0.914351145685808,1.19955618289428,"RS"
9.8,3,1.07995550870705,0.936850899634912,1.24491944368225,"RS"
9.8,4,1.11311321660638,0.943508373329655,1.31320618661949,"RS"
9.8,5,1.14656505448816,0.951301851836077,1.38190777368524,"RS"
9.8,6,1.18009078889432,0.970247203323375,1.43531902515475,"RS"
9.8,7,1.21351126516158,1.00415747270211,1.46651260455333,"RS"
9.8,8,1.24689407694083,1.04757661470522,1.484134732759,"RS"
9.8,9,1.28038682858864,1.08643115049085,1.50896854354976,"RS"
9.8,10,1.3141569874287,1.10124872018646,1.56822755473011,"RS"
9.8,11,1.3483922334624,1.0843397156666,1.67674538614865,"RS"
9.8,12,1.38330105380674,1.0459093964755,1.82952922300058,"RS"
9.9,0,0.984068823610625,0.797375743395811,1.21447317356091,"RS"
9.9,1,1.0153414062897,0.866000970846525,1.19043535288259,"RS"
9.9,2,1.04738214302443,0.916323424317026,1.1971857582317,"RS"
9.9,3,1.07996857987086,0.938888573470145,1.2422476601217,"RS"
9.9,4,1.11284942740376,0.945692306119561,1.30955263150497,"RS"
9.9,5,1.14574367246166,0.953393799169795,1.37690067223958,"RS"
9.9,6,1.1783403418735,0.971795373505522,1.42878428848445,"RS"
9.9,7,1.21038594756258,1.00457405479681,1.45836350746017,"RS"
9.9,8,1.24196460112562,1.04632528451915,1.47418407379688,"RS"
9.9,9,1.2732695024268,1.08322629498978,1.49665423864686,"RS"
9.9,10,1.30452013625505,1.09626625907285,1.55233527604339,"RS"
9.9,11,1.33596205976074,1.07809086940905,1.65551409047597,"RS"
9.9,12,1.36786710598789,1.03886303948918,1.80106553849841,"RS"
10,0,0.984024165727047,0.800030642470859,1.21033308892301,"RS"
10,1,1.01538972277514,0.868208649149794,1.18752132926459,"RS"
10,2,1.04746957375743,0.918278838973005,1.19483588359138,"RS"
10,3,1.07997419322518,0.940909507397773,1.23959238254281,"RS"
10,4,1.11257757131992,0.94785857174285,1.30592146244782,"RS"
10,5,1.14491656552014,0.955467290755479,1.37192968789749,"RS"
10,6,1.17659133878107,0.973326009741248,1.42230574816619,"RS"
10,7,1.20727672286009,1.00497854416939,1.45029671928411,"RS"
10,8,1.23707570215358,1.04507525449574,1.46435032910353,"RS"
10,9,1.26622925165814,1.08004511562166,1.48450883631084,"RS"
10,10,1.29501073668095,1.09133382234426,1.53670011300163,"RS"
10,11,1.32372479518419,1.07191543042151,1.63468803942526,"RS"
10,12,1.35270686025831,1.03190854292739,1.77323451998851,"RS"
10.1,0,0.983981521088759,0.802668936024274,1.2062502862511,"RS"
10.1,1,1.01543623868091,0.870398443535546,1.18464223193929,"RS"
10.1,2,1.04755174521077,0.920216701743005,1.19250678325614,"RS"
10.1,3,1.07997209048673,0.94291297006286,1.23695373089685,"RS"
10.1,4,1.11229737295886,0.950006355973275,1.30231280886923,"RS"
10.1,5,1.14408352852891,0.957521508791845,1.36699500557715,"RS"
10.1,6,1.17484374106031,0.974838452828791,1.41588363887714,"RS"
10.1,7,1.20418378607253,1.00537062052401,1.44231247764551,"RS"
10.1,8,1.23222778109739,1.04382662502746,1.45463362219588,"RS"
10.1,9,1.25926652553099,1.07688805501379,1.47253205654936,"RS"
10.1,10,1.28562898015231,1.08645201100636,1.52132064542497,"RS"
10.1,11,1.31167991777369,1.06581400942448,1.6142630810603,"RS"
10.1,12,1.33781849551955,1.02504645146807,1.74602655751933,"RS"
10.2,0,0.983940956723327,0.80528978638237,1.20222536370022,"RS"
10.2,1,1.01548089343559,0.872569613697798,1.18179848202905,"RS"
10.2,2,1.04762847992267,0.922136326212626,1.19019867317537,"RS"
10.2,3,1.07996201353598,0.944898229261453,1.23433181962073,"RS"
10.2,4,1.11200855739157,0.952134842088545,1.29872679483048,"RS"
10.2,5,1.14324435707863,0.95955563309347,1.36209680284875,"RS"
10.2,6,1.17309751038519,0.976332043212974,1.40951818434964,"RS"
10.2,7,1.2011073299115,1.00574996546993,1.43441100422315,"RS"
10.2,8,1.22742123101675,1.04257949762173,1.44503405427344,"RS"
10.2,9,1.25238175644464,1.07375555168715,1.46072358965772,"RS"
10.2,10,1.27637503117749,1.08162141467409,1.50619541931336,"RS"
10.2,11,1.29982687124371,1.05978719936402,1.59423504664061,"RS"
10.2,12,1.32320015732516,1.0182772871851,1.7194321020214,"RS"
10.3,0,0.983902539660134,0.8078923566223,1.19825890121924,"RS"
10.3,1,1.01552362646714,0.874721422215671,1.17899048739509,"RS"
10.3,2,1.04769960046257,0.924037028199529,1.18791176036337,"RS"
10.3,3,1.07994370443594,0.946864552441973,1.23172675726742,"RS"
10.3,4,1.11171085017723,0.95424321132146,1.29516353874845,"RS"
10.3,5,1.1423988474964,0.961568841541735,1.35723524970777,"RS"
10.3,6,1.1713526086599,0.977806121390432,1.40320959728018,"RS"
10.3,7,1.1980475448157,1.00611626281668,1.42659250494637,"RS"
10.3,8,1.22265643716348,1.04133397511446,1.43555170489178,"RS"
10.3,9,1.24557536057271,1.07064804037179,1.44908309767893,"RS"
10.3,10,1.2672490287117,1.07684261223605,1.49132294963335,"RS"
10.3,11,1.28816506750681,1.05383557656922,1.57459975544472,"RS"
10.3,12,1.308849961865,1.01160155122325,1.69344167236843,"RS"
10.4,0,0.983866336931823,0.810475811914252,1.19435145962142,"RS"
10.4,1,1.01556437720409,0.876853135684255,1.17621864172397,"RS"
10.4,2,1.04776492944048,0.925918126538642,1.18564624225402,"RS"
10.4,3,1.07991690545148,0.948811207239444,1.2291386461096,"RS"
10.4,4,1.11140397738507,0.956330643341335,1.29162315308815,"RS"
10.4,5,1.14154679685728,0.96356031056683,1.35241050832461,"RS"
10.4,6,1.16960899801843,0.979260028343451,1.39695807921397,"RS"
10.4,7,1.19500461898522,1.00646919889173,1.41885717016327,"RS"
10.4,8,1.21793377718727,1.04009016190166,1.42618663261032,"RS"
10.4,9,1.23884773848498,1.06756595233978,1.43761021582382,"RS"
10.4,10,1.25825108752766,1.07211617254031,1.47670172301689,"RS"
10.4,11,1.27669388915368,1.04795970193595,1.55535301938735,"RS"
10.4,12,1.29476599984602,1.00501972550233,1.66804586200471,"RS"
10.5,0,0.983832415575787,0.81303932097404,1.19050357955393,"RS"
10.5,1,1.01560308507664,0.87896402592833,1.17348332353853,"RS"
10.5,2,1.04782428951655,0.927778943918845,1.18340230600977,"RS"
10.5,3,1.07988135906935,0.950737462044107,1.22656758171519,"RS"
10.5,4,1.1110876656169,0.958396316767274,1.28810574403094,"RS"
10.5,5,1.14068800299605,0.965529215662503,1.34762273276869,"RS"
10.5,6,1.16786664082408,0.980693106004176,1.39076382040349,"RS"
10.5,7,1.19197873841597,1.00680846288248,1.41120517478364,"RS"
10.5,8,1.21325362134228,1.0388481641902,1.41693887561287,"RS"
10.5,9,1.2321992757674,1.06450971575714,1.42630455384974,"RS"
10.5,10,1.24938129957263,1.06744265510308,1.46233020037134,"RS"
10.5,11,1.26541269188901,1.04216012213877,1.53649064743295,"RS"
10.5,12,1.28094634027124,0.998532274452714,1.64323534515057,"RS"
10.6,0,0.983800842635701,0.815582057631566,1.18671578036105,"RS"
10.6,1,1.01563968951787,0.881053371302255,1.1707848951299,"RS"
10.6,2,1.04787750341104,0.929618807773067,1.1811801277831,"RS"
10.6,3,1.07983680801873,0.952642586605966,1.22401365249313,"RS"
10.6,4,1.11076164203035,0.960439409714923,1.28461141111667,"RS"
10.6,5,1.13982226451948,0.967474731935376,1.34287206870545,"RS"
10.6,6,1.16612549966907,0.982104697751066,1.38462699963902,"RS"
10.6,7,1.18897008693445,1.00713374720432,1.40363667839454,"RS"
10.6,8,1.20861633269435,1.03760809026942,1.40780845229942,"RS"
10.6,9,1.22563034364024,1.06147975605599,1.41516569739693,"RS"
10.6,10,1.24063973531159,1.06282261084192,1.44820681940023,"RS"
10.6,11,1.2543208069238,1.03643737087308,1.51800844980785,"RS"
10.6,12,1.26738903411907,0.992139646785153,1.61900088259765,"RS"
10.7,0,0.983771685163106,0.818103202520508,1.18298855883576,"RS"
10.7,1,1.01567412996501,0.883120458079162,1.16812370140758,"RS"
10.7,2,1.04792439391452,0.931437051223585,1.17897987192857,"RS"
10.7,3,1.07978299529239,0.954525852676842,1.22147693920799,"RS"
10.7,4,1.11042563436267,0.962459100378344,1.2811402468583,"RS"
10.7,5,1.13894938081882,0.969396034690703,1.3381586530643,"RS"
10.7,6,1.1643855373741,0.98349414893955,1.3785477840492,"RS"
10.7,7,1.18597884623278,1.00744474789644,1.39615182534678,"RS"
10.7,8,1.2040222673289,1.03637005080507,1.39879536184754,"RS"
10.7,9,1.21914129957435,1.05847649632853,1.40419320928079,"RS"
10.7,10,1.23202644505667,1.05825658283499,1.43432999703406,"RS"
10.7,11,1.24341754332447,1.03079197012977,1.49990224201341,"RS"
10.7,12,1.25409211792529,0.985842277297646,1.59533332710533,"RS"
10.8,0,0.98374501021903,0.820601944894296,1.17932238785456,"RS"
10.8,1,1.01570634586068,0.885164581932266,1.16550006866473,"RS"
10.8,2,1.04796478389837,0.93323301408422,1.176801690164,"RS"
10.8,3,1.07971966416852,0.956386534691472,1.21895751446172,"RS"
10.8,4,1.11007937095531,0.96445456764875,1.27769233632717,"RS"
10.8,5,1.13806915208272,0.971292300056538,1.3334826136755,"RS"
10.8,6,1.16264671698794,0.984860807468953,1.37252632886952,"RS"
10.8,7,1.18300519590391,1.00774116504744,1.38875074481032,"RS"
10.8,8,1.19947177455938,1.03513415915731,1.38989958474163,"RS"
10.8,9,1.21273248790534,1.05550035774419,1.39338663073908,"RS"
10.8,10,1.22354146028285,1.05374510710835,1.42069813177045,"RS"
10.8,11,1.23270219031971,1.02522443150471,1.48216784864243,"RS"
10.8,12,1.24105361726984,0.979640588722453,1.57222362840963,"RS"
10.9,0,0.983720884875664,0.823077484573109,1.17571771489104,"RS"
10.9,1,1.01573627665418,0.887185049510733,1.16291430325642,"RS"
10.9,2,1.04799849632563,0.93500604392089,1.17464572067912,"RS"
10.9,3,1.07964655823308,0.958223910489235,1.21645544214129,"RS"
10.9,4,1.10972258077908,0.966424991771851,1.27426775670729,"RS"
10.9,5,1.13718137931042,0.973162705648337,1.32884406887419,"RS"
10.9,6,1.16090900178706,0.986204024387839,1.36656277717665,"RS"
10.9,7,1.18004931347712,1.00802270325271,1.38143355079644,"RS"
10.9,8,1.19496519713634,1.03390053172454,1.38112108326833,"RS"
10.9,9,1.20640424044568,1.05255175999182,1.38274548263227,"RS"
10.9,10,1.21518479492996,1.04928871345304,1.40730960592293,"RS"
10.9,11,1.22217401956552,1.01973525754568,1.46480110700107,"RS"
10.9,12,1.22827155017099,0.973534993616496,1.54966283785558,"RS"
11,0,0.983699376218081,0.825529034026156,1.17217496040385,"RS"
11,1,1.01576386180287,0.889181180112078,1.16036669018865,"RS"
11,2,1.04802535426209,0.936755497171784,1.17251208719061,"RS"
11,3,1.07956342140281,0.960037262077997,1.21397077683039,"RS"
11,4,1.10935499345993,0.968369555045621,1.27086657681684,"RS"
11,5,1.13628586432537,0.975006431276113,1.3242431270692,"RS"
11,6,1.15917235527524,0.987523154540024,1.3606572595862,"RS"
11,7,1.17711137445375,1.00828907210577,1.37420034214459,"RS"
11,8,1.19050287145703,1.03266928831491,1.37245980197606,"RS"
11,9,1.20015687709474,1.04963112174848,1.3722692665957,"RS"
11,10,1.20695644669121,1.04488792627411,1.3941627877776,"RS"
11,11,1.2118322873695,1.0143249431393,1.44779787053852,"RS"
11,12,1.21574393038932,0.967525896298575,1.52764211266379,"RS"
11.1,0,0.983680551345995,0.827955820592874,1.16869451609564,"RS"
11.1,1,1.01578904077354,0.891152307452502,1.15785749161698,"RS"
11.1,2,1.04804518088766,0.938480740328141,1.17040089794255,"RS"
11.1,3,1.07946999794879,0.961825876441558,1.21150356318405,"RS"
11.1,4,1.10897633930545,0.970287442560317,1.26748885659507,"RS"
11.1,5,1.13538240978913,0.976822659696307,1.3196798862747,"RS"
11.1,6,1.15743674118317,0.98881755725357,1.35480989391169,"RS"
11.1,7,1.17419155234316,1.00853998672569,1.3670512024716,"RS"
11.1,8,1.18608512777546,1.03144055254755,1.3639156680969,"RS"
11.1,9,1.19399070644655,1.04673886117683,1.36195746614198,"RS"
11.1,10,1.19885639828822,1.04054326547368,1.38125603365694,"RS"
11.1,11,1.20167623687501,1.00899397694087,1.43115401208655,"RS"
11.1,12,1.20346877064418,0.961613694836966,1.5061527198418,"RS"
11.2,0,0.983664477375576,0.83035708884596,1.16527674303996,"RS"
11.2,1,1.0158117530438,0.893097781535897,1.15538694525404,"RS"
11.2,2,1.04805779950813,0.940181151176277,1.16831224465153,"RS"
11.2,3,1.07936603252063,0.963589046392089,1.20905383526461,"RS"
11.2,4,1.108586349332,0.972177842982582,1.26413464655281,"RS"
11.2,5,1.13447081921559,0.978610577410602,1.31515443360233,"RS"
11.2,6,1.15570212346814,0.990086597075195,1.34902078478226,"RS"
11.2,7,1.17129001869889,1.00877516832304,1.35998620008094,"RS"
11.2,8,1.18171229041297,1.03021445228555,1.35548859192863,"RS"
11.2,9,1.18790602639546,1.043875396453,1.35180954771185,"RS"
11.2,10,1.19088461873293,1.0362552473703,1.36858768988979,"RS"
11.2,11,1.19170510020635,1.00374284284996,1.41486542691104,"RS"
11.2,12,1.19144408574535,0.955798783091129,1.48518603975062,"RS"
11.3,0,0.983651221441304,0.832732103098217,1.16192196967438,"RS"
11.3,1,1.01583193810354,0.895016970621473,1.15295526268588,"RS"
11.3,2,1.0480630335671,0.941856120101128,1.16624620139637,"RS"
11.3,3,1.07925127017121,0.965326071468884,1.20662161583782,"RS"
11.3,4,1.1081847552924,0.97403994938551,1.26080398718474,"RS"
11.3,5,1.13355089698559,0.980369375513948,1.3106668447117,"RS"
11.3,6,1.15396846631365,0.991329644552559,1.34329002321656,"RS"
11.3,7,1.16840694315508,1.00899434480666,1.35300538782958,"RS"
11.3,8,1.17738467796923,1.02899112010284,1.34717846717488,"RS"
11.3,9,1.18190312473956,1.04104114632697,1.34182496167197,"RS"
11.3,10,1.18304106457643,1.03202438565704,1.35615609468673,"RS"
11.3,11,1.18191810057573,0.998572021534867,1.39892803557761,"RS"
11.3,12,1.17966789564264,0.950081552811395,1.46473356933622,"RS"
11.4,0,0.983640850697871,0.835080150054127,1.15863048965889,"RS"
11.4,1,1.01584953545644,0.896909263289031,1.15056262759827,"RS"
11.4,2,1.04806070665829,0.943505051451132,1.16420282345248,"RS"
11.4,3,1.07912545638205,0.967036258884582,1.20420691562792,"RS"
11.4,4,1.10777128970433,0.975872960126478,1.25749690834158,"RS"
11.4,5,1.13262244836182,0.982098250594103,1.30621718321676,"RS"
11.4,6,1.15223573412908,0.992546077066983,1.33761768615038,"RS"
11.4,7,1.16554249346302,1.00919725143384,1.34610880294997,"RS"
11.4,8,1.17310260353369,1.02777069378736,1.33898517124118,"RS"
11.4,9,1.17598227978187,1.03823653071772,1.33200314325769,"RS"
11.4,10,1.17532568114506,1.02785119240072,1.34395957991995,"RS"
11.4,11,1.17231445435335,0.993481992009017,1.3833377866333,"RS"
11.4,12,1.1681382283964,0.944462395800583,1.44478692503624,"RS"
11.5,0,0.983633432322132,0.837400541605794,1.15540255960007,"RS"
11.5,1,1.01586448462144,0.898774070599898,1.14820919391496,"RS"
11.5,2,1.04805064253814,0.945127364963747,1.16218214607164,"RS"
11.5,3,1.07898833708926,0.968718924519919,1.20180973253064,"RS"
11.5,4,1.10734568587934,0.977676079774585,1.25421342856041,"RS"
11.5,5,1.13168527950404,0.983796405685001,1.30180550004591,"RS"
11.5,6,1.15050389154939,0.993735279719165,1.3320038359153,"RS"
11.5,7,1.16269683552805,1.00938363150637,1.33929646682448,"RS"
11.5,8,1.16886637489739,1.02655331688267,1.33090856548459,"RS"
11.5,9,1.17014376092942,1.0354619713453,1.32234351345912,"RS"
11.5,10,1.16773840376406,1.02373617908486,1.33199647280651,"RS"
11.5,11,1.16289337310147,0.988473233262599,1.36809065910644,"RS"
11.5,12,1.15685312307181,0.938941706141593,1.42533784537119,"RS"
11.6,0,0.983629033515095,0.839692617771441,1.1522383966429,"RS"
11.6,1,1.01587672513435,0.900610828350367,1.14589508385102,"RS"
11.6,2,1.04803266513859,0.946722497250353,1.16018418320849,"RS"
11.6,3,1.07883965871004,0.970373393967839,1.19943005078329,"RS"
11.6,4,1.10690767795247,0.97944852008942,1.25095355435145,"RS"
11.6,5,1.13073919748462,0.98546305127626,1.29743183275346,"RS"
11.6,6,1.14877290343479,0.994896646270525,1.32644851966578,"RS"
11.6,7,1.1598701334465,1.00955323711519,1.33256838470985,"RS"
11.6,8,1.16467629476519,1.02533913927069,1.32294849541471,"RS"
11.6,9,1.16438782929008,1.03271789240216,1.31284547984851,"RS"
11.6,10,1.16027915896904,1.01967985769902,1.32026509749423,"RS"
11.6,11,1.15365406557373,0.983546225952655,1.35318266482664,"RS"
11.6,12,1.14581063256001,0.93351988249506,1.40637819322988,"RS"
11.7,0,0.983627721503968,0.841955749772997,1.14913817593377,"RS"
11.7,1,1.01588619654941,0.902418999413202,1.14362038588583,"RS"
11.7,2,1.04800659858035,0.948289903338623,1.1582089261956,"RS"
11.7,3,1.07867916816977,0.971999003627605,1.19706784009133,"RS"
11.7,4,1.10645700091248,0.981189501052856,1.24771727943947,"RS"
11.7,5,1.12978401030449,0.987097406381106,1.2930962047801,"RS"
11.7,6,1.14704273487041,0.996029580142775,1.32095176875208,"RS"
11.7,7,1.15706254954293,1.00970582993617,1.32592454540885,"RS"
11.7,8,1.16053266096836,1.02412831779776,1.31510479084349,"RS"
11.7,9,1.15871473826732,1.03000472126627,1.30350843734707,"RS"
11.7,10,1.1529478657056,1.0156827418773,1.30876377654912,"RS"
11.7,11,1.14459573968105,0.978701454154964,1.33860985056692,"RS"
11.7,12,1.13500882632916,0.928197330471166,1.38789995785828,"RS"
11.8,0,0.98362956354424,0.844189343247431,1.14610202796015,"RS"
11.8,1,1.01589283844094,0.904198076161341,1.14138515266144,"RS"
11.8,2,1.04797226718624,0.94982905826974,1.15625634236974,"RS"
11.8,3,1.07850661292969,0.973595101849264,1.19472305471106,"RS"
11.8,4,1.1059933906327,0.982898251955413,1.24450458395841,"RS"
11.8,5,1.12881952690922,0.98869869966494,1.28879862466025,"RS"
11.8,6,1.14531335116605,0.99713349547833,1.3155135980363,"RS"
11.8,7,1.15427424440756,1.00984118207978,1.31936492088653,"RS"
11.8,8,1.15643576667757,1.02292101694689,1.30737726598158,"RS"
11.8,9,1.15312473415287,1.02732288925829,1.29433176892918,"RS"
11.8,10,1.14574443651755,1.01174534808857,1.29749083234333,"RS"
11.8,11,1.13571760442513,0.973939407181018,1.32436830001008,"RS"
11.8,12,1.12444579310861,0.922974465079662,1.36989525656111,"RS"
11.9,0,0.98363462692182,0.846392841584464,1.14313003577438,"RS"
11.9,1,1.01589659040498,0.905947582966427,1.13918939881394,"RS"
11.9,2,1.04792949549498,0.951339458747054,1.15432637365287,"RS"
11.9,3,1.07832174101517,0.975161050128536,1.19239563248833,"RS"
11.9,4,1.10551658390251,0.984574012538633,1.24131543359775,"RS"
11.9,5,1.12784555720561,0.990266170636685,1.28453908517403,"RS"
11.9,6,1.14358471785587,0.998207818264069,1.31013400514915,"RS"
11.9,7,1.15150537693385,1.00995907699731,1.31288946582842,"RS"
11.9,8,1.15238590061611,1.02171740955854,1.29976571947873,"RS"
11.9,9,1.1476180567174,1.02467283244564,1.2853148462621,"RS"
11.9,10,1.13866877872406,1.00786819688144,1.2864445883428,"RS"
11.9,11,1.12701887180123,0.969260581463343,1.31045413554162,"RS"
11.9,12,1.1141196435094,0.917851713262065,1.3523563361254,"RS"
12,0,0.983642978955215,0.848565729381007,1.14022223211121,"RS"
12,1,1.01589739206101,0.907667078763142,1.13703309874663,"RS"
12,2,1.04787810827519,0.952820624831945,1.15241893509187,"RS"
12,3,1.07812430104447,0.976696224351839,1.19008549385353,"RS"
12,4,1.10502631845935,0.986216034194697,1.23814977869926,"RS"
12,5,1.12686191207845,0.991799070904918,1.28031756244188,"RS"
12,6,1.14185680069812,0.999251987520937,1.30481296968472,"RS"
12,7,1.14875610435627,1.01005931044621,1.30649811713811,"RS"
12,8,1.14838334727363,1.0205176776026,1.29226993440572,"RS"
12,9,1.1421949397992,1.0220549924956,1.27645703027914,"RS"
12,10,1.13172079558622,1.00405181418665,1.27562337029373,"RS"
12,11,1.11849875867129,0.96466548251235,1.29686351987121,"RS"
12,12,1.10402851258427,0.912829516509841,1.33527557397503,"RS"
12.1,0,0.983654686997758,0.850707536000277,1.13737859641147,"RS"
12.1,1,1.01589518305366,0.909356159668577,1.13491618435594,"RS"
12.1,2,1.0478179305397,0.954272101681729,1.15053391336246,"RS"
12.1,3,1.07791404225815,0.978200016090762,1.18779254077369,"RS"
12.1,4,1.10452233302142,0.987823581224304,1.23500755330325,"RS"
12.1,5,1.12586840340764,0.993296665500623,1.27613401495997,"RS"
12.1,6,1.14012956567489,1.00026545656168,1.2995504523312,"RS"
12.1,7,1.14602658228828,1.01014169151713,1.30019079337158,"RS"
12.1,8,1.14442838712008,1.01932201300423,1.28488967817555,"RS"
12.1,9,1.13685561189109,1.01946981758054,1.26775767168425,"RS"
12.1,10,1.12490038746343,1.00029673267953,1.26502550730692,"RS"
12.1,11,1.11015648860907,0.960154626947731,1.28359265748547,"RS"
12.1,12,1.09417056233074,0.907908333572177,1.31864547906587,"RS"
12.2,0,0.983669818439877,0.852817839220935,1.1345990517664,"RS"
12.2,1,1.01588990305452,0.911014461644092,1.13283854272263,"RS"
12.2,2,1.04774878756011,0.955693461323504,1.14867116524311,"RS"
12.2,3,1.07769071454898,0.979671833944845,1.18551665566256,"RS"
12.2,4,1.10400436732088,0.98939593215358,1.23188867414343,"RS"
12.2,5,1.12486484408558,0.994758234268204,1.2719883825747,"RS"
12.2,6,1.13840297899182,1.00124769431886,1.29434639393509,"RS"
12.2,7,1.14331696476049,1.01020604372517,1.29396739410595,"RS"
12.2,8,1.14052129682003,1.018130618526,1.2776247024014,"RS"
12.2,9,1.13160029672546,1.01691776333729,1.25921611138622,"RS"
12.2,10,1.11820745296016,0.996603493205349,1.25464933283954,"RS"
12.2,11,1.10199129371858,0.955728544607238,1.27063779593462,"RS"
12.2,12,1.08454398414046,0.903088643256658,1.30245869253056,"RS"
12.3,0,0.983688440711424,0.854896268958905,1.13188346180019,"RS"
12.3,1,1.01588149176392,0.91264166318527,1.13080001378261,"RS"
12.3,2,1.0476705048817,0.957084304456799,1.14683051606622,"RS"
12.3,3,1.07745406849244,0.981111104931037,1.18325770025049,"RS"
12.3,4,1.10347216213768,0.990932381110447,1.22879303958995,"RS"
12.3,5,1.1238510480349,0.996183073326096,1.26788058539486,"RS"
12.3,6,1.13667700707791,1.0021981867451,1.28920071449721,"RS"
12.3,7,1.14062740425895,1.01025220616754,1.28782779924041,"RS"
12.3,8,1.13666234944736,1.0169437087088,1.27047474268917,"RS"
12.3,9,1.12642921385778,1.01439929388363,1.2508316808606,"RS"
12.3,10,1.11164189006357,0.992972646270013,1.24449318557369,"RS"
12.3,11,1.0940024164276,0.951387780735427,1.25799522695599,"RS"
12.3,12,1.07514700119832,0.898370947325777,1.28670798808297,"RS"
12.4,0,0.983710621284034,0.85694251104172,1.12923162751102,"RS"
12.4,1,1.01586988891276,0.914237488023677,1.12880038799381,"RS"
12.4,2,1.04758290833853,0.958444262276897,1.14501175815477,"RS"
12.4,3,1.07720385537775,0.982517275917637,1.18101551441621,"RS"
12.4,4,1.10292545933396,0.99243223926052,1.2257205285405,"RS"
12.4,5,1.12282683022644,0.997570496598013,1.26381052264057,"RS"
12.4,6,1.13495161658526,1.00311643828712,1.28411331209867,"RS"
12.4,7,1.13795805176365,1.01028003474967,1.28177186822719,"RS"
12.4,8,1.13285181470026,1.01576151087396,1.26343951836243,"RS"
12.4,9,1.1213425792485,1.01191488289401,1.24260370243748,"RS"
12.4,10,1.10520359727253,0.989404753598463,1.23455541019148,"RS"
12.4,11,1.08618911125758,0.947132898254591,1.24566128743782,"RS"
12.4,12,1.06597787083496,0.893755773491785,1.27138627219204,"RS"
12.5,0,0.98373642767354,0.85895631101241,1.12664328409355,"RS"
12.5,1,1.0158550342644,0.915801707822338,1.12683940401706,"RS"
12.5,2,1.04748582406893,0.959772998309585,1.1432146492534,"RS"
12.5,3,1.07693982723943,0.983889815099908,1.17878991498323,"RS"
12.5,4,1.10236400188898,0.993894836302173,1.22267099925976,"RS"
12.5,5,1.12179200669751,0.998919837415447,1.25977807142801,"RS"
12.5,6,1.13322677438884,1.00400197343482,1.27908406175568,"RS"
12.5,7,1.13530905678718,1.01028940348169,1.27579943923103,"RS"
12.5,8,1.12908995911663,1.01458426618858,1.25651873211785,"RS"
12.5,9,1.11634060584357,1.00946501473691,1.23453148951377,"RS"
12.5,10,1.09889247471867,0.985900389762957,1.22483435804672,"RS"
12.5,11,1.07855064657177,0.942964480119714,1.23363236022709,"RS"
12.5,12,1.05703488683609,0.889243678511814,1.25648658403562,"RS"
12.6,0,0.983765927442441,0.860937477937136,1.12411809776894,"RS"
12.6,1,1.01583686761661,0.917334144845039,1.12491674643097,"RS"
12.6,2,1.04737907853115,0.961070210247046,1.14143891096445,"RS"
12.6,3,1.07666173688945,0.985228213513903,1.17658069448439,"RS"
12.6,4,1.10178753393466,0.995319522019908,1.21964428816814,"RS"
12.6,5,1.12074639457046,1.00023045019159,1.25578308549004,"RS"
12.6,6,1.13150244758629,1.00485433834634,1.27411281420221,"RS"
12.6,7,1.13268056741356,1.01028020584663,1.26991032821549,"RS"
12.6,8,1.12537704628974,1.01341223079617,1.24971206960946,"RS"
12.6,9,1.11142350415372,1.00705018567592,1.22661434668842,"RS"
12.6,10,1.09270842527995,0.98246014388307,1.21532838773346,"RS"
12.6,11,1.07108630630316,0.938883131758789,1.22190487478573,"RS"
12.6,12,1.04831638171229,0.884835251384571,1.24200209524508,"RS"
12.7,0,0.9837991882024,0.862885888188028,1.12165566265096,"RS"
12.7,1,1.01581532880343,0.918834674577899,1.12303204350234,"RS"
12.7,2,1.04726249851937,0.962335631773582,1.13968422720014,"RS"
12.7,3,1.07636933794987,0.986531986584336,1.17438761989862,"RS"
12.7,4,1.10119580079163,0.996705667894624,1.21664020858095,"RS"
12.7,5,1.11968981207154,1.00150171216633,1.25182539383277,"RS"
12.7,6,1.1297786034977,1.0056731025492,1.26919939460027,"RS"
12.7,7,1.13007273033723,1.01025235624137,1.26410432795537,"RS"
12.7,8,1.1217133370844,1.01224567701415,1.24301919896017,"RS"
12.7,9,1.10659148283259,1.0046709051365,1.21885156981952,"RS"
12.7,10,1.08665135568757,0.979084621398896,1.20603586555216,"RS"
12.7,11,1.06379539166395,0.934889483599234,1.21047530770019,"RS"
12.7,12,1.03982072893306,0.880531116649173,1.2279261094525,"RS"
12.8,0,0.983836277616806,0.864801489170116,1.1192554976793,"RS"
12.8,1,1.01579035769725,0.92030322828017,1.12118486503513,"RS"
12.8,2,1.04713591117996,0.96356903436878,1.13795024266319,"RS"
12.8,3,1.076062384886,0.987800675701549,1.1722104313648,"RS"
12.8,4,1.10058854900588,0.998052668768731,1.2136585494002,"RS"
12.8,5,1.11862207854997,1.00273302522118,1.24790479932927,"RS"
12.8,6,1.12805520966546,1.00645786071741,1.26434360117803,"RS"
12.8,7,1.12748569090217,1.01020579149096,1.25838120697463,"RS"
12.8,8,1.11809908985341,1.01108489459953,1.2364397701997,"RS"
12.8,9,1.10184474925401,1.00232769703983,1.21124244600255,"RS"
12.8,10,1.08072117762665,0.975774445918516,1.19695516587475,"RS"
12.8,11,1.05667722283835,0.930984193680507,1.19934018304992,"RS"
12.8,12,1.03154634512869,0.876331937785834,1.21425206165247,"RS"
12.9,0,0.983877263403376,0.866684302958888,1.11691704365394,"RS"
12.9,1,1.01576189421074,0.921739795439914,1.11937472032242,"RS"
12.9,2,1.046999144028,0.964770229074852,1.13623656136918,"RS"
12.9,3,1.07574063304014,0.989033849821845,1.17004884087846,"RS"
12.9,4,1.09996552638584,0.999359944563361,1.21069907376157,"RS"
12.9,5,1.11754301449734,1.00392381776265,1.24402107725179,"RS"
12.9,6,1.12633223385399,1.00720823452335,1.25954520379679,"RS"
12.9,7,1.12491959314128,1.0101404724361,1.25274070840993,"RS"
12.9,8,1.11453456065449,1.00993019208373,1.22997341462817,"RS"
12.9,9,1.09718351008842,1.0000211012051,1.20378625346932,"RS"
12.9,10,1.0749178088316,0.972530261140262,1.18808467141023,"RS"
12.9,11,1.04973114066055,0.927167950352212,1.18849607264131,"RS"
12.9,12,1.02349169226383,0.87223842071718,1.20097351739192,"RS"
13,0,0.983922213336803,0.86853442981301,1.11463966040589,"RS"
13,1,1.01572987829899,0.923144426109204,1.11760105622652,"RS"
13,2,1.04685202496409,0.965939068213958,1.13454274522487,"RS"
13,3,1.07540383866577,0.99023110708463,1.16790253097779,"RS"
13,4,1.09932648204014,1.00062694204418,1.20776151763999,"RS"
13,5,1.11645244156725,1.00507354667127,1.24017397374518,"RS"
13,6,1.12460964404966,1.00792387456281,1.25480394244864,"RS"
13,7,1.12237457981574,1.01005638559323,1.24718254880068,"RS"
13,8,1.11102000346759,1.0087818981767,1.22361974410538,"RS"
13,9,1.09260797187878,0.997751674820983,1.19648226140763,"RS"
13,10,1.06924117417669,0.969352732849713,1.17942277337345,"RS"
13,11,1.04295650827967,0.923441475056158,1.17793959611438,"RS"
13,12,1.01565527978668,0.868251317407938,1.18808417180194,"RS"
13.1,0,0.983971195251453,0.870352051525129,1.11242262414156,"RS"
13.1,1,1.0156942499615,0.924517233092809,1.11586325541352,"RS"
13.1,2,1.04669438229142,0.967075447040612,1.13286831267717,"RS"
13.1,3,1.07505175896229,0.991392076438926,1.16577115342631,"RS"
13.1,4,1.09867116641574,1.00185313663144,1.20484558841821,"RS"
13.1,5,1.11535018259518,1.00618169931303,1.23636320424477,"RS"
13.1,6,1.12288740846056,1.00860446235016,1.25011952568731,"RS"
13.1,7,1.11985079245474,1.00995354488552,1.24170641680718,"RS"
13.1,8,1.10755567041267,1.00764036324037,1.21737835026625,"RS"
13.1,9,1.08811834161606,0.995519993986444,1.18932972970246,"RS"
13.1,10,1.0636912067627,0.966242550990671,1.17096787156004,"RS"
13.1,11,1.03635271281361,0.919805525189865,1.16766742093056,"RS"
13.1,12,1.00803566675751,0.864371429559618,1.17557784848691,"RS"
13.2,0,0.984024277044113,0.872137434572563,1.1102651249992,"RS"
13.2,1,1.01565494924438,0.925858393963986,1.11416063476844,"RS"
13.2,2,1.0465260447331,0.968179305313646,1.13121273744836,"RS"
13.2,3,1.07468415211025,0.992516419270961,1.16365432790047,"RS"
13.2,4,1.09799933133669,1.00303803424897,1.20195096342336,"RS"
13.2,5,1.11423606161869,1.00724779560865,1.23258845184298,"RS"
13.2,6,1.12116549551636,1.00924971238025,1.24549162899622,"RS"
13.2,7,1.11734837139518,1.00983199344241,1.23631197185936,"RS"
13.2,8,1.10414181196797,1.00650596083015,1.21124880366369,"RS"
13.2,9,1.08371482731463,0.99332665532066,1.18232790859966,"RS"
13.2,10,1.05826784900039,0.963200431808568,1.16271837433156,"RS"
13.2,11,1.02991916699386,0.916260897047959,1.15767626225111,"RS"
13.2,12,1.00063146396073,0.860599612395614,1.16344849828716,"RS"
13.3,0,0.984081526676784,0.87389093302919,1.10816626485603,"RS"
13.3,1,1.01561191624249,0.927168152881145,1.11249244401729,"RS"
13.3,2,1.04634684144976,0.969250628771777,1.12957544737346,"RS"
13.3,3,1.07430077730711,0.993603831023676,1.16155164069126,"RS"
13.3,4,1.0973107300433,1.00418117320598,1.19907728843785,"RS"
13.3,5,1.11310990389777,1.00827139015533,1.22884936561021,"RS"
13.3,6,1.11944387386815,1.00985937425186,1.24091989309829,"RS"
13.3,7,1.11486745582162,1.00969180546435,1.23099884273951,"RS"
13.3,8,1.10077867718877,1.00537908930313,1.20523065284096,"RS"
13.3,9,1.07939763858762,0.991172277640851,1.17547603829442,"RS"
13.3,10,1.05297105369156,0.960227120063904,1.15467269851588,"RS"
13.3,11,1.02365531080313,0.912808428836816,1.14796288271652,"RS"
13.3,12,0.993441336004336,0.856936778530894,1.15169019793273,"RS"
13.4,0,0.98414301217952,0.875612991199966,1.10612505542485,"RS"
13.4,1,1.0155650911016,0.928446822179718,1.11085786458166,"RS"
13.4,2,1.04615660205743,0.970289450496594,1.12795582335583,"RS"
13.4,3,1.07390139480343,0.994654042798113,1.15946264342972,"RS"
13.4,4,1.09660511723186,1.00528212610422,1.19622417619154,"RS"
13.4,5,1.11197153593554,1.00925207439411,1.2251455588765,"RS"
13.4,6,1.11772251238831,1.01043323484671,1.23640392221379,"RS"
13.4,7,1.1124081838064,1.00953308814799,1.22576662610393,"RS"
13.4,8,1.09746651392671,1.00426017348998,1.19932342333644,"RS"
13.4,9,1.07516698722264,0.989057503706235,1.16877334844705,"RS"
13.4,10,1.04780078510856,0.957323391312329,1.14682926922854,"RS"
13.4,11,1.01756061310798,0.909449003756579,1.13852409213902,"RS"
13.4,12,0.98646400341098,0.85338390191916,1.1402971486071,"RS"
13.5,0,0.984208801653317,0.877304145940374,1.10414041667791,"RS"
13.5,1,1.01551441402064,0.929694783714624,1.10925600869052,"RS"
13.5,2,1.04595515664567,0.97129585214678,1.12635319845712,"RS"
13.5,3,1.07348576593958,0.995666822925853,1.15738685184724,"RS"
13.5,4,1.09588224909483,1.00634050176245,1.19339120484354,"RS"
13.5,5,1.11082078549906,1.01018947881496,1.22147660748186,"RS"
13.5,6,1.1160013801704,1.01097112055659,1.23194328227355,"RS"
13.5,7,1.10997069234979,1.00935598366634,1.22061488494899,"RS"
13.5,8,1.09420556904965,1.00314966642723,1.19352661662488,"RS"
13.5,9,1.07102308775804,0.986983002025322,1.16221905763006,"RS"
13.5,10,1.04275702007305,0.95449005424696,1.13918651962223,"RS"
13.5,11,1.01163457328858,0.906183553143483,1.12935674712111,"RS"
13.5,12,0.979698244704795,0.849942021869062,1.12926367444098,"RS"
13.6,0,0.984278963273054,0.878965028624772,1.10221117563422,"RS"
13.6,1,1.01545982525397,0.930912489930348,1.10768591877199,"RS"
13.6,2,1.0457423357959,0.97226996504762,1.12476685713757,"RS"
13.6,3,1.07305365318295,0.996641978500871,1.15532374458204,"RS"
13.6,4,1.0951418833615,1.0073559471484,1.19057791646303,"RS"
13.6,5,1.10965748164052,1.01108327519029,1.21784204800443,"RS"
13.6,6,1.11428044652899,1.01147289954961,1.22753749909634,"RS"
13.6,7,1.10755511742045,1.00916067119654,1.21554314702907,"RS"
13.6,8,1.09099608866215,1.00204805114498,1.18783970900004,"RS"
13.6,9,1.06696615805986,0.984949468722812,1.15581237271106,"RS"
13.6,10,1.03783974903506,0.951727953097378,1.13174289057258,"RS"
13.6,11,1.00587672286766,0.903013059664129,1.12045775061471,"RS"
13.6,12,0.973142898498249,0.846612247119764,1.11858422095754,"RS"
13.7,0,0.984353565290475,0.880596366730023,1.10033606554402,"RS"
13.7,1,1.01540126511365,0.932100464637731,1.10614656714619,"RS"
13.7,2,1.04551797060012,0.973211971120351,1.12319603466181,"RS"
13.7,3,1.07260482016557,0.997579356858506,1.15327276204413,"RS"
13.7,4,1.09438377933912,1.008328149308,1.18778381551932,"RS"
13.7,5,1.1084814547185,1.0119331788262,1.21424137597714,"RS"
13.7,6,1.11255968099956,1.01193848406528,1.22318605654096,"RS"
13.7,7,1.1051615939959,1.00894736898695,1.21055090323484,"RS"
13.7,8,1.08783831832662,1.00095584250428,1.18226215040513,"RS"
13.7,9,1.06299641989999,0.982957629461287,1.1495524881774,"RS"
13.7,10,1.03304897715301,0.949037970078606,1.12449683030962,"RS"
13.7,11,1.00028662714097,0.899938560552112,1.11182405143658,"RS"
13.7,12,0.966796865583384,0.843395759964941,1.10825335349173,"RS"
13.8,0,0.984432676037226,0.882198985004089,1.09851372550074,"RS"
13.8,1,1.01533867397179,0.933259303479221,1.10463685603724,"RS"
13.8,2,1.04528189267972,0.97412210363673,1.12163991668497,"RS"
13.8,3,1.07213903172225,0.998478846988617,1.15123330535156,"RS"
13.8,4,1.09360769795446,1.00925683727986,1.18500836739303,"RS"
13.8,5,1.10729253641963,1.01273895081912,1.21067404410478,"RS"
13.8,6,1.11083905333841,1.01236783272629,1.2188883946448,"RS"
13.8,7,1.10279025610327,1.00871633645344,1.205637605942,"RS"
13.8,8,1.08473250328517,0.9998735890769,1.17679336321866,"RS"
13.8,9,1.05911409953554,0.981008241411716,1.1434385854096,"RS"
13.8,10,1.02838472537588,0.94642102788209,1.11744679400571,"RS"
13.8,11,0.994863886811572,0.896961150876142,1.10345264375725,"RS"
13.8,12,0.960659111031854,0.840293820413173,1.09826575560765,"RS"
13.9,0,0.984516363927936,0.883773806193322,1.09674270050708,"RS"
13.9,1,1.0152719922629,0.934389674067423,1.10315561791952,"RS"
13.9,2,1.04503393420469,0.97500064778524,1.12009763903242,"RS"
13.9,3,1.07165605392912,0.999340380869542,1.14920473535119,"RS"
13.9,4,1.09281340179585,1.01014178398242,1.18225099692085,"RS"
13.9,5,1.10609055978027,1.01350040030449,1.207139460495,"RS"
13.9,6,1.10911853352255,1.01276095285338,1.2146439077626,"RS"
13.9,7,1.10044123686003,1.00846787629333,1.20080266734228,"RS"
13.9,8,1.08167888868215,0.998801875058867,1.1714327410045,"RS"
13.9,9,1.05531942828993,0.979102095265582,1.13746983191175,"RS"
13.9,10,1.02384703152841,0.943878092199508,1.11059124333184,"RS"
13.9,11,0.989608139630188,0.894081986827656,1.09534056658173,"RS"
13.9,12,0.954728666308326,0.837307770371721,1.08861622753867,"RS"
14,0,0.98460469746335,0.885321851306979,1.09502144201651,"RS"
14,1,1.01520116048629,0.935492315785371,1.10170161620992,"RS"
14,2,1.04477392791296,0.975847941036748,1.11856828768527,"RS"
14,3,1.07115565414268,1.0001639347091,1.14718637173771,"RS"
14,4,1.09200065515563,1.01098280805957,1.17951108698779,"RS"
14,5,1.10487535920857,1.01421738668213,1.20363698691833,"RS"
14,6,1.10739809174958,1.01311790276805,1.2104519427206,"RS"
14,7,1.09811466851508,1.00820233660386,1.19604545776984,"RS"
14,8,1.07867771978748,0.997741322207936,1.1661796472367,"RS"
14,9,1.05161264313586,0.977240017280141,1.13164538050857,"RS"
14,10,1.01943595140025,0.941410174268937,1.10392864599575,"RS"
14,11,0.984519062044113,0.891302289014846,1.08748490324148,"RS"
14,12,0.949004631401836,0.834439037839899,1.07929968467622,"RS"
14.1,0,0.984697745233512,0.886844239402998,1.09334830896651,"RS"
14.1,1,1.01512611920851,0.936568039240842,1.10027354631341,"RS"
14.1,2,1.04450170713006,0.976664373299072,1.1170508989822,"RS"
14.1,3,1.07063760103921,1.00094953007872,1.14517749228459,"RS"
14.1,4,1.09116922407301,1.01177977567014,1.17678797718158,"RS"
14.1,5,1.10364677050663,1.01488982180184,1.20016593711347,"RS"
14.1,6,1.10567769843766,1.01343879406606,1.20631179700303,"RS"
14.1,7,1.0958106824898,1.00792011299025,1.1913653040381,"RS"
14.1,8,1.07572924222093,0.996692591793384,1.16103341401087,"RS"
14.1,9,1.04799398728055,0.975422871347,1.12596436852,"RS"
14.1,10,1.01515155984031,0.93901833343172,1.09745747527638,"RS"
14.1,11,0.979596370857149,0.888623345749103,1.07988278091834,"RS"
14.1,12,0.943486176979876,0.83168914109772,1.07031115613365,"RS"
14.2,0,0.984795575920992,0.888342186885127,1.09172156931343,"RS"
14.2,1,1.0150468090658,0.937617725371316,1.09887003702562,"RS"
14.2,2,1.044217105789,0.977450386851807,1.11554446004601,"RS"
14.2,3,1.07010166465464,1.00169723492681,1.14317733220089,"RS"
14.2,4,1.0903188763774,1.01253260220508,1.17408096252499,"RS"
14.2,5,1.10240463089293,1.0155176720913,1.19672557515564,"RS"
14.2,6,1.10395732422539,1.01372379384318,1.20222271698935,"RS"
14.2,7,1.09352940941935,1.00762165064707,1.1867614878036,"RS"
14.2,8,1.07283370217709,0.995656386545253,1.1559933407555,"RS"
14.2,9,1.0444637107536,0.973651561072871,1.12042591692567,"RS"
14.2,10,1.01099395185722,0.936703679687209,1.09117620957054,"RS"
14.2,11,0.974839824903083,0.886046516309176,1.07253137022151,"RS"
14.2,12,0.938172546570034,0.829059692875266,1.06164578341179,"RS"
14.3,0,0.984898258304169,0.889817006307984,1.09013940207256,"RS"
14.3,1,1.0149631707666,0.938642324200621,1.09748965229104,"RS"
14.3,2,1.04391995845036,0.978206476054953,1.11404790944133,"RS"
14.3,3,1.06954761642491,1.00240716445759,1.14118508362737,"RS"
14.3,4,1.08944938173203,1.01324125391602,1.17138929230241,"RS"
14.3,5,1.10114877902485,1.01610096060694,1.19331511390724,"RS"
14.3,6,1.10223693997176,1.01397312685316,1.19818389626242,"RS"
14.3,7,1.09127097919415,1.00730744639479,1.18223324397487,"RS"
14.3,8,1.06999134665148,0.994633452588619,1.1510586929581,"RS"
14.3,9,1.04102207099769,0.971927031860028,1.11502912953284,"RS"
14.3,10,1.00696324372706,0.934467376231517,1.08508333196868,"RS"
14.3,11,0.970249226735353,0.883573234167852,1.06542788483984,"RS"
14.3,12,0.933063058774188,0.826552404488375,1.05329881919337,"RS"
14.4,0,0.985005861260556,0.891270104693486,1.08859989986012,"RS"
14.4,1,1.01487514509409,0.93964285325289,1.09613089331139,"RS"
14.4,2,1.04361010032265,0.97893318682719,1.11256013806764,"RS"
14.4,3,1.06897522922659,1.0030794818622,1.13919989528509,"RS"
14.4,4,1.08856051167807,1.0139057494377,1.16871216899794,"RS"
14.4,5,1.09987905502152,1.01663976898759,1.18993371357067,"RS"
14.4,6,1.10051651675608,1.01418707757636,1.19419447400891,"RS"
14.4,7,1.08903552100138,1.00697805065215,1.17777975918606,"RS"
14.4,8,1.06720242366757,0.993624581347048,1.14622870092235,"RS"
14.4,9,1.03766933346265,0.970250272972732,1.10977309216287,"RS"
14.4,10,1.00305957410957,0.932310641965517,1.07917732987767,"RS"
14.4,11,0.965824424335567,0.881205010165776,1.05856958129147,"RS"
14.4,12,0.928157109520343,0.824169089926718,1.04526562629248,"RS"
14.5,0,0.985118453770186,0.892702981368976,1.08710107192691,"RS"
14.5,1,1.01478267290873,0.940620395634056,1.0947922009937,"RS"
14.5,2,1.04328736728292,0.979631115892204,1.1110799902888,"RS"
14.5,3,1.06838427741803,1.00371439888942,1.137220872289,"RS"
14.5,4,1.08765203967907,1.01452616118679,1.16604874736219,"RS"
14.5,5,1.0985953004867,1.01713423928938,1.18658048036479,"RS"
14.5,6,1.09879602587791,1.0143659921763,1.19025353353453,"RS"
14.5,7,1.08682316336678,1.00663406932354,1.17340017035619,"RS"
14.5,8,1.06446718250487,0.992630611398077,1.14150255857408,"RS"
14.5,9,1.0344057722031,0.968622319574683,1.10465687187233,"RS"
14.5,10,0.999283105173906,0.930234753956623,1.07345669470931,"RS"
14.5,11,0.96156531284367,0.878943435617203,1.05195375879322,"RS"
14.5,12,0.92345417435737,0.821911669881341,1.03754167678525,"RS"
14.6,0,0.985236104919035,0.894117225344339,1.08564084766648,"RS"
14.6,1,1.01468569515086,0.941576097795588,1.09347195872352,"RS"
14.6,2,1.04295159589753,0.980300909794089,1.10960626529837,"RS"
14.6,3,1.06777453688086,1.00431217624426,1.13524707613805,"RS"
14.6,4,1.08672374116573,1.01510261661905,1.16339813362578,"RS"
14.6,5,1.09729735853198,1.01758457568001,1.18325446534666,"RS"
14.6,6,1.09707543885707,1.01451028032065,1.18636010091789,"RS"
14.6,7,1.08463403419655,1.00627616557939,1.16909356335607,"RS"
14.6,8,1.06178587392818,0.991652430262367,1.13687942233465,"RS"
14.6,9,1.03123167048017,0.967044254721539,1.09967951622601,"RS"
14.6,10,0.995634023735262,0.928241049838409,1.06791992165379,"RS"
14.6,11,0.957471836312595,0.876790185332953,1.04557775927166,"RS"
14.6,12,0.918953810798046,0.819782175700155,1.03012255134604,"RS"
14.7,0,0.985358883902506,0.895514512252063,1.08421708057401,"RS"
14.7,1,1.01458415284338,0.942511166999451,1.09216849544396,"RS"
14.7,2,1.04260262344324,0.980943263685554,1.1081377187164,"RS"
14.7,3,1.06714578506182,1.00487312380393,1.13327752489219,"RS"
14.7,4,1.08577539358112,1.01563529932706,1.16075938487699,"RS"
14.7,5,1.0959850738,1.01799104596975,1.17995466340093,"RS"
14.7,6,1.09535472743353,1.01462041684197,1.18251314382713,"RS"
14.7,7,1.08246826081936,1.00590506150691,1.1648589718059,"RS"
14.7,8,1.05915875041806,0.990690976107146,1.13235841008187,"RS"
14.7,9,1.02814732136763,0.965517211291614,1.09484005264011,"RS"
14.7,10,0.992112542403628,0.926330930131956,1.06256550955756,"RS"
14.7,11,0.953543989490347,0.874747020546809,1.03943896753691,"RS"
14.7,12,0.914655660715948,0.817782753261802,1.02300393881247,"RS"
14.8,0,0.985486860028956,0.8968966008805,1.08282755262569,"RS"
14.8,1,1.01447798709436,0.943426868507242,1.09088008901786,"RS"
14.8,2,1.04224028792843,0.981558919895349,1.10667306441162,"RS"
14.8,3,1.06649780101506,1.00539760064191,1.13131119354548,"RS"
14.8,4,1.08480677642611,1.01612444996101,1.15813150862097,"RS"
14.8,5,1.09465829248798,1.0183539829566,1.17668001241937,"RS"
14.8,6,1.09363386356741,1.01469694321376,1.178711570524,"RS"
14.8,7,1.08032597002858,1.00552153960756,1.16069537602715,"RS"
14.8,8,1.05658606640253,0.989747239343786,1.12793860021893,"RS"
14.8,9,1.02515302836283,0.964042373837252,1.09013748781431,"RS"
14.8,10,0.988718900745901,0.924505860472933,1.05739196092506,"RS"
14.8,11,0.949781819632545,0.872815791732947,1.03353481163929,"RS"
14.8,12,0.910559452801939,0.815915666760738,1.01618163600001,"RS"
14.9,0,0.98562010272328,0.898265329336366,1.08146997904277,"RS"
14.9,1,1.01436713909975,0.944324522519982,1.08960496984619,"RS"
14.9,2,1.0418644281146,0.982148666284012,1.10521097653934,"RS"
14.9,3,1.06583036544471,1.0058860148525,1.12934701460243,"RS"
14.9,4,1.08381767130522,1.01657036695551,1.15551346253719,"RS"
14.9,5,1.09331686237125,1.01867378556316,1.17342939269268,"RS"
14.9,6,1.09191281943896,1.01474046881679,1.17495422908024,"RS"
14.9,7,1.07820728812467,1.00512644411778,1.15660170217244,"RS"
14.9,8,1.05406807849018,0.988822264098863,1.12361903087256,"RS"
14.9,9,1.02224910600291,0.962620980338941,1.08557080727224,"RS"
14.9,10,0.985453366462779,0.922767373728931,1.05239778206343,"RS"
14.9,11,0.946185428348568,0.87099844130381,1.02786276342702,"RS"
14.9,12,0.906665005086168,0.814183302399327,1.00965154778465,"RS"
15,0,0.985758681530539,0.899622610877501,1.08014201339938,"RS"
15,1,1.01425155014612,0.9452055008981,1.08834132471338,"RS"
15,2,1.04147488353806,0.982713334399528,1.10375009178378,"RS"
15,3,1.06514326074784,1.00633882317008,1.12738387886362,"RS"
15,4,1.08280786197275,1.01697340704665,1.15290415445072,"RS"
15,5,1.0919606328271,1.01895091974327,1.17020162653624,"RS"
15,6,1.09019156744852,1.01475167197162,1.17123990683024,"RS"
15,7,1.07611234095769,1.00472068212936,1.15257682155719,"RS"
15,8,1.05160504570462,0.987917149537851,1.11939869924188,"RS"
15,9,1.0194358804867,0.96125432384417,1.08113897502964,"RS"
15,10,0.982316236581788,0.92111707199245,1.04758148338837,"RS"
15,11,0.942754973484502,0.869297006180081,1.02242033932146,"RS"
15,12,0.902972227531688,0.812588171986138,1.0034096874689,"RS"
15.1,0,0.985902666119648,0.900970429461165,1.07884125302886,"RS"
15.1,1,1.01413116161345,0.946071223693596,1.08708730082729,"RS"
15.1,2,1.04107149453186,0.983253797446897,1.10228901179031,"RS"
15.1,3,1.06443627105775,1.0067565303793,1.12542063642383,"RS"
15.1,4,1.08177713437919,1.01733398556437,1.15030244253215,"RS"
15.1,5,1.09058945485859,1.0191859191378,1.16699547817041,"RS"
15.1,6,1.08847008021652,1.0147313007138,1.1675673300835,"RS"
15.1,7,1.07404125397,1.00430522448653,1.14861955021617,"RS"
15.1,8,1.04919722972056,0.987033051020827,1.115276561119,"RS"
15.1,9,1.01671369030281,0.959943753973302,1.07684093340942,"RS"
15.1,10,0.979307838667896,0.919556628436248,1.04294157990823,"RS"
15.1,11,0.939490671046273,0.867713620227137,1.01720510132356,"RS"
15.1,12,0.899481124706023,0.811132916443461,0.997452177443235,"RS"
15.2,0,0.986052126287106,0.902310835056405,1.07756524468039,"RS"
15.2,1,1.01400591497785,0.946923155528239,1.08584101001995,"RS"
15.2,2,1.04065410224789,0.98377096808771,1.10082630577162,"RS"
15.2,3,1.06370918228758,1.00713968851433,1.12345609788449,"RS"
15.2,4,1.08072527671794,1.01765257648722,1.14770713573853,"RS"
15.2,5,1.08920318111865,1.01937938546007,1.16380965387439,"RS"
15.2,6,1.08674833058347,1.01468017328969,1.16393516411873,"RS"
15.2,7,1.07199415223919,1.0038811064379,1.14472864870687,"RS"
15.2,8,1.04684489510139,0.986171181070167,1.11125153060204,"RS"
15.2,9,1.01408288686424,0.958690678275379,1.07267560302231,"RS"
15.2,10,0.976428532053194,0.918087789019464,1.03847659190176,"RS"
15.2,11,0.93639279716637,0.866250516555445,1.0122146582627,"RS"
15.2,12,0.896191798537245,0.809820309231305,0.991775250151229,"RS"
15.3,0,0.986207131960784,0.903645938771305,1.07631149037506,"RS"
15.3,1,1.01387575181446,0.947762801852827,1.08460053307406,"RS"
15.3,2,1.0402225486792,0.984265796087722,1.09936051326954,"RS"
15.3,3,1.06296178217428,1.00748889584784,1.12148903577967,"RS"
15.3,4,1.07965207947227,1.01792971224816,1.1451169945068,"RS"
15.3,5,1.08780166593417,1.01953198859344,1.16064280243102,"RS"
15.3,6,1.08502629160995,1.01459917835297,1.1603420134796,"RS"
15.3,7,1.06997116052103,1.003449428023,1.14090282218036,"RS"
15.3,8,1.04454830953847,0.98533281013125,1.10732248002005,"RS"
15.3,9,1.01154383515019,0.95749656341785,1.06864188293053,"RS"
15.3,10,0.973678709087178,0.916712374035072,1.03418504580304,"RS"
15.3,11,0.933461690117767,0.86491002968582,1.0074466672956,"RS"
15.3,12,0.893104451161339,0.808653259699628,0.986375249362719,"RS"
15.4,0,0.986367753203764,0.904977907847185,1.07507745340954,"RS"
15.4,1,1.01374061380029,0.948591705123079,1.08336392413935,"RS"
15.4,2,1.03977667668254,0.984739265831943,1.0978901470529,"RS"
15.4,3,1.06219386032279,1.00780479567241,1.11951818621249,"RS"
15.4,4,1.07855733546252,1.01816598328253,1.14253073170803,"RS"
15.4,5,1.08638476533038,1.01964446638601,1.15749351587728,"RS"
15.4,6,1.08330393657662,1.01448927484381,1.15678642258991,"RS"
15.4,7,1.06797240329276,1.00301135417503,1.13714072073792,"RS"
15.4,8,1.04230774409219,0.984519267108721,1.10348824008801,"RS"
15.4,9,1.00909691435544,0.956362936195708,1.06473865101071,"RS"
15.4,10,0.97105879640922,0.915432279491758,1.03006547530446,"RS"
15.4,11,0.93069775237872,0.863694597584233,1.0028988356597,"RS"
15.4,12,0.890219387867915,0.80763481638532,0.98124863175516,"RS"
15.5,0,0.986534060218228,0.906308960572059,1.07386056445514,"RS"
15.5,1,1.01360044271707,0.949411440927571,1.08212921520358,"RS"
15.5,2,1.03931633000107,0.985192393727961,1.09641369613046,"RS"
15.5,3,1.06140520825061,1.00808807487963,1.11754225069674,"RS"
15.5,4,1.07744083989365,1.01836203731143,1.13994701386901,"RS"
15.5,5,1.08495233705514,1.01971762412995,1.15436033057266,"RS"
15.5,6,1.08158123898425,1.01435149153617,1.15326687670276,"RS"
15.5,7,1.06599800479646,1.00256811452417,1.13344094008951,"RS"
15.5,8,1.04012347343493,0.983731939662831,1.09974760030781,"RS"
15.5,9,1.00674251854779,0.955291384347447,1.06096476453023,"RS"
15.5,10,0.968569256244878,0.914249478326185,1.02611642268616,"RS"
15.5,11,0.92810145275229,0.862606763574819,0.998568922681764,"RS"
15.5,12,0.887537020151601,0.806768170275246,0.97639196879921,"RS"
15.6,0,0.986706123349401,0.907641361164819,1.07265822770103,"RS"
15.6,1,1.01345518045425,0.95022361410238,1.08089442058309,"RS"
15.6,2,1.03884135328726,0.985626225519062,1.0949296288574,"RS"
15.6,3,1.0605956194326,1.00833946234402,1.1155598981961,"RS"
15.6,4,1.07630239040282,1.01851857835695,1.13736446266455,"RS"
15.6,5,1.0835042406035,1.01975233371623,1.15124172859452,"RS"
15.6,6,1.0798581725537,1.01418692624148,1.1497818031953,"RS"
15.6,7,1.06404808908265,1.0021210028888,1.12980202252689,"RS"
15.6,8,1.03799577609593,0.982972274252799,1.09609930962906,"RS"
15.6,9,1.00448105733427,0.954283557167581,1.05731906094887,"RS"
15.6,10,0.966210587727731,0.913166021444836,1.02233644037703,"RS"
15.6,11,0.925673328544542,0.86164917814382,0.994454742038538,"RS"
15.6,12,0.885057868876725,0.806056658061556,0.971801948940405,"RS"
15.7,0,0.986884013089549,0.908977414679966,1.07146782699176,"RS"
15.7,1,1.01330476901189,0.95102985486572,1.0796575413999,"RS"
15.7,2,1.03835159212602,0.986041833529111,1.09343639611291,"RS"
15.7,3,1.05976488934603,1.0085597271217,1.1135697673511,"RS"
15.7,4,1.07514178710736,1.01863636548805,1.13478165668135,"RS"
15.7,5,1.08204033724227,1.01974953245881,1.14813613946584,"RS"
15.7,6,1.07813471122599,1.01399674466107,1.1463295732166,"RS"
15.7,7,1.06212278005403,1.00167137644531,1.12622245822086,"RS"
15.7,8,1.03592493470828,0.982241775917,1.09254207738058,"RS"
15.7,9,1.00231295653649,0.953341165908188,1.05380035895532,"RS"
15.7,10,0.963983328248506,0.912184038598037,1.01872409274918,"RS"
15.7,11,0.923413987805576,0.860824600651351,0.990554164262729,"RS"
15.7,12,0.882782567563234,0.805503765420151,0.96747538006486,"RS"
15.8,0,0.987067800082026,0.910319461980042,1.07028673191229,"RS"
15.8,1,1.01314915050365,0.951831815003965,1.07841657001346,"RS"
15.8,2,1.03784689305795,0.986440313861251,1.09193243452695,"RS"
15.8,3,1.05891281551594,1.00874967647501,1.11157046888201,"RS"
15.8,4,1.07395883265284,1.01871621129922,1.132197133451,"RS"
15.8,5,1.0805604900347,1.01971022158623,1.1450419422174,"RS"
15.8,6,1.07641082916227,1.01378217888357,1.14290850369236,"RS"
15.8,7,1.06022220150946,1.00122065457109,1.12270068684821,"RS"
15.8,8,1.033911236258,0.981542007783023,1.08907457448,"RS"
15.8,9,1.00023865887577,0.952465983965016,1.05040745974436,"RS"
15.8,10,0.961888054833315,0.91130573909241,1.0152779581444,"RS"
15.8,11,0.921324111637645,0.860135900971895,0.986865119483754,"RS"
15.8,12,0.880711865802118,0.805113130347687,0.963409192233248,"RS"
15.9,0,0.987257555125375,0.911669874819624,1.0691123037766,"RS"
15.9,1,1.01298826715985,0.952631164138063,1.0771694943782,"RS"
15.9,2,1.03732710360282,0.986822783572106,1.09041616973408,"RS"
15.9,3,1.05803919756071,1.00891015373687,1.10956058815408,"RS"
15.9,4,1.07275333226131,1.01875898012697,1.12960939174673,"RS"
15.9,5,1.07906456386529,1.0196354644023,1.1419574677822,"RS"
15.9,6,1.07468650074391,1.01354452552791,1.13951685968569,"RS"
15.9,7,1.0583464771881,1.00077031735943,1.11923509954998,"RS"
15.9,8,1.0319549723355,0.980874590304185,1.0856954349258,"RS"
15.9,9,0.998258624668689,0.951659846846998,1.04713914853827,"RS"
15.9,10,0.959925385552889,0.910533412351638,1.01199663112748,"RS"
15.9,11,0.919404456574825,0.859586061088286,0.983385600389383,"RS"
15.9,12,0.878846632808963,0.804888546596652,0.959600440664123,"RS"
16,0,0.987453349177487,0.913031051080702,1.06794190148047,"RS"
16,1,1.01282206133048,0.953429586096593,1.07591430230044,"RS"
16,2,1.03679207228321,0.98719037784249,1.08888601963341,"RS"
16,3,1.05714383723781,1.00904203602972,1.10753868788966,"RS"
16,4,1.07152509377977,1.01876558601219,1.12701689413565,"RS"
16,5,1.07755242546456,1.01952638412153,1.13888100171634,"RS"
16,6,1.0729617005725,1.01328514353696,1.1361528571088,"RS"
16,7,1.05649573081376,1.00032190380931,1.11582404121832,"RS"
16,8,1.03005643938938,0.980241200222872,1.08240325757201,"RS"
16,9,0.996373332533575,0.950924651931553,1.04399419635145,"RS"
16,10,0.958095980964763,0.909869428339093,1.0088787249578,"RS"
16,11,0.917655857038863,0.859178176667494,0.98011366539123,"RS"
16,12,0.877187861124662,0.804833967251697,0.956046308944891,"RS"
16.1,0,0.987655253359811,0.914405410194752,1.06677288718302,"RS"
16.1,1,1.01265047548829,0.954228775418602,1.07464898557142,"RS"
16.1,2,1.0362416486483,0.987544247164548,1.08734039763428,"RS"
16.1,3,1.05622653848986,1.00914623185552,1.10550331101073,"RS"
16.1,4,1.07027392772869,1.01873699041933,1.1244180697751,"RS"
16.1,5,1.07602394343405,1.01938416138906,1.13581078723615,"RS"
16.1,6,1.07123640346991,1.01300545163138,1.13281466577609,"RS"
16.1,7,1.05467008613949,0.999877009697261,1.11246581310463,"RS"
16.1,8,1.02821593898269,0.979643569265007,1.07919660818196,"RS"
16.1,9,0.994583280108674,0.950262358011693,1.0409713619947,"RS"
16.1,10,0.956400545590433,0.909316237859371,1.00592287426758,"RS"
16.1,11,0.916079227876023,0.858915458649663,0.977047441974409,"RS"
16.1,12,0.875736670472681,0.804953508493578,0.952744112446708,"RS"
16.2,0,0.987863338961615,0.915795388781884,1.06560263178702,"RS"
16.2,1,1.01247345223191,0.955030434005992,1.07337154395643,"RS"
16.2,2,1.03567568329785,0.987885554563878,1.08577771586913,"RS"
16.2,3,1.05528710749084,1.00922367857402,1.10345298359417,"RS"
16.2,4,1.06899964735073,1.01867419972612,1.1218113174391,"RS"
16.2,5,1.0744789882712,1.01921003149839,1.13274502855805,"RS"
16.2,6,1.06951058447837,1.01270692543739,1.1295004127845,"RS"
16.2,7,1.05286966699231,0.999437285143253,1.10915867573783,"RS"
16.2,8,1.02643377805192,0.979083482573857,1.07607402175376,"RS"
16.2,9,0.99288898478254,0.949674984644524,1.03806939431127,"RS"
16.2,10,0.954839829429592,0.908876372759007,1.0031277379315,"RS"
16.2,11,0.91467556697993,0.85880123488448,0.974185130209547,"RS"
16.2,12,0.874494311782764,0.805251453599503,0.949691301918169,"RS"
16.3,0,0.988077677444309,0.917203436532166,1.06442852019286,"RS"
16.3,1,1.01229093428895,0.955836267941716,1.07207998902389,"RS"
16.3,2,1.03509402790635,0.988215472873491,1.08419638835644,"RS"
16.3,3,1.05432535269246,1.00927533978748,1.10138621792161,"RS"
16.3,4,1.06770206865954,1.01857826249991,1.11919500875856,"RS"
16.3,5,1.07291743239442,1.01900528132411,1.12968189452367,"RS"
16.3,6,1.06778421886045,1.01239109430674,1.12620818620315,"RS"
16.3,7,1.05109459731821,0.999004431886072,1.10590085213708,"RS"
16.3,8,1.02471026916861,0.978562776895242,1.07303400510606,"RS"
16.3,9,0.99129098443741,0.949164611314227,1.03528703463384,"RS"
16.3,10,0.953414629513619,0.908552446049533,1.00049200211061,"RS"
16.3,11,0.913445958005663,0.858838951850998,0.97152500640381,"RS"
16.3,12,0.873462171391365,0.805732257230529,0.946885467232117,"RS"
16.4,0,0.988298340445817,0.918632012348841,1.06324795630685,"RS"
16.4,1,1.01210286451922,0.956647984486332,1.07077234780151,"RS"
16.4,2,1.03449653524727,0.988535182074499,1.08259483409863,"RS"
16.4,3,1.05334108487075,1.00930220264987,1.09930151560522,"RS"
16.4,4,1.06638101048867,1.01845026657869,1.11656749165667,"RS"
16.4,5,1.07133915016816,1.0187712459896,1.1266195224897,"RS"
16.4,6,1.06605728209919,1.01205953785025,1.12293603905038,"RS"
16.4,7,1.04934500122734,0.998580200287971,1.10269053129961,"RS"
16.4,8,1.02304573080399,0.978083338529785,1.07007503970932,"RS"
16.4,9,0.989789838206216,0.948733376425839,1.03262301944836,"RS"
16.4,10,0.952125791500581,0.908347151978439,0.998014383450312,"RS"
16.4,11,0.912391573180515,0.859032176498431,0.969065426866854,"RS"
16.4,12,0.872641775429651,0.806400550057677,0.94432434126012,"RS"
16.5,0,0.988525399785008,0.920083580767575,1.0620583677897,"RS"
16.5,1,1.01190918591791,0.957467289261743,1.06944666625067,"RS"
16.5,2,1.03388305921752,0.988845866716215,1.08097148010201,"RS"
16.5,3,1.05233411717278,1.00930527511859,1.0971973707714,"RS"
16.5,4,1.06503629454051,1.01829133597679,1.11392709395931,"RS"
16.5,5,1.06974401792798,1.01850930529294,1.12355602245927,"RS"
16.5,6,1.06432974989814,1.01171388221009,1.11968199353324,"RS"
16.5,7,1.04762100303947,0.998166386091369,1.09952587194111,"RS"
16.5,8,1.02144048759649,0.977647101071041,1.06719558474457,"RS"
16.5,9,0.988386127243976,0.948383476148946,1.0300760832477,"RS"
16.5,10,0.950974211314104,0.908263266075417,0.995693632411408,"RS"
16.5,11,0.911513676217133,0.859384598246061,0.966804831767511,"RS"
16.5,12,0.872034794410399,0.807261143778705,0.942005803850319,"RS"
16.6,0,0.988758927466182,0.921560608660269,1.06085721053696,"RS"
16.6,1,1.01170984161878,0.958295883627122,1.06810101255384,"RS"
16.6,2,1.03325345486204,0.989148713425894,1.07932476430837,"RS"
16.6,3,1.05130426516355,1.00928558316612,1.09507227328457,"RS"
16.6,4,1.06366774543535,1.0181026276359,1.11127212715939,"RS"
16.6,5,1.06813191400567,1.01822087991571,1.12048948142948,"RS"
16.6,6,1.06260159818143,1.01135579609813,1.1164440455218,"RS"
16.6,7,1.04592272732961,0.997764826953151,1.09640500646349,"RS"
16.6,8,1.01989487062242,0.977256042951025,1.06439408036903,"RS"
16.6,9,0.987080455514309,0.948117163132754,1.0276449615562,"RS"
16.6,10,0.949960836828534,0.908303645202404,0.993528536711833,"RS"
16.6,11,0.910813625334953,0.859900031180301,0.964741749057869,"RS"
16.6,12,0.871643048025693,0.808319036576965,0.939927885886403,"RS"
16.7,0,0.988998995683609,0.923065562226335,1.05964197288876,"RS"
16.7,1,1.01150477489749,0.959135462248174,1.06673348021376,"RS"
16.7,2,1.03260757839848,0.989444908515684,1.07765313843048,"RS"
16.7,3,1.05025134687295,1.00924416796787,1.09292471199454,"RS"
16.7,4,1.06227519076044,1.0178853280429,1.10860089031323,"RS"
16.7,5,1.06650271875444,1.01790742744121,1.11741796792843,"RS"
16.7,6,1.06087280309382,1.01098698662944,1.1132201692292,"RS"
16.7,7,1.04425029897396,0.997377398784003,1.09332604512262,"RS"
16.7,8,1.01840921767006,0.976912184816634,1.06166895116578,"RS"
16.7,9,0.985873450591839,0.947936745115635,1.02532839410429,"RS"
16.7,10,0.949086669602947,0.908471227636369,0.991517924856681,"RS"
16.7,11,0.910292876396129,0.860582416486013,0.962874798442975,"RS"
16.7,12,0.871468510167935,0.809579419072391,0.938088773408419,"RS"
16.8,0,0.989245676826131,0.924600904268665,1.05841017957174,"RS"
16.8,1,1.01129392917483,0.959987710856981,1.06534219096711,"RS"
16.8,2,1.03194528724213,0.989735635691437,1.07595507068642,"RS"
16.8,3,1.04917518284293,1.00918208308069,1.09075317799265,"RS"
16.8,4,1.06085846111908,1.01764064973556,1.10591167404761,"RS"
16.8,5,1.06485631457401,1.0175704382089,1.11433953671457,"RS"
16.8,6,1.05914334100084,1.01060919498085,1.11000832206724,"RS"
16.8,7,1.042603843196,0.99700601192112,1.09028708036825,"RS"
16.8,8,1.01698387351697,0.976617586761629,1.05901860975397,"RS"
16.8,9,0.984765764481301,0.94784458345314,1.02312512813171,"RS"
16.8,10,0.948352766666612,0.908769033213272,0.989660669734937,"RS"
16.8,11,0.909952986162449,0.861435825147361,0.961202695377006,"RS"
16.8,12,0.871513314187298,0.811047680812462,0.936486811780126,"RS"
16.9,0,0.989499043481813,0.926169091745751,1.05715939538199,"RS"
16.9,1,1.01107724802006,0.960854304195623,1.06392529751908,"RS"
16.9,2,1.03126644003083,0.990022073864856,1.07422904843134,"RS"
16.9,3,1.04807559617466,1.00910039162466,1.08855616786387,"RS"
16.9,4,1.05941739017972,1.01736982771622,1.10320276465705,"RS"
16.9,5,1.0631925859358,1.01721143103123,1.11125223361176,"RS"
16.9,6,1.05741318848879,1.01022419190398,1.10680644964827,"RS"
16.9,7,1.04098348561296,0.996652607162511,1.08728619132805,"RS"
16.9,8,1.01561919021105,0.976374345438987,1.05644146053549,"RS"
16.9,9,0.983758074454166,0.947843091588384,1.02103392179815,"RS"
16.9,10,0.947760242358668,0.90920016356028,0.987955692262924,"RS"
16.9,11,0.90979561568,0.862464460950795,0.959724255070232,"RS"
16.9,12,0.871779758399459,0.812729417347882,0.935120509892541,"RS"
17,0,0.989759168442657,0.927772573585411,1.05588722862383,"RS"
17,1,1.01085467515423,0.961736904132556,1.06248098611003,"RS"
17,2,1.03057089665011,0.990305395066962,1.07247358068809,"RS"
17,3,1.04695241257584,1.00900016347767,1.08633218692499,"RS"
17,4,1.05795181472501,1.0170741157915,1.10047244827278,"RS"
17,5,1.06151141940808,1.01683194879757,1.10815410045509,"RS"
17,6,1.05568232236492,1.0098337731206,1.10361249090517,"RS"
17,7,1.03938935228239,0.996319151689627,1.0843214484093,"RS"
17,8,1.01431552735525,0.976184591077432,1.0539359035553,"RS"
17,9,0.982851083903649,0.947934733487609,1.01905354768099,"RS"
17,10,0.947310270224848,0.909767802440847,0.986401965057258,"RS"
17,11,0.909822533798667,0.863672663819038,0.958438396495627,"RS"
17,12,0.872270311858148,0.81463043793362,0.933988544399454,"RS"
17.1,0,0.990026124709375,0.929413788739213,1.05459133432556,"RS"
17.1,1,1.0106261544536,0.962637157936121,1.06100747892951,"RS"
17.1,2,1.02985851825841,0.990586762456922,1.07068720058283,"RS"
17.1,3,1.04580546040805,1.00888247248886,1.0840797524425,"RS"
17.1,4,1.05646157470088,1.01675478285321,1.09771901508783,"RS"
17.1,5,1.05981270368107,1.01643355398665,1.1050431801256,"RS"
17.1,6,1.05395071965742,1.00943975462464,1.10042438330503,"RS"
17.1,7,1.03782156974919,0.996007634902144,1.08139091799482,"RS"
17.1,8,1.01307325239619,0.97605048442355,1.05150033845507,"RS"
17.1,9,0.982045523218977,0.948122022061299,1.01718279634273,"RS"
17.1,10,0.947004084974232,0.910475216233703,0.984998516124007,"RS"
17.1,11,0.9100356208339,0.865064913500179,0.957344146389738,"RS"
17.1,12,0.872987620407841,0.816756773890766,0.933089763988012,"RS"
17.2,0,0.990299985496214,0.931095164449619,1.05326941726037,"RS"
17.2,1,1.01039162995299,0.963556696684389,1.05950303639834,"RS"
17.2,2,1.02912916731244,0.990867328415754,1.06886846769542,"RS"
17.2,3,1.04463457073419,1.00874839371271,1.08179739682817,"RS"
17.2,4,1.05494651326552,1.01641310911131,1.09494076362725,"RS"
17.2,5,1.05809632959205,1.01601782410454,1.10191752165657,"RS"
17.2,6,1.05221835761562,1.00904396791082,1.09724006813662,"RS"
17.2,7,1.03628026509272,0.995720064184018,1.07849266721432,"RS"
17.2,8,1.01189274091683,0.975974213626873,1.04913316850359,"RS"
17.2,9,0.981342150679853,0.948407517587364,1.01542047995444,"RS"
17.2,10,0.94684298449909,0.911325754561824,0.983744432556059,"RS"
17.2,11,0.910436872378521,0.866645833629861,0.95644064324943,"RS"
17.2,12,0.87393451303275,0.819114687658083,0.932423193696412,"RS"
17.3,0,0.990580824235842,0.932819114693637,1.05191923480902,"RS"
17.3,1,1.01015104584925,0.964497133784499,1.05796595934552,"RS"
17.3,2,1.0283827075926,0.991148232709071,1.06701597034064,"RS"
17.3,3,1.04343957736587,1.00859900065982,1.07948367081587,"RS"
17.3,4,1.05340647683827,1.01605038228372,1.09213600505783,"RS"
17.3,5,1.05636219015046,1.01558634705827,1.09877518540081,"RS"
17.3,6,1.05048521371,1.00864825514208,1.09405749585905,"RS"
17.3,7,1.03476556597432,0.995458460613111,1.07562476877907,"RS"
17.3,8,1.01077437693333,0.975957991079308,1.04683280469388,"RS"
17.3,9,0.980741753372042,0.948793826147247,1.01376543596732,"RS"
17.3,10,0.946828331961056,0.91232285108091,0.982638864237601,"RS"
17.3,11,0.9110284032727,0.868420196176913,0.955727141334844,"RS"
17.3,12,0.87511400851912,0.821710682553826,0.931988039301456,"RS"
17.4,0,0.990868714584299,0.934588038756882,1.05053859971061,"RS"
17.4,1,1.00990434650467,0.965460063567177,1.05639459111408,"RS"
17.4,2,1.02761900422851,0.991430600696434,1.06512832780207,"RS"
17.4,3,1.0422203169109,1.00843536255365,1.07713714663003,"RS"
17.4,4,1.05184131514847,1.01566789374036,1.08930306754,"RS"
17.4,5,1.05461018056289,1.01514071646675,1.0956142482571,"RS"
17.4,6,1.04875126563234,1.00825446425884,1.09087463150877,"RS"
17.4,7,1.03327760068507,0.995224854617263,1.07278530587753,"RS"
17.4,8,1.0097185531964,0.976004050211858,1.04459766990487,"RS"
17.4,9,0.980245148125083,0.949283598077931,1.01221653083264,"RS"
17.4,10,0.946961557946958,0.913470024428355,0.981681027563551,"RS"
17.4,11,0.911812451740667,0.870392926273037,0.955203014699731,"RS"
17.4,12,0.876529322448816,0.824551513257771,0.931783691812101,"RS"
17.5,0,0.991163730425996,0.936404319879277,1.04912538276055,"RS"
17.5,1,1.00965147645052,0.966447059912664,1.05478731963945,"RS"
17.5,2,1.02683792372469,0.991715541556596,1.06320419254926,"RS"
17.5,3,1.04097662882072,1.00825854157354,1.07475642116533,"RS"
17.5,4,1.05025088128415,1.01526693458811,1.08644030063447,"RS"
17.5,5,1.05284019825806,1.01468252689792,1.09243280896626,"RS"
17.5,6,1.04701649129581,1.0078644440197,1.08768946017503,"RS"
17.5,7,1.0318164981939,0.995021281566887,1.06997237714212,"RS"
17.5,8,1.00872567149708,0.976114642239954,1.04242620313763,"RS"
17.5,9,0.97985318247314,0.949879526432173,1.01077266378085,"RS"
17.5,10,0.947244162697813,0.914770879322518,0.980870209193369,"RS"
17.5,11,0.912791383703099,0.872569107414682,0.954867761283979,"RS"
17.5,12,0.878183874543143,0.827644197009451,0.931809732121881,"RS"
17.6,0,0.991465945878786,0.938270323897066,1.0476775155314,"RS"
17.6,1,1.0093923803905,0.967459674851648,1.05314257955676,"RS"
17.6,2,1.02603933398625,0.992004146487019,1.06124225247956,"RS"
17.6,3,1.03970835543788,1.00806959005244,1.07234011920855,"RS"
17.6,4,1.04863503174063,1.01484879166953,1.08354607979052,"RS"
17.6,5,1.05105214291175,1.01421336900531,1.08922899350345,"RS"
17.6,6,1.0452808688351,1.00748003894571,1.08449999257161,"RS"
17.6,7,1.03038238819591,0.994849777276834,1.06718410171475,"RS"
17.6,8,1.00779614297744,0.976292032833017,1.04031686385166,"RS"
17.6,9,0.979566735640039,0.950584345424835,1.00943277068553,"RS"
17.6,10,0.947677718414614,0.91622910778743,0.980205769873763,"RS"
17.6,11,0.913967697274602,0.874953987008904,0.954721007120728,"RS"
17.6,12,0.88008129637693,0.830996025500003,0.932065935894775,"RS"
17.7,0,0.991775435299085,0.940188397783132,1.04619299321494,"RS"
17.7,1,1.00912700320435,0.968499437067694,1.05145885441027,"RS"
17.7,2,1.02522310434471,0.992297486821432,1.05924123324052,"RS"
17.7,3,1.0384153420434,1.00786954758248,1.06988689674928,"RS"
17.7,4,1.0469936264689,1.01441474342976,1.08061881096112,"RS"
17.7,5,1.04924591647163,1.01373482451481,1.08600096061544,"RS"
17.7,6,1.04354437660651,1.00710308411624,1.08130427075663,"RS"
17.7,7,1.02897540116108,0.994712373366883,1.0644186244621,"RS"
17.7,8,1.00693038844606,0.976538498662334,1.03826813644827,"RS"
17.7,9,0.979386719549604,0.951400828823635,1.00819582805718,"RS"
17.7,10,0.94826387164471,0.917848490458461,0.979687148384878,"RS"
17.7,11,0.915344027456147,0.877552982213045,0.954762510733776,"RS"
17.7,12,0.882225439484042,0.83461457740954,0.932552278787833,"RS"
17.8,0,0.992092273279819,0.942160867921564,1.04466987773839,"RS"
17.8,1,1.00885528995001,0.969567850181437,1.04973467908373,"RS"
17.8,2,1.02438910558784,0.992596611977741,1.05719990072925,"RS"
17.8,3,1.03709743691179,1.00765943795566,1.06739544446794,"RS"
17.8,4,1.04532652893273,1.01396605557684,1.07765693543747,"RS"
17.8,5,1.04742142318847,1.01324846097589,1.08274690760202,"RS"
17.8,6,1.04180699318782,1.00673539971866,1.07810037409866,"RS"
17.8,7,1.02759566837174,0.994611092374407,1.06167412142521,"RS"
17.8,8,1.00612883867217,0.97685632371545,1.03627853496159,"RS"
17.8,9,0.979314079818396,0.952331788163406,1.0070608572041,"RS"
17.8,10,0.949004345690193,0.919632897825827,0.979313865639289,"RS"
17.8,11,0.916923150951696,0.88037168589465,0.95499216776469,"RS"
17.8,12,0.884620383777657,0.83850773139202,0.93326894207141,"RS"
17.9,0,0.992416370926488,0.944189254288215,1.04310682292754,"RS"
17.9,1,1.0085771560203,0.970665886112003,1.04796912531921,"RS"
17.9,2,1.02353729919159,0.992902290529069,1.05511752045428,"RS"
17.9,3,1.03575466393943,1.00744016558331,1.06486495230329,"RS"
17.9,4,1.04363380462902,1.01350390389115,1.0746594206325,"RS"
17.9,5,1.04557871515141,1.01275567467963,1.0794655383427,"RS"
17.9,6,1.04006869214054,1.00637847516521,1.07488674595644,"RS"
17.9,7,1.02624306042038,0.994547404886553,1.05894883832222,"RS"
17.9,8,1.00539133360111,0.977246967759738,1.03434624719013,"RS"
17.9,9,0.979348802321536,0.95337888156893,1.00602614044717,"RS"
17.9,10,0.949899528795805,0.921584658371212,0.979084348475607,"RS"
17.9,11,0.918706154099793,0.883413750259316,0.955408490453177,"RS"
17.9,12,0.887268202455184,0.842681077790329,0.934214477857223,"RS"
18,0,0.992747052365513,0.946272196323882,1.04150445697243,"RS"
18,1,1.00829241008467,0.971792648827601,1.04616307343019,"RS"
18,2,1.02266796728303,0.993214320814892,1.05299505795358,"RS"
18,3,1.03438766691997,1.00721222573922,1.06229632458132,"RS"
18,4,1.04191623151776,1.01302914757642,1.0716270465636,"RS"
18,5,1.04371836635376,1.0122572532769,1.07615729572468,"RS"
18,6,1.03832942854133,1.00603261920797,1.07166306697268,"RS"
18,7,1.02491651396248,0.994520792518772,1.05624122541729,"RS"
18,8,1.00471557244782,0.977708881535837,1.03246825367224,"RS"
18,9,0.979487343370916,0.954539491298692,1.0050872327121,"RS"
18,10,0.950944810154153,0.923700274662776,0.97899292309863,"RS"
18,11,0.920687660721882,0.886675307576468,0.956004708107232,"RS"
18,12,0.890163117032069,0.847131055899142,0.935381095293701,"RS"
18.1,0,0.993083509453744,0.948407561101405,1.03986397536061,"RS"
18.1,1,1.00800083722024,0.972946732308612,1.04431789952753,"RS"
18.1,2,1.02178146356772,0.993532208487968,1.05083393409006,"RS"
18.1,3,1.03299722664476,1.00697594086689,1.0596909289979,"RS"
18.1,4,1.04017474386798,1.01254247638239,1.06856109547766,"RS"
18.1,5,1.04184106472216,1.01175373319296,1.07282312733942,"RS"
18.1,6,1.0365891536597,1.00569775461974,1.06842942479395,"RS"
18.1,7,1.02361476327045,0.994530175944698,1.05354991626064,"RS"
18.1,8,1.00409879004534,0.978239740788685,1.0306414042816,"RS"
18.1,9,0.979725392542806,0.955809954435422,1.00423922176049,"RS"
18.1,10,0.952134491665949,0.925974859231029,0.979033157523112,"RS"
18.1,11,0.922860888496281,0.890150709031606,0.956773061993826,"RS"
18.1,12,0.893297642263154,0.851851940721403,0.936759828236264,"RS"
18.2,0,0.993424933054927,0.950593072671554,1.03818671310281,"RS"
18.2,1,1.00770222289504,0.974126627772823,1.04243508089835,"RS"
18.2,2,1.02087814155726,0.993855374675629,1.04863565309947,"RS"
18.2,3,1.0315841218615,1.00673154204763,1.05705022245784,"RS"
18.2,4,1.03841027224312,1.01204446893701,1.06546295799888,"RS"
18.2,5,1.03994749481123,1.01124552127198,1.06946411055924,"RS"
18.2,6,1.03484781917653,1.00537366714643,1.0651860535536,"RS"
18.2,7,1.02233655041674,0.994574345662381,1.05087369976542,"RS"
18.2,8,1.0035382384209,0.978837107301254,1.02886270704382,"RS"
18.2,9,0.980058666413473,0.957186509484583,1.00347735795959,"RS"
18.2,10,0.953462911979045,0.928403429231113,0.979198800754595,"RS"
18.2,11,0.925219102388283,0.893834198888994,0.957706013585291,"RS"
18.2,12,0.896664353267329,0.856837883433262,0.93834198739993,"RS"
18.3,0,0.993770512995787,0.952826321844484,1.03647412950153,"RS"
18.3,1,1.00739635298298,0.975330731997777,1.04051618462251,"RS"
18.3,2,1.01995835451416,0.994183163099439,1.04640179350853,"RS"
18.3,3,1.03014912911091,1.00647917581855,1.05437574239418,"RS"
18.3,4,1.03662374330454,1.01153560034272,1.06233412330583,"RS"
18.3,5,1.03803833770156,1.0107329036028,1.06608144119711,"RS"
18.3,6,1.03310537718446,1.00506001486429,1.06193332197337,"RS"
18.3,7,1.02108062498784,0.994651970394439,1.04821150890809,"RS"
18.3,8,1.0030311852502,0.979498434755253,1.0271293172978,"RS"
18.3,9,0.980482904266272,0.958665298465764,1.00279704198843,"RS"
18.3,10,0.954924437670169,0.93098090372923,0.979483766000964,"RS"
18.3,11,0.927755599526634,0.897719905393756,0.958796220604569,"RS"
18.3,12,0.900255862597449,0.86208289412549,0.940119127364453,"RS"
18.4,0,0.994119438028719,0.955104775075116,1.03472779411956,"RS"
18.4,1,1.00708301377926,0.976557354946341,1.03856285706685,"RS"
18.4,2,1.01902245539795,0.994514846669899,1.04413399969074,"RS"
18.4,3,1.02869302256899,1.00621891059514,1.05166909858236,"RS"
18.4,4,1.03481607962308,1.01101624941763,1.05917616978294,"RS"
18.4,5,1.03611427090201,1.01021605394658,1.06267642270468,"RS"
18.4,6,1.03136178018835,1.00475633709546,1.05867172204978,"RS"
18.4,7,1.01984574381382,0.994761605067634,1.0455624100052,"RS"
18.4,8,1.00257491238919,0.980221074261746,1.02543852743548,"RS"
18.4,9,0.980993863998497,0.960242368767102,1.00219381325394,"RS"
18.4,10,0.956513454802783,0.933702100757454,0.979882114944948,"RS"
18.4,11,0.930463694661473,0.901801831354998,0.96003651465448,"RS"
18.4,12,0.904064798091901,0.867580824028949,0.942083015797128,"RS"
18.5,0,0.994470895801087,0.957425782564345,1.03294937383718,"RS"
18.5,1,1.00676199201625,0.977804726774088,1.03657681417888,"RS"
18.5,2,1.01807079681226,0.994849633602606,1.04183397401337,"RS"
18.5,3,1.02721657389485,1.00595074271624,1.04893196543116,"RS"
18.5,4,1.03298819949855,1.01048670558353,1.05599075614464,"RS"
18.5,5,1.0341759682563,1.00969504176466,1.05925045590958,"RS"
18.5,6,1.02961698110576,1.00446206288306,1.05540185832261,"RS"
18.5,7,1.01863067071313,0.99490169837648,1.04292559255924,"RS"
18.5,8,1.00216671448186,0.981002279567986,1.02378775720853,"RS"
18.5,9,0.98158731822432,0.961913674774688,1.00166333899401,"RS"
18.5,10,0.958224360852143,0.936561734167954,0.980388043022307,"RS"
18.5,11,0.933336706185317,0.906073844467626,0.961419880324094,"RS"
18.5,12,0.908083781474213,0.873325347304634,0.944225604720555,"RS"
18.6,0,0.99482407283116,0.959786585679779,1.03114062089483,"RS"
18.6,1,1.00643307487978,0.979071004291457,1.03455983250672,"RS"
18.6,2,1.01710373095319,0.995186673100214,1.03950346953122,"RS"
18.6,3,1.02572055208423,1.00567460213114,1.04616607473077,"RS"
18.6,4,1.0311410167871,1.0099471754066,1.05277961302548,"RS"
18.6,5,1.03222409985392,1.00916983985088,1.05580502928692,"RS"
18.6,6,1.02787093326745,1.00417651903354,1.05212443771632,"RS"
18.6,7,1.01743417625258,0.995070599941705,1.04030035966032,"RS"
18.6,8,1.00180389764344,0.981839211952391,1.02217454458547,"RS"
18.6,9,0.982259050570694,0.963675079293789,1.00120140404077,"RS"
18.6,10,0.960051556990091,0.939554410321267,0.980995865650756,"RS"
18.6,11,0.936367942702004,0.910529667433099,0.962939435671276,"RS"
18.6,12,0.912305407673335,0.879309942481672,0.946539003665772,"RS"
18.7,0,0.9951781544907,0.962184323792068,1.02930336182607,"RS"
18.7,1,1.00609605002586,0.980354276948222,1.03251374087808,"RS"
18.7,2,1.01612160955876,0.995525060642322,1.0371442831847,"RS"
18.7,3,1.02420572332839,1.00539035774974,1.04337320883651,"RS"
18.7,4,1.02927544073647,1.0093977888009,1.04954453502595,"RS"
18.7,5,1.03025933194519,1.00864033157777,1.05234170975475,"RS"
18.7,6,1.02612359041782,1.00389893773931,1.04884025993997,"RS"
18.7,7,1.01625503752223,0.995266567079358,1.03768611892592,"RS"
18.7,8,1.0014837782178,0.982728944824065,1.02059653713869,"RS"
18.7,9,0.98300485216353,0.965522354782543,1.00080390121539,"RS"
18.7,10,0.961989440723515,0.942674624645994,0.981700005355579,"RS"
18.7,11,0.939550690131636,0.915162867941257,0.964588413986543,"RS"
18.7,12,0.916722224843047,0.885527873629197,0.949015454563867,"RS"
18.8,0,0.995532324994208,0.964616040615742,1.02743948719299,"RS"
18.8,1,1.00575070559795,0.981652572402802,1.03044041267556,"RS"
18.8,2,1.01512478385946,0.995863842923158,1.03475824946205,"RS"
18.8,3,1.02267285087879,1.00509782247745,1.0405551942662,"RS"
18.8,4,1.02739237582907,1.00883860490735,1.04628737320043,"RS"
18.8,5,1.02828232686062,1.00810631776969,1.04886213397925,"RS"
18.8,6,1.02437490671551,1.00362846379899,1.04555020842711,"RS"
18.8,7,1.01509203792515,0.995487771200173,1.03508237395699,"RS"
18.8,8,1.00120368160842,0.983668468046718,1.01905148393822,"RS"
18.8,9,0.983820518301942,0.967451184421756,1.00046682232387,"RS"
18.8,10,0.964032398881749,0.94591675810926,0.982494979739382,"RS"
18.8,11,0.94287819934259,0.919966848576818,0.966360146749669,"RS"
18.8,12,0.921326715064706,0.891972171350561,0.951647308241315,"RS"
18.9,0,0.995885767394846,0.967078690136986,1.02555094204292,"RS"
18.9,1,1.0053968302445,0.982963861734281,1.02834175865047,"RS"
18.9,2,1.01411360453005,0.996202022474676,1.03234723448784,"RS"
18.9,3,1.0211226949171,1.00479675795706,1.03771389568846,"RS"
18.9,4,1.0254927216328,1.00826961766314,1.04301002797171,"RS"
18.9,5,1.02629374293438,1.00756752321937,1.04536800017217,"RS"
18.9,6,1.02262483673391,1.00336416145528,1.04225524179404,"RS"
18.9,7,1.0139439669818,0.995732303861673,1.03248871628616,"RS"
18.9,8,1.00096094118211,0.984654692009479,1.01753722792652,"RS"
18.9,9,0.984701845318737,0.969457163046672,1.00018624972236,"RS"
18.9,10,0.966174800949427,0.949275073638751,0.983375390245323,"RS"
18.9,11,0.946343674304541,0.924934836715358,0.968248047696601,"RS"
18.9,12,0.926111275722927,0.89863561369089,0.954427002395846,"RS"
19,0,0.996237663587069,0.969569142204936,1.02363971701117,"RS"
19,1,1.00503421313708,0.984286064350792,1.02621972022159,"RS"
19,2,1.0130884216424,0.996538562010462,1.02991313050174,"RS"
19,3,1.01955601243081,1.00448687903945,1.03485121027947,"RS"
19,4,1.02357737265967,1.0076907610782,1.03971444245441,"RS"
19,5,1.02429423443196,1.00702360286614,1.04186106036089,"RS"
19,6,1.0208733354617,1.00310502087327,1.0389563857924,"RS"
19,7,1.01280962014898,0.995998182497627,1.02990481779195,"RS"
19,8,1.00075289724496,0.985684451469009,1.0160516987476,"RS"
19,9,0.985644627625762,0.971535797968175,0.999958348420375,"RS"
19,10,0.968410992742519,0.952743712538082,0.984335911665296,"RS"
19,11,0.949940260759198,0.930059874474537,0.970245597920328,"RS"
19,12,0.931068201549113,0.905510707051743,0.957347040940472,"RS"
19.1,0,0.996587194315959,0.972084187857798,1.02170784000022,"RS"
19.1,1,1.00466264398886,0.985617052644121,1.02407626320883,"RS"
19.1,2,1.01204958461958,0.996872388523827,1.02745785069378,"RS"
19.1,3,1.01797355709436,1.00416785800531,1.03196906242528,"RS"
19.1,4,1.02164721823197,1.00710191423644,1.0364025961687,"RS"
19.1,5,1.02228445148192,1.00647414765632,1.0383431131095,"RS"
19.1,6,1.01912035830349,1.00284996428327,1.0356547257305,"RS"
19.1,7,1.01168779865312,0.996283355850923,1.02733042355147,"RS"
19.1,8,1.00057689608988,0.986754509188656,1.01459290600257,"RS"
19.1,9,0.986644654943063,0.973682509712049,0.999779358690138,"RS"
19.1,10,0.970735290426414,0.95631669093793,0.985371282346903,"RS"
19.1,11,0.953661035408067,0.935334808787285,0.972346331935157,"RS"
19.1,12,0.936189667332778,0.912589667209606,0.960399974613509,"RS"
19.2,0,0.996933539193292,0.974620544450503,1.01975736837029,"RS"
19.2,1,1.00428191307352,0.98695465643698,1.02191337195541,"RS"
19.2,2,1.01099744219097,0.997202397171492,1.0249833243641,"RS"
19.2,3,1.01637607915562,1.00383932855926,1.02906939874767,"RS"
19.2,4,1.01970314235616,1.00650290604032,1.03307649912475,"RS"
19.2,5,1.02026504001168,1.00591869010691,1.03481599666808,"RS"
19.2,6,1.01736586108035,1.00259785181372,1.03235139933659,"RS"
19.2,7,1.01057730933787,0.99658570913687,1.0247653451032,"RS"
19.2,8,1.00043028911523,0.987861559401252,1.01315893290332,"RS"
19.2,9,0.987697709711192,0.9758926327056,0.999645589150614,"RS"
19.2,10,0.97314197487598,0.959987896325741,0.986476295055482,"RS"
19.2,11,0.957498995619112,0.94075228166453,0.974543824639417,"RS"
19.2,12,0.9414677113055,0.919864400538251,0.963578382761817,"RS"
19.3,0,0.997275876720354,0.977174860646604,1.01779038158047,"RS"
19.3,1,1.00389181124462,0.988296667266459,1.01973304379492,"RS"
19.3,2,1.00993234234867,0.997527454972492,1.02249149237701,"RS"
19.3,3,1.0147643253279,1.00350088961767,1.02615418343129,"RS"
19.3,4,1.01774602360424,1.0058935197176,1.02973818625755,"RS"
19.3,5,1.01823664168739,1.00535670959493,1.03128158252661,"RS"
19.3,6,1.01560980003046,1.00234748704002,1.02904759003674,"RS"
19.3,7,1.00947696452578,0.996903068964496,1.02220945409134,"RS"
19.3,8,1.00031043201424,0.989002231122663,1.01174793029604,"RS"
19.3,9,0.9887995646863,0.978161415941378,0.999553410295639,"RS"
19.3,10,0.97562528637855,0.963751084197031,0.987645788449905,"RS"
19.3,11,0.96144704965652,0.946304720716001,0.976831679116865,"RS"
19.3,12,0.94689421920708,0.927326485538539,0.96687485621322,"RS"
19.4,0,0.997613384317517,0.979743721333671,1.01580897422307,"RS"
19.4,1,1.00349212995538,0.98964084254457,1.01753728382227,"RS"
19.4,2,1.0088546323049,0.997846404350375,1.01998430288041,"RS"
19.4,3,1.01313903868731,1.00315210891053,1.02322539383087,"RS"
19.4,4,1.01577673500264,1.00527349710977,1.02638971219188,"RS"
19.4,5,1.01619989385778,1.00478763739502,1.0277417693492,"RS"
19.4,6,1.01385213180975,1.00209762227598,1.02574452061927,"RS"
19.4,7,1.00838558189408,0.997233208043651,1.01966267626273,"RS"
19.4,8,1.00021468403481,0.990173091343379,1.01035811102638,"RS"
19.4,9,0.989945980717979,0.980484023647863,0.99949924843614,"RS"
19.4,10,0.978179419681737,0.967599874871394,0.988874639133325,"RS"
19.4,11,0.965498007440124,0.951984329998589,0.979203515221969,"RS"
19.4,12,0.952460909047964,0.934967154783168,0.970281981162069,"RS"
19.5,0,0.997945238360588,0.9823236525186,1.01381524939685,"RS"
19.5,1,1.00308266127889,0.990984909634632,1.01532809992971,"RS"
19.5,2,1.00776465845068,0.998158066545287,1.01746370726358,"RS"
19.5,3,1.0115009585755,1.0027925264178,1.02028501633733,"RS"
19.5,4,1.01379614392851,1.00464254276127,1.02303314631635,"RS"
19.5,5,1.01415542950196,1.00421086148817,1.02419847726415,"RS"
19.5,6,1.01209281349252,1.00184696363429,1.022443447258,"RS"
19.5,7,1.00730198436426,0.997573849705714,1.01712498578776,"RS"
19.5,8,1.00014040730933,0.991370648125439,1.0089877446183,"RS"
19.5,9,0.991132704710092,0.982855535996983,0.999479580027474,"RS"
19.5,10,0.980798519388892,0.97152775051634,0.990157754242414,"RS"
19.5,11,0.96964457184315,0.957783081262847,0.981652958898803,"RS"
19.5,12,0.95815931658641,0.942777277388046,0.973792323999192,"RS"
19.6,0,0.998270614223961,0.984911126256943,1.01181131236719,"RS"
19.6,1,1.00266319792871,0.992326569880445,1.01310749807067,"RS"
19.6,2,1.00666276631557,0.998461244921372,1.01493165632675,"RS"
19.6,3,1.00985082050767,1.00242165765937,1.01733504248224,"RS"
19.6,4,1.01180511201337,1.00400032782906,1.01967056814615,"RS"
19.6,5,1.01210387718114,1.00362573116466,1.02065364248521,"RS"
19.6,6,1.0103318025721,1.00159417588277,1.01914565386617,"RS"
19.6,7,1.00622500000551,0.997922672265581,1.0145963998768,"RS"
19.6,8,1.00008496625444,0.992591353631802,1.00763515223925,"RS"
19.6,9,0.992355467765081,0.98527094987814,0.999490926353863,"RS"
19.6,10,0.983476675705821,0.975528052422034,0.99149006454089,"RS"
19.6,11,0.973879330539058,0.96369270566936,0.984173632187491,"RS"
19.6,12,0.96398078154302,0.950747342126464,0.977398417024115,"RS"
19.7,0,0.998588686330556,0.987502565668561,1.00979926446295,"RS"
19.7,1,1.0022335332799,0.993663502623758,1.01087747771597,"RS"
19.7,2,1.00554930052859,0.99875472819385,1.01239009663771,"RS"
19.7,3,1.008189356086,1.00203899685792,1.01437746526069,"RS"
19.7,4,1.009804495054,1.00334649383158,1.01630406295359,"RS"
19.7,5,1.01004586099421,1.00303156144419,1.01710921223917,"RS"
19.7,6,1.00856905696156,1.00133788712266,1.0158524467533,"RS"
19.7,7,1.00515346195183,0.998277313252339,1.01207697366389,"RS"
19.7,8,1.00004572704039,0.993831607115006,1.00629870192487,"RS"
19.7,9,0.99360998351251,0.987725179768193,0.999529848542921,"RS"
19.7,10,0.986207920543191,0.979593978569977,0.992866517985285,"RS"
19.7,11,0.978194748410137,0.969704686047962,0.986759143875937,"RS"
19.7,12,0.96991643457931,0.95886744130698,0.981092744983366,"RS"
19.8,0,0.998898628208596,0.990094350090664,1.00778119716131,"RS"
19.8,1,1.0017934613905,0.994993369244476,1.00864002746753,"RS"
19.8,2,1.00442460478025,0.9990372935993,1.00984096705063,"RS"
19.8,3,1.00651729291818,1.00164401999315,1.0114142756528,"RS"
19.8,4,1.00779514293063,1.00268065625635,1.01293571764579,"RS"
19.8,5,1.00798200053718,1.00242763733616,1.01356713997522,"RS"
19.8,6,1.00680453499438,1.00107669331544,1.01256514955727,"RS"
19.8,7,1.00408620833267,0.99863537353575,1.00956679533021,"RS"
19.8,8,1.00002005712991,0.995087757891633,1.00497680403684,"RS"
19.8,9,0.994891946622783,0.990213058726518,0.999592942884267,"RS"
19.8,10,0.988986223979758,0.983718581538579,0.994282073732875,"RS"
19.8,11,0.982583160532374,0.975810249774128,0.989403080758035,"RS"
19.8,12,0.975957185070784,0.96712725554085,0.98486773238401,"RS"
19.9,0,0.999199612555196,0.992682820418503,1.00575918631244,"RS"
19.9,1,1.00134277702332,0.996313817257313,1.00639712079574,"RS"
19.9,2,1.00328902178574,0.999307710032061,1.00728619536368,"RS"
19.9,3,1.00483535454126,1.00123618776554,1.00844745932466,"RS"
19.9,4,1.00577789953213,1.00200240804521,1.00956761686906,"RS"
19.9,5,1.00591291086639,1.00181321796282,1.01002938083139,"RS"
19.9,6,1.00503819542513,1.00080916268401,1.00928509842424,"RS"
19.9,7,1.0030220822171,0.998994421375344,1.00706598143968,"RS"
19.9,8,1.00000532488654,0.996356108328719,1.00366790692822,"RS"
19.9,9,0.996197031507192,0.992729339543951,0.99967683642718,"RS"
19.9,10,0.991805491092197,0.987894766788578,0.99573169656354,"RS"
19.9,11,0.987036765752787,0.982000362338276,0.992098999462609,"RS"
19.9,12,0.98209370970861,0.975516039529986,0.988715731536234,"RS"
20,0,0.999490811306796,0.995264284683735,1.00373528645626,"RS"
20,1,1.00088127566825,0.997622484498232,1.00415071186687,"RS"
20,2,1.00214289324926,0.999564741169188,1.00472769509185,"RS"
20,3,1.00314426035063,1.00081494848745,1.00547899348951,"RS"
20,4,1.00375360268834,1.00131132297595,1.00620183931949,"RS"
20,5,1.00383920246548,1.00118754056827,1.00649788733344,"RS"
20,6,1.00326999743026,1.00053384001435,1.00601363740908,"RS"
20,7,1.00195993157135,0.999351996418672,1.00457467245993,"RS"
20,8,0.999998899252157,0.997632916867943,1.00237049279108,"RS"
20,9,0.997520891205613,0.995268696074054,0.999778182833155,"RS"
20,10,0.994659559157913,0.992115291371184,0.997210351688919,"RS"
20,11,0.991547620876984,0.988265721685183,0.994840418820071,"RS"
20,12,0.988316441967455,0.984022609011604,0.992629011282903,"RS"
20.1,0,0.999771395716445,0.997835023920693,1.0017115251832,"RS"
20.1,1,1.00040875356487,0.998917003433963,1.00190273142685,"RS"
20.1,2,1.00098655982948,0.999807148606221,1.00216736233189,"RS"
20.1,3,1.00144472553412,1.00037974091935,1.00251084391059,"RS"
20.1,4,1.00172308410938,1.0006069589593,1.00284045423917,"RS"
20.1,5,1.00176148121603,1.00054982443582,1.00297460530164,"RS"
20.1,6,1.00149990060875,1.00024925088335,1.00275211406912,"RS"
20.1,7,1.00089860922957,0.999705613675016,1.00209302844163,"RS"
20.1,8,0.999998149493903,0.998914401113076,1.00108307366172,"RS"
20.1,9,0.998859156463328,0.997825724774848,0.999893658460008,"RS"
20.1,10,0.997542195237761,0.996372763101885,0.998712999923721,"RS"
20.1,11,0.996107635486152,0.994596753402253,0.997620812736071,"RS"
20.1,12,0.994615562480183,0.992635329001055,0.996599746377473,"RS"
20.2,0,1.00004053643793,0.999689897490148,1.00039129837153,"RS"
20.2,1,0.999925007725523,0.999655082707487,1.00019500562821,"RS"
20.2,2,0.999820361106097,0.999607072696092,1.00003369502593,"RS"
20.2,3,0.999737461011183,0.999544962026506,0.999929997068589,"RS"
20.2,4,0.999687169331784,0.999485518077738,0.99988886126999,"RS"
20.2,5,0.999680348371919,0.999461469940713,0.999899274736706,"RS"
20.2,6,0.999727864982922,0.999501875224017,0.999953905838651,"RS"
20.2,7,0.999836972877845,0.999621224829785,1.00005276749076,"RS"
20.2,8,1.00000044502023,0.999804187559022,1.00019674100597,"RS"
20.2,9,1.00020743499855,1.00001995865493,1.00039494648884,"RS"
20.2,10,1.00044709414603,1.00023459319528,1.00065964024285,"RS"
20.2,11,1.00070856740399,1.00043360354343,1.0009836068369,"RS"
20.2,12,1.00098099036314,1.00062000747461,1.00134210347957,"RS"
20.3,0,1.00029740361678,0.99767236008159,1.00292935408237,"RS"
20.3,1,0.999429835958746,0.997409637320445,1.00145412639884,"RS"
20.3,2,0.998644635547542,0.997048678291711,1.00024314742244,"RS"
20.3,3,0.998023173377129,0.996583282180714,0.999465144968323,"RS"
20.3,4,0.997646677671499,0.996139071298483,0.99915656573092,"RS"
20.3,5,0.997596400537222,0.995960402088204,0.999235086332965,"RS"
20.3,6,0.997953850999175,0.996264262854464,0.999646304556412,"RS"
20.3,7,0.998773885051196,0.997159448380273,1.0003909355526,"RS"
20.3,8,1.00000315526619,0.998532394732108,1.00147608211611,"RS"
20.3,9,1.00156131096237,1.00015379423448,1.00297080848896,"RS"
20.3,10,1.0033678768155,1.00177007036854,1.00496823173693,"RS"
20.3,11,1.00534201883519,1.00327215580524,1.00741615222483,"RS"
20.3,12,1.00740237553846,1.00468175170016,1.01013036667895,"RS"
20.4,0,1.00054116698808,0.995660825563805,1.00544542994447,"RS"
20.4,1,0.998923036893083,0.995168231103235,1.00269200970121,"RS"
20.4,2,0.997459720479826,0.99449400472205,1.00043428040349,"RS"
20.4,3,0.996302564852332,0.993627718935841,0.998984611454291,"RS"
20.4,4,0.99560242218361,0.992803135308307,0.998409601869413,"RS"
20.4,5,0.995510229647741,0.992473304596008,0.998556447557758,"RS"
20.4,6,0.996177819528748,0.99304061011223,0.999324940003104,"RS"
20.4,7,0.997708213143655,0.99470789315509,1.00071758294483,"RS"
20.4,8,1.00000364964795,0.997266273993079,1.00274853906887,"RS"
20.4,9,1.00291634459286,1.00029188812989,1.00554768681769,"RS"
20.4,10,1.00629808906561,1.00331435336439,1.0092906980364,"RS"
20.4,11,1.00999943319827,1.00612977054325,1.01388397891261,"RS"
20.4,12,1.01386909210224,1.00877681376893,1.01898707612015,"RS"
20.5,0,1.00077099598124,0.993657156477993,1.00793576523641,"RS"
20.5,1,0.998404410001302,0.992932659880091,1.00390631327448,"RS"
20.5,2,0.996265952056461,0.991944848084881,1.00060587959426,"RS"
20.5,3,0.994576333236377,0.990680164453772,0.99848782495743,"RS"
20.5,4,0.993555209628689,0.989479709490355,0.997647496065134,"RS"
20.5,5,0.993422422956025,0.989002058819666,0.997862543996754,"RS"
20.5,6,0.994399731868514,0.989832237413507,0.998988302627977,"RS"
20.5,7,0.996638829431164,0.992266756569292,1.0010301662873,"RS"
20.5,8,0.999999297586449,0.996004419111174,1.00401019913725,"RS"
20.5,9,1.00426807206526,1.0004309721766,1.00811988894685,"RS"
20.5,10,1.00923120078216,1.00486234355013,1.01361905256965,"RS"
20.5,11,1.01467209267598,1.00899967986655,1.02037639475923,"RS"
20.5,12,1.02037023278966,1.01289689762002,1.02789870756797,"RS"
20.6,0,1.00098605983151,0.991663159115003,1.01039660772637,"RS"
20.6,1,0.997873755624973,0.990704675098768,1.00509471408906,"RS"
20.6,2,0.995063665229521,0.989402971942873,1.0007567451669,"RS"
20.6,3,0.992845171867099,0.987742485921752,0.997974218330726,"RS"
20.6,4,0.991505840445722,0.986170768317735,0.996869774709482,"RS"
20.6,5,0.991333563019867,0.985548521189225,0.997152562294777,"RS"
20.6,6,0.992619549741774,0.98664044858707,0.998634884613299,"RS"
20.6,7,0.995564611107284,0.989836235462323,1.00132613798106,"RS"
20.6,8,0.999987468600325,0.99474543524417,1.00525712602263,"RS"
20.6,9,1.00561200553993,1.00056778402694,1.01068165678499,"RS"
20.6,10,1.01216060551713,1.006408918381,1.01794516388912,"RS"
20.6,11,1.01935111650785,1.01187504197616,1.02688242680294,"RS"
20.6,12,1.02689460458995,1.01703356853988,1.03685125206818,"RS"
20.7,0,1.00118552769845,0.989680577050943,1.01282422239679,"RS"
20.7,1,0.997330874999429,0.988485979302165,1.00625491413578,"RS"
20.7,2,0.993853193721801,0.986870104239643,1.00088569552125,"RS"
20.7,3,0.991109769584462,0.984816523004237,0.997443231729307,"RS"
20.7,4,0.989455108731503,0.982878258526125,0.996075967396982,"RS"
20.7,5,0.989244227694244,0.982114519834845,0.996425694012696,"RS"
20.7,6,0.990837235299058,0.983466527047868,0.998263184210333,"RS"
20.7,7,0.994484440331586,0.987416522165699,1.00160295058914,"RS"
20.7,8,0.999965532467967,0.9934879353827,1.0064853638497,"RS"
20.7,9,1.00694363341016,1.00069906416493,1.01322717005974,"RS"
20.7,10,1.01507962051714,1.00794892827214,1.02226075854413,"RS"
20.7,11,1.02402746004924,1.01474893652112,1.03339082328083,"RS"
20.7,12,1.03343072556557,1.02117824574375,1.04583021523842,"RS"
20.8,0,1.00136856879117,0.987711084338799,1.01521490085752,"RS"
20.8,1,0.996775570279083,0.986278221391066,1.00738464659987,"RS"
20.8,2,0.992634870000075,0.984347934133687,1.00099157114322,"RS"
20.8,3,0.989370810699227,0.981904085299472,0.996894315563523,"RS"
20.8,4,0.987403802226424,0.979604096322303,0.99526561016995,"RS"
20.8,5,0.987154990126633,0.978701851239315,0.99568113956048,"RS"
20.8,6,0.989052751118947,0.980311731965693,0.997871710190031,"RS"
20.8,7,0.993397204290631,0.985007800538191,1.00185806138109,"RS"
20.8,8,0.99993085945879,0.99223053678266,1.00769094140166,"RS"
20.8,9,1.00825842075152,1.00082155300221,1.01575055010241,"RS"
20.8,10,1.01798148718936,1.00947719368022,1.0265574247223,"RS"
20.8,11,1.02869191462207,1.0176143602816,1.03989005708999,"RS"
20.8,12,1.03996682293125,1.0253221953852,1.05482061898738,"RS"
20.9,0,1.00153435250047,0.9857562782865,1.01756497151826,"RS"
20.9,1,0.996207644563116,0.984082991631342,1.00848168246543,"RS"
20.9,2,0.991409025249452,0.981838108720895,1.0010732386692,"RS"
20.9,3,0.987628974966352,0.979006949778821,0.996326933545726,"RS"
20.9,4,0.985352702306565,0.976350164604709,0.994438248838666,"RS"
20.9,5,0.985066418755665,0.975312276888524,0.994918112233526,"RS"
20.9,6,0.987266060208891,0.977177294397288,0.997458986438654,"RS"
20.9,7,0.992301795271445,0.982610241938595,1.0020889370706,"RS"
20.9,8,0.999880820633654,0.990971857360177,1.00886987662219,"RS"
20.9,9,1.00955180997455,1.00093198803366,1.01824586406227,"RS"
20.9,10,1.02085937201349,1.01098850237359,1.03082661670337,"RS"
20.9,11,1.03333510818233,1.02046422315391,1.04636833077992,"RS"
20.9,12,1.0464908324492,1.0294565239627,1.06380700584097,"RS"
21,0,1.00168204853776,0.983817671746529,1.01987081059599,"RS"
21,1,0.995626901921523,0.981901816355565,1.00954383759984,"RS"
21,2,0.990175989348826,0.979342229614428,1.00112959518649,"RS"
21,3,0.98588493756309,0.976126858185777,0.99574056585255,"RS"
21,4,0.983302583982005,0.973118310170994,0.993593442400431,"RS"
21,5,0.982979077313077,0.971947519889506,0.994135842380784,"RS"
21,6,0.985477126006051,0.974064413348739,0.997023556730066,"RS"
21,7,0.991197110747365,0.980224001104787,1.00229305877698,"RS"
21,8,0.999812788214379,0.989710512022774,1.01001818141142,"RS"
21,9,1.01081922168274,1.00102710103084,1.02070712957832,"RS"
21,10,1.02370636790834,1.01247760686976,1.03505966016974,"RS"
21,11,1.03794750682951,1.02329134441129,1.05281358316718,"RS"
21,12,1.05299039919735,1.03357217209049,1.07277344605668,"RS"
21.1,0,1.00181082708078,0.98189668483625,1.0221288540389,"RS"
21.1,1,0.995033147421505,0.979736152305177,1.01056898037089,"RS"
21.1,2,0.988936090847408,0.976861849348694,1.00115957280204,"RS"
21.1,3,0.984139369071702,0.973265514370227,0.995134712425886,"RS"
21.1,4,0.981254215901265,0.969910340886174,0.992730766582275,"RS"
21.1,5,0.980893524828898,0.968609261524046,0.993333581734883,"RS"
21.1,6,0.98368591237814,0.970974251733214,0.996563989708229,"RS"
21.1,7,0.990082053476173,0.977849211906262,1.00246792724272,"RS"
21.1,8,0.999724136022294,0.988445108909275,1.01113186674411,"RS"
21.1,9,1.01205605573708,1.0011036152507,1.0231283199368,"RS"
21.1,10,1.02651549606124,1.01393922201757,1.03924775841801,"RS"
21.1,11,1.04251941718266,1.02608844921279,1.05921349766358,"RS"
21.1,12,1.0594528797672,1.03765990859825,1.08170354770986,"RS"
21.2,0,1.00191985892619,0.979994636001578,1.02433561045437,"RS"
21.2,1,0.99442618715421,0.97758738055516,1.01155503985381,"RS"
21.2,2,0.987689656942335,0.974398467571676,1.00116214351405,"RS"
21.2,3,0.98239293546677,0.970424581532034,0.994508896437265,"RS"
21.2,4,0.979208360361791,0.966728022783423,0.991849817533673,"RS"
21.2,5,0.978810315639849,0.965299137703891,0.992510607936408,"RS"
21.2,6,0.98189238362428,0.967907932186997,0.996078884115505,"RS"
21.2,7,0.98895553161039,0.975485982935447,1.00261106834122,"RS"
21.2,8,0.99961223998572,0.987174245509703,1.01220694813948,"RS"
21.2,9,1.01325769252912,1.00115824263636,1.02550336974286,"RS"
21.2,10,1.02927970822842,1.01536802270111,1.04338199951628,"RS"
21.2,11,1.04704098964738,1.02884816533104,1.06555551241035,"RS"
21.2,12,1.06586534594752,1.04171032492184,1.09058046993733,"RS"
21.3,0,1.00200831564885,0.978112732329568,1.02648767513554,"RS"
21.3,1,0.993805828261819,0.975456799958557,1.01250001468965,"RS"
21.3,2,0.986437013457353,0.971953526987234,1.00113632442371,"RS"
21.3,3,0.980646298107021,0.967605679346195,0.99386266794217,"RS"
21.3,4,0.977165773326401,0.963573077067748,0.990950215697494,"RS"
21.3,5,0.976729999400877,0.962018735291429,0.991666229286727,"RS"
21.3,6,0.980096504475856,0.964866532704392,0.995566874304769,"RS"
21.3,7,0.987816458819631,0.973134392900987,1.00272003891064,"RS"
21.3,8,0.999474478716234,0.985896504634916,1.01323945151322,"RS"
21.3,9,1.01441949446349,1.00118768098528,1.02782618113604,"RS"
21.3,10,1.03199188951386,1.01675864164073,1.04745336445215,"RS"
21.3,11,1.05150222259748,1.03156302006717,1.07182683231069,"RS"
21.3,12,1.07221458994922,1.04571382974306,1.09938693952479,"RS"
21.4,0,1.00207536976784,0.976252059007951,1.02858174528795,"RS"
21.4,1,0.993171878964959,0.973345620043243,1.01340198266158,"RS"
21.4,2,0.985178484822567,0.969528409006033,1.0010811833274,"RS"
21.4,3,0.978900113731633,0.964810380939855,0.993195607752836,"RS"
21.4,4,0.975127204445604,0.960447176990659,0.990031609889512,"RS"
21.4,5,0.974653121099813,0.958769588247142,0.990799789766318,"RS"
21.4,6,0.978298240097395,0.961851082049349,0.995026636076037,"RS"
21.4,7,0.986663754424897,0.970794485783795,1.00279243295233,"RS"
21.4,8,0.999308234153554,0.984610450203977,1.01422541944402,"RS"
21.4,9,1.01553680765146,1.00118861105941,1.03009063057923,"RS"
21.4,10,1.03464486163383,1.01810566726502,1.05145273631664,"RS"
21.4,11,1.05589296749373,1.03422543731846,1.0780144430536,"RS"
21.4,12,1.07848713122497,1.04966064383247,1.10810527102463,"RS"
21.5,0,1.00212019491924,0.974413567821749,1.03061463656537,"RS"
21.5,1,0.992524148590454,0.971254953288115,1.0142591110606,"RS"
21.5,2,0.983914394055251,0.967124429060487,1.00099584473278,"RS"
21.5,3,0.97715503446096,0.962040209689175,0.992507331560389,"RS"
21.5,4,0.973093397085706,0.957351944561637,0.98909368161923,"RS"
21.5,5,0.972580221075081,0.95555317356235,0.98991067435844,"RS"
21.5,6,0.976497556087434,0.958862554898613,0.994456892881333,"RS"
21.5,7,0.985496343544688,0.968466265713961,1.0028258882347,"RS"
21.5,8,0.999110892278816,0.983314622815302,1.0151609178883,"RS"
21.5,9,1.01660496381629,1.00115769360996,1.03229057625217,"RS"
21.5,10,1.03723138667371,1.01940364162598,1.05537091056988,"RS"
21.5,11,1.06020293496125,1.03682773476127,1.08410512722178,"RS"
21.5,12,1.08466922493542,1.05354079504438,1.11671739058993,"RS"
21.6,0,1.00214196603556,0.97259806456906,1.03258330103154,"RS"
21.6,1,0.991862447599391,0.969185806700442,1.01506966791759,"RS"
21.6,2,0.982645062741705,0.964742831535709,1.00087949634577,"RS"
21.6,3,0.975411707801621,0.959296635801533,0.991797494339712,"RS"
21.6,4,0.971065088362616,0.954288947059529,0.988136149687451,"RS"
21.6,5,0.97051183503642,0.952370906932547,0.988998314721168,"RS"
21.6,6,0.97469441847941,0.955901866667874,0.99385642244488,"RS"
21.6,7,0.984313157252808,0.966149691523675,1.00281809334641,"RS"
21.6,8,0.998879843895969,0.982007535065442,1.01604204337917,"RS"
21.6,9,1.01761928241119,1.00109156628823,1.03441986608137,"RS"
21.6,10,1.03974417134291,1.02064705832725,1.05919860643437,"RS"
21.6,11,1.06442170184549,1.03936212110809,1.09008548257631,"RS"
21.6,12,1.09074687211107,1.05734411340718,1.12520486370924,"RS"
21.7,0,1.00213985953179,0.970806195270177,1.0344848466721,"RS"
21.7,1,0.99118658761551,0.967139072610615,1.01583203418401,"RS"
21.7,2,0.981370811020166,0.962384784264715,1.00073139607896,"RS"
21.7,3,0.97367077665591,0.956581072645764,0.991065795073278,"RS"
21.7,4,0.969043009181275,0.951259693304039,0.987158775099037,"RS"
21.7,5,0.968448494088584,0.949224138123177,0.988062195254394,"RS"
21.7,6,0.972888793742547,0.952969867968676,0.993224063849351,"RS"
21.7,7,0.98311313274774,0.963844670928095,1.00276679524556,"RS"
21.7,8,0.99861248548096,0.980687666576961,1.01686493074725,"RS"
21.7,9,1.01857507295049,1.00098684041141,1.03647234643933,"RS"
21.7,10,1.04217587173322,1.02183036043289,1.06292647946256,"RS"
21.7,11,1.06853871926513,1.04182069339327,1.09594194261004,"RS"
21.7,12,1.09670583155589,1.06106022624626,1.13354892702344,"RS"
21.8,0,1.00211305349811,0.96903843103672,1.03631655858781,"RS"
21.8,1,0.990496381453896,0.965115518595213,1.0165447169488,"RS"
21.8,2,0.980091957564751,0.960051372532361,1.00055087963611,"RS"
21.8,3,0.971932879335454,0.953894872790089,0.990311981833227,"RS"
21.8,4,0.967027884280618,0.948265629644258,0.986161366332625,"RS"
21.8,5,0.966390724757959,0.946114145975873,0.987101859612223,"RS"
21.8,6,0.971080648782752,0.950067338639952,0.992558725142849,"RS"
21.8,7,0.981895213533449,0.961551054282697,1.00266980735528,"RS"
21.8,8,0.998306220098334,0.979353458694319,1.01762576140357,"RS"
21.8,9,1.01946763755423,1.00084009755093,1.03844187154733,"RS"
21.8,10,1.04451909858467,1.02294793832164,1.06654513532544,"RS"
21.8,11,1.07254332167807,1.04419543423777,1.10166079946131,"RS"
21.8,12,1.10253163353489,1.06467855326982,1.14173052440275,"RS"
21.9,0,1.00206072789907,0.967295051461047,1.03807592200636,"RS"
21.9,1,0.989791643149981,0.963115776434366,1.01720636378372,"RS"
21.9,2,0.978808819570434,0.957743592528629,1.00033736873079,"RS"
21.9,3,0.970198649579092,0.951239323704117,0.989535857264329,"RS"
21.9,4,0.965020432283982,0.945308135617602,0.985143785012638,"RS"
21.9,5,0.964339049022064,0.943042132999066,0.986116917715383,"RS"
21.9,6,0.969269950943518,0.947194981293822,0.991859391525449,"RS"
21.9,7,0.980658349611479,0.959268627862025,1.00252501825905,"RS"
21.9,8,0.99795845838478,0.978003308803968,1.01832077222691,"RS"
21.9,9,1.02029227370595,1.00064788590796,1.04032231361734,"RS"
21.9,10,1.04676642306255,1.02399412744826,1.07004514486977,"RS"
21.9,11,1.07642473697479,1.04647820903796,1.10722822927813,"RS"
21.9,12,1.10820959528368,1.06818830154027,1.14973034745646,"RS"
22,0,1.00198206477933,0.965576126381427,1.03976064725408,"RS"
22,1,0.989072187988844,0.961140330005269,1.01781577831374,"RS"
22,2,0.977521712739047,0.955462344188069,1.00009038000161,"RS"
22,3,0.968468716574896,0.94861564307779,0.98873728451399,"RS"
22,4,0.963021365754897,0.942388519228694,0.984105952032897,"RS"
22,5,0.962293984341886,0.940009219482535,0.985107053322669,"RS"
22,6,0.96745666800683,0.944353414310994,0.991125134178467,"RS"
22,7,0.979401497684195,0.956997106601154,1.00233040105295,"RS"
22,8,0.997566619599122,0.976635564232071,1.01894626510033,"RS"
22,9,1.02104427722358,1.0004067164386,1.04210757376998,"RS"
22,10,1.04891038304761,1.02496320597053,1.07341706049176,"RS"
22,11,1.08017209761046,1.04866076301826,1.1126303201218,"RS"
22,12,1.11372483837288,1.07157846024659,1.15752888064143,"RS"
22.1,0,1.00187624847581,0.963881495876349,1.04136869683068,"RS"
22.1,1,0.988337832534794,0.959189502010864,1.01837193711125,"RS"
22.1,2,0.976230951266298,0.953208423348709,0.999809534689412,"RS"
22.1,3,0.966743704986305,0.946024973706466,0.987916193659212,"RS"
22.1,4,0.961031391258153,0.93950801179366,0.983047854185221,"RS"
22.1,5,0.960256043697008,0.93701643707091,0.984072032225033,"RS"
22.1,6,0.965640768194078,0.941543164216717,0.990355119803963,"RS"
22.1,7,0.978123621369023,0.954736126237558,1.00208402341528,"RS"
22.1,8,0.997128132738142,0.975248515670513,1.01949861714403,"RS"
22.1,9,1.02171894544227,1.00011305868855,1.04379159376694,"RS"
22.1,10,1.05094348994081,1.02584939219659,1.0766514338757,"RS"
22.1,11,1.08377445278473,1.05073471808174,1.11785310249688,"RS"
22.1,12,1.1190623079549,1.07483779518498,1.16510645112718,"RS"
22.2,0,1.00174253271115,0.962210614052098,1.04289859952452,"RS"
22.2,1,0.987588417073674,0.957263314389752,1.01887418735967,"RS"
22.2,2,0.974936832706773,0.950982390283034,0.999494667283401,"RS"
22.2,3,0.965024194450743,0.943468246614945,0.987072643108658,"RS"
22.2,4,0.959051160597313,0.936667619036501,0.981969601542519,"RS"
22.2,5,0.958225700751317,0.934064581816233,0.983011786824177,"RS"
22.2,6,0.963822227320063,0.938764553088267,0.989548745550965,"RS"
22.2,7,0.976823773900798,0.952485208155766,1.00178425563723,"RS"
22.2,8,0.996640627816326,0.973840478338792,1.019974588352,"RS"
22.2,9,1.02231190823802,0.999763561800508,1.04536880284281,"RS"
22.2,10,1.05285872850392,1.0266472068871,1.07973946137546,"RS"
22.2,11,1.08722146317455,1.05269206851408,1.12288345789088,"RS"
22.2,12,1.12420768396929,1.07795547388241,1.17244445370613,"RS"
22.3,0,1.0015808254094,0.960561397427545,1.04435193056303,"RS"
22.3,1,0.986824001373997,0.95536041252895,1.01932380378832,"RS"
22.3,2,0.973639506007113,0.948783508428963,0.999146674911616,"RS"
22.3,3,0.963310366203784,0.940945044064846,0.98620728967006,"RS"
22.3,4,0.957080845316381,0.933866880077759,0.980871860875124,"RS"
22.3,5,0.956203085990445,0.931153003515549,0.981927071282203,"RS"
22.3,6,0.962001091153222,0.936016798168873,0.98870672106573,"RS"
22.3,7,0.975501817996318,0.95024353396943,1.00143148876689,"RS"
22.3,8,0.996103597882622,0.972410567470502,1.02037391499739,"RS"
22.3,9,1.02282199859119,0.999357030433926,1.04683792572894,"RS"
22.3,10,1.05465388271389,1.02735467682976,1.08267849206258,"RS"
22.3,11,1.09050940239578,1.05452957028718,1.12771684191818,"RS"
22.3,12,1.12915524043383,1.08092662675423,1.17953571078888,"RS"
22.4,0,1.00139140424227,0.958930916470835,1.04573199931947,"RS"
22.4,1,0.986044768772403,0.953478684663324,1.01972314815484,"RS"
22.4,2,0.972339036564184,0.946610326584302,0.998767048567971,"RS"
22.4,3,0.961602178212726,0.938454203201604,0.985321122745097,"RS"
22.4,4,0.955120348250365,0.931104524333128,0.979755608313975,"RS"
22.4,5,0.954188137877783,0.928280255130993,0.980819097933082,"RS"
22.4,6,0.960177444479042,0.933298509247681,0.987830491264222,"RS"
22.4,7,0.974158071065454,0.948010101981359,1.0010272521765,"RS"
22.4,8,0.995517587951409,0.970958352273559,1.02069802026006,"RS"
22.4,9,1.02324986936154,0.998893490267584,1.04820013880351,"RS"
22.4,10,1.05632948192071,1.02797182426052,1.08546941466763,"RS"
22.4,11,1.09363835374529,1.05624670266154,1.13235368760812,"RS"
22.4,12,1.13390423693432,1.0837498085334,1.18637974227424,"RS"
22.5,0,1.00117455312691,0.957316164511708,1.04704226564494,"RS"
22.5,1,0.985250904191707,0.95161596965834,1.02007466789265,"RS"
22.5,2,0.971035488611793,0.944461365597166,0.998357322480162,"RS"
22.5,3,0.959899586194437,0.935994543686679,0.984415156895069,"RS"
22.5,4,0.953169569938166,0.928379264949922,0.978621844925754,"RS"
22.5,5,0.952180793141729,0.92544487031827,0.979689111590413,"RS"
22.5,6,0.958351372083818,0.93060827284587,0.986921542795107,"RS"
22.5,7,0.972792855827117,0.945783886683267,1.00057312634804,"RS"
22.5,8,0.994883160940007,0.969483386971139,1.02094839088918,"RS"
22.5,9,1.02359621493191,0.998372971224177,1.049456707485,"RS"
22.5,10,1.05788613428574,1.02849869606644,1.08811326391971,"RS"
22.5,11,1.09660853103567,1.05784298104596,1.13679467736428,"RS"
22.5,12,1.13845412820993,1.08642361217647,1.19297646655686,"RS"
22.6,0,1.00093055801696,0.955714070794444,1.04828631552881,"RS"
22.6,1,0.984442592729921,0.949770067933219,1.02038088070064,"RS"
22.6,2,0.969728926154551,0.942335127816068,0.997919065587893,"RS"
22.6,3,0.958202546122576,0.933564877038802,0.983490426833643,"RS"
22.6,4,0.951228411638795,0.925689808910189,0.977471591886838,"RS"
22.6,5,0.950180988931752,0.922645373627764,0.978538382712977,"RS"
22.6,6,0.956522958309671,0.927944660607442,0.985981393733714,"RS"
22.6,7,0.971406495144227,0.943563842594487,1.0000707278203,"RS"
22.6,8,0.994200885661838,0.967985207374845,1.02112655598467,"RS"
22.6,9,1.02386175037793,0.997795495031181,1.05060895655196,"RS"
22.6,10,1.05932449539471,1.02893534243364,1.0906111786277,"RS"
22.6,11,1.09942023531356,1.05931792773683,1.14104068492383,"RS"
22.6,12,1.14280450817309,1.08894663243029,1.19932612398646,"RS"
22.7,0,1.00065970682703,0.954121505250556,1.04946785431087,"RS"
22.7,1,0.98362001963553,0.947938744523813,1.02064437034253,"RS"
22.7,2,0.968419412966031,0.940230098696594,0.997453879331836,"RS"
22.7,3,0.956511014225804,0.931164007558268,0.982547986078623,"RS"
22.7,4,0.949296775324171,0.923034857931323,0.976305889097765,"RS"
22.7,5,0.948188662815067,0.919880281677321,0.977368205623089,"RS"
22.7,6,0.954692287052473,0.92530623086085,0.985011591362067,"RS"
22.7,7,0.969999311962823,0.941348906088661,0.999521706694087,"RS"
22.7,8,0.99347133657359,0.966463332570566,1.02123408445116,"RS"
22.7,9,1.02404721086816,0.997161076393822,1.05165826756828,"RS"
22.7,10,1.06064526722822,1.02928181770964,1.0929643986104,"RS"
22.7,11,1.10207385349003,1.06067107308104,1.14509277133231,"RS"
22.7,12,1.14695510852905,1.09131746788873,1.20542927213094,"RS"
22.8,0,1.00036228935767,0.952535283730909,1.05059069943243,"RS"
22.8,1,0.982783370283069,0.946119732324056,1.02086778227571,"RS"
22.8,2,0.967107012586972,0.938144748369697,0.996963395489075,"RS"
22.8,3,0.954824946986001,0.928790733115359,0.981588905747172,"RS"
22.8,4,0.947374563672004,0.920413109199939,0.975125793974056,"RS"
22.8,5,0.946203752773337,0.917148104156622,0.97617989690513,"RS"
22.8,6,0.952859441759851,0.922691530020709,0.984013710118827,"RS"
22.8,7,0.968571629252006,0.939137997058993,0.998927744303541,"RS"
22.8,8,0.992695093523903,0.964917266429049,1.02127258262602,"RS"
22.8,9,1.02415335106189,0.996469723984932,1.0526060764764,"RS"
22.8,10,1.06184919711198,1.02953818108664,1.09517426174258,"RS"
22.8,11,1.10456985690735,1.06190195648053,1.14895218088874,"RS"
22.8,12,1.1509057972521,1.09353472295355,1.21128678069856,"RS"
22.9,0,1.00003859722097,0.950952173878004,1.05165877254726,"RS"
22.9,1,0.981932830148988,0.944310735629594,1.02105381898634,"RS"
22.9,2,0.96579178832351,0.936077533255016,0.99644927397164,"RS"
22.9,3,0.953144301136509,0.926443845871387,0.980614273425833,"RS"
22.9,4,0.945461680058779,0.917823256015023,0.973932380337219,"RS"
22.9,5,0.944226197199415,0.914447344753591,0.974974793893585,"RS"
22.9,6,0.951024505429242,0.920099093928612,0.982989349620105,"RS"
22.9,7,0.967123769944722,0.936930020518119,0.998290550957966,"RS"
22.9,8,0.99187274150371,0.963346499025101,1.02124369199836,"RS"
22.9,9,1.02418094450493,0.995721441323396,1.05345387128841,"RS"
22.9,10,1.06293707664816,1.02970449717899,1.09724220104765,"RS"
22.9,11,1.10690879984519,1.06301012733543,1.15262033697267,"RS"
22.9,12,1.15465657692362,1.09559700983916,1.21689982599414,"RS"
23,0,0.999688923766632,0.949368901772242,1.05267609086003,"RS"
23,1,0.981068584787806,0.942509434074827,1.02120523494,"RS"
23,2,0.964473803245462,0.934026897780703,0.995913200526659,"RS"
23,3,0.951469033660393,0.924122132982381,0.979625192065281,"RS"
23,4,0.943558028552822,0.915263988395737,0.972726737350387,"RS"
23,5,0.942255934894123,0.911776502069055,0.973754253184248,"RS"
23,6,0.949187560606034,0.9175274492056,0.981940132678633,"RS"
23,7,0.965656056879392,0.934723868202496,0.997611863684478,"RS"
23,8,0.991004870398322,0.961750508025926,1.02114908695917,"RS"
23,9,1.02413078302395,0.994916227592616,1.05420318982545,"RS"
23,10,1.06390974062952,1.02978083654782,1.09916974178789,"RS"
23,11,1.10909131796941,1.06399514599818,1.1560988376889,"RS"
23,12,1.15820758293708,1.09750295072867,1.22226988481653,"RS"
23.1,0,0.999313564008661,0.947782159448176,1.05364675759788,"RS"
23.1,1,0.980190819808564,0.940713487029855,1.02132483108164,"RS"
23.1,2,0.963153120184636,0.931991276255656,0.995356884292263,"RS"
23.1,3,0.949799101788711,0.921824377322727,0.978622778862371,"RS"
23.1,4,0.941663513907466,0.91273399369516,0.971509968457153,"RS"
23.1,5,0.940292905063064,0.909134070569174,0.972519649118862,"RS"
23.1,6,0.94734868938176,0.914975114670421,0.980867703267112,"RS"
23.1,7,0.964168812742394,0.932518420233146,0.99689344392002,"RS"
23.1,8,0.990092074741376,0.960128760093085,1.02099047253896,"RS"
23.1,9,1.02400367611987,0.994054078436716,1.05485561746906,"RS"
23.1,10,1.06476806593756,1.02976727621249,1.10095849851659,"RS"
23.1,11,1.11111812672645,1.06485658479468,1.1593894512829,"RS"
23.1,12,1.16155908157535,1.09925118016692,1.2273987277278,"RS"
23.2,0,0.99891281455265,0.946188613343715,1.05457495155358,"RS"
23.2,1,0.979299720851575,0.938920538503312,1.02141544883949,"RS"
23.2,2,0.961829801733187,0.92996909492834,0.994782055175057,"RS"
23.2,3,0.94813446299881,0.919549358257187,0.97760816410098,"RS"
23.2,4,0.939778041554295,0.910231957251456,0.970283190291947,"RS"
23.2,5,0.938337047313463,0.906518541613475,0.971272372205233,"RS"
23.2,6,0.945507973392361,0.91244060286466,0.9797737243847,"RS"
23.2,7,0.962662360011398,0.930312546871615,0.996137075114181,"RS"
23.2,8,0.989134953470735,0.958480712331153,1.02076958210039,"RS"
23.2,9,1.02380045036081,0.993134986762624,1.05541278489821,"RS"
23.2,10,1.06551297042617,1.0296639001789,1.10261017206599,"RS"
23.2,11,1.11299001968636,1.0655940291565,1.16249411129116,"RS"
23.2,12,1.16471146796579,1.1008403477601,1.23228841164046,"RS"
23.3,0,0.998486973523664,0.944584913714384,1.05546491566972,"RS"
23.3,1,0.978395473565466,0.93712822257901,1.02147996360518,"RS"
23.3,2,0.960503910242009,0.927958774257118,0.994190461024258,"RS"
23.3,3,0.946475075012638,0.917295852483249,0.976582489929592,"RS"
23.3,4,0.937901517596485,0.907756563100883,0.969047531537405,"RS"
23.3,5,0.936388301651055,0.903928404587656,0.970013827443476,"RS"
23.3,6,0.943665493816518,0.909922421715975,0.978659875795364,"RS"
23.3,7,0.961137020899578,0.928105110400328,0.995344560213931,"RS"
23.3,8,0.988134109686455,0.956805813807858,1.02048817496203,"RS"
23.3,9,1.02352194877502,0.992158943569302,1.05587636579223,"RS"
23.3,10,1.06614541179226,1.02947080000811,1.10412654645157,"RS"
23.3,11,1.11470786683785,1.06620707890006,1.16541491139983,"RS"
23.3,12,1.16766526391852,1.1022691212398,1.23694127168177,"RS"
23.4,0,0.998036340494765,0.94296770501451,1.05632094466359,"RS"
23.4,1,0.977478263584531,0.935334169397334,1.02152127767968,"RS"
23.4,2,0.959175507819165,0.92595873140917,0.993583864585438,"RS"
23.4,3,0.944820895795068,0.915062634960876,0.975546909058484,"RS"
23.4,4,0.936033848802229,0.905306494771818,0.967804131709393,"RS"
23.4,5,0.934446608476991,0.901362148163776,0.968745432535618,"RS"
23.4,6,0.941821331374048,0.907419076363027,0.977527851614522,"RS"
23.4,7,0.959593117300681,0.925894967148894,0.994517719009008,"RS"
23.4,8,0.987090150410899,0.955103507164117,1.02014803393533,"RS"
23.4,9,1.02316903024433,0.991125938820398,1.05624807448493,"RS"
23.4,10,1.06666638643474,1.02918807544365,1.10550948567811,"RS"
23.4,11,1.11627261283802,1.06669534968184,1.16815409999103,"RS"
23.4,12,1.17042111565359,1.1035361899393,1.2413599123044,"RS"
23.5,0,0.997561216416181,0.941333637216856,1.05714737172245,"RS"
23.5,1,0.97654827650638,0.93353601167583,1.02154231269092,"RS"
23.5,2,0.957844656328353,0.9239673829981,0.992964040223773,"RS"
23.5,3,0.943171883552242,0.912848479942855,0.974502583363202,"RS"
23.5,4,0.934174942598245,0.902880436174904,0.966554139854437,"RS"
23.5,5,0.932511908584791,0.898818261705155,0.967468615961101,"RS"
23.5,6,0.939975566324358,0.904929071159305,0.976379357726763,"RS"
23.5,7,0.958030970734978,0.923680969681683,0.993658385322914,"RS"
23.5,8,0.986003686351093,0.953373230327373,1.01975096276209,"RS"
23.5,9,1.02274256889849,0.990035962372755,1.05652966355909,"RS"
23.5,10,1.06707692830313,1.02881583511234,1.10676093043659,"RS"
23.5,11,1.11768527522039,1.06705847465387,1.17071407436194,"RS"
23.5,12,1.17297979142269,1.10464026872152,1.24554719762157,"RS"
23.6,0,0.997061903545135,0.939679378011662,1.05794855432989,"RS"
23.6,1,0.975605697869887,0.93173139174706,1.02154600150531,"RS"
23.6,2,0.956511417387413,0.921983148063797,0.992332770413251,"RS"
23.6,3,0.941527996729937,0.91065216211575,0.973450682384271,"RS"
23.6,4,0.932324707063375,0.900477072601091,0.965298713147664,"RS"
23.6,5,0.93058414315732,0.896295236828766,0.966184814905233,"RS"
23.6,6,0.938128278464975,0.902450911867496,0.975216109022979,"RS"
23.6,7,0.956450902296094,0.92146196915647,0.992768404039988,"RS"
23.6,8,0.98487533166343,0.951614418337378,1.0192987834441,"RS"
23.6,9,1.02224345351098,0.988889004970209,1.05672292137329,"RS"
23.6,10,1.06737810773734,1.02835419731046,1.10788289468419,"RS"
23.6,11,1.1189469425639,1.0672961063388,1.17309737460585,"RS"
23.6,12,1.17534217903115,1.10558010238975,1.24950624095322,"RS"
23.7,0,0.996538705376356,0.938001625795445,1.0587288593141,"RS"
23.7,1,0.974650713133456,0.929917969075514,1.02153527967198,"RS"
23.7,2,0.95517585236687,0.920004451291772,0.991691841994609,"RS"
23.7,3,0.939889194011938,0.908472457858621,0.972392381715864,"RS"
23.7,4,0.930483050922265,0.898095091836504,0.964039015382151,"RS"
23.7,5,0.928663253763805,0.893791569133897,0.964895473031677,"RS"
23.7,6,0.936279547130128,0.89998310805091,0.974039826450398,"RS"
23.7,7,0.95485323259872,0.919236817859021,0.99184962796394,"RS"
23.7,8,0.983705703720777,0.94982650528994,1.01879333345978,"RS"
23.7,9,1.02167258689652,0.987685059309636,1.05682966951573,"RS"
23.7,10,1.06757103029986,1.02780329088444,1.10887746210149,"RS"
23.7,11,1.12005877262621,1.06740791874018,1.17530667714889,"RS"
23.7,12,1.1775092832659,1.10635447060425,1.25324039357847,"RS"
23.8,0,0.995991926573284,0.936297123329943,1.05949264723906,"RS"
23.8,1,0.973683507653581,0.928093428199279,1.021513076454,"RS"
23.8,2,0.953838022388514,0.918029726463038,0.991043042210967,"RS"
23.8,3,0.938255434318431,0.906308146624106,0.971328861278772,"RS"
23.8,4,0.928649883539125,0.895733185400499,0.962776215343232,"RS"
23.8,5,0.926749182356878,0.891305760102058,0.963602038093862,"RS"
23.8,6,0.934429451189401,0.897524175663606,0.972852233873851,"RS"
23.8,7,0.953238281727212,0.917004371913744,0.990903914507966,"RS"
23.8,8,0.9824954228821,0.948008926400764,1.0182364628666,"RS"
23.8,9,1.02103088531098,0.98642412118406,1.05685176018156,"RS"
23.8,10,1.06765683560162,1.0271632562136,1.10974678242368,"RS"
23.8,11,1.12102199044431,1.06739360969928,1.17734478793983,"RS"
23.8,12,1.17948222323534,1.10696219331925,1.25675323269777,"RS"
23.9,0,0.995421872899978,0.93456267192312,1.06024425628805,"RS"
23.9,1,0.972704266663722,0.926255487026625,1.02148230551709,"RS"
23.9,2,0.952497988324014,0.91605742011939,0.990388154536263,"RS"
23.9,3,0.936626676804418,0.90415801244397,0.970261303475483,"RS"
23.9,4,0.926825114911578,0.89339004991081,0.961511485063682,"RS"
23.9,5,0.924841871269653,0.888836319169401,0.962305959383887,"RS"
23.9,6,0.932578069046444,0.895072639836066,0.971655054751402,"RS"
23.9,7,0.951606369185079,0.914763494165986,0.989933122221091,"RS"
23.9,8,0.981245112264661,0.946161120188396,1.01763003129062,"RS"
23.9,9,1.02031927785382,0.985106190705752,1.05679107347231,"RS"
23.9,10,1.06763669612305,1.02643424629994,1.11049306764405,"RS"
23.9,11,1.12183788640541,1.06725290350587,1.17921463529438,"RS"
23.9,12,1.18126222962683,1.10740213674583,1.2600485486179,"RS"
24,0,0.994828851153751,0.932795145958159,1.06098798581472,"RS"
24,1,0.971713175253486,0.924401905403049,1.02144585536041,"RS"
24,2,0.951155810793577,0.914085995422954,0.98972895431767,"RS"
24,3,0.935002880858143,0.902020845558815,0.969190891227607,"RS"
24,4,0.925008655664587,0.891064388577357,0.960245997958121,"RS"
24,5,0.922941263212837,0.886381765969315,0.961008685021163,"RS"
24,6,0.930725478637748,0.892627037848525,0.970450008632232,"RS"
24,7,0.949957813845372,0.912513057227106,0.98893910715985,"RS"
24,8,0.97995539751888,0.944282530772274,1.01697590480786,"RS"
24,9,1.0195387058737,0.983731273610467,1.05664951461757,"RS"
24,10,1.06751181603126,1.02561642796855,1.11111858809005,"RS"
24,11,1.12250781429119,1.0669855537662,1.18091926239976,"RS"
24,12,1.18285064188764,1.10767321983651,1.26313033118243,"RS"
24.1,0,0.994213169098542,0.930991507574112,1.06172807975939,"RS"
24.1,1,0.970710418348116,0.922530493851127,1.02140657958742,"RS"
24.1,2,0.949811550164634,0.912113936182959,0.989067204258995,"RS"
24.1,3,0.93338400609953,0.899895444169205,0.968118805898295,"RS"
24.1,4,0.923200417044459,0.888754912823872,0.958980926837326,"RS"
24.1,5,0.921047301271871,0.883940632739126,0.959711659086682,"RS"
24.1,6,0.928871757431483,0.890185922279358,0.969238807489349,"RS"
24.1,7,0.94829293390196,0.910251946669039,0.98792371911878,"RS"
24.1,8,0.978626906605929,0.942372610278919,1.01627595272493,"RS"
24.1,9,1.01869012237748,0.982299382642278,1.0564290111209,"RS"
24.1,10,1.06728342999504,1.0247099831802,1.11162566837378,"RS"
24.1,11,1.12303318929843,1.06659134652693,1.18246181948932,"RS"
24.1,12,1.18424890533516,1.10777442127674,1.26600275548081,"RS"
24.2,0,0.993575135399028,0.929148821284325,1.06246871014553,"RS"
24.2,1,0.969696180688301,0.920639122374292,1.02136728712598,"RS"
24.2,2,0.948465266550572,0.910139751017116,0.988404649777714,"RS"
24.2,3,0.931770012378645,0.897780616303062,0.96704622510476,"RS"
24.2,4,0.921400310912937,0.886460344034151,0.957717441805553,"RS"
24.2,5,0.919159928904101,0.881511466881187,0.958416318612523,"RS"
24.2,6,0.927016982426393,0.887747864311225,0.968023151904381,"RS"
24.2,7,0.946612046821705,0.907979064350799,0.986888797737498,"RS"
24.2,8,0.977260269578122,0.940430821346527,1.01553204426931,"RS"
24.2,9,1.0177744914431,0.980810539016843,1.05613150983328,"RS"
24.2,10,1.06695280199841,1.02371511045589,1.11201668322087,"RS"
24.2,11,1.12341548603883,1.06607010364943,1.18384555570173,"RS"
24.2,12,1.18545856820216,1.10770478695771,1.26867016688045,"RS"
24.3,0,0.992915059555508,0.927264268307107,1.06321396088304,"RS"
24.3,1,0.968670646810283,0.918725729206907,1.02133073251564,"RS"
24.3,2,0.947117019809492,0.908161977609815,0.987743014273404,"RS"
24.3,3,0.930160859774173,0.895675181791703,0.965974320428405,"RS"
24.3,4,0.919608249741361,0.884179415417276,0.956456708046368,"RS"
24.3,5,0.91727908993598,0.879092833664951,0.957124090439877,"RS"
24.3,6,0.925161230150756,0.885311457173153,0.966804727126281,"RS"
24.3,7,0.944915469297547,0.905693331855237,0.985836168506225,"RS"
24.3,8,0.975856118362181,0.93845663971538,1.01474604520217,"RS"
24.3,9,1.01679278763664,0.979264773959296,1.05575897395943,"RS"
24.3,10,1.06652122415436,1.0226320264111,1.11229405318317,"RS"
24.3,11,1.12365623652102,1.06542168642345,1.18507381064399,"RS"
24.3,12,1.18648127862287,1.10746343789304,1.27113706543739,"RS"
24.4,0,0.99223325183955,0.925335160378097,1.06396781211016,"RS"
24.4,1,0.967634001026291,0.916788329387204,1.02129960638569,"RS"
24.4,2,0.945766869543013,0.906179187024763,0.987083994349946,"RS"
24.4,3,0.928556508591902,0.893577974344535,0.964904255032521,"RS"
24.4,4,0.917824146604916,0.881910873983748,0.95519988350497,"RS"
24.4,5,0.915404728560303,0.876683319052962,0.955836387962504,"RS"
24.4,6,0.923304576661402,0.882875319692355,0.965585199030084,"RS"
24.4,7,0.943203517202478,0.903393694010466,0.984767638695537,"RS"
24.4,8,0.974415086545432,0.936449556888918,1.01391981436964,"RS"
24.4,9,1.01574599543399,0.977662130311399,1.05531338000333,"RS"
24.4,10,1.06599001551969,1.02146096739579,1.11246024024272,"RS"
24.4,11,1.1237570281176,1.06464599940472,1.18615000568245,"RS"
24.4,12,1.18731878156559,1.10704957853008,1.27340808975349,"RS"
24.5,0,0.991530023230431,0.923358952816006,1.0647341253031,"RS"
24.5,1,0.966586427405277,0.914825023027186,1.02127652625034,"RS"
24.5,2,0.944414875095102,0.904189988025857,0.986429255037704,"RS"
24.5,3,0.926956919363233,0.891487843709971,0.963837181199877,"RS"
24.5,4,0.916047915176948,0.879653482622004,0.953948116477386,"RS"
24.5,5,0.91353678933347,0.87428153263022,0.954554607776073,"RS"
24.5,6,0.92144709754279,0.880438099925515,0.964366210005976,"RS"
24.5,7,0.941476505544425,0.901079122466784,0.983684993239664,"RS"
24.5,8,0.972937809164992,0.934409082847796,1.01305520021038,"RS"
24.5,9,1.01463510864738,0.976002664200989,1.05479671466129,"RS"
24.5,10,1.06536052091213,1.02020219123409,1.11251774331636,"RS"
24.5,11,1.12371950152,1.06374299445528,1.18707763499113,"RS"
24.5,12,1.18797291571738,1.10646250539433,1.27548800035939,"RS"
24.6,0,0.990805685352368,0.921333256623143,1.06551662937326,"RS"
24.6,1,0.965528109753975,0.912834003154765,1.02126402774572,"RS"
24.6,2,0.943061095550952,0.902193031357122,0.985780425064841,"RS"
24.6,3,0.925362052843698,0.8894036579079,0.962774237804827,"RS"
24.6,4,0.914279469723367,0.877406022262405,0.952702543119366,"RS"
24.6,5,0.911675217172778,0.871886110613023,0.953280126257142,"RS"
24.6,6,0.919588867906143,0.877998478835618,0.963149374812558,"RS"
24.6,7,0.939734748422035,0.898748619296775,0.982589990605834,"RS"
24.6,8,0.97142492250001,0.932334748796964,1.01215403724017,"RS"
24.6,9,1.01346112985717,0.974286446765254,1.05421097167211,"RS"
24.6,10,1.06463410973091,1.01885597905562,1.11246909367221,"RS"
24.6,11,1.12354534868389,1.06271267496036,1.18786025639178,"RS"
24.6,12,1.18844561032662,1.10570161599381,1.27738166271481,"RS"
24.7,0,0.990060550412556,0.919255849419168,1.06631890795426,"RS"
24.7,1,0.964459231598267,0.910813563008241,1.02126455642899,"RS"
24.7,2,0.941705589735881,0.90018701393065,0.985139092228809,"RS"
24.7,3,0.9237718700115,0.887324305516846,0.96171654773672,"RS"
24.7,4,0.912518725097111,0.875167294113471,0.951464284890077,"RS"
24.7,5,0.909819957353746,0.869495718910354,0.952014296098584,"RS"
24.7,6,0.917729962388649,0.87555517397729,0.961936276431297,"RS"
24.7,7,0.937978558981365,0.896401220583641,0.981484358684746,"RS"
24.7,8,0.969877063867015,0.930226109923818,1.01121814253562,"RS"
24.7,9,1.01222506984922,0.97251356591785,1.05355814863544,"RS"
24.7,10,1.06381217478184,1.01742263720828,1.11231685027113,"RS"
24.7,11,1.1232363107679,1.06155510019024,1.18850148202517,"RS"
24.7,12,1.18873888200879,1.10476641789868,1.27909402992833,"RS"
24.8,0,0.989294931140021,0.917124685030354,1.06714438805771,"RS"
24.8,1,0.963379976164872,0.908762102671787,1.02128046025113,"RS"
24.8,2,0.940348416214279,0.898170682870722,0.984506798919842,"RS"
24.8,3,0.922186332066059,0.885248697997001,0.960665215293357,"RS"
24.8,4,0.910765596732702,0.872936121952928,0.950234445947929,"RS"
24.8,5,0.90797095550747,0.867109056208225,0.950758442830952,"RS"
24.8,6,0.915870455152707,0.873106943151122,0.960728461961664,"RS"
24.8,7,0.936208249373475,0.894035999960781,0.980369790739295,"RS"
24.8,8,0.968294871418416,0.928082748143743,1.01024931224127,"RS"
24.8,9,1.01092794705813,0.970684128148518,1.0528402438108,"RS"
24.8,10,1.06289613110793,1.01590249924067,1.11206359504838,"RS"
24.8,11,1.1227941760682,1.0602703897704,1.18900496889824,"RS"
24.8,12,1.18885483152095,1.10365653790092,1.28063012530949,"RS"
24.9,0,0.988509140725303,0.914937901586362,1.06799633024629,"RS"
24.9,1,0.96229052636334,0.906678134952549,1.02131398280283,"RS"
24.9,2,0.938989633288582,0.896142839362746,0.983885037847773,"RS"
24.9,3,0.920605400426583,0.88317577202858,0.959621323564981,"RS"
24.9,4,0.909020000640857,0.87071135445419,0.949014110517813,"RS"
24.9,5,0.906128157617998,0.864724857045177,0.949513861361442,"RS"
24.9,6,0.914010419885243,0.870652587985733,0.959527438598147,"RS"
24.9,7,0.934424130712921,0.891652072064368,0.979247941449931,"RS"
24.9,8,0.966678983944209,0.925904274808045,1.0092493181254,"RS"
24.9,9,1.00957078701657,0.968798260342518,1.05205925291083,"RS"
24.9,10,1.06188741482658,1.01429592793985,1.11171192815233,"RS"
24.9,11,1.12222077795165,1.0588587282186,1.18937440935597,"RS"
24.9,12,1.18879564051032,1.1023717311499,1.28199502487439,"RS"
25,0,0.987703492760969,0.912693828010893,1.06887782043879,"RS"
25,1,0.96119106476837,0.90456029041493,1.02136725741825,"RS"
25,2,0.937629298998284,0.894102342257411,0.983275248021783,"RS"
25,3,0.919029036730645,0.881104491843545,0.958585931830697,"RS"
25,4,0.907281853403187,0.868491867527113,0.947804340250802,"RS"
25,5,0.904291510019745,0.862341894845513,0.948281812563783,"RS"
25,6,0.912149929797074,0.868190957405481,0.958334669731213,"RS"
25,7,0.932626513037158,0.88924859586014,0.978120423095555,"RS"
25,8,0.965030040676943,0.923690333348383,1.00821990421079,"RS"
25,9,1.00815462181122,0.966856111606045,1.05121716590385,"RS"
25,10,1.06078748197428,1.01260331740881,1.11126446315901,"RS"
25,11,1.12151799278985,1.05732036950302,1.1896135215314,"RS"
25,12,1.18856356824219,1.10091189015181,1.28319383993373,"RS"
25.1,0,0.986878301182972,0.910390988830119,1.06979176342389,"RS"
25.1,1,0.960081773602442,0.902407321505098,1.02144230220367,"RS"
25.1,2,0.93626747111898,0.892048111383414,0.982678811029686,"RS"
25.1,3,0.917457202832781,0.879033851527649,0.95756007299029,"RS"
25.1,4,0.905551072166963,0.866276566650465,0.946606171598785,"RS"
25.1,5,0.902460959394931,0.859958984875816,0.947063519953373,"RS"
25.1,6,0.910289057622338,0.865720950941741,0.957151571214229,"RS"
25.1,7,0.930815705266837,0.886824777805938,0.976988801908505,"RS"
25.1,8,0.963348681099967,0.921440601831352,1.00716278350723,"RS"
25.1,9,1.00668048954527,0.964857855082775,1.05031596384129,"RS"
25.1,10,1.05959780735989,1.01082509516576,1.11072382228281,"RS"
25.1,11,1.12068773789669,1.05565564157171,1.18972603983064,"RS"
25.1,12,1.18816094831217,1.09927705351575,1.2842316998968,"RS"
25.2,0,0.986033880212862,0.908028107261883,1.07074087812044,"RS"
25.2,1,0.958962834718762,0.900218105717982,1.02154101603899,"RS"
25.2,2,0.934904207161452,0.889979130526334,0.982097047659164,"RS"
25.2,3,0.915889860803101,0.876962877269109,0.956544751055076,"RS"
25.2,4,0.903827574639947,0.864064389172467,0.945420613227559,"RS"
25.2,5,0.90063645277105,0.85757498709001,0.945860166482307,"RS"
25.2,6,0.908427875617966,0.863241521846697,0.955979507837351,"RS"
25.2,7,0.928992015167011,0.884379874812747,0.975854594641014,"RS"
25.2,8,0.961635544759022,0.919154795396956,1.00607963487218,"RS"
25.2,9,1.005149433808,0.962803689745867,1.04935761572666,"RS"
25.2,10,1.05831988342729,1.00896172424632,1.11009263160525,"RS"
25.2,11,1.11973196947174,1.05386495080105,1.1897157055124,"RS"
25.2,12,1.18759018534808,1.09746741432598,1.2851137354281,"RS"
25.3,0,0.985170544300855,0.905604106587677,1.07172769458293,"RS"
25.3,1,0.957834429584525,0.897991647779268,1.0216651755797,"RS"
25.3,2,0.933539564370778,0.887894450036443,0.981531214898136,"RS"
25.3,3,0.914326972925909,0.874890629529986,0.955540938721648,"RS"
25.3,4,0.902111279085306,0.861854306555133,0.944248643492585,"RS"
25.3,5,0.898817937518359,0.855188808828659,0.944672891488479,"RS"
25.3,6,0.906566455563224,0.860751679970567,0.954819790047427,"RS"
25.3,7,0.927155749309232,0.881913196968991,0.974719265378436,"RS"
25.3,8,0.959891271077199,0.916832668555272,1.00497210002575,"RS"
25.3,9,1.00356250315159,0.960693842149153,1.04834407544325,"RS"
25.3,10,1.05695521912834,1.00701370528786,1.10937351634484,"RS"
25.3,11,1.11865268055175,1.05194878630793,1.18958625742385,"RS"
25.3,12,1.18685375170607,1.09548332801919,1.2858450620931,"RS"
25.4,0,0.984288608069767,0.903118109846674,1.07275455271338,"RS"
25.4,1,0.956696739264492,0.895727080835483,1.02181643326626,"RS"
25.4,2,0.932173599725483,0.88579318903447,0.980982503345203,"RS"
25.4,3,0.91276850169835,0.872816205116576,0.954549575052141,"RS"
25.4,4,0.900402104316583,0.859645326537903,0.943091208001797,"RS"
25.4,5,0.89700536134741,0.852799407339368,0.943502787831795,"RS"
25.4,6,0.904704868759301,0.858250494366078,0.953673670950039,"RS"
25.4,7,0.925307213034551,0.879424109995752,0.973584222631676,"RS"
25.4,8,0.958116499173302,0.914474017316735,1.00384178074482,"RS"
25.4,9,1.00192075057531,0.958528568120868,1.04727727875797,"RS"
25.4,10,1.05550533880701,1.00498157857458,1.10856909619208,"RS"
25.4,11,1.1174518989725,1.04990772407005,1.1893414229553,"RS"
25.4,12,1.18595418416605,1.09332531964803,1.28643076462708,"RS"
25.5,0,0.98338838625983,0.900569437925376,1.07382360260692,"RS"
25.5,1,0.955549944404885,0.893423666665223,1.02199631632807,"RS"
25.5,2,0.93080636993672,0.88367453719124,0.98045203505425,"RS"
25.5,3,0.911214409829054,0.870738739125856,0.953571563283919,"RS"
25.5,4,0.898699969692746,0.85743649519638,0.941949217289571,"RS"
25.5,5,0.895198672306589,0.850405792087139,0.942350899248537,"RS"
25.5,6,0.902843186028951,0.855737095587795,0.952542343626003,"RS"
25.5,7,0.923446710417412,0.876912037404199,0.972450816737593,"RS"
25.5,8,0.956311867683651,0.91207868113308,1.00269023625951,"RS"
25.5,9,1.00022523301756,0.956308154383178,1.04615914041884,"RS"
25.5,10,1.0539717810955,1.00286592602075,1.10768198073431,"RS"
25.5,11,1.11613168534319,1.04774243079786,1.1889849092762,"RS"
25.5,12,1.18489408063083,1.09099409041728,1.28687588195551,"RS"
25.6,0,0.982470193674374,0.897957606146346,1.07493680642786,"RS"
25.6,1,0.954394225217597,0.891080794943354,1.02220622675029,"RS"
25.6,2,0.929437931447486,0.881537756064527,0.979940861829801,"RS"
25.6,3,0.909664660236811,0.868657406746204,0.952607768790397,"RS"
25.6,4,0.897004795113304,0.855226898872712,0.94082354462522,"RS"
25.6,5,0.893397818779705,0.848007026826151,0.941218217952295,"RS"
25.6,6,0.900981477716198,0.853210677658493,0.951426938790121,"RS"
25.6,7,0.921574544230439,0.874376462330818,0.971320337591854,"RS"
25.6,8,0.954478014587343,0.909646544628086,1.00151898087303,"RS"
25.6,9,0.998477010855645,0.954032920080952,1.04499155136348,"RS"
25.6,10,1.05235609782308,1.00066737306961,1.10671476499551,"RS"
25.6,11,1.11469413103547,1.04545366750331,1.18852039491361,"RS"
25.6,12,1.18367609683367,1.08849052338659,1.28718539308568,"RS"
25.7,0,0.981534345126408,0.895282319484393,1.07609594168862,"RS"
25.7,1,0.953229761464713,0.888697981606991,1.02244744215466,"RS"
25.7,2,0.928068340431868,0.879382179984184,0.979449963982046,"RS"
25.7,3,0.908119216049249,0.866571424892284,0.951659017213049,"RS"
25.7,4,0.895316501013483,0.853015665955452,0.939715023978106,"RS"
25.7,5,0.891602749483584,0.845602231407812,0.940105682506532,"RS"
25.7,6,0.899119813686082,0.850670499679943,0.950328522814713,"RS"
25.7,7,0.919691015910109,0.871816929030903,0.97019401273382,"RS"
25.7,8,0.952615577035017,0.907177539099822,1.00032948182363,"RS"
25.7,9,0.996677147413768,0.951703218203649,1.04377637605538,"RS"
25.7,10,1.05065985293849,0.998386590484769,1.10567002511596,"RS"
25.7,11,1.11314135618904,1.04304229271234,1.18795152173192,"RS"
25.7,12,1.18230294305852,1.08581568824487,1.28736420397861,"RS"
25.8,0,0.980581155386082,0.892543466557728,1.0773026057842,"RS"
25.8,1,0.952056732443353,0.886274866386574,1.02272111753123,"RS"
25.8,2,0.92669765279433,0.87720721648434,0.978980249542728,"RS"
25.8,3,0.906578040601528,0.864480053656054,0.950726092782592,"RS"
25.8,4,0.893635008359484,0.850801968488421,0.938624448159728,"RS"
25.8,5,0.889813413465707,0.843190583303789,0.93901417598995,"RS"
25.8,6,0.897258263324463,0.848115887071239,0.949248096134776,"RS"
25.8,7,0.91779642552332,0.869233044016033,0.969073005797794,"RS"
25.8,8,0.950725191181119,0.904671643779,0.999123157404038,"RS"
25.8,9,0.99482670847928,0.949319436884978,1.042515449964,"RS"
25.8,10,1.04888462144653,0.996024296011866,1.10455031419627,"RS"
25.8,11,1.11147550773585,1.04050926527179,1.18728188736885,"RS"
25.8,12,1.18077738087719,1.08297084507399,1.28741713549632,"RS"
25.9,0,0.979610939129057,0.889741112554968,1.07855822162205,"RS"
25.9,1,0.950875316970821,0.883811209577323,1.02302828774572,"RS"
25.9,2,0.925325924169021,0.875012346288959,0.978532553935526,"RS"
25.9,3,0.905041097435051,0.862382597558323,0.949809736844841,"RS"
25.9,4,0.891960238643787,0.848585023590306,0.937552567161015,"RS"
25.9,5,0.888029760101862,0.840771318827139,0.937944524471468,"RS"
25.9,6,0.895396895537882,0.845546232423814,0.948186592045534,"RS"
25.9,7,0.915891071734838,0.866624476826788,0.967958415339395,"RS"
25.9,8,0.948807492019714,0.902128886831293,0.997901375350917,"RS"
25.9,9,0.992926761827401,0.946882000565969,1.04121057720366,"RS"
25.9,10,1.04703198835955,0.993581255888638,1.10335815832966,"RS"
25.9,11,1.10969875744468,1.03785564670566,1.18651503817804,"RS"
25.9,12,1.17910221990754,1.07995744703491,1.2873489125039,"RS"
26,0,0.978624010885759,0.886875491266404,1.07986404417895,"RS"
26,1,0.949685693370076,0.881306888135336,1.02336987073826,"RS"
26,2,0.923953209919125,0.872797122864178,0.978107640087516,"RS"
26,3,0.903508350296184,0.860278406588064,0.948910646603993,"RS"
26,4,0.89029211388054,0.846364094669229,0.93650008670045,"RS"
26,5,0.88625173909383,0.838343734039338,0.936897495806872,"RS"
26,6,0.893535778753468,0.842960995968492,0.947144875896972,"RS"
26,7,0.913975251775623,0.863990960437612,0.96685127404019,"RS"
26,8,0.946863113223846,0.899549346094932,0.996665451513027,"RS"
26,9,0.990978376754583,0.944391371008419,1.03986352834475,"RS"
26,10,1.04510354766453,0.991058286182798,1.10209605284459,"RS"
26,11,1.10781329998787,1.03508260308131,1.18565446272274,"RS"
26,12,1.17728031459665,1.07677714192597,1.28716415418864,"RS"
26.1,0,0.977620684991558,0.8839469963901,1.08122116781488,"RS"
26.1,1,0.948488039455507,0.878761891188669,1.02374667132328,"RS"
26.1,2,0.922579565136242,0.870561171557257,0.9777061989618,"RS"
26.1,3,0.901979763134997,0.858166877019703,0.948029474093051,"RS"
26.1,4,0.888630556601001,0.844138492419445,0.935467666995841,"RS"
26.1,5,0.884479300467095,0.835907185335975,0.93587379876431,"RS"
26.1,6,0.891674980918893,0.840359705656103,0.946123744683777,"RS"
26.1,7,0.912049261412036,0.861332291296264,0.965752548288153,"RS"
26.1,8,0.944892686988472,0.896933149548491,0.995416648803464,"RS"
26.1,9,0.988982623620661,0.941848048147168,1.03847603840952,"RS"
26.1,10,1.04310090130627,0.988456253938717,1.10076645877887,"RS"
26.1,11,1.10582135103201,1.03219140635269,1.18470358585841,"RS"
26.1,12,1.17531456103268,1.07343177258119,1.28686736563964,"RS"
26.2,0,0.976601275537839,0.880956172280679,1.08263053417629,"RS"
26.2,1,0.94728253251903,0.876176315056965,1.02415938549688,"RS"
26.2,2,0.921205044639796,0.86830418834772,0.977328850485714,"RS"
26.2,3,0.900455300104006,0.856047452001811,0.947166825377899,"RS"
26.2,4,0.886975489849046,0.84190757559041,0.934455921769373,"RS"
26.2,5,0.882712394568575,0.833461089708848,0.934874082480777,"RS"
26.2,6,0.889814569502389,0.837741956859096,0.945123927023145,"RS"
26.2,7,0.910113394915918,0.858648329005697,0.964663138126111,"RS"
26.2,8,0.942896843876975,0.894280475507414,0.994156176437501,"RS"
26.2,9,0.986940573399947,0.939252570771425,1.03704980506256,"RS"
26.2,10,1.04102565818735,0.985776078115779,1.09937179960368,"RS"
26.2,11,1.10372514535403,1.02918343515489,1.18366576343452,"RS"
26.2,12,1.17320789378905,1.06992337609509,1.28646293071236,"RS"
26.3,0,0.975566096323999,0.877903704301786,1.08409294052789,"RS"
26.3,1,0.94606934931649,0.873550357873762,1.02460860515779,"RS"
26.3,2,0.919829702976478,0.866025938240976,0.976976144844252,"RS"
26.3,3,0.89893492555694,0.853919621913895,0.946323259998287,"RS"
26.3,4,0.885326837176742,0.839670751521781,0.933465417492325,"RS"
26.3,5,0.880950972064385,0.831004924687135,0.93389893624682,"RS"
26.3,6,0.887954611492803,0.83510741170722,0.944146083507352,"RS"
26.3,7,0.908167945035534,0.855938995661187,0.96358387755538,"RS"
26.3,8,0.940876212671273,0.891591552551451,0.992885189454006,"RS"
26.3,9,0.984853297241385,0.936605517027285,1.0355864870044,"RS"
26.3,10,1.03887943318541,0.983018730303537,1.09791445821422,"RS"
26.3,11,1.10152693498433,1.02606017503177,1.1825442776379,"RS"
26.3,12,1.17096328280447,1.06625418187884,1.28595510618314,"RS"
26.4,0,0.97451546081035,0.874790408933014,1.0856090483625,"RS"
26.4,1,0.944848666054378,0.870884313903775,1.02509482314935,"RS"
26.4,2,0.918453594419724,0.863726253338579,0.976648564104532,"RS"
26.4,3,0.897418604047518,0.851782924491243,0.945499290645707,"RS"
26.4,4,0.883684522639986,0.83742747644128,0.932496672872443,"RS"
26.4,5,0.87919498393762,0.828538227965053,0.932948889611978,"RS"
26.4,6,0.886095173399706,0.832455798075355,0.943190807412914,"RS"
26.4,7,0.906213202967387,0.853204274860072,0.962515535177192,"RS"
26.4,8,0.938831420225532,0.888866659188616,0.991604788514919,"RS"
26.4,9,0.9827218660379,0.9339075047356,1.03408770257438,"RS"
26.4,10,1.03666384618816,0.980185235201361,1.09639677420039,"RS"
26.4,11,1.09922898737842,1.02282321808717,1.18134233299153,"RS"
26.4,12,1.168583730302,1.06242660857126,1.28534801718018,"RS"
26.5,0,0.973449682071943,0.87161722376932,1.08717939215111,"RS"
26.5,1,0.943620658376853,0.868178567643597,1.02561843853429,"RS"
26.5,2,0.917076772969217,0.861405030622005,0.976346524134345,"RS"
26.5,3,0.895906300328234,0.84963694472101,0.944695383074925,"RS"
26.5,4,0.882048470794196,0.835177255525693,0.931550158583605,"RS"
26.5,5,0.877444381486168,0.826060596727775,0.932024412799057,"RS"
26.5,6,0.884236321253557,0.829786908246026,0.942258625743712,"RS"
26.5,7,0.904249458328885,0.850444210405416,0.961458815150604,"RS"
26.5,8,0.936763091323486,0.886106123264547,0.990316019973995,"RS"
26.5,9,0.980547350005049,0.931159191521562,1.03255502856695,"RS"
26.5,10,1.03438052114669,0.977276670853045,1.09482104140864,"RS"
26.5,11,1.09683358361841,1.01947426205772,1.18006305301418,"RS"
26.5,12,1.16607226775035,1.05844325984483,1.28464565385941,"RS"
26.6,0,0.97236907275332,0.868385197536437,1.08880438810967,"RS"
26.6,1,0.942385501353081,0.865433587788766,1.0261797620192,"RS"
26.6,2,0.915699292350429,0.859062229488687,0.976070376776027,"RS"
26.6,3,0.894397979349159,0.84748131451569,0.943911956242957,"RS"
26.6,4,0.880418606690075,0.8329196427286,0.930626297234132,"RS"
26.6,5,0.875699116320539,0.823571686691392,0.931125917411396,"RS"
26.6,6,0.882378120605904,0.827100597272887,0.941350000581763,"RS"
26.6,7,0.90227699913187,0.847658904728238,0.960414358442227,"RS"
26.6,8,0.93467184853937,0.883310321129127,0.989019876203048,"RS"
26.6,9,0.978330818269074,0.928361274754495,1.03098999926311,"RS"
26.6,10,1.03203108514757,0.974294168629808,1.09318950580269,"RS"
26.6,11,1.09434301664557,1.01601510881404,1.17870947753803,"RS"
26.6,12,1.16343195287042,1.05430691916301,1.28385186927774,"RS"
26.7,0,0.971273945024174,0.865095480230317,1.09048434287469,"RS"
26.7,1,0.941143369464876,0.862649921143355,1.02677902145256,"RS"
26.7,2,0.914321206014184,0.856697869079792,0.975820412236101,"RS"
26.7,3,0.892893606256758,0.845315712172995,0.943149382666435,"RS"
26.7,4,0.878794855869428,0.830654240381479,0.929725463567004,"RS"
26.7,5,0.873959140361731,0.821071210876116,0.930253757413811,"RS"
26.7,6,0.880520636529643,0.824396781074345,0.940465330716337,"RS"
26.7,7,0.900296111756988,0.84484851705556,0.959382744340483,"RS"
26.7,8,0.932558312102475,0.880479676574814,0.98771729616126,"RS"
26.7,9,0.976073338464442,0.925514491298594,1.02939410567668,"RS"
26.7,10,1.02961716750395,0.971238912958185,1.09150436362767,"RS"
26.7,11,1.09175958952535,1.01244766230463,1.17728456067284,"RS"
26.7,12,1.16066586668978,1.05002054355865,1.28297037840144,"RS"
26.8,0,0.97016461053595,0.861749313472761,1.09221946199569,"RS"
26.8,1,0.939894436594649,0.859828186540598,1.02741636732778,"RS"
26.8,2,0.912942567136259,0.854312025439199,0.975596861651177,"RS"
26.8,3,0.891393146392716,0.843139861633587,0.942407988985837,"RS"
26.8,4,0.877177144361042,0.828380698577729,0.928847984882393,"RS"
26.8,5,0.872224405839106,0.818558938134835,0.929408230365039,"RS"
26.8,6,0.878663933619316,0.821675434288728,0.939604953519981,"RS"
26.8,7,0.898307080928913,0.842013261353438,0.958364492205192,"RS"
26.8,8,0.930423099765302,0.877614659563429,0.9864091661909,"RS"
26.8,9,0.973775976340969,0.922619617077448,1.02776879501274,"RS"
26.8,10,1.02714039886632,0.968112140792433,1.08976775987924,"RS"
26.8,11,1.0890856137458,1.00877392596438,1.1757911693982,"RS"
26.8,12,1.15777711064783,1.0455872565154,1.28200475817515,"RS"
26.9,0,0.969041380379356,0.858348021159731,1.09400985816775,"RS"
26.9,1,0.938638876013666,0.85696906883489,1.02809187823084,"RS"
26.9,2,0.911563428617015,0.85190482854226,0.97539989979149,"RS"
26.9,3,0.889896565292775,0.840953531550341,0.941688056722874,"RS"
26.9,4,0.875565398676627,0.826098714351678,0.927994141670346,"RS"
26.9,5,0.870494865288303,0.816034691461349,0.928589578877227,"RS"
26.9,6,0.876808075991466,0.818936587923702,0.938769147038626,"RS"
26.9,7,0.896310189692402,0.83915340407537,0.957360063422055,"RS"
26.9,8,0.928266826675348,0.874715784759915,0.985096321020922,"RS"
26.9,9,0.971439795380574,0.919677466457254,1.02611547033366,"RS"
26.9,10,1.02460241035305,0.964915140834158,1.08798178707583,"RS"
26.9,11,1.08632340755067,1.00499599961606,1.17423208275788,"RS"
26.9,12,1.15476880375413,1.04101034004297,1.2809584485671,"RS"
27,0,0.967904565042813,0.854893000463854,1.09585555914296,"RS"
27,1,0.937376860370612,0.854073313017105,1.02880556618056,"RS"
27,2,0.910183843081051,0.849476459231337,0.97522964786501,"RS"
27,3,0.888403828685592,0.838756534184573,0.940989823215538,"RS"
27,4,0.873959545806811,0.823808030666878,0.927164168439269,"RS"
27,5,0.868770471549164,0.813498346104314,0.927797992276403,"RS"
27,6,0.874953127285027,0.81618032683332,0.937958132262343,"RS"
27,7,0.894305719389184,0.836269261747001,0.956369863531066,"RS"
27,8,0.926090105250487,0.871783609893023,0.983779544958524,"RS"
27,9,0.969065856423749,0.916688891455554,1.02443549042595,"RS"
27,10,1.02200483270111,0.961649252504846,1.08614848432918,"RS"
27,11,1.08347529430791,1.00111607589959,1.17260999162434,"RS"
27,12,1.15164407980216,1.03629322604465,1.27983475449855,"RS"
27.1,0,0.966754474371822,0.851385713238569,1.09775651527294,"RS"
27.1,1,0.93610856168045,0.851141718496855,1.0295573818177,"RS"
27.1,2,0.908803862876902,0.847027146093011,0.975086176387179,"RS"
27.1,3,0.886914902491596,0.836548724146109,0.940313482713875,"RS"
27.1,4,0.872359513217199,0.821508435229792,0.926358254724042,"RS"
27.1,5,0.86705117776369,0.810949827513876,0.927033608436815,"RS"
27.1,6,0.873099150661768,0.813406787055933,0.937172075543403,"RS"
27.1,7,0.892293949635682,0.833361198417957,0.955394244497967,"RS"
27.1,8,0.923893545057955,0.868818733963824,0.982459573247759,"RS"
27.1,9,0.966655217305777,0.913654780784054,1.02273016985978,"RS"
27.1,10,1.01934929543735,0.958315864679828,1.08426983670543,"RS"
27.1,11,1.08054360091471,0.99713643626828,1.17092749899632,"RS"
27.1,12,1.1484060846407,1.03143948707944,1.27863684856017,"RS"
27.2,0,0.965591417529265,0.847827677858571,1.09971260664801,"RS"
27.2,1,0.934834151313594,0.848175133587289,1.03034721940745,"RS"
27.2,2,0.907423540076747,0.844557162309268,0.974969508083917,"RS"
27.2,3,0.88542975282187,0.834329996995065,0.939659187618584,"RS"
27.2,4,0.870765228844485,0.819199759146391,0.925576546256153,"RS"
27.2,5,0.865336937374017,0.808389109148435,0.92629651576163,"RS"
27.2,6,0.871246208806777,0.810616153045539,0.93641109112902,"RS"
27.2,7,0.890275158301551,0.830429623010986,0.954433507098489,"RS"
27.2,8,0.921677752696935,0.865821795323475,0.98113709357374,"RS"
27.2,9,0.964208932502748,0.910576058735651,1.02100077923089,"RS"
27.2,10,1.01663742607041,0.954916414194823,1.08234777486629,"RS"
27.2,11,1.07753065623978,0.993059446595883,1.16918712078777,"RS"
27.2,12,1.14505797350489,1.02645282662393,1.27736777441551,"RS"
27.3,0,0.964415702956629,0.844220461519729,1.10172364980944,"RS"
27.3,1,0.933553799985379,0.845174450220433,1.03117492162693,"RS"
27.3,2,0.906042926476168,0.842066822512074,0.974879620798418,"RS"
27.3,3,0.88394834597704,0.832100287723841,0.93902704984386,"RS"
27.3,4,0.869176621092625,0.816881875440211,0.924819146277271,"RS"
27.3,5,0.863627704120419,0.805816210168845,0.925586755282605,"RS"
27.3,6,0.869394363928996,0.807808654827808,0.935675243777401,"RS"
27.3,7,0.888249621489031,0.827474986597459,0.953487903386287,"RS"
27.3,8,0.919443331684714,0.862793469641842,0.979812747690841,"RS"
27.3,9,0.961728052787413,0.907453683927134,1.01924854557375,"RS"
27.3,10,1.01387084930366,0.951452384138547,1.08038417497731,"RS"
27.3,11,1.07443878960369,0.988887552440891,1.16739128706349,"RS"
27.3,12,1.14160290840877,1.02133706893858,1.2760304507911,"RS"
27.4,0,0.96322763833616,0.840565673011641,1.10378940402175,"RS"
27.4,1,0.932267677745827,0.842140598914108,1.03204028411679,"RS"
27.4,2,0.90466207359392,0.839556479667645,0.974816450375365,"RS"
27.4,3,0.882470648446173,0.829859569138112,0.938417142285676,"RS"
27.4,4,0.867593618829062,0.814554697451019,0.924086116977025,"RS"
27.4,5,0.861923432039328,0.803231193046721,0.924904322851966,"RS"
27.4,6,0.867543677761793,0.804984565110357,0.934964551427489,"RS"
27.4,7,0.886217613513113,0.824497779626708,0.952557639217002,"RS"
27.4,8,0.917190882346427,0.859734467788329,0.978487133153461,"RS"
27.4,9,0.959213624894877,0.904288647910119,1.01747465293341,"RS"
27.4,10,1.01105118626929,0.947925301946937,1.0783808588683,"RS"
27.4,11,1.07127032929786,0.984623274016775,1.16554234367448,"RS"
27.4,12,1.13804405560096,1.01609614864149,1.27462767595398,"RS"
27.5,0,0.962027530553938,0.836864955967394,1.1059095771,"RS"
27.5,1,0.930975953969715,0.839074544005116,1.03294305978199,"RS"
27.5,2,0.903281032671741,0.837026522013504,0.974779893499437,"RS"
27.5,3,0.88099662690569,0.827607850155479,0.937829500376769,"RS"
27.5,4,0.866016151381014,0.812218177133455,0.923377481035558,"RS"
27.5,5,0.86022407546138,0.800634161112491,0.924249171400789,"RS"
27.5,6,0.865694211563581,0.80214419637471,0.934278987894847,"RS"
27.5,7,0.8841794068825,0.821498529134813,0.95164287680276,"RS"
27.5,8,0.914921001708344,0.856645533645724,0.977160805128512,"RS"
27.5,9,0.956666691198184,0.901081973663628,1.01568024308266,"RS"
27.5,10,1.00818005378372,0.944336737316253,1.07633959442897,"RS"
27.5,11,1.06802760114301,0.980269200917811,1.16364255424458,"RS"
27.5,12,1.13438458308515,1.01073410008874,1.27316213258095,"RS"
27.6,0,0.960815685663879,0.833119982587844,1.10808383079494,"RS"
27.6,1,0.929678797346945,0.835977279157807,1.03388296283266,"RS"
27.6,2,0.901899854674189,0.834477370068199,0.974769810468131,"RS"
27.6,3,0.879526248218296,0.825345174040068,0.937264123710011,"RS"
27.6,4,0.864444148531807,0.809872303274911,0.922693223251546,"RS"
27.6,5,0.858529589009484,0.7980252560674,0.923621213239573,"RS"
27.6,6,0.863846026118481,0.799287897975046,0.933618485568498,"RS"
27.6,7,0.882135272281371,0.818477795956313,0.950743737273556,"RS"
27.6,8,0.912634283394706,0.853527441877044,0.975834278269583,"RS"
27.6,9,0.954088289393755,0.897834713982356,1.01386641637048,"RS"
27.6,10,1.00525906362454,0.940688299953698,1.07426209622149,"RS"
27.6,11,1.06471292708733,0.975827986650198,1.16169410245991,"RS"
27.6,12,1.1306276582066,1.0052550466554,1.27163639292818,"RS"
27.7,0,0.959592408852665,0.829332447831882,1.110311785744,"RS"
27.7,1,0.928376375873197,0.832849823152214,1.0348596725606,"RS"
27.7,2,0.900518590288499,0.831909473730372,0.974786027882183,"RS"
27.7,3,0.878059479431907,0.823071616590704,0.936720977712476,"RS"
27.7,4,0.862877540517274,0.807517099651444,0.922033292236807,"RS"
27.7,5,0.85683992759691,0.795404655481979,0.923020322378427,"RS"
27.7,6,0.861999181737027,0.796416053266291,0.932982938086081,"RS"
27.7,7,0.880085478551929,0.815436171960044,0.949860303224235,"RS"
27.7,8,0.91033131752809,0.850380995664268,0.974508028633793,"RS"
27.7,9,0.951479452196728,0.894547949775024,1.01203423268732,"RS"
27.7,10,1.00228982182897,0.936981637185214,1.07215002629061,"RS"
27.7,11,1.06132862384511,0.971302343017498,1.15969909461309,"RS"
27.7,12,1.12677644530613,0.999663190004916,1.27005292421587,"RS"
27.8,0,0.958358004405586,0.825504064059385,1.11259302600137,"RS"
27.8,1,0.927068856840891,0.829693215951823,1.03587283685128,"RS"
27.8,2,0.899137289924485,0.829323309480884,0.974828341239796,"RS"
27.8,3,0.87659628777861,0.820787284299357,0.936199995353463,"RS"
27.8,4,0.861316258022198,0.805152623139826,0.921397602159368,"RS"
27.8,5,0.855155046425405,0.792772570301614,0.922446336846156,"RS"
27.8,6,0.860153738256912,0.79352907678145,0.932372202967316,"RS"
27.8,7,0.87803029267773,0.812374277327883,0.948992621228186,"RS"
27.8,8,0.908012690633275,0.847207024436604,0.973182495623625,"RS"
27.8,9,0.948841207046143,0.891222788287376,1.01018471253282,"RS"
27.8,10,0.9992739280141,0.933218431440757,1.07000499515115,"RS"
27.8,11,1.05787700157612,0.966695034407821,1.15765956235539,"RS"
27.8,12,1.1228341034425,0.993962799427246,1.26841409414922,"RS"
27.9,0,0.957112775673311,0.821636556109957,1.1149271031637,"RS"
27.9,1,0.92575640683043,0.826508515047542,1.03692207543475,"RS"
27.9,2,0.897756003714453,0.826719377698783,0.974896517423836,"RS"
27.9,3,0.87513664067361,0.818492312495528,0.935701078870763,"RS"
27.9,4,0.859760232176818,0.802778961802835,0.920786034517784,"RS"
27.9,5,0.853474900983319,0.790129242377737,0.921899060989634,"RS"
27.9,6,0.858309755043775,0.79062741147545,0.931786104188446,"RS"
27.9,7,0.875969979767794,0.809292757892787,0.948140704301275,"RS"
27.9,8,0.905678985544597,0.844006381604521,0.97185808393738,"RS"
27.9,9,0.946174575819996,0.887860361264288,1.00831883817107,"RS"
27.9,10,0.996212974718855,0.929400397637701,1.06782856293232,"RS"
27.9,11,1.05436036260603,0.962008872028089,1.15557746561225,"RS"
27.9,12,1.11880378418428,0.988158201318615,1.26672217650448,"RS"
28,0,0.95585702503957,0.817731656797862,1.11731354011081,"RS"
28,1,0.92443919170174,0.823296792071573,1.03800698288142,"RS"
28,2,0.896374781513149,0.824098200099316,0.974990297073715,"RS"
28,3,0.873680505714212,0.816186863490971,0.935224101500729,"RS"
28,4,0.858209394553379,0.800396232963795,0.920198439930681,"RS"
28,5,0.851799447043768,0.787474942041084,0.921378267736951,"RS"
28,6,0.856467290992031,0.787711526050082,0.931224434682946,"RS"
28,7,0.873904803041468,0.806192282550122,0.947304534301922,"RS"
28,8,0.903330781316769,0.840779942314264,0.970535165513452,"RS"
28,9,0.943480574560109,0.884461823065218,1.00643755485943,"RS"
28,10,0.993108546767758,0.925529280482983,1.06562224065833,"RS"
28,11,1.05078100018827,0.957246708127974,1.15345469561964,"RS"
28,12,1.1146886294719,0.982253768867237,1.2649793567164,"RS"
28.1,0,0.954591053889759,0.81379110280172,1.11975183438247,"RS"
28.1,1,0.923117376586096,0.820059129672675,1.03912713135128,"RS"
28.1,2,0.894993672897739,0.821460317299745,0.975109396836148,"RS"
28.1,3,0.872227850678798,0.813871124737852,0.934768909198987,"RS"
28.1,4,0.856663677162744,0.798004581285065,0.919634639926757,"RS"
28.1,5,0.850128640662806,0.784809965731281,0.920883700809998,"RS"
28.1,6,0.85462640452574,0.784781912372137,0.930686958756321,"RS"
28.1,7,0.871835023814067,0.803073540753932,0.946484064255548,"RS"
28.1,8,0.900968653139142,0.837528601236039,0.969214081455096,"RS"
28.1,9,0.940760213206807,0.881028348746753,1.00454177213691,"RS"
28.1,10,0.989962220656542,0.921606851714329,1.06338749164488,"RS"
28.1,11,1.04714119730748,0.952411430252986,1.15129307804221,"RS"
28.1,12,1.11049176955073,0.976253912001361,1.26318773741129,"RS"
28.2,0,0.953315162580445,0.809816630926342,1.12224146121351,"RS"
28.2,1,0.92179112587824,0.816796618642528,1.04028207310655,"RS"
28.2,2,0.893612727167807,0.818806286516604,0.975253511491076,"RS"
28.2,3,0.870778643525819,0.811545307012059,0.934335322340048,"RS"
28.2,4,0.855123012451047,0.795604176863789,0.919094428721865,"RS"
28.2,5,0.84846243817762,0.782134633694876,0.920415076874288,"RS"
28.2,6,0.852787153599519,0.781839082994396,0.930173414405253,"RS"
28.2,7,0.869760901483257,0.799937240107633,0.945679220593832,"RS"
28.2,8,0.898593172253385,0.834253270397436,0.967895143924009,"RS"
28.2,9,0.938014495343347,0.877561132125432,1.00263236515866,"RS"
28.2,10,0.986775563959565,0.917634907300302,1.06112573299161,"RS"
28.2,11,1.04344322552471,0.947505955562794,1.14909437613689,"RS"
28.2,12,1.10621632097566,0.970163067647657,1.26134934383768,"RS"
28.3,0,0.952029650409795,0.80580997471354,1.12478187625017,"RS"
28.3,1,0.920460603228779,0.813510355281668,1.04147134279924,"RS"
28.3,2,0.892231993345388,0.816136679396104,0.975422315950973,"RS"
28.3,3,0.869332852392805,0.809209642631967,0.933923137385455,"RS"
28.3,4,0.85358733329641,0.793195213356787,0.918577574971245,"RS"
28.3,5,0.846800796204756,0.779449287761907,0.919972087615849,"RS"
28.3,6,0.850949595699486,0.778883568786891,0.929683515533555,"RS"
28.3,7,0.86768269351618,0.796784104056499,0.944889905301259,"RS"
28.3,8,0.896204905874556,0.830954877072117,0.966578637992536,"RS"
28.3,9,0.935244417950061,0.87406138383332,1.00071017606419,"RS"
28.3,10,0.983550134759033,0.91361526461813,1.05883833715153,"RS"
28.3,11,1.0396893438645,0.942533225247205,1.14686029392956,"RS"
28.3,12,1.10186538468756,0.963985690340109,1.25946612915417,"RS"
28.4,0,0.950734815588899,0.801772861378644,1.1273725179705,"RS"
28.4,1,0.919125971536872,0.810201438992569,1.04269445954582,"RS"
28.4,2,0.890851520175023,0.813452079977783,0.975615467133386,"RS"
28.4,3,0.867890445595376,0.806864383721568,0.933532128511532,"RS"
28.4,4,0.852056573005699,0.790777906145004,0.918083823486452,"RS"
28.4,5,0.845143671638347,0.776754289209097,0.919554401737034,"RS"
28.4,6,0.849113787844253,0.775915916683807,0.929216954059504,"RS"
28.4,7,0.865600655437329,0.793614869687451,0.944115997963364,"RS"
28.4,8,0.893804417115538,0.827634361732272,0.965264823445881,"RS"
28.4,9,0.932450971168173,0.870530329377954,0.998776015367269,"RS"
28.4,10,0.980287481095964,0.909549759627256,1.0565266335591,"RS"
28.4,11,1.0358817977438,0.937496199068524,1.14459247937547,"RS"
28.4,12,1.09744204416206,0.957726243211968,1.25753997954094,"RS"
28.5,0,0.949430955214006,0.797707009049718,1.13001280983153,"RS"
28.5,1,0.917787392943197,0.806870970086946,1.04395092880179,"RS"
28.5,2,0.889471356123841,0.810753082790071,0.975832605707945,"RS"
28.5,3,0.866451391626275,0.804509800525483,0.933162049189143,"RS"
28.5,4,0.850530665311339,0.788352490546471,0.917612896907956,"RS"
28.5,5,0.843491021648382,0.77405001671596,0.919161666864882,"RS"
28.5,6,0.847279786585948,0.772936687549512,0.928773401910935,"RS"
28.5,7,0.863515040817135,0.790430285639895,0.943357357712791,"RS"
28.5,8,0.891392264914808,0.82429267607187,0.963953936527119,"RS"
28.5,9,0.929635138073207,0.866969207217418,0.996830663356724,"RS"
28.5,10,0.976989140442839,0.905440244055412,1.05419191029996,"RS"
28.5,11,1.03202281794289,0.932397850055281,1.1422925274781,"RS"
28.5,12,1.09294936363076,0.951389189396285,1.25557271910866,"RS"
28.6,0,0.948118365239649,0.793614124287106,1.13270216216502,"RS"
28.6,1,0.916445028823198,0.803520047794074,1.04524024404926,"RS"
28.6,2,0.88809154938167,0.808040291075283,0.976073357720294,"RS"
28.6,3,0.865015659154396,0.802146179782105,0.932812633709196,"RS"
28.6,4,0.849009544368176,0.785919220085322,0.917164497325824,"RS"
28.6,5,0.84184280367898,0.771336864418398,0.918793511367382,"RS"
28.6,6,0.845447648011281,0.769946454165568,0.928352512906179,"RS"
28.6,7,0.861426101261293,0.787231110129822,0.942613825070835,"RS"
28.6,8,0.888969003967522,0.82093078110635,0.962646191619206,"RS"
28.6,9,0.926797894457955,0.863379266860337,0.994874871497982,"RS"
28.6,10,0.973656639197839,0.901288582612708,1.05183541580644,"RS"
28.6,11,1.02811461961807,0.92724115936862,1.1399619833444,"RS"
28.6,12,1.08839038637493,0.944978983854011,1.25356611458397,"RS"
28.7,0,0.946797340452674,0.789495899861678,1.1354399738432,"RS"
28.7,1,0.915099039780611,0.800149768456959,1.04656188831034,"RS"
28.7,2,0.886712147861173,0.805314315140594,0.976337336096289,"RS"
28.7,3,0.863583217023844,0.799773823159828,0.932483598648882,"RS"
28.7,4,0.847493144750385,0.783478364823046,0.916738307842256,"RS"
28.7,5,0.84019897544669,0.768615240062831,0.918449546074523,"RS"
28.7,6,0.843617427742645,0.766945799339111,0.92795392452034,"RS"
28.7,7,0.85933408640079,0.78401810908801,0.941885223683507,"RS"
28.7,8,0.886535184659862,0.817549645353152,0.961341782859432,"RS"
28.7,9,0.923940208624907,0.859761766999612,0.992909363826389,"RS"
28.7,10,0.970291492200572,0.897096650247885,1.04945836056424,"RS"
28.7,11,1.02415940135605,0.922029111359111,1.13760234515789,"RS"
28.7,12,1.08376813309179,0.938500065642726,1.25152187975701,"RS"
28.8,0,0.945468174447155,0.785354012771182,1.13822563373453,"RS"
28.8,1,0.913749585641269,0.79676122390332,1.04791533549944,"RS"
28.8,2,0.885333199198008,0.802575770830782,0.976624142030624,"RS"
28.8,3,0.862154034252984,0.797393045760204,0.932174644274772,"RS"
28.8,4,0.845981401448434,0.781030209756889,0.91633399407102,"RS"
28.8,5,0.838559494938813,0.765885563262555,0.91812936590238,"RS"
28.8,6,0.841789180939255,0.763935314131739,0.927577259537689,"RS"
28.8,7,0.857239243882642,0.780792054411984,0.941171361952329,"RS"
28.8,8,0.884091353006641,0.814150243096236,0.960040885682967,"RS"
28.8,9,0.921063041188088,0.856117973687709,0.990934838324174,"RS"
28.8,10,0.966895202269151,0.892866329459447,1.04706191881723,"RS"
28.8,11,1.02015934426992,0.916764688828358,1.13521506705424,"RS"
28.8,12,1.07908560033301,0.931956850633756,1.249441679681,"RS"
28.9,0,0.944131159600198,0.781190122475152,1.14105852196866,"RS"
28.9,1,0.912396825447179,0.793355499978745,1.04930005162678,"RS"
28.9,2,0.883954750751013,0.799825278117941,0.976933366264607,"RS"
28.9,3,0.860728080033516,0.79500417469077,0.931885455879965,"RS"
28.9,4,0.844474249866091,0.778575053289107,0.915951205570016,"RS"
28.9,5,0.836924320411736,0.763148263856778,0.917832551379688,"RS"
28.9,6,0.83996296229832,0.760915596206989,0.927222127591986,"RS"
28.9,7,0.855141819361331,0.777553722330382,0.940472034561095,"RS"
28.9,8,0.881638050592117,0.810733552736749,0.958743658293193,"RS"
28.9,9,0.918167344884216,0.852449158560354,0.988951968273947,"RS"
28.9,10,0.963469259758497,0.88859950767294,1.04464723025848,"RS"
28.9,11,1.01611661113656,0.911450868506614,1.1328015618871,"RS"
28.9,12,1.07434575901547,0.925353724680782,1.24732713461838,"RS"
29,0,0.942786587048626,0.777005869329982,1.14393801102848,"RS"
29,1,0.91104091745087,0.789933675229755,1.05071549586529,"RS"
29,2,0.882576849602424,0.797063459802943,0.97726459025824,"RS"
29,3,0.859305323729557,0.792607547709367,0.931615705053464,"RS"
29,4,0.842971625817479,0.776113205769704,0.91558957720431,"RS"
29,5,0.835293410389296,0.760403780371784,0.917558670077426,"RS"
29,6,0.838138826056254,0.757887248293615,0.926888126597437,"RS"
29,7,0.853042056490922,0.774303891877502,0.939787023900667,"RS"
29,8,0.879175814513976,0.807300555230967,0.957450243057463,"RS"
29,9,0.915254064393096,0.848756597114488,0.986961403582571,"RS"
29,10,0.960015142139687,0.884298074694211,1.0422154016972,"RS"
29,11,1.01203334557497,0.906090616754691,1.13036320387473,"RS"
29,12,1.06955155300369,0.918695037238915,1.24517982373199,"RS"
29.1,0,0.941434746666543,0.772802873206981,1.14686346668605,"RS"
29.1,1,0.909682019110017,0.786496819725114,1.05216112149227,"RS"
29.1,2,0.881199542558104,0.794290940323119,0.977617387262058,"RS"
29.1,3,0.857885734876725,0.790203511940863,0.931365050880788,"RS"
29.1,4,0.841473465524184,0.773644988114293,0.915248730437938,"RS"
29.1,5,0.833666723661156,0.757652558582741,0.917307277942793,"RS"
29.1,6,0.836316825989925,0.754850876761151,0.926574844073703,"RS"
29.1,7,0.850940196917878,0.771043343475149,0.939116101394596,"RS"
29.1,8,0.876705177330477,0.803852232615852,0.956160767827798,"RS"
29.1,9,0.91232413616716,0.845041567045451,0.984963772070147,"RS"
29.1,10,0.956534313600188,0.879963920247066,1.03976750869251,"RS"
29.1,11,1.00791167126557,0.900686885495792,1.12790133112036,"RS"
29.1,12,1.06470589776367,0.91198509542979,1.24300128852272,"RS"
29.2,0,0.940075927043768,0.768582732277371,1.14983424879792,"RS"
29.2,1,0.908320287082332,0.783045994004249,1.05363637671691,"RS"
29.2,2,0.879822876147812,0.791508344660453,0.977991323294364,"RS"
29.2,3,0.856469283181247,0.787792422666475,0.931133141075609,"RS"
29.2,4,0.839979705612399,0.771170730497833,0.914928274553692,"RS"
29.2,5,0.8320442192812,0.754895050173945,0.917077920539736,"RS"
29.2,6,0.834497015417929,0.751807090303687,0.926281858368922,"RS"
29.2,7,0.848836480274527,0.767772857618282,0.938459028728878,"RS"
29.2,8,0.874226667010686,0.800389566621779,0.954875347186736,"RS"
29.2,9,0.909378488270068,0.841305346647425,0.982959680719729,"RS"
29.2,10,0.95302822466477,0.875598931602373,1.03730459714647,"RS"
29.2,11,1.00375369120992,0.895242608380478,1.12541724800184,"RS"
29.2,12,1.05981167908752,0.90522815854522,1.24079303601801,"RS"
29.3,0,0.938710415465141,0.764347021949415,1.15284971197422,"RS"
29.3,1,0.906955877220717,0.77958224814231,1.05514070540386,"RS"
29.3,2,0.878446896625487,0.788716297344521,0.978385958029564,"RS"
29.3,3,0.855055938519065,0.785374642185205,0.930919613042851,"RS"
29.3,4,0.83849028311013,0.768690771124243,0.914627807800842,"RS"
29.3,5,0.830425856565948,0.752131711494678,0.916870134198786,"RS"
29.3,6,0.83267944720191,0.748756498727369,0.926008739785159,"RS"
29.3,7,0.846731144173213,0.764493213660584,0.937815558989629,"RS"
29.3,8,0.871740806887798,0.796913537371379,0.953594083619192,"RS"
29.3,9,0.906418040224253,0.837549213280372,0.980949716884211,"RS"
29.3,10,0.949498311836903,0.87120499130437,1.03482768484984,"RS"
29.3,11,0.999561487030508,0.889760697185862,1.12291222742775,"RS"
29.3,12,1.05487175188835,0.898428432979568,1.23855654171767,"RS"
29.4,0,0.937338497890687,0.760097293943971,1.15590920613478,"RS"
29.4,1,0.905588944568689,0.776106620922034,1.05667354770243,"RS"
29.4,2,0.87707164996956,0.785915421544382,0.978800845603313,"RS"
29.4,3,0.853645670934959,0.782950538746332,0.930724094874264,"RS"
29.4,4,0.837005135444431,0.766205455071196,0.914346918471434,"RS"
29.4,5,0.828811595092996,0.749363002407376,0.916683447079445,"RS"
29.4,6,0.830864173747907,0.745699711836812,0.925755051610996,"RS"
29.4,7,0.844624424201085,0.76120518869571,0.937185437712763,"RS"
29.4,8,0.869248115615489,0.793425122162908,0.952317068611723,"RS"
29.4,9,0.903443702867337,0.833774441905913,0.9789344494476,"RS"
29.4,10,0.945945997260413,0.866783974998688,1.03233776297532,"RS"
29.4,11,0.995337118310274,0.884244038448259,1.12038751295938,"RS"
29.4,12,1.04988893906469,0.89159006757898,1.23629325230536,"RS"
29.5,0,0.935960458936639,0.755835075495857,1.15901207696425,"RS"
29.5,1,0.904219643356063,0.772620139103208,1.05823434059068,"RS"
29.5,2,0.875697181883285,0.783106338243726,0.979235535340108,"RS"
29.5,3,0.852238450641681,0.780520485551454,0.930546206277954,"RS"
29.5,4,0.835524200438699,0.763715133208849,0.914085185906381,"RS"
29.5,5,0.827201394699463,0.746589385224407,0.916517380148745,"RS"
29.5,6,0.829051247007733,0.742637338415434,0.925520351066141,"RS"
29.5,7,0.84251655391555,0.757909556529769,0.936568403849983,"RS"
29.5,8,0.866749107127264,0.789925294336075,0.95104438368103,"RS"
29.5,9,0.90045637821728,0.829982303693863,0.976914429938558,"RS"
29.5,10,0.942372688401163,0.862337749365482,1.02983579751424,"RS"
29.5,11,0.99108262197138,0.878695490326879,1.11784432079908,"RS"
29.5,12,1.04486603043366,0.884717149394091,1.2340045881352,"RS"
29.6,0,0.934576581857312,0.751561868669502,1.16215766627749,"RS"
29.6,1,0.902848126994894,0.769123816781214,1.0598225183424,"RS"
29.6,2,0.874323537795104,0.7802896654937,0.979689572408823,"RS"
29.6,3,0.850834248019091,0.778084859824162,0.930385559443745,"RS"
29.6,4,0.834047416310004,0.761220161190792,0.913842181433026,"RS"
29.6,5,0.825595215480465,0.743811323729515,0.91637144807989,"RS"
29.6,6,0.827240718480392,0.739569985294585,0.92530419016312,"RS"
29.6,7,0.840407764840351,0.754607086740449,0.935964190655535,"RS"
29.6,8,0.864244290598768,0.786415022217959,0.949776101333877,"RS"
29.6,9,0.897456959346181,0.826174064700528,0.974890193594791,"RS"
29.6,10,0.938779777748513,0.857868170160003,1.02732273065356,"RS"
29.6,11,0.986800011692743,0.873117879694823,1.11528384164708,"RS"
29.6,12,1.03980578173222,0.877813699821618,1.23169194550446,"RS"
29.7,0,0.933187148527824,0.747279149778272,1.16534531230515,"RS"
29.7,1,0.901474548075686,0.765618654826706,1.06143751292503,"RS"
29.7,2,0.872950762859028,0.777466017738008,0.980162498411542,"RS"
29.7,3,0.849433033613312,0.775644041945107,0.930241759846559,"RS"
29.7,4,0.832574721666471,0.758720898515071,0.913617469236261,"RS"
29.7,5,0.823993017787607,0.741029282279766,0.916245160075055,"RS"
29.7,6,0.825432639213526,0.73649825650633,0.925106116491059,"RS"
29.7,7,0.838298286462285,0.751298543818111,0.93537252649825,"RS"
29.7,8,0.861734170413017,0.782895268146279,0.948512285960916,"RS"
29.7,9,0.894446330262596,0.822350984619231,0.972862260377374,"RS"
29.7,10,0.935168642536312,0.853377080361985,1.0247994820909,"RS"
29.7,11,0.982491277365845,0.867513999452414,1.11270724242983,"RS"
29.7,12,1.0347109136853,0.870883671119368,1.22935669872345,"RS"
29.8,0,0.931792439427651,0.742988368897867,1.16857434990868,"RS"
29.8,1,0.900099058363846,0.762105640399131,1.06307875433539,"RS"
29.8,2,0.871578901955039,0.774636005205068,0.980653851910808,"RS"
29.8,3,0.848034778135892,0.773198414650006,0.93011440699025,"RS"
29.8,4,0.831106055504699,0.756217707652873,0.913410607165588,"RS"
29.8,5,0.822394762227483,0.73824372498375,0.916138020616546,"RS"
29.8,6,0.823627059804889,0.733422752514776,0.924925673926621,"RS"
29.8,7,0.836188346228537,0.747984686384211,0.934793135603391,"RS"
29.8,8,0.859219246128514,0.779366987567145,0.947252994667098,"RS"
29.8,9,0.891425365802275,0.818514315603063,0.970831135934681,"RS"
29.8,10,0.931540644483131,0.84886630843437,1.02226695028636,"RS"
29.8,11,0.978158384588282,0.861886606057046,1.1101156679038,"RS"
29.8,12,1.0295841111402,0.863930943278668,1.22700020199465,"RS"
29.9,0,0.930392733625029,0.738690949464951,1.17184411073298,"RS"
29.9,1,0.898721808796399,0.758585746527365,1.06474567087998,"RS"
29.9,2,0.870207999689524,0.77180023336228,0.981163168900194,"RS"
29.9,3,0.846639452462969,0.770748362287914,0.930003095094526,"RS"
29.9,4,0.82964135720723,0.753710953242196,0.913221147480759,"RS"
29.9,5,0.820800409660212,0.735455114951726,0.916049530150583,"RS"
29.9,6,0.821824030403865,0.730344069520888,0.924762403277016,"RS"
29.9,7,0.834078169544631,0.744666266482407,0.934225738728771,"RS"
29.9,8,0.8567000124502,0.775831128204197,0.94599827804151,"RS"
29.9,9,0.888394931527187,0.814665301159355,0.96879731251597,"RS"
29.9,10,0.927897129551491,0.844337666691131,1.01972601365048,"RS"
29.9,11,0.973803274194487,0.856238417262891,1.10751024213943,"RS"
29.9,12,1.02442802226601,0.856959321237789,1.22462379111301,"RS"
30,0,0.928988308762163,0.734388287953065,1.17515392330432,"RS"
30,1,0.897342949478952,0.755059931751265,1.06643768940562,"RS"
30,2,0.868838100395727,0.76895930242764,0.981689983222865,"RS"
30,3,0.845247027634458,0.76829427013699,0.929907413727683,"RS"
30,4,0.828180566540059,0.751201001343656,0.913048637538807,"RS"
30,5,0.81920992119797,0.732663913613409,0.915979185707914,"RS"
30,6,0.820023600712999,0.727262798835902,0.924615842859906,"RS"
30,7,0.831967979772985,0.741344028937836,0.933670053779555,"RS"
30,8,0.85417695920321,0.772288629295971,0.944748180869595,"RS"
30,9,0.885355883632721,0.810805175114997,0.966761269835138,"RS"
30,10,0.924239427725766,0.839792949773278,1.01717753166833,"RS"
30,11,0.969427861823046,0.850572110063256,1.10489206989036,"RS"
30,12,1.01924525781705,0.849972532419898,1.22222878499952,"RS"
30.1,0,0.927579441041282,0.730081753618539,1.17850311308014,"RS"
30.1,1,0.895962629682914,0.751529139818501,1.06815423548605,"RS"
30.1,2,0.86746924813422,0.766113806934256,0.982233826942535,"RS"
30.1,3,0.843857474853236,0.765836523774886,0.929826948388004,"RS"
30.1,4,0.826723623650184,0.748688218755457,0.912892620425395,"RS"
30.1,5,0.817623258203559,0.729870580099161,0.915926481465495,"RS"
30.1,6,0.818225819989575,0.724179526318573,0.924485529024878,"RS"
30.1,7,0.829857998232057,0.738018710780148,0.933125796365977,"RS"
30.1,8,0.85165057130939,0.76874042089825,0.943502742790745,"RS"
30.1,9,0.882309068862924,0.806935160651374,0.964723475885428,"RS"
30.1,10,0.920568852808494,0.83523393323156,1.01462234596041,"RS"
30.1,11,0.965034037520001,0.844890318827961,1.10226223785361,"RS"
30.1,12,1.01403839045922,0.842974224579036,1.21981648708016,"RS"
30.2,0,0.926166405211487,0.725772688309826,1.18189100245694,"RS"
30.2,1,0.894580997842951,0.747994299431482,1.06989473356942,"RS"
30.2,2,0.866101486693403,0.763264335343529,0.982794230670957,"RS"
30.2,3,0.842470765484343,0.763375508500857,0.929761281036668,"RS"
30.2,4,0.825270469063204,0.746172972384489,0.912752635533489,"RS"
30.2,5,0.816040382288981,0.727075570680427,0.915890909253284,"RS"
30.2,6,0.816430737047213,0.721094831871698,0.924370996620947,"RS"
30.2,7,0.82774844419609,0.734691040726029,0.932592680308117,"RS"
30.2,8,0.849121328766536,0.765187423248165,0.942261998904301,"RS"
30.2,9,0.879255324433677,0.803056469407406,0.962684387706199,"RS"
30.2,10,0.91688670223477,0.83066237221386,1.01206128128133,"RS"
30.2,11,0.960623665377503,0.839195633627742,1.09962181582638,"RS"
30.2,12,1.00880995415811,0.835967963937812,1.2173881865217,"RS"
30.3,0,0.92474947455642,0.721462406334302,1.1853169107416,"RS"
30.3,1,0.893198201554702,0.744456324039655,1.07165860709118,"RS"
30.3,2,0.864734859590024,0.760411469703049,0.983370723855852,"RS"
30.3,3,0.84108687105419,0.760911608806681,0.929709990585068,"RS"
30.3,4,0.823821043680953,0.743655628670485,0.912628219092388,"RS"
30.3,5,0.814461255314034,0.724279338265391,0.915871959010167,"RS"
30.3,6,0.814638400257502,0.718009288993533,0.924271779414374,"RS"
30.3,7,0.82563953489542,0.731361738717131,0.932070418091668,"RS"
30.3,8,0.846589706630299,0.761630546186789,0.941025980326952,"RS"
30.3,9,0.876195477963648,0.799170300648925,0.960644452103087,"RS"
30.3,10,0.913194256904422,0.826080000254896,1.00949514645785,"RS"
30.3,11,0.956198583207179,0.833490598737559,1.09697185776574,"RS"
30.3,12,1.00356244362763,0.8289572336008,1.21494515933601,"RS"
30.4,0,0.923328920882734,0.717152194377112,1.18878015409121,"RS"
30.4,1,0.891814387572723,0.740916111672892,1.07344527855651,"RS"
30.4,2,0.86336941006972,0.757555785345508,0.983962835032893,"RS"
30.4,3,0.83970576324978,0.758445207893526,0.92967265333936,"RS"
30.4,4,0.822375288779183,0.741136553060165,0.912518904650142,"RS"
30.4,5,0.812885839384921,0.721482331945952,0.915869119192831,"RS"
30.4,6,0.812848857551655,0.714923464379965,0.924187410460867,"RS"
30.4,7,0.82353148551737,0.728031515509479,0.931558721278482,"RS"
30.4,8,0.84405617499874,0.758070688637045,0.93979471470451,"RS"
30.4,9,0.873130347412918,0.795277840502455,0.958604106323078,"RS"
30.4,10,0.909492781031651,0.821488528165449,1.00692473526799,"RS"
30.4,11,0.951760602247536,0.827777711310544,1.09431340275694,"RS"
30.4,12,0.998298313837904,0.821945432227991,1.2124886693636,"RS"
30.5,0,0.921905014509352,0.7128433114672,1.19228004542566,"RS"
30.5,1,0.890429701808682,0.737374544812036,1.07525416959601,"RS"
30.5,2,0.862005181107578,0.754697850625188,0.984570092045137,"RS"
30.5,3,0.83832741391793,0.755976687231907,0.929648843405051,"RS"
30.5,4,0.820933146005277,0.738616109528354,0.91242422351235,"RS"
30.5,5,0.811314096852885,0.718684996592295,0.915881877141262,"RS"
30.5,6,0.8110621564222,0.711837917573496,0.924117422436001,"RS"
30.5,7,0.821424509207691,0.724701072310654,0.931057300875443,"RS"
30.5,8,0.841521198999468,0.754508738133788,0.938568226680938,"RS"
30.5,9,0.870060741029133,0.791380261251281,0.956563778686158,"RS"
30.5,10,0.905783522011804,0.816889643018115,1.00435082726335,"RS"
30.5,11,0.947311506904731,0.822059420214338,1.09164747589673,"RS"
30.5,12,0.993019979581227,0.814935872953091,1.21001996914702,"RS"
30.6,0,0.920478024257526,0.708536988986087,1.19581589431695,"RS"
30.6,1,0.889044289329792,0.733832490293077,1.07708470099797,"RS"
30.6,2,0.860642215408723,0.751838226688799,0.985192022233031,"RS"
30.6,3,0.83695179506451,0.753506426162009,0.929638133054351,"RS"
30.6,4,0.819494557376016,0.736094660143092,0.912343705140263,"RS"
30.6,5,0.809745990312848,0.715887772491517,0.915909719404383,"RS"
30.6,6,0.809278343924693,0.708753200655352,0.92406134792747,"RS"
30.6,7,0.81931881707257,0.721371100461204,0.930565867665083,"RS"
30.6,8,0.838985238779334,0.750945570403015,0.937346538327472,"RS"
30.6,9,0.86698745730106,0.787478720691595,0.954523889175334,"RS"
30.6,10,0.902067710304964,0.81228500722631,1.00177418853692,"RS"
30.6,11,0.942853054526007,0.816338125021623,1.08897508909739,"RS"
30.6,12,0.98772981509468,0.807931782531963,1.20754030070401,"RS"
30.7,0,0.919048217441661,0.704234430715401,1.19938700685886,"RS"
30.7,1,0.887658294357472,0.730290799241714,1.07893629272032,"RS"
30.7,2,0.859280555408922,0.748977467277725,0.985828152597916,"RS"
30.7,3,0.83557887885369,0.751034801531664,0.929640093058927,"RS"
30.7,4,0.818059465275375,0.733572564671869,0.912276877511059,"RS"
30.7,5,0.808181482602075,0.713091095026901,0.915952132029145,"RS"
30.7,6,0.80749746667946,0.705669857977204,0.924018719692588,"RS"
30.7,7,0.817214618181169,0.718042281156974,0.930084132501098,"RS"
30.7,8,0.836448749496631,0.74738204898725,0.936129669534535,"RS"
30.7,9,0.863911284919401,0.783574361546402,0.952484849986881,"RS"
30.7,10,0.89834655933601,0.807676257713127,0.99919557243874,"RS"
30.7,11,0.938386975205087,0.810616175146756,1.08629724181747,"RS"
30.7,12,0.982430153738145,0.800936300707029,1.20505089620979,"RS"
30.8,0,0.917615859860934,0.699936812919548,1.20299268551989,"RS"
30.8,1,0.886271860266255,0.72675030703541,1.08080836388493,"RS"
30.8,2,0.857920243275212,0.746116118558898,0.986478009941689,"RS"
30.8,3,0.834208637607189,0.748562187369451,0.929654292990597,"RS"
30.8,4,0.816627812452366,0.731050180226175,0.91222326744303,"RS"
30.8,5,0.806620536798854,0.710295394394678,0.916008600816215,"RS"
30.8,6,0.805719570873372,0.702588425929273,0.923989070884185,"RS"
30.8,7,0.815112119568707,0.714715285209211,0.929611806571767,"RS"
30.8,8,0.833912181315761,0.743819024914261,0.93491763836905,"RS"
30.8,9,0.860833002744739,0.779668310934852,0.950447066042733,"RS"
30.8,10,0.894621265410814,0.803065005166513,0.996615720242093,"RS"
30.8,11,0.933914971618808,0.804895869120596,1.08361492172484,"RS"
30.8,12,0.977123287726316,0.793952479774017,1.20255297859746,"RS"
30.9,0,0.916181215791661,0.695645284460258,1.20663222898256,"RS"
30.9,1,0.884885129582916,0.723211833290262,1.08270033275673,"RS"
30.9,2,0.856561320906546,0.743254718981798,0.987141120985114,"RS"
30.9,3,0.832841043803544,0.74608895459042,0.929680301492407,"RS"
30.9,4,0.815199542018918,0.728527860941708,0.91218240088834,"RS"
30.9,5,0.805063116221188,0.70750109535526,0.916078611545221,"RS"
30.9,6,0.803944702261635,0.699509432741762,0.923971935247874,"RS"
30.9,7,0.813011526240071,0.711390772839512,0.929148601634066,"RS"
30.9,8,0.831375979404323,0.740257336406383,0.933710461399672,"RS"
30.9,9,0.85775337978247,0.775761679894586,0.948410935466968,"RS"
30.9,10,0.890893007648242,0.798452833377174,0.994035361762699,"RS"
30.9,11,0.929438718894279,0.79917945399581,1.0809291052975,"RS"
30.9,12,0.971811467913353,0.786983284337989,1.20004776208474,"RS"
31,0,0.914744547980442,0.691360966940042,1.21030493197125,"RS"
31,1,0.883498243985835,0.719676181870331,1.08461161670999,"RS"
31,2,0.855203829934465,0.74039379915921,0.987817012467047,"RS"
31,3,0.831476070077379,0.743615470732108,0.929717686522402,"RS"
31,4,0.813774597447794,0.726005957691661,0.912153803195885,"RS"
31,5,0.803509184425505,0.704708617016116,0.916161650172323,"RS"
31,6,0.802172906169614,0.696433398316774,0.923966847293436,"RS"
31,7,0.810913041173937,0.708069393506866,0.928694230221077,"RS"
31,8,0.828840583932581,0.736697808627835,0.932508153992282,"RS"
31,9,0.854673175164601,0.771855562954716,0.946376850028347,"RS"
31,10,0.887162947927602,0.793841298655546,0.991455215933662,"RS"
31,11,0.924959864505799,0.793469124875151,1.07824075836751,"RS"
31,12,0.966496903628771,0.780031591246194,1.19753645263474,"RS"
31.1,0,0.913306117638047,0.687084954871892,1.21401008507108,"RS"
31.1,1,0.88211134430459,0.716144140917233,1.08654163218349,"RS"
31.1,2,0.853847811723782,0.737533881769616,0.988505211226659,"RS"
31.1,3,0.830113689218684,0.741142099718602,0.929766015572302,"RS"
31.1,4,0.812352922570552,0.723484817830647,0.912136999346667,"RS"
31.1,5,0.801958705205387,0.701918372643674,0.916257203002702,"RS"
31.1,6,0.800404227494684,0.693360834088113,0.923973342442858,"RS"
31.1,7,0.80881686532741,0.704751785764234,0.928248405825121,"RS"
31.1,8,0.826306430075273,0.733141253467546,0.931310730578016,"RS"
31.1,9,0.851593138138247,0.767951037757058,0.944345195550824,"RS"
31.1,10,0.883432230851195,0.789231929324227,0.988875991338789,"RS"
31.1,11,0.920480028200838,0.787767024555486,1.07555083661278,"RS"
31.1,12,0.961181762563178,0.77310018968581,1.19502024835814,"RS"
31.2,0,0.911866184434054,0.682818315872784,1.21774697453962,"RS"
31.2,1,0.880724570519769,0.712616482898056,1.0884897946266,"RS"
31.2,2,0.852493307373295,0.734675481479231,0.989205244270567,"RS"
31.2,3,0.82875387417211,0.73866920165055,0.929824855863164,"RS"
31.2,4,0.810934461575536,0.720964784966959,0.912131514163957,"RS"
31.2,5,0.800411642590308,0.699130769501773,0.916364756840374,"RS"
31.2,6,0.7986387107081,0.690292242906492,0.923990957157397,"RS"
31.2,7,0.806723197641156,0.701438577142265,0.927810843058859,"RS"
31.2,8,0.823773948015705,0.729588469355134,0.93011820489595,"RS"
31.2,9,0.848514008060724,0.764049164723256,0.942316352293972,"RS"
31.2,10,0.879701983721633,0.784626225282215,0.986298386706904,"RS"
31.2,11,0.916000801954287,0.782075243280595,1.07286028600174,"RS"
31.2,12,0.955868170702415,0.766191781435259,1.19250033986326,"RS"
31.3,0,0.91042500649223,0.678562090878808,1.22151488211329,"RS"
31.3,1,0.87933806176301,0.709093964669822,1.09045551843777,"RS"
31.3,2,0.851140357716514,0.731819104881893,0.989916638826628,"RS"
31.3,3,0.827396598036259,0.736197132619098,0.929893774520001,"RS"
31.3,4,0.809519159005916,0.718446198760967,0.912136872500423,"RS"
31.3,5,0.798867960844394,0.696346208714372,0.916483799117594,"RS"
31.3,6,0.796876399856896,0.687228118947936,0.92401922904583,"RS"
31.3,7,0.804632235045037,0.69813038405794,0.927381257796451,"RS"
31.3,8,0.821243562952103,0.726040241107807,0.928930590212449,"RS"
31.3,9,0.845436514401067,0.760150986765475,0.940290695305179,"RS"
31.3,10,0.875973316533555,0.780025657637401,0.983723091369762,"RS"
31.3,11,0.911523749950266,0.776395818596042,1.07017004319507,"RS"
31.3,12,0.950558212308706,0.759308981258299,1.18997791056043,"RS"
31.4,0,0.908982840386634,0.674317294379921,1.22531308480994,"RS"
31.4,1,0.877951956317259,0.705577327558905,1.09243821689686,"RS"
31.4,2,0.849789003322407,0.728965250455126,0.990638922385977,"RS"
31.4,3,0.826041834062997,0.733726244541912,0.92997233872719,"RS"
31.4,4,0.808106959757757,0.715929394747596,0.912152599404241,"RS"
31.4,5,0.797327624465193,0.693565085150409,0.916613818005906,"RS"
31.4,6,0.795117338565807,0.684168947643262,0.924057696955897,"RS"
31.4,7,0.802544172464223,0.694827811746086,0.926959367296674,"RS"
31.4,8,0.81871569510617,0.722497339806064,0.927747899519052,"RS"
31.4,9,0.842361376747859,0.756257529038426,0.938268594745448,"RS"
31.4,10,0.872247321979408,0.775431668403795,0.981150785686077,"RS"
31.4,11,0.907050408590716,0.770730735299699,1.06748103590894,"RS"
31.4,12,0.945253929947372,0.752454317430646,1.18745413692613,"RS"
31.5,0,0.907539941138456,0.670084914672507,1.22914085472903,"RS"
31.5,1,0.876566391617243,0.702067297453947,1.0944373020925,"RS"
31.5,2,0.848439284496173,0.726114408530896,0.991371622734778,"RS"
31.5,3,0.824689555656766,0.731256885019496,0.930060115866425,"RS"
31.5,4,0.806697809078124,0.713414704180949,0.912178220266101,"RS"
31.5,5,0.795790598182466,0.69078778732882,0.916754302510793,"RS"
31.5,6,0.793361570039216,0.681115205626749,0.924105901050773,"RS"
31.5,7,0.800459202825782,0.69153145421184,0.9265448903098,"RS"
31.5,8,0.81619075973381,0.718960522696213,0.926570145710676,"RS"
31.5,9,0.839289304823214,0.752369798730482,0.936250416190576,"RS"
31.5,10,0.868525075468932,0.770845670260057,0.978582141434131,"RS"
31.5,11,0.902582286530031,0.76508192548179,1.06479418324354,"RS"
31.5,12,0.939957324557685,0.745630232389397,1.18493018873225,"RS"
31.6,0,0.906096562213564,0.665865914128116,1.23299745885066,"RS"
31.6,1,0.875181504250169,0.698564584910981,1.09645218484586,"RS"
31.6,2,0.847091241280025,0.723267061279645,0.992114267977003,"RS"
31.6,3,0.823339736373907,0.728789397210181,0.930156673638809,"RS"
31.6,4,0.805291652563234,0.710902453899269,0.912213260948897,"RS"
31.6,5,0.794256846956986,0.688014697341907,0.91690474255168,"RS"
31.6,6,0.79160913706312,0.678067360702214,0.924163382872252,"RS"
31.6,7,0.798377517065738,0.688241894202315,0.926137547169834,"RS"
31.6,8,0.81366916713797,0.71543053311783,0.925397341745768,"RS"
31.6,9,0.836220998502788,0.748488784891779,0.934236520909401,"RS"
31.6,10,0.864807635162003,0.766269046366,0.976017822175311,"RS"
31.6,11,0.89812086473498,0.759451268648611,1.06211039598055,"RS"
31.6,12,0.934670355566443,0.738839083496056,1.18240722924529,"RS"
31.7,0,0.90465295552077,0.661661229476866,1.23688215883454,"RS"
31.7,1,0.873797429956626,0.695069885269561,1.09848227463156,"RS"
31.7,2,0.845744913453998,0.720423682706364,0.992866386549443,"RS"
31.7,3,0.821992349921992,0.726324119722229,0.930261580172608,"RS"
31.7,4,0.803888436156633,0.708392966208535,0.912257247901753,"RS"
31.7,5,0.79272633597936,0.685246190795379,0.917064629028945,"RS"
31.7,6,0.789860082007127,0.675025871824879,0.924229685392203,"RS"
31.7,7,0.796299304136587,0.68495970319582,0.925737059873629,"RS"
31.7,8,0.811151322683565,0.711908100454394,0.924229500789965,"RS"
31.7,9,0.833157147841678,0.744615458297218,0.932227266120771,"RS"
31.7,10,0.861096042014478,0.761703150233811,0.973458483590877,"RS"
31.7,11,0.893667596569158,0.753840591924326,1.05943057685313,"RS"
31.7,12,0.929394941042823,0.732083143904401,1.17988641539982,"RS"
31.8,0,0.90320937141079,0.657471772104159,1.2407942108198,"RS"
31.8,1,0.872414303631703,0.69158387877886,1.10052697949681,"RS"
31.8,2,0.844400340536771,0.717584738657536,0.99362750723005,"RS"
31.8,3,0.820647370159165,0.723861386521639,0.930374404118075,"RS"
31.8,4,0.802488106147415,0.705886558783132,0.912309708259957,"RS"
31.8,5,0.791199030668859,0.682482636763504,0.917233453879448,"RS"
31.8,6,0.788114446826467,0.671991189097556,0.924304353053678,"RS"
31.8,7,0.794224751015267,0.68168544140715,0.92534315214825,"RS"
31.8,8,0.808637626814441,0.708393940105458,0.923066636344668,"RS"
31.8,9,0.830098433106062,0.740750771342382,0.930223005230793,"RS"
31.8,10,0.857391319836711,0.757149305650883,0.970904773794108,"RS"
31.8,11,0.889223907901235,0.748251670325569,1.05675562079146,"RS"
31.8,12,0.924132957893128,0.725364603524937,1.17736889795029,"RS"
31.9,0,0.901766058675907,0.65329842835945,1.24473286522658,"RS"
31.9,1,0.871032259326319,0.688107230732737,1.10258570597958,"RS"
31.9,2,0.843057561786515,0.714750686837921,0.994397159140602,"RS"
31.9,3,0.819304771093485,0.721401526854319,0.930494714730627,"RS"
31.9,4,0.801090609168473,0.703383544582109,0.912370169932232,"RS"
31.9,5,0.789674896672263,0.679724397757967,0.917410710121947,"RS"
31.9,6,0.786372273064032,0.668963753779762,0.924386931803001,"RS"
31.9,7,0.792154042711568,0.678419657807536,0.924955549507827,"RS"
31.9,8,0.80612847507233,0.704888753478786,0.921908762361885,"RS"
31.9,9,0.827045524810454,0.736895657970465,0.928224088051844,"RS"
31.9,10,0.853694475364362,0.752608806651215,0.968357333619911,"RS"
31.9,11,0.884791197236244,0.742686227103786,1.05408641514682,"RS"
31.9,12,0.918886242093983,0.718685570078108,1.17485582160476,"RS"
32,0,0.90032326455032,0.649142059875939,1.2486973665602,"RS"
32,1,0.869651430248751,0.684640591612926,1.10465785902639,"RS"
32,2,0.841716616201749,0.711921976836206,0.995174871744584,"RS"
32,3,0.817964526882289,0.718944865181378,0.930622081943617,"RS"
32,4,0.799695892194793,0.700884231779685,0.912438161676677,"RS"
32,5,0.788153899862726,0.676971829709102,0.917595891893686,"RS"
32,6,0.784633601852431,0.665943998308536,0.924476969113978,"RS"
32,7,0.790087362276975,0.67516289015799,0.924573979301075,"RS"
32,8,0.803624258117759,0.701393228001031,0.920755893346563,"RS"
32,9,0.823999083760433,0.733051033628355,0.926230861004776,"RS"
32,10,0.850006498341192,0.748082917532508,0.965816796893853,"RS"
32,11,0.880370835869177,0.737145934150549,1.05142383989695,"RS"
32,12,0.913656588962615,0.712048070228868,1.17234832514396,"RS"
32.1,0,0.898881234711169,0.645003503900145,1.25268695321842,"RS"
32.1,1,0.86827194876638,0.681184597239539,1.10674284191053,"RS"
32.1,2,0.840377542522224,0.709099050158671,0.995960174841106,"RS"
32.1,3,0.816626611831548,0.716491721126408,0.930756076431787,"RS"
32.1,4,0.798303902541772,0.69838892370871,0.912513213166635,"RS"
32.1,5,0.786636006338653,0.674225281958327,0.917788494479315,"RS"
32.1,6,0.782898473916072,0.662932346329811,0.924574014005315,"RS"
32.1,7,0.788024890813941,0.671915665054873,0.924198170750505,"RS"
32.1,8,0.801125361752878,0.697908037145582,0.919608044447553,"RS"
32.1,9,0.820959761100712,0.729217795250153,0.924243667305645,"RS"
32.1,10,0.846328361613468,0.743572872916152,0.963283790682486,"RS"
32.1,11,0.875964168060158,0.731632412461313,1.04876876783517,"RS"
32.1,12,0.908445753462819,0.705454050795608,1.16984754152859,"RS"
32.2,0,0.897440213280239,0.640883573630387,1.25670085730263,"RS"
32.2,1,0.866893946407627,0.677739868928177,1.10884005615115,"RS"
32.2,2,0.839040379229818,0.706282340270066,0.996752598555598,"RS"
32.2,3,0.815291000395247,0.714042409433698,0.930896269666463,"RS"
32.2,4,0.796914587863577,0.695897918815952,0.912594855047608,"RS"
32.2,5,0.785121182422583,0.671485097260652,0.91798801433319,"RS"
32.2,6,0.781166929573265,0.659929212739298,0.924677617052221,"RS"
32.2,7,0.785966807485577,0.668678497986583,0.923827854984303,"RS"
32.2,8,0.798632166946141,0.69443384047632,0.918465231538264,"RS"
32.2,9,0.817928198368413,0.72539682126642,0.92226284713824,"RS"
32.2,10,0.842661021235659,0.739079877847461,0.960758935526692,"RS"
32.2,11,0.871572511230457,0.726147232653317,1.04612206474556,"RS"
32.2,12,0.903255450545239,0.698905380026835,1.16735459799774,"RS"
32.3,0,0.896000442826332,0.636783058563309,1.26073830443334,"RS"
32.3,1,0.865517553864097,0.67430701365299,1.11094890143379,"RS"
32.3,2,0.837705164549454,0.703472272640993,0.997551673327936,"RS"
32.3,3,0.813957667174755,0.71159723993638,0.931042233963418,"RS"
32.3,4,0.795527896151542,0.6934115106281,0.912682618986297,"RS"
32.3,5,0.783609394660102,0.668751611796278,0.918193949096048,"RS"
32.3,6,0.779439008738336,0.656935003731926,0.924787330393055,"RS"
32.3,7,0.783913289525753,0.665451893400389,0.923462765061731,"RS"
32.3,8,0.796145049858839,0.6909712837061,0.917327471287989,"RS"
32.3,9,0.814905027551403,0.721588971637577,0.920288737813592,"RS"
32.3,10,0.839005416587078,0.734605107933595,0.958242845659724,"RS"
32.3,11,0.867197156178641,0.720691915533562,1.04348458956635,"RS"
32.3,12,0.898087355520629,0.692403848939354,1.16487061616072,"RS"
32.4,0,0.894562164368289,0.632702724847635,1.26479851357048,"RS"
32.4,1,0.864142900992914,0.670886624215095,1.11306877553283,"RS"
32.4,2,0.83637193645003,0.70066926480113,0.99835692989861,"RS"
32.4,3,0.812626586918222,0.709156517533643,0.931193542524314,"RS"
32.4,4,0.794143775732585,0.6909299877275,0.912776037712721,"RS"
32.4,5,0.782100609818753,0.66602515519035,0.918405797606918,"RS"
32.4,6,0.777714750923776,0.653950116858976,0.924902707731856,"RS"
32.4,7,0.781864512249599,0.662236344778486,0.923102635992869,"RS"
32.4,8,0.793664381873399,0.687520998768856,0.916194781224796,"RS"
32.4,9,0.811890871151589,0.717795087909938,0.918321673917602,"RS"
32.4,10,0.835362470499137,0.730149709516758,0.955736129211466,"RS"
32.4,11,0.862839367316139,0.71526793271303,1.04085719454336,"RS"
32.4,12,0.892943104464739,0.685951172712054,1.16239671208468,"RS"
32.5,0,0.893125617378672,0.628643315644393,1.268880696839,"RS"
32.5,1,0.862770116819263,0.667479279415822,1.11519907423613,"RS"
32.5,2,0.835040732645368,0.69787372639771,0.99916789929348,"RS"
32.5,3,0.811297734519966,0.706720542176141,0.931349769472501,"RS"
32.5,4,0.792762175267674,0.68845363373671,0.912874645056322,"RS"
32.5,5,0.780594794886972,0.66330605054004,0.918623059911094,"RS"
32.5,6,0.775994195242396,0.65097494109211,0.925023304337439,"RS"
32.5,7,0.779820649064402,0.659032334722426,0.922747204753399,"RS"
32.5,8,0.791190529623451,0.684083603904298,0.915067179790807,"RS"
32.5,9,0.808886342253001,0.71401599329292,0.916361987447833,"RS"
32.5,10,0.831733089392894,0.725714799880353,0.953239388400374,"RS"
32.5,11,0.858500382921533,0.709876707263508,1.03824072537548,"RS"
32.5,12,0.887824294653537,0.679548992129737,1.15993399638001,"RS"
32.6,0,0.891691039788085,0.624605551492934,1.27298405936014,"RS"
32.6,1,0.861399329539111,0.664085544234294,1.11733919127239,"RS"
32.6,2,0.833711590595184,0.695086059258714,0.999984112807594,"RS"
32.6,3,0.809971085019881,0.704289608858865,0.931510489883931,"RS"
32.6,4,0.791383043750318,0.685982727311028,0.912977975976872,"RS"
32.6,5,0.779091917073032,0.660594614448171,0.918845237264881,"RS"
32.6,6,0.774277380409509,0.648009856893576,0.925148677039753,"RS"
32.6,7,0.777781871480891,0.655840335045161,0.922396210295087,"RS"
32.6,8,0.788723855025587,0.680659703754247,0.913944686390642,"RS"
32.6,9,0.805892044594566,0.710252492756076,0.914410007940454,"RS"
32.6,10,0.828118163426548,0.721301467485892,0.950753219714435,"RS"
32.6,11,0.854181415412874,0.704519614413569,1.03563602135346,"RS"
32.6,12,0.88273248502747,0.673198875071743,1.15748357428513,"RS"
