ano,sigla_uf,id_municipio,populacao
2017,PE,2600054.0,99364.0
2017,PE,2600104.0,37017.0
2017,PE,2600203.0,19411.0
2017,PE,2600302.0,24644.0
2017,PE,2600401.0,36371.0
2017,PE,2600500.0,43087.0
2017,PE,2600609.0,14517.0
2017,PE,2600708.0,38267.0
2017,PE,2600807.0,22896.0
2017,PE,2600906.0,22726.0
2017,PE,2601003.0,11045.0
2017,PE,2601052.0,20268.0
2017,PE,2601102.0,83757.0
2017,PE,2601201.0,73667.0
2017,PE,2601300.0,14224.0
2017,PE,2601409.0,42438.0
2017,PE,2601508.0,11992.0
2017,PE,2601607.0,20670.0
2017,PE,2601706.0,75986.0
2017,PE,2601805.0,12637.0
2017,PE,2601904.0,60549.0
2017,PE,2602001.0,37816.0
2017,PE,2602100.0,48214.0
2017,PE,2602209.0,39025.0
2017,PE,2602308.0,38044.0
2017,PE,2602407.0,8973.0
2017,PE,2602506.0,7465.0
2017,PE,2602605.0,50138.0
2017,PE,2602704.0,13085.0
2017,PE,2602803.0,57696.0
2017,PE,2602902.0,204653.0
2017,PE,2603009.0,33856.0
2017,PE,2603108.0,20209.0
2017,PE,2603207.0,28500.0
2017,PE,2603306.0,11055.0
2017,PE,2603405.0,5736.0
2017,PE,2603454.0,156361.0
2017,PE,2603504.0,18583.0
2017,PE,2603603.0,8493.0
2017,PE,2603702.0,24762.0
2017,PE,2603801.0,19991.0
2017,PE,2603900.0,19440.0
2017,PE,2603926.0,12805.0
2017,PE,2604007.0,82685.0
2017,PE,2604106.0,356128.0
2017,PE,2604155.0,14274.0
2017,PE,2604205.0,42343.0
2017,PE,2604304.0,11695.0
2017,PE,2604403.0,13396.0
2017,PE,2604502.0,21525.0
2017,PE,2604601.0,26186.0
2017,PE,2604700.0,18098.0
2017,PE,2604809.0,12560.0
2017,PE,2604908.0,11559.0
2017,PE,2605004.0,23977.0
2017,PE,2605103.0,36753.0
2017,PE,2605152.0,18692.0
2017,PE,2605202.0,68281.0
2017,PE,2605301.0,31790.0
2017,PE,2605400.0,21958.0
2017,PE,2605459.0,3016.0
2017,PE,2605509.0,12057.0
2017,PE,2605608.0,22567.0
2017,PE,2605707.0,32483.0
2017,PE,2605806.0,15328.0
2017,PE,2605905.0,30709.0
2017,PE,2606002.0,138642.0
2017,PE,2606101.0,30425.0
2017,PE,2606200.0,79249.0
2017,PE,2606309.0,7417.0
2017,PE,2606408.0,83241.0
2017,PE,2606507.0,19100.0
2017,PE,2606606.0,28985.0
2017,PE,2606705.0,7735.0
2017,PE,2606804.0,115398.0
2017,PE,2606903.0,12175.0
2017,PE,2607000.0,22801.0
2017,PE,2607109.0,4542.0
2017,PE,2607208.0,94533.0
2017,PE,2607307.0,30447.0
2017,PE,2607406.0,4858.0
2017,PE,2607505.0,26314.0
2017,PE,2607604.0,25789.0
2017,PE,2607653.0,36320.0
2017,PE,2607703.0,13638.0
2017,PE,2607752.0,26338.0
2017,PE,2607802.0,16859.0
2017,PE,2607901.0,695956.0
2017,PE,2607950.0,11634.0
2017,PE,2608008.0,17026.0
2017,PE,2608057.0,14703.0
2017,PE,2608107.0,33485.0
2017,PE,2608206.0,15989.0
2017,PE,2608255.0,11334.0
2017,PE,2608305.0,14712.0
2017,PE,2608404.0,15284.0
2017,PE,2608453.0,17847.0
2017,PE,2608503.0,21338.0
2017,PE,2608602.0,13033.0
2017,PE,2608701.0,16218.0
2017,PE,2608750.0,25294.0
2017,PE,2608800.0,39888.0
2017,PE,2608909.0,56140.0
2017,PE,2609006.0,25214.0
2017,PE,2609105.0,15820.0
2017,PE,2609154.0,21047.0
2017,PE,2609204.0,11433.0
2017,PE,2609303.0,15270.0
2017,PE,2609402.0,62119.0
2017,PE,2609501.0,32280.0
2017,PE,2609600.0,390771.0
2017,PE,2609709.0,23768.0
2017,PE,2609808.0,14794.0
2017,PE,2609907.0,68776.0
2017,PE,2610004.0,62832.0
2017,PE,2610103.0,7761.0
2017,PE,2610202.0,26417.0
2017,PE,2610301.0,11449.0
2017,PE,2610400.0,21383.0
2017,PE,2610509.0,28889.0
2017,PE,2610608.0,55942.0
2017,PE,2610707.0,328353.0
2017,PE,2610806.0,22505.0
2017,PE,2610905.0,66881.0
2017,PE,2611002.0,36108.0
2017,PE,2611101.0,343219.0
2017,PE,2611200.0,11268.0
2017,PE,2611309.0,26960.0
2017,PE,2611408.0,14798.0
2017,PE,2611507.0,25831.0
2017,PE,2611533.0,6802.0
2017,PE,2611606.0,1633697.0
2017,PE,2611705.0,20392.0
2017,PE,2611804.0,47088.0
2017,PE,2611903.0,23379.0
2017,PE,2612000.0,10065.0
2017,PE,2612109.0,10747.0
2017,PE,2612208.0,60453.0
2017,PE,2612307.0,15779.0
2017,PE,2612406.0,25979.0
2017,PE,2612455.0,15202.0
2017,PE,2612471.0,12501.0
2017,PE,2612505.0,105761.0
2017,PE,2612554.0,14355.0
2017,PE,2612604.0,41652.0
2017,PE,2612703.0,14013.0
2017,PE,2612802.0,11734.0
2017,PE,2612901.0,15683.0
2017,PE,2613008.0,58824.0
2017,PE,2613107.0,37023.0
2017,PE,2613206.0,22628.0
2017,PE,2613305.0,21257.0
2017,PE,2613404.0,20963.0
2017,PE,2613503.0,33804.0
2017,PE,2613602.0,33704.0
2017,PE,2613701.0,112099.0
2017,PE,2613800.0,17904.0
2017,PE,2613909.0,85568.0
2017,PE,2614006.0,19080.0
2017,PE,2614105.0,35670.0
2017,PE,2614204.0,45263.0
2017,PE,2614303.0,11238.0
2017,PE,2614402.0,5978.0
2017,PE,2614501.0,64373.0
2017,PE,2614600.0,28301.0
2017,PE,2614709.0,12853.0
2017,PE,2614808.0,25368.0
2017,PE,2614857.0,23100.0
2017,PE,2615003.0,28358.0
2017,PE,2615102.0,7120.0
2017,PE,2615201.0,10437.0
2017,PE,2615300.0,53083.0
2017,PE,2615409.0,44189.0
2017,PE,2615508.0,13689.0
2017,PE,2615607.0,30155.0
2017,PE,2615706.0,15221.0
2017,PE,2615805.0,26990.0
2017,PE,2615904.0,8169.0
2017,PE,2616001.0,18258.0
2017,PE,2616100.0,9490.0
2017,PE,2616183.0,7641.0
2017,PE,2616209.0,20460.0
2017,PE,2616308.0,32429.0
2017,PE,2616407.0,137578.0
2017,PE,2616506.0,14651.0
2017,RJ,3300100.0,194619.0
2017,RJ,3300159.0,11292.0
2017,RJ,3300209.0,126742.0
2017,RJ,3300225.0,12143.0
2017,RJ,3300233.0,32260.0
2017,RJ,3300258.0,29304.0
2017,RJ,3300308.0,97460.0
2017,RJ,3300407.0,179451.0
2017,RJ,3300456.0,495783.0
2017,RJ,3300506.0,26566.0
2017,RJ,3300605.0,36068.0
2017,RJ,3300704.0,216030.0
2017,RJ,3300803.0,57048.0
2017,RJ,3300902.0,15124.0
2017,RJ,3300936.0,15568.0
2017,RJ,3300951.0,8336.0
2017,RJ,3301009.0,490288.0
2017,RJ,3301108.0,19697.0
2017,RJ,3301157.0,12519.0
2017,RJ,3301207.0,18264.0
2017,RJ,3301306.0,41999.0
2017,RJ,3301405.0,22461.0
2017,RJ,3301504.0,21250.0
2017,RJ,3301603.0,11169.0
2017,RJ,3301702.0,890997.0
2017,RJ,3301801.0,13576.0
2017,RJ,3301850.0,57921.0
2017,RJ,3301876.0,26936.0
2017,RJ,3301900.0,232394.0
2017,RJ,3302007.0,122369.0
2017,RJ,3302056.0,14723.0
2017,RJ,3302106.0,22694.0
2017,RJ,3302205.0,99997.0
2017,RJ,3302254.0,30703.0
2017,RJ,3302270.0,101237.0
2017,RJ,3302304.0,7217.0
2017,RJ,3302403.0,244139.0
2017,RJ,3302452.0,5434.0
2017,RJ,3302502.0,237420.0
2017,RJ,3302601.0,42415.0
2017,RJ,3302700.0,153008.0
2017,RJ,3302809.0,18123.0
2017,RJ,3302858.0,171280.0
2017,RJ,3302908.0,24871.0
2017,RJ,3303005.0,26551.0
2017,RJ,3303104.0,14960.0
2017,RJ,3303203.0,158329.0
2017,RJ,3303302.0,499028.0
2017,RJ,3303401.0,185381.0
2017,RJ,3303500.0,798647.0
2017,RJ,3303609.0,50447.0
2017,RJ,3303708.0,42922.0
2017,RJ,3303807.0,41454.0
2017,RJ,3303856.0,26991.0
2017,RJ,3303906.0,298235.0
2017,RJ,3303955.0,24282.0
2017,RJ,3304003.0,28222.0
2017,RJ,3304102.0,18248.0
2017,RJ,3304110.0,18829.0
2017,RJ,3304128.0,13785.0
2017,RJ,3304144.0,145386.0
2017,RJ,3304151.0,23535.0
2017,RJ,3304201.0,126923.0
2017,RJ,3304300.0,58272.0
2017,RJ,3304409.0,17988.0
2017,RJ,3304508.0,8984.0
2017,RJ,3304524.0,141117.0
2017,RJ,3304557.0,6520266.0
2017,RJ,3304607.0,10172.0
2017,RJ,3304706.0,41312.0
2017,RJ,3304755.0,41191.0
2017,RJ,3304805.0,37689.0
2017,RJ,3304904.0,1049826.0
2017,RJ,3305000.0,35174.0
2017,RJ,3305109.0,460461.0
2017,RJ,3305133.0,6953.0
2017,RJ,3305158.0,21114.0
2017,RJ,3305208.0,99906.0
2017,RJ,3305307.0,9094.0
2017,RJ,3305406.0,17765.0
2017,RJ,3305505.0,85175.0
2017,RJ,3305554.0,84416.0
2017,RJ,3305604.0,21253.0
2017,RJ,3305703.0,15191.0
2017,RJ,3305752.0,32970.0
2017,RJ,3305802.0,176060.0
2017,RJ,3305901.0,10352.0
2017,RJ,3306008.0,79402.0
2017,RJ,3306107.0,74237.0
2017,RJ,3306156.0,10597.0
2017,RJ,3306206.0,35768.0
2017,RJ,3306305.0,265201.0
2017,RS,4300034.0,4759.0
2017,RS,4300059.0,3841.0
2017,RS,4300109.0,17085.0
2017,RS,4300208.0,7358.0
2017,RS,4300307.0,6736.0
2017,RS,4300406.0,78003.0
2017,RS,4300455.0,4037.0
2017,RS,4300471.0,2079.0
2017,RS,4300505.0,7433.0
2017,RS,4300554.0,1803.0
2017,RS,4300570.0,3040.0
2017,RS,4300604.0,208177.0
2017,RS,4300638.0,6854.0
2017,RS,4300646.0,7576.0
2017,RS,4300661.0,1306.0
2017,RS,4300703.0,6210.0
2017,RS,4300802.0,13306.0
2017,RS,4300851.0,3748.0
2017,RS,4300877.0,5395.0
2017,RS,4300901.0,6601.0
2017,RS,4301008.0,20272.0
2017,RS,4301057.0,9050.0
2017,RS,4301073.0,2906.0
2017,RS,4301107.0,14255.0
2017,RS,4301206.0,13388.0
2017,RS,4301305.0,18922.0
2017,RS,4301404.0,10614.0
2017,RS,4301503.0,7091.0
2017,RS,4301552.0,3718.0
2017,RS,4301602.0,122209.0
2017,RS,4301636.0,12671.0
2017,RS,4301651.0,6109.0
2017,RS,4301701.0,6763.0
2017,RS,4301750.0,7440.0
2017,RS,4301800.0,5474.0
2017,RS,4301859.0,3253.0
2017,RS,4301875.0,4223.0
2017,RS,4301909.0,13365.0
2017,RS,4301925.0,1915.0
2017,RS,4301958.0,2516.0
2017,RS,4302006.0,11486.0
2017,RS,4302055.0,2227.0
2017,RS,4302105.0,115069.0
2017,RS,4302154.0,2167.0
2017,RS,4302204.0,6829.0
2017,RS,4302220.0,2526.0
2017,RS,4302238.0,2579.0
2017,RS,4302253.0,2859.0
2017,RS,4302303.0,11773.0
2017,RS,4302352.0,13189.0
2017,RS,4302378.0,2216.0
2017,RS,4302402.0,12204.0
2017,RS,4302451.0,7914.0
2017,RS,4302501.0,6801.0
2017,RS,4302584.0,2228.0
2017,RS,4302600.0,3647.0
2017,RS,4302659.0,4996.0
2017,RS,4302709.0,21247.0
2017,RS,4302808.0,34634.0
2017,RS,4302907.0,13552.0
2017,RS,4303004.0,85495.0
2017,RS,4303103.0,127318.0
2017,RS,4303202.0,5100.0
2017,RS,4303301.0,5042.0
2017,RS,4303400.0,5064.0
2017,RS,4303509.0,66215.0
2017,RS,4303558.0,2733.0
2017,RS,4303608.0,6680.0
2017,RS,4303673.0,3407.0
2017,RS,4303707.0,5994.0
2017,RS,4303806.0,5641.0
2017,RS,4303905.0,64914.0
2017,RS,4304002.0,5161.0
2017,RS,4304101.0,3514.0
2017,RS,4304200.0,31603.0
2017,RS,4304309.0,6567.0
2017,RS,4304358.0,9406.0
2017,RS,4304408.0,43062.0
2017,RS,4304507.0,56103.0
2017,RS,4304606.0,343853.0
2017,RS,4304614.0,1817.0
2017,RS,4304622.0,1758.0
2017,RS,4304630.0,48401.0
2017,RS,4304655.0,3449.0
2017,RS,4304663.0,25495.0
2017,RS,4304671.0,4362.0
2017,RS,4304689.0,11455.0
2017,RS,4304697.0,2769.0
2017,RS,4304705.0,62339.0
2017,RS,4304713.0,7971.0
2017,RS,4304804.0,28091.0
2017,RS,4304853.0,1547.0
2017,RS,4304903.0,9079.0
2017,RS,4304952.0,3185.0
2017,RS,4305009.0,9335.0
2017,RS,4305108.0,483377.0
2017,RS,4305116.0,3016.0
2017,RS,4305124.0,6443.0
2017,RS,4305132.0,4694.0
2017,RS,4305157.0,2437.0
2017,RS,4305173.0,11486.0
2017,RS,4305207.0,14069.0
2017,RS,4305306.0,9597.0
2017,RS,4305355.0,38899.0
2017,RS,4305371.0,3482.0
2017,RS,4305405.0,4026.0
2017,RS,4305439.0,6456.0
2017,RS,4305447.0,5319.0
2017,RS,4305454.0,14710.0
2017,RS,4305504.0,4983.0
2017,RS,4305587.0,2499.0
2017,RS,4305603.0,3478.0
2017,RS,4305702.0,6836.0
2017,RS,4305801.0,10109.0
2017,RS,4305835.0,1559.0
2017,RS,4305850.0,2458.0
2017,RS,4305871.0,2559.0
2017,RS,4305900.0,7776.0
2017,RS,4305934.0,1728.0
2017,RS,4305959.0,4000.0
2017,RS,4305975.0,2876.0
2017,RS,4306007.0,14195.0
2017,RS,4306056.0,7831.0
2017,RS,4306072.0,2918.0
2017,RS,4306106.0,63463.0
2017,RS,4306130.0,2059.0
2017,RS,4306205.0,12258.0
2017,RS,4306304.0,4844.0
2017,RS,4306320.0,3102.0
2017,RS,4306353.0,2744.0
2017,RS,4306379.0,3130.0
2017,RS,4306403.0,30753.0
2017,RS,4306429.0,2158.0
2017,RS,4306452.0,3430.0
2017,RS,4306502.0,15279.0
2017,RS,4306551.0,2617.0
2017,RS,4306601.0,39822.0
2017,RS,4306700.0,3331.0
2017,RS,4306734.0,5110.0
2017,RS,4306759.0,2071.0
2017,RS,4306767.0,38581.0
2017,RS,4306809.0,22128.0
2017,RS,4306908.0,25872.0
2017,RS,4306924.0,1340.0
2017,RS,4306932.0,8981.0
2017,RS,4306957.0,3035.0
2017,RS,4306973.0,3066.0
2017,RS,4307005.0,103437.0
2017,RS,4307054.0,3215.0
2017,RS,4307104.0,6980.0
2017,RS,4307203.0,5170.0
2017,RS,4307302.0,7660.0
2017,RS,4307401.0,3313.0
2017,RS,4307450.0,3204.0
2017,RS,4307500.0,15843.0
2017,RS,4307559.0,6161.0
2017,RS,4307609.0,47287.0
2017,RS,4307708.0,84237.0
2017,RS,4307807.0,33140.0
2017,RS,4307815.0,3745.0
2017,RS,4307831.0,2699.0
2017,RS,4307864.0,2724.0
2017,RS,4307906.0,69542.0
2017,RS,4308003.0,6867.0
2017,RS,4308052.0,2523.0
2017,RS,4308078.0,4194.0
2017,RS,4308102.0,13273.0
2017,RS,4308201.0,29603.0
2017,RS,4308250.0,1958.0
2017,RS,4308300.0,10836.0
2017,RS,4308409.0,7053.0
2017,RS,4308433.0,2519.0
2017,RS,4308458.0,4588.0
2017,RS,4308508.0,30832.0
2017,RS,4308607.0,33624.0
2017,RS,4308656.0,3182.0
2017,RS,4308706.0,5878.0
2017,RS,4308805.0,8663.0
2017,RS,4308854.0,1705.0
2017,RS,4308904.0,16648.0
2017,RS,4309001.0,17069.0
2017,RS,4309050.0,7654.0
2017,RS,4309100.0,35047.0
2017,RS,4309126.0,2247.0
2017,RS,4309159.0,4251.0
2017,RS,4309209.0,275146.0
2017,RS,4309258.0,1600.0
2017,RS,4309308.0,99334.0
2017,RS,4309407.0,24836.0
2017,RS,4309506.0,8080.0
2017,RS,4309555.0,4664.0
2017,RS,4309571.0,3070.0
2017,RS,4309605.0,19338.0
2017,RS,4309654.0,6561.0
2017,RS,4309704.0,4988.0
2017,RS,4309753.0,4519.0
2017,RS,4309803.0,4846.0
2017,RS,4309902.0,7458.0
2017,RS,4309951.0,4155.0
2017,RS,4310009.0,20355.0
2017,RS,4310108.0,34903.0
2017,RS,4310207.0,83330.0
2017,RS,4310306.0,4202.0
2017,RS,4310330.0,20578.0
2017,RS,4310363.0,3157.0
2017,RS,4310405.0,6598.0
2017,RS,4310413.0,2312.0
2017,RS,4310439.0,6482.0
2017,RS,4310462.0,1975.0
2017,RS,4310504.0,7921.0
2017,RS,4310538.0,5384.0
2017,RS,4310553.0,3552.0
2017,RS,4310579.0,2295.0
2017,RS,4310603.0,39012.0
2017,RS,4310652.0,2583.0
2017,RS,4310702.0,3896.0
2017,RS,4310751.0,2104.0
2017,RS,4310801.0,22514.0
2017,RS,4310850.0,4082.0
2017,RS,4310876.0,2666.0
2017,RS,4310900.0,3704.0
2017,RS,4311007.0,28156.0
2017,RS,4311106.0,11514.0
2017,RS,4311122.0,4083.0
2017,RS,4311130.0,3645.0
2017,RS,4311155.0,8679.0
2017,RS,4311205.0,20012.0
2017,RS,4311239.0,2852.0
2017,RS,4311254.0,6516.0
2017,RS,4311270.0,1650.0
2017,RS,4311304.0,28454.0
2017,RS,4311403.0,79819.0
2017,RS,4311429.0,2596.0
2017,RS,4311502.0,7807.0
2017,RS,4311601.0,5686.0
2017,RS,4311627.0,5765.0
2017,RS,4311643.0,1712.0
2017,RS,4311700.0,5640.0
2017,RS,4311718.0,4804.0
2017,RS,4311734.0,3079.0
2017,RS,4311759.0,7383.0
2017,RS,4311775.0,7016.0
2017,RS,4311791.0,2677.0
2017,RS,4311809.0,41059.0
2017,RS,4311908.0,4941.0
2017,RS,4311981.0,3932.0
2017,RS,4312005.0,2190.0
2017,RS,4312054.0,4159.0
2017,RS,4312104.0,5124.0
2017,RS,4312138.0,2574.0
2017,RS,4312153.0,4276.0
2017,RS,4312179.0,1780.0
2017,RS,4312203.0,4804.0
2017,RS,4312252.0,8059.0
2017,RS,4312302.0,4975.0
2017,RS,4312351.0,1545.0
2017,RS,4312377.0,3249.0
2017,RS,4312385.0,2689.0
2017,RS,4312401.0,63868.0
2017,RS,4312427.0,2986.0
2017,RS,4312443.0,3166.0
2017,RS,4312450.0,6566.0
2017,RS,4312476.0,6183.0
2017,RS,4312500.0,12794.0
2017,RS,4312609.0,5006.0
2017,RS,4312617.0,3156.0
2017,RS,4312625.0,1903.0
2017,RS,4312658.0,17185.0
2017,RS,4312674.0,1752.0
2017,RS,4312708.0,12247.0
2017,RS,4312757.0,3481.0
2017,RS,4312807.0,4471.0
2017,RS,4312906.0,9599.0
2017,RS,4312955.0,1932.0
2017,RS,4313003.0,3344.0
2017,RS,4313011.0,2807.0
2017,RS,4313037.0,5125.0
2017,RS,4313060.0,20405.0
2017,RS,4313086.0,2568.0
2017,RS,4313102.0,6605.0
2017,RS,4313201.0,20675.0
2017,RS,4313300.0,25559.0
2017,RS,4313334.0,2417.0
2017,RS,4313359.0,3603.0
2017,RS,4313375.0,26450.0
2017,RS,4313391.0,4125.0
2017,RS,4313409.0,249508.0
2017,RS,4313425.0,3757.0
2017,RS,4313441.0,2312.0
2017,RS,4313466.0,1790.0
2017,RS,4313490.0,4181.0
2017,RS,4313508.0,44468.0
2017,RS,4313607.0,4172.0
2017,RS,4313656.0,11449.0
2017,RS,4313706.0,34844.0
2017,RS,4313805.0,7184.0
2017,RS,4313904.0,41781.0
2017,RS,4313953.0,9845.0
2017,RS,4314001.0,7404.0
2017,RS,4314027.0,7677.0
2017,RS,4314035.0,3760.0
2017,RS,4314050.0,56277.0
2017,RS,4314068.0,5554.0
2017,RS,4314076.0,6430.0
2017,RS,4314100.0,198799.0
2017,RS,4314134.0,2308.0
2017,RS,4314159.0,8485.0
2017,RS,4314175.0,2168.0
2017,RS,4314209.0,7999.0
2017,RS,4314308.0,4043.0
2017,RS,4314407.0,344385.0
2017,RS,4314423.0,5595.0
2017,RS,4314456.0,2616.0
2017,RS,4314464.0,2104.0
2017,RS,4314472.0,4544.0
2017,RS,4314498.0,4803.0
2017,RS,4314506.0,12913.0
2017,RS,4314548.0,2868.0
2017,RS,4314555.0,2625.0
2017,RS,4314605.0,20799.0
2017,RS,4314704.0,10623.0
2017,RS,4314753.0,2112.0
2017,RS,4314779.0,3990.0
2017,RS,4314787.0,1706.0
2017,RS,4314803.0,34692.0
2017,RS,4314902.0,1484941.0
2017,RS,4315008.0,5227.0
2017,RS,4315057.0,2536.0
2017,RS,4315073.0,1676.0
2017,RS,4315107.0,10718.0
2017,RS,4315131.0,1819.0
2017,RS,4315149.0,2752.0
2017,RS,4315156.0,6379.0
2017,RS,4315172.0,2034.0
2017,RS,4315206.0,4159.0
2017,RS,4315305.0,23532.0
2017,RS,4315313.0,1856.0
2017,RS,4315321.0,2824.0
2017,RS,4315354.0,3826.0
2017,RS,4315404.0,11187.0
2017,RS,4315453.0,2187.0
2017,RS,4315503.0,16315.0
2017,RS,4315552.0,3317.0
2017,RS,4315602.0,209378.0
2017,RS,4315701.0,39000.0
2017,RS,4315750.0,4607.0
2017,RS,4315800.0,11101.0
2017,RS,4315909.0,5967.0
2017,RS,4315958.0,2515.0
2017,RS,4316006.0,20920.0
2017,RS,4316105.0,10695.0
2017,RS,4316204.0,5497.0
2017,RS,4316303.0,7245.0
2017,RS,4316402.0,40727.0
2017,RS,4316428.0,2676.0
2017,RS,4316436.0,2849.0
2017,RS,4316451.0,12490.0
2017,RS,4316477.0,2776.0
2017,RS,4316501.0,7434.0
2017,RS,4316600.0,16237.0
2017,RS,4316709.0,8694.0
2017,RS,4316733.0,1695.0
2017,RS,4316758.0,6285.0
2017,RS,4316808.0,127429.0
2017,RS,4316907.0,278445.0
2017,RS,4316956.0,6358.0
2017,RS,4316972.0,2519.0
2017,RS,4317004.0,8414.0
2017,RS,4317103.0,82312.0
2017,RS,4317202.0,72753.0
2017,RS,4317251.0,1780.0
2017,RS,4317301.0,31274.0
2017,RS,4317400.0,50658.0
2017,RS,4317509.0,79101.0
2017,RS,4317558.0,2196.0
2017,RS,4317608.0,42333.0
2017,RS,4317707.0,11051.0
2017,RS,4317756.0,2059.0
2017,RS,4317806.0,14334.0
2017,RS,4317905.0,14738.0
2017,RS,4317954.0,2468.0
2017,RS,4318002.0,62808.0
2017,RS,4318051.0,3080.0
2017,RS,4318101.0,19382.0
2017,RS,4318200.0,21679.0
2017,RS,4318309.0,62957.0
2017,RS,4318408.0,23763.0
2017,RS,4318424.0,4831.0
2017,RS,4318432.0,2646.0
2017,RS,4318440.0,2842.0
2017,RS,4318457.0,2714.0
2017,RS,4318465.0,2158.0
2017,RS,4318481.0,4543.0
2017,RS,4318499.0,2205.0
2017,RS,4318507.0,27206.0
2017,RS,4318606.0,7117.0
2017,RS,4318614.0,2298.0
2017,RS,4318622.0,3496.0
2017,RS,4318705.0,230914.0
2017,RS,4318804.0,44580.0
2017,RS,4318903.0,35057.0
2017,RS,4319000.0,21364.0
2017,RS,4319109.0,5779.0
2017,RS,4319125.0,3309.0
2017,RS,4319158.0,7754.0
2017,RS,4319208.0,5677.0
2017,RS,4319307.0,6280.0
2017,RS,4319356.0,3639.0
2017,RS,4319364.0,1998.0
2017,RS,4319372.0,2991.0
2017,RS,4319406.0,16763.0
2017,RS,4319505.0,24967.0
2017,RS,4319604.0,24403.0
2017,RS,4319703.0,3581.0
2017,RS,4319711.0,2265.0
2017,RS,4319737.0,2760.0
2017,RS,4319752.0,2154.0
2017,RS,4319802.0,8817.0
2017,RS,4319901.0,80311.0
2017,RS,4320008.0,139476.0
2017,RS,4320107.0,23398.0
2017,RS,4320206.0,11144.0
2017,RS,4320230.0,3050.0
2017,RS,4320263.0,7428.0
2017,RS,4320305.0,5152.0
2017,RS,4320321.0,2880.0
2017,RS,4320354.0,5528.0
2017,RS,4320404.0,16184.0
2017,RS,4320453.0,2198.0
2017,RS,4320503.0,6065.0
2017,RS,4320552.0,6317.0
2017,RS,4320578.0,2114.0
2017,RS,4320602.0,3868.0
2017,RS,4320651.0,2481.0
2017,RS,4320677.0,10408.0
2017,RS,4320701.0,15018.0
2017,RS,4320800.0,31361.0
2017,RS,4320859.0,4526.0
2017,RS,4320909.0,22077.0
2017,RS,4321006.0,10814.0
2017,RS,4321105.0,17425.0
2017,RS,4321204.0,57544.0
2017,RS,4321303.0,27207.0
2017,RS,4321329.0,3101.0
2017,RS,4321352.0,5567.0
2017,RS,4321402.0,14008.0
2017,RS,4321436.0,10783.0
2017,RS,4321451.0,30846.0
2017,RS,4321469.0,2946.0
2017,RS,4321477.0,6294.0
2017,RS,4321493.0,2970.0
2017,RS,4321501.0,37564.0
2017,RS,4321600.0,47521.0
2017,RS,4321626.0,2391.0
2017,RS,4321634.0,2851.0
2017,RS,4321667.0,10904.0
2017,RS,4321709.0,26589.0
2017,RS,4321808.0,24497.0
2017,RS,4321832.0,2898.0
2017,RS,4321857.0,4457.0
2017,RS,4321907.0,24632.0
2017,RS,4321956.0,5961.0
2017,RS,4322004.0,28289.0
2017,RS,4322103.0,5965.0
2017,RS,4322152.0,4604.0
2017,RS,4322186.0,1573.0
2017,RS,4322202.0,23705.0
2017,RS,4322251.0,4472.0
2017,RS,4322301.0,8494.0
2017,RS,4322327.0,3585.0
2017,RS,4322343.0,2232.0
2017,RS,4322350.0,1374.0
2017,RS,4322376.0,2467.0
2017,RS,4322400.0,129784.0
2017,RS,4322509.0,65397.0
2017,RS,4322525.0,3461.0
2017,RS,4322533.0,11727.0
2017,RS,4322541.0,5638.0
2017,RS,4322558.0,2101.0
2017,RS,4322608.0,70481.0
2017,RS,4322707.0,26024.0
2017,RS,4322806.0,25073.0
2017,RS,4322855.0,1956.0
2017,RS,4322905.0,5205.0
2017,RS,4323002.0,253717.0
2017,RS,4323101.0,5152.0
2017,RS,4323200.0,3051.0
2017,RS,4323309.0,3382.0
2017,RS,4323358.0,2185.0
2017,RS,4323408.0,4407.0
2017,RS,4323457.0,4370.0
2017,RS,4323507.0,2877.0
2017,RS,4323606.0,1611.0
2017,RS,4323705.0,2882.0
2017,RS,4323754.0,3422.0
2017,RS,4323770.0,2977.0
2017,RS,4323804.0,14650.0
2017,GO,5200050.0,8207.0
2017,GO,5200100.0,18775.0
2017,GO,5200134.0,22076.0
2017,GO,5200159.0,2564.0
2017,GO,5200175.0,5613.0
2017,GO,5200209.0,1967.0
2017,GO,5200258.0,195810.0
2017,GO,5200308.0,26770.0
2017,GO,5200506.0,2071.0
2017,GO,5200555.0,5784.0
2017,GO,5200605.0,7514.0
2017,GO,5200803.0,8645.0
2017,GO,5200829.0,3754.0
2017,GO,5200852.0,6018.0
2017,GO,5200902.0,3408.0
2017,GO,5201108.0,375142.0
2017,GO,5201207.0,1126.0
2017,GO,5201306.0,21746.0
2017,GO,5201405.0,542090.0
2017,GO,5201454.0,2517.0
2017,GO,5201504.0,4143.0
2017,GO,5201603.0,3731.0
2017,GO,5201702.0,19884.0
2017,GO,5201801.0,9765.0
2017,GO,5202155.0,7862.0
2017,GO,5202353.0,2957.0
2017,GO,5202502.0,9138.0
2017,GO,5202601.0,3422.0
2017,GO,5202809.0,2494.0
2017,GO,5203104.0,4677.0
2017,GO,5203203.0,10435.0
2017,GO,5203302.0,28514.0
2017,GO,5203401.0,8896.0
2017,GO,5203500.0,23998.0
2017,GO,5203559.0,9052.0
2017,GO,5203575.0,4143.0
2017,GO,5203609.0,3604.0
2017,GO,5203807.0,5817.0
2017,GO,5203906.0,9535.0
2017,GO,5203939.0,2583.0
2017,GO,5203962.0,3389.0
2017,GO,5204003.0,7935.0
2017,GO,5204102.0,12002.0
2017,GO,5204201.0,1414.0
2017,GO,5204250.0,8355.0
2017,GO,5204300.0,15287.0
2017,GO,5204409.0,18505.0
2017,GO,5204508.0,84900.0
2017,GO,5204557.0,3703.0
2017,GO,5204607.0,3622.0
2017,GO,5204656.0,3740.0
2017,GO,5204706.0,12321.0
2017,GO,5204805.0,7149.0
2017,GO,5204854.0,7345.0
2017,GO,5204904.0,19786.0
2017,GO,5204953.0,3399.0
2017,GO,5205000.0,9862.0
2017,GO,5205059.0,3610.0
2017,GO,5205109.0,102393.0
2017,GO,5205208.0,5041.0
2017,GO,5205307.0,9829.0
2017,GO,5205406.0,22155.0
2017,GO,5205455.0,8386.0
2017,GO,5205471.0,9110.0
2017,GO,5205497.0,66777.0
2017,GO,5205513.0,19583.0
2017,GO,5205521.0,3529.0
2017,GO,5205703.0,2514.0
2017,GO,5205802.0,11086.0
2017,GO,5205901.0,9332.0
2017,GO,5206206.0,55347.0
2017,GO,5206305.0,3029.0
2017,GO,5206404.0,16893.0
2017,GO,5206503.0,3606.0
2017,GO,5206602.0,2975.0
2017,GO,5206701.0,3389.0
2017,GO,5206800.0,2935.0
2017,GO,5206909.0,2133.0
2017,GO,5207105.0,2547.0
2017,GO,5207253.0,7750.0
2017,GO,5207352.0,3809.0
2017,GO,5207402.0,12231.0
2017,GO,5207501.0,3379.0
2017,GO,5207535.0,6947.0
2017,GO,5207600.0,6070.0
2017,GO,5207808.0,12923.0
2017,GO,5207907.0,15111.0
2017,GO,5208004.0,115789.0
2017,GO,5208103.0,4623.0
2017,GO,5208152.0,3777.0
2017,GO,5208301.0,4995.0
2017,GO,5208400.0,11471.0
2017,GO,5208509.0,5605.0
2017,GO,5208608.0,67507.0
2017,GO,5208707.0,1466105.0
2017,GO,5208806.0,41169.0
2017,GO,5208905.0,24103.0
2017,GO,5209101.0,34312.0
2017,GO,5209150.0,5656.0
2017,GO,5209200.0,14482.0
2017,GO,5209291.0,2206.0
2017,GO,5209408.0,4145.0
2017,GO,5209457.0,2052.0
2017,GO,5209606.0,3757.0
2017,GO,5209705.0,20472.0
2017,GO,5209804.0,3852.0
2017,GO,5209903.0,13675.0
2017,GO,5209937.0,6148.0
2017,GO,5209952.0,15213.0
2017,GO,5210000.0,52311.0
2017,GO,5210109.0,26747.0
2017,GO,5210158.0,2948.0
2017,GO,5210208.0,32242.0
2017,GO,5210307.0,2910.0
2017,GO,5210406.0,40872.0
2017,GO,5210562.0,4730.0
2017,GO,5210604.0,5456.0
2017,GO,5210802.0,4876.0
2017,GO,5210901.0,21691.0
2017,GO,5211008.0,6312.0
2017,GO,5211206.0,26586.0
2017,GO,5211305.0,6998.0
2017,GO,5211404.0,9019.0
2017,GO,5211503.0,102513.0
2017,GO,5211602.0,2554.0
2017,GO,5211701.0,6254.0
2017,GO,5211800.0,48216.0
2017,GO,5211909.0,98128.0
2017,GO,5212006.0,3004.0
2017,GO,5212055.0,2476.0
2017,GO,5212105.0,7468.0
2017,GO,5212204.0,19239.0
2017,GO,5212253.0,1490.0
2017,GO,5212303.0,7773.0
2017,GO,5212501.0,199615.0
2017,GO,5212600.0,2432.0
2017,GO,5212709.0,8271.0
2017,GO,5212808.0,10228.0
2017,GO,5212907.0,2226.0
2017,GO,5212956.0,4490.0
2017,GO,5213004.0,13379.0
2017,GO,5213053.0,2702.0
2017,GO,5213087.0,30696.0
2017,GO,5213103.0,62750.0
2017,GO,5213400.0,1666.0
2017,GO,5213509.0,8464.0
2017,GO,5213707.0,8236.0
2017,GO,5213756.0,12566.0
2017,GO,5213772.0,4447.0
2017,GO,5213806.0,45382.0
2017,GO,5213855.0,2351.0
2017,GO,5213905.0,4700.0
2017,GO,5214002.0,15125.0
2017,GO,5214051.0,5661.0
2017,GO,5214101.0,3906.0
2017,GO,5214408.0,8850.0
2017,GO,5214507.0,28271.0
2017,GO,5214606.0,45913.0
2017,GO,5214705.0,2373.0
2017,GO,5214804.0,2206.0
2017,GO,5214838.0,12810.0
2017,GO,5214861.0,8521.0
2017,GO,5214879.0,2961.0
2017,GO,5214903.0,3437.0
2017,GO,5215009.0,9389.0
2017,GO,5215207.0,3242.0
2017,GO,5215231.0,110096.0
2017,GO,5215256.0,4387.0
2017,GO,5215306.0,15472.0
2017,GO,5215405.0,3971.0
2017,GO,5215504.0,6340.0
2017,GO,5215603.0,32148.0
2017,GO,5215652.0,3514.0
2017,GO,5215702.0,27304.0
2017,GO,5215801.0,2424.0
2017,GO,5215900.0,3667.0
2017,GO,5216007.0,2712.0
2017,GO,5216304.0,9919.0
2017,GO,5216403.0,11221.0
2017,GO,5216452.0,3135.0
2017,GO,5216809.0,10548.0
2017,GO,5216908.0,2529.0
2017,GO,5217104.0,24885.0
2017,GO,5217203.0,11022.0
2017,GO,5217302.0,24761.0
2017,GO,5217401.0,31151.0
2017,GO,5217609.0,88863.0
2017,GO,5217708.0,17991.0
2017,GO,5218003.0,45305.0
2017,GO,5218052.0,3758.0
2017,GO,5218102.0,4044.0
2017,GO,5218300.0,35574.0
2017,GO,5218391.0,3360.0
2017,GO,5218508.0,48508.0
2017,GO,5218607.0,11036.0
2017,GO,5218706.0,4828.0
2017,GO,5218789.0,4112.0
2017,GO,5218805.0,217048.0
2017,GO,5218904.0,19994.0
2017,GO,5219001.0,7798.0
2017,GO,5219100.0,6393.0
2017,GO,5219209.0,3048.0
2017,GO,5219258.0,5309.0
2017,GO,5219308.0,38743.0
2017,GO,5219357.0,3857.0
2017,GO,5219407.0,8218.0
2017,GO,5219456.0,3359.0
2017,GO,5219506.0,2626.0
2017,GO,5219605.0,3710.0
2017,GO,5219704.0,9622.0
2017,GO,5219712.0,4780.0
2017,GO,5219738.0,5787.0
2017,GO,5219753.0,71887.0
2017,GO,5219803.0,12585.0
2017,GO,5219902.0,6366.0
2017,GO,5220009.0,12643.0
2017,GO,5220058.0,1547.0
2017,GO,5220108.0,33118.0
2017,GO,5220157.0,5071.0
2017,GO,5220207.0,22684.0
2017,GO,5220264.0,4037.0
2017,GO,5220280.0,2070.0
2017,GO,5220405.0,19697.0
2017,GO,5220454.0,105459.0
2017,GO,5220504.0,8323.0
2017,GO,5220603.0,20478.0
2017,GO,5220686.0,6891.0
2017,GO,5220702.0,2998.0
2017,GO,5221007.0,3625.0
2017,GO,5221080.0,3363.0
2017,GO,5221197.0,7634.0
2017,GO,5221304.0,2900.0
2017,GO,5221403.0,121266.0
2017,GO,5221452.0,3571.0
2017,GO,5221502.0,4818.0
2017,GO,5221551.0,5050.0
2017,GO,5221577.0,2961.0
2017,GO,5221601.0,40082.0
2017,GO,5221700.0,14195.0
2017,GO,5221809.0,3154.0
2017,GO,5221858.0,159500.0
2017,GO,5221908.0,3856.0
2017,GO,5222005.0,13675.0
2017,GO,5222054.0,8397.0
2017,GO,5222203.0,5731.0
2017,GO,5222302.0,5690.0
2018,PE,2600054.0,99622.0
2018,PE,2600104.0,37111.0
2018,PE,2600203.0,19456.0
2018,PE,2600302.0,24702.0
2018,PE,2600401.0,36454.0
2018,PE,2600500.0,43195.0
2018,PE,2600609.0,14554.0
2018,PE,2600708.0,38375.0
2018,PE,2600807.0,22959.0
2018,PE,2600906.0,22788.0
2018,PE,2601003.0,11072.0
2018,PE,2601052.0,20312.0
2018,PE,2601102.0,83964.0
2018,PE,2601201.0,73844.0
2018,PE,2601300.0,14257.0
2018,PE,2601409.0,42552.0
2018,PE,2601508.0,12023.0
2018,PE,2601607.0,20728.0
2018,PE,2601706.0,76185.0
2018,PE,2601805.0,12671.0
2018,PE,2601904.0,60714.0
2018,PE,2602001.0,37909.0
2018,PE,2602100.0,48336.0
2018,PE,2602209.0,39132.0
2018,PE,2602308.0,38152.0
2018,PE,2602407.0,8999.0
2018,PE,2602506.0,7486.0
2018,PE,2602605.0,50249.0
2018,PE,2602704.0,13119.0
2018,PE,2602803.0,57825.0
2018,PE,2602902.0,205112.0
2018,PE,2603009.0,33934.0
2018,PE,2603108.0,20258.0
2018,PE,2603207.0,28570.0
2018,PE,2603306.0,11089.0
2018,PE,2603405.0,5753.0
2018,PE,2603454.0,156736.0
2018,PE,2603504.0,18627.0
2018,PE,2603603.0,8530.0
2018,PE,2603702.0,24835.0
2018,PE,2603801.0,20048.0
2018,PE,2603900.0,19491.0
2018,PE,2603926.0,12836.0
2018,PE,2604007.0,82872.0
2018,PE,2604106.0,356872.0
2018,PE,2604155.0,14313.0
2018,PE,2604205.0,42434.0
2018,PE,2604304.0,11722.0
2018,PE,2604403.0,13428.0
2018,PE,2604502.0,21579.0
2018,PE,2604601.0,26249.0
2018,PE,2604700.0,18144.0
2018,PE,2604809.0,12596.0
2018,PE,2604908.0,11635.0
2018,PE,2605004.0,24041.0
2018,PE,2605103.0,36841.0
2018,PE,2605152.0,18734.0
2018,PE,2605202.0,68448.0
2018,PE,2605301.0,31885.0
2018,PE,2605400.0,22013.0
2018,PE,2605459.0,3021.0
2018,PE,2605509.0,14365.0
2018,PE,2605608.0,22631.0
2018,PE,2605707.0,32556.0
2018,PE,2605806.0,15366.0
2018,PE,2605905.0,30780.0
2018,PE,2606002.0,138983.0
2018,PE,2606101.0,30504.0
2018,PE,2606200.0,79455.0
2018,PE,2606309.0,7435.0
2018,PE,2606408.0,83437.0
2018,PE,2606507.0,19152.0
2018,PE,2606606.0,29055.0
2018,PE,2606705.0,7756.0
2018,PE,2606804.0,115640.0
2018,PE,2606903.0,12209.0
2018,PE,2607000.0,22840.0
2018,PE,2607109.0,4554.0
2018,PE,2607208.0,94709.0
2018,PE,2607307.0,30512.0
2018,PE,2607406.0,4869.0
2018,PE,2607505.0,26390.0
2018,PE,2607604.0,25836.0
2018,PE,2607653.0,36422.0
2018,PE,2607703.0,13680.0
2018,PE,2607752.0,26397.0
2018,PE,2607802.0,16903.0
2018,PE,2607901.0,697636.0
2018,PE,2607950.0,11668.0
2018,PE,2608008.0,17070.0
2018,PE,2608057.0,14740.0
2018,PE,2608107.0,33563.0
2018,PE,2608206.0,16036.0
2018,PE,2608255.0,11361.0
2018,PE,2608305.0,14747.0
2018,PE,2608404.0,15323.0
2018,PE,2608453.0,17886.0
2018,PE,2608503.0,21397.0
2018,PE,2608602.0,13065.0
2018,PE,2608701.0,16262.0
2018,PE,2608750.0,25349.0
2018,PE,2608800.0,39982.0
2018,PE,2608909.0,56302.0
2018,PE,2609006.0,25278.0
2018,PE,2609105.0,15851.0
2018,PE,2609154.0,21085.0
2018,PE,2609204.0,11473.0
2018,PE,2609303.0,15308.0
2018,PE,2609402.0,62263.0
2018,PE,2609501.0,32366.0
2018,PE,2609600.0,391835.0
2018,PE,2609709.0,23833.0
2018,PE,2609808.0,14827.0
2018,PE,2609907.0,68939.0
2018,PE,2610004.0,62994.0
2018,PE,2610103.0,7789.0
2018,PE,2610202.0,26492.0
2018,PE,2610301.0,11478.0
2018,PE,2610400.0,21914.0
2018,PE,2610509.0,28972.0
2018,PE,2610608.0,56074.0
2018,PE,2610707.0,329117.0
2018,PE,2610806.0,22566.0
2018,PE,2610905.0,67047.0
2018,PE,2611002.0,36187.0
2018,PE,2611101.0,343865.0
2018,PE,2611200.0,11299.0
2018,PE,2611309.0,27033.0
2018,PE,2611408.0,14831.0
2018,PE,2611507.0,25896.0
2018,PE,2611533.0,6822.0
2018,PE,2611606.0,1637834.0
2018,PE,2611705.0,20443.0
2018,PE,2611804.0,47209.0
2018,PE,2611903.0,23440.0
2018,PE,2612000.0,10103.0
2018,PE,2612109.0,10768.0
2018,PE,2612208.0,60604.0
2018,PE,2612307.0,15823.0
2018,PE,2612406.0,26026.0
2018,PE,2612455.0,15236.0
2018,PE,2612471.0,12531.0
2018,PE,2612505.0,105936.0
2018,PE,2612554.0,14390.0
2018,PE,2612604.0,41759.0
2018,PE,2612703.0,14048.0
2018,PE,2612802.0,11764.0
2018,PE,2612901.0,15717.0
2018,PE,2613008.0,58956.0
2018,PE,2613107.0,37119.0
2018,PE,2613206.0,22686.0
2018,PE,2613305.0,21314.0
2018,PE,2613404.0,21004.0
2018,PE,2613503.0,33895.0
2018,PE,2613602.0,33789.0
2018,PE,2613701.0,112362.0
2018,PE,2613800.0,17950.0
2018,PE,2613909.0,85774.0
2018,PE,2614006.0,19133.0
2018,PE,2614105.0,35761.0
2018,PE,2614204.0,45359.0
2018,PE,2614303.0,11270.0
2018,PE,2614402.0,5993.0
2018,PE,2614501.0,64520.0
2018,PE,2614600.0,28371.0
2018,PE,2614709.0,12890.0
2018,PE,2614808.0,25417.0
2018,PE,2614857.0,23149.0
2018,PE,2615003.0,28416.0
2018,PE,2615102.0,7139.0
2018,PE,2615201.0,9983.0
2018,PE,2615300.0,50956.0
2018,PE,2615409.0,44254.0
2018,PE,2615508.0,13724.0
2018,PE,2615607.0,30222.0
2018,PE,2615706.0,15265.0
2018,PE,2615805.0,27052.0
2018,PE,2615904.0,8192.0
2018,PE,2616001.0,18298.0
2018,PE,2616100.0,9514.0
2018,PE,2616183.0,7666.0
2018,PE,2616209.0,20503.0
2018,PE,2616308.0,32513.0
2018,PE,2616407.0,137915.0
2018,PE,2616506.0,14691.0
2018,RJ,3300100.0,200407.0
2018,RJ,3300159.0,11612.0
2018,RJ,3300209.0,130439.0
2018,RJ,3300225.0,12471.0
2018,RJ,3300233.0,33240.0
2018,RJ,3300258.0,30096.0
2018,RJ,3300308.0,99969.0
2018,RJ,3300407.0,183976.0
2018,RJ,3300456.0,508614.0
2018,RJ,3300506.0,27269.0
2018,RJ,3300605.0,36985.0
2018,RJ,3300704.0,222528.0
2018,RJ,3300803.0,58560.0
2018,RJ,3300902.0,15496.0
2018,RJ,3300936.0,16039.0
2018,RJ,3300951.0,8544.0
2018,RJ,3301009.0,503424.0
2018,RJ,3301108.0,20177.0
2018,RJ,3301157.0,12826.0
2018,RJ,3301207.0,18755.0
2018,RJ,3301306.0,43295.0
2018,RJ,3301405.0,23064.0
2018,RJ,3301504.0,21806.0
2018,RJ,3301603.0,11454.0
2018,RJ,3301702.0,914383.0
2018,RJ,3301801.0,13929.0
2018,RJ,3301850.0,59613.0
2018,RJ,3301876.0,27762.0
2018,RJ,3301900.0,238695.0
2018,RJ,3302007.0,125913.0
2018,RJ,3302056.0,15113.0
2018,RJ,3302106.0,23247.0
2018,RJ,3302205.0,102626.0
2018,RJ,3302254.0,31537.0
2018,RJ,3302270.0,103960.0
2018,RJ,3302304.0,7386.0
2018,RJ,3302403.0,251631.0
2018,RJ,3302452.0,5574.0
2018,RJ,3302502.0,243657.0
2018,RJ,3302601.0,43689.0
2018,RJ,3302700.0,157789.0
2018,RJ,3302809.0,18578.0
2018,RJ,3302858.0,175620.0
2018,RJ,3302908.0,25493.0
2018,RJ,3303005.0,27195.0
2018,RJ,3303104.0,15324.0
2018,RJ,3303203.0,162269.0
2018,RJ,3303302.0,511786.0
2018,RJ,3303401.0,190084.0
2018,RJ,3303500.0,818875.0
2018,RJ,3303609.0,51815.0
2018,RJ,3303708.0,44045.0
2018,RJ,3303807.0,42630.0
2018,RJ,3303856.0,27678.0
2018,RJ,3303906.0,305687.0
2018,RJ,3303955.0,24941.0
2018,RJ,3304003.0,28999.0
2018,RJ,3304102.0,18730.0
2018,RJ,3304110.0,19381.0
2018,RJ,3304128.0,14165.0
2018,RJ,3304144.0,149265.0
2018,RJ,3304151.0,24246.0
2018,RJ,3304201.0,130334.0
2018,RJ,3304300.0,59814.0
2018,RJ,3304409.0,18451.0
2018,RJ,3304508.0,9222.0
2018,RJ,3304524.0,145989.0
2018,RJ,3304557.0,6688927.0
2018,RJ,3304607.0,10417.0
2018,RJ,3304706.0,42359.0
2018,RJ,3304755.0,42201.0
2018,RJ,3304805.0,38626.0
2018,RJ,3304904.0,1077687.0
2018,RJ,3305000.0,36138.0
2018,RJ,3305109.0,471888.0
2018,RJ,3305133.0,7134.0
2018,RJ,3305158.0,21670.0
2018,RJ,3305208.0,102846.0
2018,RJ,3305307.0,9326.0
2018,RJ,3305406.0,18205.0
2018,RJ,3305505.0,87704.0
2018,RJ,3305554.0,86743.0
2018,RJ,3305604.0,21773.0
2018,RJ,3305703.0,15577.0
2018,RJ,3305752.0,33870.0
2018,RJ,3305802.0,180886.0
2018,RJ,3305901.0,10611.0
2018,RJ,3306008.0,81453.0
2018,RJ,3306107.0,76163.0
2018,RJ,3306156.0,10890.0
2018,RJ,3306206.0,36702.0
2018,RJ,3306305.0,271998.0
2018,RS,4300034.0,4858.0
2018,RS,4300059.0,3753.0
2018,RS,4300109.0,16524.0
2018,RS,4300208.0,7063.0
2018,RS,4300307.0,6077.0
2018,RS,4300406.0,74173.0
2018,RS,4300455.0,3559.0
2018,RS,4300471.0,1979.0
2018,RS,4300505.0,6458.0
2018,RS,4300554.0,1663.0
2018,RS,4300570.0,3020.0
2018,RS,4300604.0,209213.0
2018,RS,4300638.0,6974.0
2018,RS,4300646.0,7416.0
2018,RS,4300661.0,1324.0
2018,RS,4300703.0,6003.0
2018,RS,4300802.0,13055.0
2018,RS,4300851.0,3600.0
2018,RS,4300877.0,5622.0
2018,RS,4300901.0,6283.0
2018,RS,4301008.0,20637.0
2018,RS,4301057.0,9842.0
2018,RS,4301073.0,2921.0
2018,RS,4301107.0,14123.0
2018,RS,4301206.0,13332.0
2018,RS,4301305.0,18351.0
2018,RS,4301404.0,10425.0
2018,RS,4301503.0,6706.0
2018,RS,4301552.0,3573.0
2018,RS,4301602.0,120943.0
2018,RS,4301636.0,13760.0
2018,RS,4301651.0,6139.0
2018,RS,4301701.0,6627.0
2018,RS,4301750.0,7454.0
2018,RS,4301800.0,5295.0
2018,RS,4301859.0,3238.0
2018,RS,4301875.0,4202.0
2018,RS,4301909.0,13423.0
2018,RS,4301925.0,1726.0
2018,RS,4301958.0,2527.0
2018,RS,4302006.0,11216.0
2018,RS,4302055.0,2031.0
2018,RS,4302105.0,119049.0
2018,RS,4302154.0,2104.0
2018,RS,4302204.0,6712.0
2018,RS,4302220.0,2473.0
2018,RS,4302238.0,2590.0
2018,RS,4302253.0,2788.0
2018,RS,4302303.0,11391.0
2018,RS,4302352.0,13846.0
2018,RS,4302378.0,1987.0
2018,RS,4302402.0,12265.0
2018,RS,4302451.0,7726.0
2018,RS,4302501.0,6356.0
2018,RS,4302584.0,2135.0
2018,RS,4302600.0,3397.0
2018,RS,4302659.0,5043.0
2018,RS,4302709.0,20929.0
2018,RS,4302808.0,33702.0
2018,RS,4302907.0,12705.0
2018,RS,4303004.0,82547.0
2018,RS,4303103.0,129307.0
2018,RS,4303202.0,5055.0
2018,RS,4303301.0,4856.0
2018,RS,4303400.0,4788.0
2018,RS,4303509.0,66034.0
2018,RS,4303558.0,2724.0
2018,RS,4303608.0,6456.0
2018,RS,4303673.0,3380.0
2018,RS,4303707.0,5553.0
2018,RS,4303806.0,5471.0
2018,RS,4303905.0,66156.0
2018,RS,4304002.0,4596.0
2018,RS,4304101.0,3345.0
2018,RS,4304200.0,31306.0
2018,RS,4304309.0,6246.0
2018,RS,4304358.0,9519.0
2018,RS,4304408.0,44489.0
2018,RS,4304507.0,55871.0
2018,RS,4304606.0,344957.0
2018,RS,4304614.0,1729.0
2018,RS,4304622.0,1668.0
2018,RS,4304630.0,52004.0
2018,RS,4304655.0,3602.0
2018,RS,4304663.0,25297.0
2018,RS,4304671.0,4589.0
2018,RS,4304689.0,11810.0
2018,RS,4304697.0,2750.0
2018,RS,4304705.0,61949.0
2018,RS,4304713.0,8187.0
2018,RS,4304804.0,29409.0
2018,RS,4304853.0,1404.0
2018,RS,4304903.0,9010.0
2018,RS,4304952.0,3189.0
2018,RS,4305009.0,8851.0
2018,RS,4305108.0,504069.0
2018,RS,4305116.0,2905.0
2018,RS,4305124.0,6136.0
2018,RS,4305132.0,4676.0
2018,RS,4305157.0,2327.0
2018,RS,4305173.0,12058.0
2018,RS,4305207.0,14074.0
2018,RS,4305306.0,9300.0
2018,RS,4305355.0,40301.0
2018,RS,4305371.0,3306.0
2018,RS,4305405.0,3794.0
2018,RS,4305439.0,6635.0
2018,RS,4305447.0,5401.0
2018,RS,4305454.0,15912.0
2018,RS,4305504.0,4775.0
2018,RS,4305587.0,2442.0
2018,RS,4305603.0,3221.0
2018,RS,4305702.0,6746.0
2018,RS,4305801.0,9915.0
2018,RS,4305835.0,1507.0
2018,RS,4305850.0,2327.0
2018,RS,4305871.0,2518.0
2018,RS,4305900.0,7385.0
2018,RS,4305934.0,1641.0
2018,RS,4305959.0,3868.0
2018,RS,4305975.0,2769.0
2018,RS,4306007.0,13544.0
2018,RS,4306056.0,7950.0
2018,RS,4306072.0,2851.0
2018,RS,4306106.0,60693.0
2018,RS,4306130.0,1870.0
2018,RS,4306205.0,12290.0
2018,RS,4306304.0,4744.0
2018,RS,4306320.0,2852.0
2018,RS,4306353.0,2478.0
2018,RS,4306379.0,3026.0
2018,RS,4306403.0,32205.0
2018,RS,4306429.0,2044.0
2018,RS,4306452.0,3394.0
2018,RS,4306502.0,15338.0
2018,RS,4306551.0,2541.0
2018,RS,4306601.0,38589.0
2018,RS,4306700.0,3086.0
2018,RS,4306734.0,4639.0
2018,RS,4306759.0,1994.0
2018,RS,4306767.0,40643.0
2018,RS,4306809.0,22520.0
2018,RS,4306908.0,25791.0
2018,RS,4306924.0,1088.0
2018,RS,4306932.0,8542.0
2018,RS,4306957.0,2829.0
2018,RS,4306973.0,2995.0
2018,RS,4307005.0,105059.0
2018,RS,4307054.0,3167.0
2018,RS,4307104.0,6828.0
2018,RS,4307203.0,4902.0
2018,RS,4307302.0,7040.0
2018,RS,4307401.0,3277.0
2018,RS,4307450.0,2969.0
2018,RS,4307500.0,15584.0
2018,RS,4307559.0,5976.0
2018,RS,4307609.0,49345.0
2018,RS,4307708.0,83121.0
2018,RS,4307807.0,33820.0
2018,RS,4307815.0,3660.0
2018,RS,4307831.0,2458.0
2018,RS,4307864.0,2721.0
2018,RS,4307906.0,71570.0
2018,RS,4308003.0,6690.0
2018,RS,4308052.0,2346.0
2018,RS,4308078.0,4455.0
2018,RS,4308102.0,13451.0
2018,RS,4308201.0,30430.0
2018,RS,4308250.0,1796.0
2018,RS,4308300.0,10370.0
2018,RS,4308409.0,6715.0
2018,RS,4308433.0,2424.0
2018,RS,4308458.0,4356.0
2018,RS,4308508.0,31120.0
2018,RS,4308607.0,34684.0
2018,RS,4308656.0,2963.0
2018,RS,4308706.0,5580.0
2018,RS,4308805.0,8409.0
2018,RS,4308854.0,1642.0
2018,RS,4308904.0,16240.0
2018,RS,4309001.0,16151.0
2018,RS,4309050.0,7988.0
2018,RS,4309100.0,35875.0
2018,RS,4309126.0,2106.0
2018,RS,4309159.0,4297.0
2018,RS,4309209.0,279398.0
2018,RS,4309258.0,1516.0
2018,RS,4309308.0,98043.0
2018,RS,4309407.0,25475.0
2018,RS,4309506.0,7614.0
2018,RS,4309555.0,4812.0
2018,RS,4309571.0,3018.0
2018,RS,4309605.0,19267.0
2018,RS,4309654.0,6714.0
2018,RS,4309704.0,4788.0
2018,RS,4309753.0,4412.0
2018,RS,4309803.0,4719.0
2018,RS,4309902.0,7338.0
2018,RS,4309951.0,4027.0
2018,RS,4310009.0,20284.0
2018,RS,4310108.0,36450.0
2018,RS,4310207.0,83173.0
2018,RS,4310306.0,4091.0
2018,RS,4310330.0,22309.0
2018,RS,4310363.0,3116.0
2018,RS,4310405.0,6228.0
2018,RS,4310413.0,2235.0
2018,RS,4310439.0,6588.0
2018,RS,4310462.0,1899.0
2018,RS,4310504.0,7344.0
2018,RS,4310538.0,5459.0
2018,RS,4310553.0,3470.0
2018,RS,4310579.0,2125.0
2018,RS,4310603.0,37757.0
2018,RS,4310652.0,2441.0
2018,RS,4310702.0,3420.0
2018,RS,4310751.0,1940.0
2018,RS,4310801.0,23880.0
2018,RS,4310850.0,3848.0
2018,RS,4310876.0,2679.0
2018,RS,4310900.0,3576.0
2018,RS,4311007.0,26869.0
2018,RS,4311106.0,10937.0
2018,RS,4311122.0,3773.0
2018,RS,4311130.0,3518.0
2018,RS,4311155.0,8554.0
2018,RS,4311205.0,19364.0
2018,RS,4311239.0,2884.0
2018,RS,4311254.0,6442.0
2018,RS,4311270.0,1611.0
2018,RS,4311304.0,27834.0
2018,RS,4311403.0,82951.0
2018,RS,4311429.0,2561.0
2018,RS,4311502.0,7516.0
2018,RS,4311601.0,5289.0
2018,RS,4311627.0,5980.0
2018,RS,4311643.0,1708.0
2018,RS,4311700.0,5464.0
2018,RS,4311718.0,4613.0
2018,RS,4311734.0,2990.0
2018,RS,4311759.0,7291.0
2018,RS,4311775.0,6749.0
2018,RS,4311791.0,2680.0
2018,RS,4311809.0,43435.0
2018,RS,4311908.0,4488.0
2018,RS,4311981.0,3881.0
2018,RS,4312005.0,2054.0
2018,RS,4312054.0,4024.0
2018,RS,4312104.0,4864.0
2018,RS,4312138.0,2538.0
2018,RS,4312153.0,4456.0
2018,RS,4312179.0,1665.0
2018,RS,4312203.0,4443.0
2018,RS,4312252.0,8045.0
2018,RS,4312302.0,4824.0
2018,RS,4312351.0,1466.0
2018,RS,4312377.0,3220.0
2018,RS,4312385.0,2564.0
2018,RS,4312401.0,64788.0
2018,RS,4312427.0,3056.0
2018,RS,4312443.0,2979.0
2018,RS,4312450.0,6546.0
2018,RS,4312476.0,6344.0
2018,RS,4312500.0,12760.0
2018,RS,4312609.0,4948.0
2018,RS,4312617.0,3151.0
2018,RS,4312625.0,1888.0
2018,RS,4312658.0,17484.0
2018,RS,4312674.0,1689.0
2018,RS,4312708.0,11760.0
2018,RS,4312757.0,3586.0
2018,RS,4312807.0,4690.0
2018,RS,4312906.0,9824.0
2018,RS,4312955.0,1798.0
2018,RS,4313003.0,3321.0
2018,RS,4313011.0,2710.0
2018,RS,4313037.0,5292.0
2018,RS,4313060.0,21317.0
2018,RS,4313086.0,2548.0
2018,RS,4313102.0,6508.0
2018,RS,4313201.0,21156.0
2018,RS,4313300.0,26849.0
2018,RS,4313334.0,2268.0
2018,RS,4313359.0,3661.0
2018,RS,4313375.0,28670.0
2018,RS,4313391.0,4169.0
2018,RS,4313409.0,246452.0
2018,RS,4313425.0,3394.0
2018,RS,4313441.0,2223.0
2018,RS,4313466.0,1727.0
2018,RS,4313490.0,4154.0
2018,RS,4313508.0,45557.0
2018,RS,4313607.0,3880.0
2018,RS,4313656.0,11306.0
2018,RS,4313706.0,33481.0
2018,RS,4313805.0,7058.0
2018,RS,4313904.0,43170.0
2018,RS,4313953.0,9269.0
2018,RS,4314001.0,7585.0
2018,RS,4314027.0,7599.0
2018,RS,4314035.0,3812.0
2018,RS,4314050.0,57660.0
2018,RS,4314068.0,5656.0
2018,RS,4314076.0,6493.0
2018,RS,4314100.0,201767.0
2018,RS,4314134.0,2287.0
2018,RS,4314159.0,8459.0
2018,RS,4314175.0,2010.0
2018,RS,4314209.0,7755.0
2018,RS,4314308.0,3893.0
2018,RS,4314407.0,341648.0
2018,RS,4314423.0,5696.0
2018,RS,4314456.0,2577.0
2018,RS,4314464.0,1965.0
2018,RS,4314472.0,4372.0
2018,RS,4314498.0,4842.0
2018,RS,4314506.0,12351.0
2018,RS,4314548.0,2968.0
2018,RS,4314555.0,2357.0
2018,RS,4314605.0,20621.0
2018,RS,4314704.0,10152.0
2018,RS,4314753.0,2094.0
2018,RS,4314779.0,3908.0
2018,RS,4314787.0,1572.0
2018,RS,4314803.0,36510.0
2018,RS,4314902.0,1479101.0
2018,RS,4315008.0,4765.0
2018,RS,4315057.0,2397.0
2018,RS,4315073.0,1415.0
2018,RS,4315107.0,10301.0
2018,RS,4315131.0,1668.0
2018,RS,4315149.0,2863.0
2018,RS,4315156.0,6249.0
2018,RS,4315172.0,1957.0
2018,RS,4315206.0,3951.0
2018,RS,4315305.0,22771.0
2018,RS,4315313.0,1846.0
2018,RS,4315321.0,2786.0
2018,RS,4315354.0,3789.0
2018,RS,4315404.0,11527.0
2018,RS,4315453.0,2101.0
2018,RS,4315503.0,15836.0
2018,RS,4315552.0,2849.0
2018,RS,4315602.0,210005.0
2018,RS,4315701.0,38284.0
2018,RS,4315750.0,4629.0
2018,RS,4315800.0,11300.0
2018,RS,4315909.0,5867.0
2018,RS,4315958.0,2352.0
2018,RS,4316006.0,21199.0
2018,RS,4316105.0,10583.0
2018,RS,4316204.0,5182.0
2018,RS,4316303.0,6899.0
2018,RS,4316402.0,39535.0
2018,RS,4316428.0,2613.0
2018,RS,4316436.0,2679.0
2018,RS,4316451.0,12416.0
2018,RS,4316477.0,2732.0
2018,RS,4316501.0,7705.0
2018,RS,4316600.0,16211.0
2018,RS,4316709.0,8099.0
2018,RS,4316733.0,1644.0
2018,RS,4316758.0,6522.0
2018,RS,4316808.0,129427.0
2018,RS,4316907.0,280505.0
2018,RS,4316956.0,6315.0
2018,RS,4316972.0,2545.0
2018,RS,4317004.0,8130.0
2018,RS,4317103.0,77763.0
2018,RS,4317202.0,72919.0
2018,RS,4317251.0,1734.0
2018,RS,4317301.0,29877.0
2018,RS,4317400.0,49493.0
2018,RS,4317509.0,77620.0
2018,RS,4317558.0,2134.0
2018,RS,4317608.0,42648.0
2018,RS,4317707.0,10305.0
2018,RS,4317756.0,2020.0
2018,RS,4317806.0,13923.0
2018,RS,4317905.0,14300.0
2018,RS,4317954.0,2343.0
2018,RS,4318002.0,60557.0
2018,RS,4318051.0,3065.0
2018,RS,4318101.0,18471.0
2018,RS,4318200.0,21633.0
2018,RS,4318309.0,62061.0
2018,RS,4318408.0,24078.0
2018,RS,4318424.0,4674.0
2018,RS,4318432.0,2561.0
2018,RS,4318440.0,2757.0
2018,RS,4318457.0,2562.0
2018,RS,4318465.0,2000.0
2018,RS,4318481.0,4739.0
2018,RS,4318499.0,2091.0
2018,RS,4318507.0,27410.0
2018,RS,4318606.0,6945.0
2018,RS,4318614.0,2378.0
2018,RS,4318622.0,3509.0
2018,RS,4318705.0,234947.0
2018,RS,4318804.0,43625.0
2018,RS,4318903.0,33668.0
2018,RS,4319000.0,21449.0
2018,RS,4319109.0,5474.0
2018,RS,4319125.0,3238.0
2018,RS,4319158.0,7663.0
2018,RS,4319208.0,5325.0
2018,RS,4319307.0,5863.0
2018,RS,4319356.0,3758.0
2018,RS,4319364.0,2000.0
2018,RS,4319372.0,2946.0
2018,RS,4319406.0,16250.0
2018,RS,4319505.0,25467.0
2018,RS,4319604.0,23690.0
2018,RS,4319703.0,3341.0
2018,RS,4319711.0,2239.0
2018,RS,4319737.0,2724.0
2018,RS,4319752.0,2219.0
2018,RS,4319802.0,8710.0
2018,RS,4319901.0,81198.0
2018,RS,4320008.0,140311.0
2018,RS,4320107.0,24205.0
2018,RS,4320206.0,10788.0
2018,RS,4320230.0,2924.0
2018,RS,4320263.0,7399.0
2018,RS,4320305.0,5093.0
2018,RS,4320321.0,2788.0
2018,RS,4320354.0,5553.0
2018,RS,4320404.0,17198.0
2018,RS,4320453.0,2000.0
2018,RS,4320503.0,5519.0
2018,RS,4320552.0,6433.0
2018,RS,4320578.0,1990.0
2018,RS,4320602.0,3685.0
2018,RS,4320651.0,2394.0
2018,RS,4320677.0,10183.0
2018,RS,4320701.0,14927.0
2018,RS,4320800.0,30967.0
2018,RS,4320859.0,4667.0
2018,RS,4320909.0,23651.0
2018,RS,4321006.0,10593.0
2018,RS,4321105.0,17266.0
2018,RS,4321204.0,57292.0
2018,RS,4321303.0,26838.0
2018,RS,4321329.0,3068.0
2018,RS,4321352.0,5479.0
2018,RS,4321402.0,13538.0
2018,RS,4321436.0,11088.0
2018,RS,4321451.0,32676.0
2018,RS,4321469.0,3004.0
2018,RS,4321477.0,5796.0
2018,RS,4321493.0,2827.0
2018,RS,4321501.0,38386.0
2018,RS,4321600.0,50760.0
2018,RS,4321626.0,2339.0
2018,RS,4321634.0,2693.0
2018,RS,4321667.0,10989.0
2018,RS,4321709.0,27837.0
2018,RS,4321808.0,23938.0
2018,RS,4321832.0,2725.0
2018,RS,4321857.0,4291.0
2018,RS,4321907.0,23963.0
2018,RS,4321956.0,5813.0
2018,RS,4322004.0,29207.0
2018,RS,4322103.0,5713.0
2018,RS,4322152.0,4560.0
2018,RS,4322186.0,1486.0
2018,RS,4322202.0,23824.0
2018,RS,4322251.0,4767.0
2018,RS,4322301.0,7980.0
2018,RS,4322327.0,3455.0
2018,RS,4322343.0,2049.0
2018,RS,4322350.0,1192.0
2018,RS,4322376.0,2354.0
2018,RS,4322400.0,127079.0
2018,RS,4322509.0,65846.0
2018,RS,4322525.0,3479.0
2018,RS,4322533.0,11732.0
2018,RS,4322541.0,5842.0
2018,RS,4322558.0,2104.0
2018,RS,4322608.0,71117.0
2018,RS,4322707.0,26618.0
2018,RS,4322806.0,25936.0
2018,RS,4322855.0,1835.0
2018,RS,4322905.0,4825.0
2018,RS,4323002.0,254101.0
2018,RS,4323101.0,4745.0
2018,RS,4323200.0,2904.0
2018,RS,4323309.0,3374.0
2018,RS,4323358.0,2102.0
2018,RS,4323408.0,4353.0
2018,RS,4323457.0,4283.0
2018,RS,4323507.0,2766.0
2018,RS,4323606.0,1565.0
2018,RS,4323705.0,2847.0
2018,RS,4323754.0,3177.0
2018,RS,4323770.0,2998.0
2018,RS,4323804.0,16025.0
2018,GO,5200050.0,8583.0
2018,GO,5200100.0,19614.0
2018,GO,5200134.0,22182.0
2018,GO,5200159.0,2517.0
2018,GO,5200175.0,5676.0
2018,GO,5200209.0,1872.0
2018,GO,5200258.0,207070.0
2018,GO,5200308.0,27288.0
2018,GO,5200506.0,2005.0
2018,GO,5200555.0,6218.0
2018,GO,5200605.0,7558.0
2018,GO,5200803.0,8614.0
2018,GO,5200829.0,3778.0
2018,GO,5200852.0,6057.0
2018,GO,5200902.0,3185.0
2018,GO,5201108.0,381970.0
2018,GO,5201207.0,1137.0
2018,GO,5201306.0,21717.0
2018,GO,5201405.0,565957.0
2018,GO,5201454.0,2474.0
2018,GO,5201504.0,4163.0
2018,GO,5201603.0,3560.0
2018,GO,5201702.0,19959.0
2018,GO,5201801.0,10116.0
2018,GO,5202155.0,7756.0
2018,GO,5202353.0,2689.0
2018,GO,5202502.0,9635.0
2018,GO,5202601.0,3184.0
2018,GO,5202809.0,2425.0
2018,GO,5203104.0,4992.0
2018,GO,5203203.0,10922.0
2018,GO,5203302.0,29448.0
2018,GO,5203401.0,8813.0
2018,GO,5203500.0,24776.0
2018,GO,5203559.0,9488.0
2018,GO,5203575.0,4316.0
2018,GO,5203609.0,3659.0
2018,GO,5203807.0,5761.0
2018,GO,5203906.0,9433.0
2018,GO,5203939.0,2501.0
2018,GO,5203962.0,3302.0
2018,GO,5204003.0,7939.0
2018,GO,5204102.0,12297.0
2018,GO,5204201.0,1361.0
2018,GO,5204250.0,8102.0
2018,GO,5204300.0,15743.0
2018,GO,5204409.0,18715.0
2018,GO,5204508.0,89087.0
2018,GO,5204557.0,3759.0
2018,GO,5204607.0,3610.0
2018,GO,5204656.0,3649.0
2018,GO,5204706.0,12486.0
2018,GO,5204805.0,7437.0
2018,GO,5204854.0,7636.0
2018,GO,5204904.0,19764.0
2018,GO,5204953.0,2459.0
2018,GO,5205000.0,9976.0
2018,GO,5205059.0,3464.0
2018,GO,5205109.0,106618.0
2018,GO,5205208.0,5038.0
2018,GO,5205307.0,9693.0
2018,GO,5205406.0,22074.0
2018,GO,5205455.0,8507.0
2018,GO,5205471.0,9842.0
2018,GO,5205497.0,69829.0
2018,GO,5205513.0,19971.0
2018,GO,5205521.0,3404.0
2018,GO,5205703.0,2364.0
2018,GO,5205802.0,11050.0
2018,GO,5205901.0,9574.0
2018,GO,5206206.0,57759.0
2018,GO,5206305.0,2968.0
2018,GO,5206404.0,16852.0
2018,GO,5206503.0,3500.0
2018,GO,5206602.0,2871.0
2018,GO,5206701.0,3315.0
2018,GO,5206800.0,2923.0
2018,GO,5206909.0,2094.0
2018,GO,5207105.0,2488.0
2018,GO,5207253.0,7398.0
2018,GO,5207352.0,3710.0
2018,GO,5207402.0,12276.0
2018,GO,5207501.0,3286.0
2018,GO,5207535.0,6678.0
2018,GO,5207600.0,5722.0
2018,GO,5207808.0,13131.0
2018,GO,5207907.0,16100.0
2018,GO,5208004.0,119506.0
2018,GO,5208103.0,4325.0
2018,GO,5208152.0,3753.0
2018,GO,5208301.0,4830.0
2018,GO,5208400.0,11239.0
2018,GO,5208509.0,5574.0
2018,GO,5208608.0,69072.0
2018,GO,5208707.0,1495705.0
2018,GO,5208806.0,43260.0
2018,GO,5208905.0,22916.0
2018,GO,5209101.0,33986.0
2018,GO,5209150.0,5806.0
2018,GO,5209200.0,14211.0
2018,GO,5209291.0,2041.0
2018,GO,5209408.0,3940.0
2018,GO,5209457.0,1852.0
2018,GO,5209606.0,3714.0
2018,GO,5209705.0,21278.0
2018,GO,5209804.0,3622.0
2018,GO,5209903.0,13808.0
2018,GO,5209937.0,6152.0
2018,GO,5209952.0,15431.0
2018,GO,5210000.0,52465.0
2018,GO,5210109.0,26792.0
2018,GO,5210158.0,2893.0
2018,GO,5210208.0,31563.0
2018,GO,5210307.0,2815.0
2018,GO,5210406.0,42163.0
2018,GO,5210562.0,4668.0
2018,GO,5210604.0,5269.0
2018,GO,5210802.0,4605.0
2018,GO,5210901.0,22533.0
2018,GO,5211008.0,5316.0
2018,GO,5211206.0,25856.0
2018,GO,5211305.0,7097.0
2018,GO,5211404.0,8916.0
2018,GO,5211503.0,103652.0
2018,GO,5211602.0,2406.0
2018,GO,5211701.0,6073.0
2018,GO,5211800.0,49667.0
2018,GO,5211909.0,99674.0
2018,GO,5212006.0,2898.0
2018,GO,5212055.0,2474.0
2018,GO,5212105.0,7372.0
2018,GO,5212204.0,18587.0
2018,GO,5212253.0,1555.0
2018,GO,5212303.0,7643.0
2018,GO,5212501.0,205023.0
2018,GO,5212600.0,2373.0
2018,GO,5212709.0,8680.0
2018,GO,5212808.0,9646.0
2018,GO,5212907.0,2223.0
2018,GO,5212956.0,4366.0
2018,GO,5213004.0,13829.0
2018,GO,5213053.0,2612.0
2018,GO,5213087.0,29353.0
2018,GO,5213103.0,65420.0
2018,GO,5213400.0,1557.0
2018,GO,5213509.0,8527.0
2018,GO,5213707.0,8063.0
2018,GO,5213756.0,13115.0
2018,GO,5213772.0,4449.0
2018,GO,5213806.0,45716.0
2018,GO,5213855.0,2264.0
2018,GO,5213905.0,4377.0
2018,GO,5214002.0,15444.0
2018,GO,5214051.0,5066.0
2018,GO,5214101.0,3793.0
2018,GO,5214408.0,9022.0
2018,GO,5214507.0,29293.0
2018,GO,5214606.0,46039.0
2018,GO,5214705.0,2346.0
2018,GO,5214804.0,2199.0
2018,GO,5214838.0,12791.0
2018,GO,5214861.0,8218.0
2018,GO,5214879.0,2923.0
2018,GO,5214903.0,3293.0
2018,GO,5215009.0,9684.0
2018,GO,5215207.0,2985.0
2018,GO,5215231.0,113679.0
2018,GO,5215256.0,4445.0
2018,GO,5215306.0,15502.0
2018,GO,5215405.0,3797.0
2018,GO,5215504.0,6549.0
2018,GO,5215603.0,33228.0
2018,GO,5215652.0,3460.0
2018,GO,5215702.0,28313.0
2018,GO,5215801.0,2380.0
2018,GO,5215900.0,3589.0
2018,GO,5216007.0,2627.0
2018,GO,5216304.0,9972.0
2018,GO,5216403.0,10995.0
2018,GO,5216452.0,3116.0
2018,GO,5216809.0,10301.0
2018,GO,5216908.0,2314.0
2018,GO,5217104.0,24499.0
2018,GO,5217203.0,10501.0
2018,GO,5217302.0,24749.0
2018,GO,5217401.0,31225.0
2018,GO,5217609.0,89181.0
2018,GO,5217708.0,17777.0
2018,GO,5218003.0,45151.0
2018,GO,5218052.0,3830.0
2018,GO,5218102.0,4000.0
2018,GO,5218300.0,36375.0
2018,GO,5218391.0,3243.0
2018,GO,5218508.0,49416.0
2018,GO,5218607.0,10896.0
2018,GO,5218706.0,4784.0
2018,GO,5218789.0,4371.0
2018,GO,5218805.0,229651.0
2018,GO,5218904.0,19815.0
2018,GO,5219001.0,7642.0
2018,GO,5219100.0,6485.0
2018,GO,5219209.0,2892.0
2018,GO,5219258.0,5393.0
2018,GO,5219308.0,38485.0
2018,GO,5219357.0,3803.0
2018,GO,5219407.0,8573.0
2018,GO,5219456.0,3331.0
2018,GO,5219506.0,2388.0
2018,GO,5219605.0,3431.0
2018,GO,5219704.0,8931.0
2018,GO,5219712.0,4787.0
2018,GO,5219738.0,6123.0
2018,GO,5219753.0,73636.0
2018,GO,5219803.0,12791.0
2018,GO,5219902.0,6260.0
2018,GO,5220009.0,13387.0
2018,GO,5220058.0,1417.0
2018,GO,5220108.0,33470.0
2018,GO,5220157.0,5117.0
2018,GO,5220207.0,22067.0
2018,GO,5220264.0,4032.0
2018,GO,5220280.0,2035.0
2018,GO,5220405.0,20297.0
2018,GO,5220454.0,112224.0
2018,GO,5220504.0,8445.0
2018,GO,5220603.0,20573.0
2018,GO,5220686.0,6832.0
2018,GO,5220702.0,2977.0
2018,GO,5221007.0,3537.0
2018,GO,5221080.0,3416.0
2018,GO,5221197.0,7897.0
2018,GO,5221304.0,2837.0
2018,GO,5221403.0,125328.0
2018,GO,5221452.0,3501.0
2018,GO,5221502.0,4633.0
2018,GO,5221551.0,5195.0
2018,GO,5221577.0,2868.0
2018,GO,5221601.0,40217.0
2018,GO,5221700.0,13868.0
2018,GO,5221809.0,3078.0
2018,GO,5221858.0,164723.0
2018,GO,5221908.0,3816.0
2018,GO,5222005.0,13746.0
2018,GO,5222054.0,8611.0
2018,GO,5222203.0,6026.0
2018,GO,5222302.0,5758.0
2019,PE,2600054.0,99990.0
2019,PE,2600104.0,37259.0
2019,PE,2600203.0,19635.0
2019,PE,2600302.0,24885.0
2019,PE,2600401.0,36771.0
2019,PE,2600500.0,43443.0
2019,PE,2600609.0,14636.0
2019,PE,2600708.0,38386.0
2019,PE,2600807.0,22972.0
2019,PE,2600906.0,22829.0
2019,PE,2601003.0,11150.0
2019,PE,2601052.0,20524.0
2019,PE,2601102.0,84418.0
2019,PE,2601201.0,74338.0
2019,PE,2601300.0,14385.0
2019,PE,2601409.0,42659.0
2019,PE,2601508.0,12073.0
2019,PE,2601607.0,20729.0
2019,PE,2601706.0,76439.0
2019,PE,2601805.0,12719.0
2019,PE,2601904.0,60798.0
2019,PE,2602001.0,38146.0
2019,PE,2602100.0,48554.0
2019,PE,2602209.0,39184.0
2019,PE,2602308.0,38134.0
2019,PE,2602407.0,8993.0
2019,PE,2602506.0,7487.0
2019,PE,2602605.0,50742.0
2019,PE,2602704.0,13155.0
2019,PE,2602803.0,58378.0
2019,PE,2602902.0,207048.0
2019,PE,2603009.0,34221.0
2019,PE,2603108.0,20380.0
2019,PE,2603207.0,28739.0
2019,PE,2603306.0,11053.0
2019,PE,2603405.0,5750.0
2019,PE,2603454.0,157828.0
2019,PE,2603504.0,18765.0
2019,PE,2603603.0,8551.0
2019,PE,2603702.0,24804.0
2019,PE,2603801.0,20048.0
2019,PE,2603900.0,19551.0
2019,PE,2603926.0,12932.0
2019,PE,2604007.0,83641.0
2019,PE,2604106.0,361118.0
2019,PE,2604155.0,14341.0
2019,PE,2604205.0,42892.0
2019,PE,2604304.0,11807.0
2019,PE,2604403.0,13518.0
2019,PE,2604502.0,21698.0
2019,PE,2604601.0,26421.0
2019,PE,2604700.0,18207.0
2019,PE,2604809.0,12578.0
2019,PE,2604908.0,10906.0
2019,PE,2605004.0,24107.0
2019,PE,2605103.0,37111.0
2019,PE,2605152.0,18908.0
2019,PE,2605202.0,68875.0
2019,PE,2605301.0,31825.0
2019,PE,2605400.0,22131.0
2019,PE,2605459.0,3061.0
2019,PE,2605509.0,12123.0
2019,PE,2605608.0,22624.0
2019,PE,2605707.0,32873.0
2019,PE,2605806.0,15457.0
2019,PE,2605905.0,31052.0
2019,PE,2606002.0,139788.0
2019,PE,2606101.0,30604.0
2019,PE,2606200.0,79758.0
2019,PE,2606309.0,7486.0
2019,PE,2606408.0,84074.0
2019,PE,2606507.0,19197.0
2019,PE,2606606.0,29235.0
2019,PE,2606705.0,7762.0
2019,PE,2606804.0,117019.0
2019,PE,2606903.0,12228.0
2019,PE,2607000.0,23247.0
2019,PE,2607109.0,4548.0
2019,PE,2607208.0,96204.0
2019,PE,2607307.0,30854.0
2019,PE,2607406.0,4918.0
2019,PE,2607505.0,26349.0
2019,PE,2607604.0,26258.0
2019,PE,2607653.0,36447.0
2019,PE,2607703.0,13616.0
2019,PE,2607752.0,26651.0
2019,PE,2607802.0,16955.0
2019,PE,2607901.0,702298.0
2019,PE,2607950.0,11656.0
2019,PE,2608008.0,17150.0
2019,PE,2608057.0,14796.0
2019,PE,2608107.0,33822.0
2019,PE,2608206.0,16023.0
2019,PE,2608255.0,11424.0
2019,PE,2608305.0,14836.0
2019,PE,2608404.0,15378.0
2019,PE,2608453.0,18071.0
2019,PE,2608503.0,21429.0
2019,PE,2608602.0,13145.0
2019,PE,2608701.0,16290.0
2019,PE,2608750.0,25601.0
2019,PE,2608800.0,40288.0
2019,PE,2608909.0,56250.0
2019,PE,2609006.0,25376.0
2019,PE,2609105.0,16088.0
2019,PE,2609154.0,21434.0
2019,PE,2609204.0,11345.0
2019,PE,2609303.0,15390.0
2019,PE,2609402.0,62784.0
2019,PE,2609501.0,32471.0
2019,PE,2609600.0,392482.0
2019,PE,2609709.0,23884.0
2019,PE,2609808.0,14991.0
2019,PE,2609907.0,69459.0
2019,PE,2610004.0,63250.0
2019,PE,2610103.0,7693.0
2019,PE,2610202.0,26474.0
2019,PE,2610301.0,11523.0
2019,PE,2610400.0,22010.0
2019,PE,2610509.0,28933.0
2019,PE,2610608.0,56506.0
2019,PE,2610707.0,331774.0
2019,PE,2610806.0,22617.0
2019,PE,2610905.0,67395.0
2019,PE,2611002.0,36548.0
2019,PE,2611101.0,349145.0
2019,PE,2611200.0,11302.0
2019,PE,2611309.0,27091.0
2019,PE,2611408.0,14966.0
2019,PE,2611507.0,26037.0
2019,PE,2611533.0,6813.0
2019,PE,2611606.0,1645727.0
2019,PE,2611705.0,20546.0
2019,PE,2611804.0,47415.0
2019,PE,2611903.0,23535.0
2019,PE,2612000.0,9932.0
2019,PE,2612109.0,10919.0
2019,PE,2612208.0,60930.0
2019,PE,2612307.0,15843.0
2019,PE,2612406.0,26462.0
2019,PE,2612455.0,15398.0
2019,PE,2612471.0,12592.0
2019,PE,2612505.0,107937.0
2019,PE,2612554.0,14477.0
2019,PE,2612604.0,41931.0
2019,PE,2612703.0,14137.0
2019,PE,2612802.0,11815.0
2019,PE,2612901.0,15895.0
2019,PE,2613008.0,59504.0
2019,PE,2613107.0,37245.0
2019,PE,2613206.0,22793.0
2019,PE,2613305.0,21356.0
2019,PE,2613404.0,21298.0
2019,PE,2613503.0,33959.0
2019,PE,2613602.0,33951.0
2019,PE,2613701.0,113230.0
2019,PE,2613800.0,18018.0
2019,PE,2613909.0,86350.0
2019,PE,2614006.0,19165.0
2019,PE,2614105.0,35907.0
2019,PE,2614204.0,45865.0
2019,PE,2614303.0,11270.0
2019,PE,2614402.0,6007.0
2019,PE,2614501.0,65089.0
2019,PE,2614600.0,28534.0
2019,PE,2614709.0,12874.0
2019,PE,2614808.0,25765.0
2019,PE,2614857.0,23388.0
2019,PE,2615003.0,28775.0
2019,PE,2615102.0,7169.0
2019,PE,2615201.0,10096.0
2019,PE,2615300.0,53022.0
2019,PE,2615409.0,45219.0
2019,PE,2615508.0,13769.0
2019,PE,2615607.0,30521.0
2019,PE,2615706.0,15254.0
2019,PE,2615805.0,27304.0
2019,PE,2615904.0,8202.0
2019,PE,2616001.0,18482.0
2019,PE,2616100.0,9534.0
2019,PE,2616183.0,7618.0
2019,PE,2616209.0,20731.0
2019,PE,2616308.0,32643.0
2019,PE,2616407.0,138757.0
2019,PE,2616506.0,14725.0
2019,RJ,3300100.0,203785.0
2019,RJ,3300159.0,11759.0
2019,RJ,3300209.0,132400.0
2019,RJ,3300225.0,12572.0
2019,RJ,3300233.0,33870.0
2019,RJ,3300258.0,30349.0
2019,RJ,3300308.0,100374.0
2019,RJ,3300407.0,184412.0
2019,RJ,3300456.0,510906.0
2019,RJ,3300506.0,27446.0
2019,RJ,3300605.0,37096.0
2019,RJ,3300704.0,226525.0
2019,RJ,3300803.0,58937.0
2019,RJ,3300902.0,15505.0
2019,RJ,3300936.0,16301.0
2019,RJ,3300951.0,8561.0
2019,RJ,3301009.0,507548.0
2019,RJ,3301108.0,20172.0
2019,RJ,3301157.0,12823.0
2019,RJ,3301207.0,18895.0
2019,RJ,3301306.0,44184.0
2019,RJ,3301405.0,23228.0
2019,RJ,3301504.0,21926.0
2019,RJ,3301603.0,11492.0
2019,RJ,3301702.0,919596.0
2019,RJ,3301801.0,14002.0
2019,RJ,3301850.0,60517.0
2019,RJ,3301876.0,28310.0
2019,RJ,3301900.0,240592.0
2019,RJ,3302007.0,133019.0
2019,RJ,3302056.0,15207.0
2019,RJ,3302106.0,23234.0
2019,RJ,3302205.0,103224.0
2019,RJ,3302254.0,31805.0
2019,RJ,3302270.0,104768.0
2019,RJ,3302304.0,7355.0
2019,RJ,3302403.0,256672.0
2019,RJ,3302452.0,5599.0
2019,RJ,3302502.0,245071.0
2019,RJ,3302601.0,44468.0
2019,RJ,3302700.0,161207.0
2019,RJ,3302809.0,18614.0
2019,RJ,3302858.0,176103.0
2019,RJ,3302908.0,25538.0
2019,RJ,3303005.0,27174.0
2019,RJ,3303104.0,15317.0
2019,RJ,3303203.0,162485.0
2019,RJ,3303302.0,513584.0
2019,RJ,3303401.0,190631.0
2019,RJ,3303500.0,821128.0
2019,RJ,3303609.0,52257.0
2019,RJ,3303708.0,44285.0
2019,RJ,3303807.0,43165.0
2019,RJ,3303856.0,27769.0
2019,RJ,3303906.0,306191.0
2019,RJ,3303955.0,25156.0
2019,RJ,3304003.0,29277.0
2019,RJ,3304102.0,18847.0
2019,RJ,3304110.0,19683.0
2019,RJ,3304128.0,14302.0
2019,RJ,3304144.0,150319.0
2019,RJ,3304151.0,24700.0
2019,RJ,3304201.0,131341.0
2019,RJ,3304300.0,60201.0
2019,RJ,3304409.0,18529.0
2019,RJ,3304508.0,9284.0
2019,RJ,3304524.0,150674.0
2019,RJ,3304557.0,6718903.0
2019,RJ,3304607.0,10404.0
2019,RJ,3304706.0,42479.0
2019,RJ,3304755.0,42205.0
2019,RJ,3304805.0,38669.0
2019,RJ,3304904.0,1084839.0
2019,RJ,3305000.0,36102.0
2019,RJ,3305109.0,472406.0
2019,RJ,3305133.0,7171.0
2019,RJ,3305158.0,21795.0
2019,RJ,3305208.0,104476.0
2019,RJ,3305307.0,9357.0
2019,RJ,3305406.0,18228.0
2019,RJ,3305505.0,89170.0
2019,RJ,3305554.0,82312.0
2019,RJ,3305604.0,21774.0
2019,RJ,3305703.0,15623.0
2019,RJ,3305752.0,34309.0
2019,RJ,3305802.0,182594.0
2019,RJ,3305901.0,10626.0
2019,RJ,3306008.0,81804.0
2019,RJ,3306107.0,76523.0
2019,RJ,3306156.0,11000.0
2019,RJ,3306206.0,36896.0
2019,RJ,3306305.0,273012.0
2019,RS,4300034.0,4901.0
2019,RS,4300059.0,3748.0
2019,RS,4300109.0,16461.0
2019,RS,4300208.0,7024.0
2019,RS,4300307.0,5950.0
2019,RS,4300406.0,73589.0
2019,RS,4300455.0,3464.0
2019,RS,4300471.0,1964.0
2019,RS,4300505.0,6258.0
2019,RS,4300554.0,1638.0
2019,RS,4300570.0,3028.0
2019,RS,4300604.0,210305.0
2019,RS,4300638.0,7031.0
2019,RS,4300646.0,7409.0
2019,RS,4300661.0,1333.0
2019,RS,4300703.0,5981.0
2019,RS,4300802.0,13050.0
2019,RS,4300851.0,3581.0
2019,RS,4300877.0,5698.0
2019,RS,4300901.0,6235.0
2019,RS,4301008.0,20805.0
2019,RS,4301057.0,10065.0
2019,RS,4301073.0,2937.0
2019,RS,4301107.0,14151.0
2019,RS,4301206.0,13373.0
2019,RS,4301305.0,18293.0
2019,RS,4301404.0,10424.0
2019,RS,4301503.0,6661.0
2019,RS,4301552.0,3554.0
2019,RS,4301602.0,121143.0
2019,RS,4301636.0,14068.0
2019,RS,4301651.0,6171.0
2019,RS,4301701.0,6623.0
2019,RS,4301750.0,7487.0
2019,RS,4301800.0,5275.0
2019,RS,4301859.0,3248.0
2019,RS,4301875.0,4215.0
2019,RS,4301909.0,13491.0
2019,RS,4301925.0,1690.0
2019,RS,4301958.0,2539.0
2019,RS,4302006.0,11199.0
2019,RS,4302055.0,1994.0
2019,RS,4302105.0,120454.0
2019,RS,4302154.0,2098.0
2019,RS,4302204.0,6712.0
2019,RS,4302220.0,2470.0
2019,RS,4302238.0,2603.0
2019,RS,4302253.0,2783.0
2019,RS,4302303.0,11349.0
2019,RS,4302352.0,14055.0
2019,RS,4302378.0,1942.0
2019,RS,4302402.0,12328.0
2019,RS,4302451.0,7714.0
2019,RS,4302501.0,6279.0
2019,RS,4302584.0,2123.0
2019,RS,4302600.0,3353.0
2019,RS,4302659.0,5074.0
2019,RS,4302709.0,20941.0
2019,RS,4302808.0,33624.0
2019,RS,4302907.0,12561.0
2019,RS,4303004.0,82201.0
2019,RS,4303103.0,130293.0
2019,RS,4303202.0,5065.0
2019,RS,4303301.0,4846.0
2019,RS,4303400.0,4743.0
2019,RS,4303509.0,66261.0
2019,RS,4303558.0,2733.0
2019,RS,4303608.0,6431.0
2019,RS,4303673.0,3388.0
2019,RS,4303707.0,5474.0
2019,RS,4303806.0,5454.0
2019,RS,4303905.0,66712.0
2019,RS,4304002.0,4484.0
2019,RS,4304101.0,3320.0
2019,RS,4304200.0,31365.0
2019,RS,4304309.0,6198.0
2019,RS,4304358.0,9584.0
2019,RS,4304408.0,44998.0
2019,RS,4304507.0,56045.0
2019,RS,4304606.0,346616.0
2019,RS,4304614.0,1716.0
2019,RS,4304622.0,1654.0
2019,RS,4304630.0,53049.0
2019,RS,4304655.0,3651.0
2019,RS,4304663.0,25354.0
2019,RS,4304671.0,4660.0
2019,RS,4304689.0,11940.0
2019,RS,4304697.0,2757.0
2019,RS,4304705.0,62110.0
2019,RS,4304713.0,8270.0
2019,RS,4304804.0,29833.0
2019,RS,4304853.0,1377.0
2019,RS,4304903.0,9031.0
2019,RS,4304952.0,3202.0
2019,RS,4305009.0,8774.0
2019,RS,4305108.0,510906.0
2019,RS,4305116.0,2891.0
2019,RS,4305124.0,6091.0
2019,RS,4305132.0,4691.0
2019,RS,4305157.0,2311.0
2019,RS,4305173.0,12239.0
2019,RS,4305207.0,14133.0
2019,RS,4305306.0,9269.0
2019,RS,4305355.0,40789.0
2019,RS,4305371.0,3279.0
2019,RS,4305405.0,3756.0
2019,RS,4305439.0,6704.0
2019,RS,4305447.0,5441.0
2019,RS,4305454.0,16254.0
2019,RS,4305504.0,4747.0
2019,RS,4305587.0,2438.0
2019,RS,4305603.0,3175.0
2019,RS,4305702.0,6753.0
2019,RS,4305801.0,9911.0
2019,RS,4305835.0,1501.0
2019,RS,4305850.0,2306.0
2019,RS,4305871.0,2519.0
2019,RS,4305900.0,7325.0
2019,RS,4305934.0,1628.0
2019,RS,4305959.0,3853.0
2019,RS,4305975.0,2756.0
2019,RS,4306007.0,13448.0
2019,RS,4306056.0,8009.0
2019,RS,4306072.0,2847.0
2019,RS,4306106.0,60299.0
2019,RS,4306130.0,1833.0
2019,RS,4306205.0,12348.0
2019,RS,4306304.0,4740.0
2019,RS,4306320.0,2805.0
2019,RS,4306353.0,2427.0
2019,RS,4306379.0,3014.0
2019,RS,4306403.0,32671.0
2019,RS,4306429.0,2026.0
2019,RS,4306452.0,3400.0
2019,RS,4306502.0,15414.0
2019,RS,4306551.0,2534.0
2019,RS,4306601.0,38461.0
2019,RS,4306700.0,3041.0
2019,RS,4306734.0,4549.0
2019,RS,4306759.0,1983.0
2019,RS,4306767.0,41285.0
2019,RS,4306809.0,22706.0
2019,RS,4306908.0,25877.0
2019,RS,4306924.0,1034.0
2019,RS,4306932.0,8475.0
2019,RS,4306957.0,2792.0
2019,RS,4306973.0,2991.0
2019,RS,4307005.0,105862.0
2019,RS,4307054.0,3168.0
2019,RS,4307104.0,6821.0
2019,RS,4307203.0,4859.0
2019,RS,4307302.0,6912.0
2019,RS,4307401.0,3282.0
2019,RS,4307450.0,2926.0
2019,RS,4307500.0,15588.0
2019,RS,4307559.0,5958.0
2019,RS,4307609.0,50022.0
2019,RS,4307708.0,83202.0
2019,RS,4307807.0,34116.0
2019,RS,4307815.0,3655.0
2019,RS,4307831.0,2396.0
2019,RS,4307864.0,2731.0
2019,RS,4307906.0,72331.0
2019,RS,4308003.0,6677.0
2019,RS,4308052.0,2315.0
2019,RS,4308078.0,4533.0
2019,RS,4308102.0,13547.0
2019,RS,4308201.0,30745.0
2019,RS,4308250.0,1766.0
2019,RS,4308300.0,10304.0
2019,RS,4308409.0,6664.0
2019,RS,4308433.0,2412.0
2019,RS,4308458.0,4320.0
2019,RS,4308508.0,31313.0
2019,RS,4308607.0,35070.0
2019,RS,4308656.0,2924.0
2019,RS,4308706.0,5534.0
2019,RS,4308805.0,8385.0
2019,RS,4308854.0,1634.0
2019,RS,4308904.0,16212.0
2019,RS,4309001.0,16004.0
2019,RS,4309050.0,8098.0
2019,RS,4309100.0,36232.0
2019,RS,4309126.0,2082.0
2019,RS,4309159.0,4325.0
2019,RS,4309209.0,281519.0
2019,RS,4309258.0,1503.0
2019,RS,4309308.0,98143.0
2019,RS,4309407.0,25727.0
2019,RS,4309506.0,7537.0
2019,RS,4309555.0,4866.0
2019,RS,4309571.0,3018.0
2019,RS,4309605.0,19329.0
2019,RS,4309654.0,6776.0
2019,RS,4309704.0,4762.0
2019,RS,4309753.0,4406.0
2019,RS,4309803.0,4709.0
2019,RS,4309902.0,7262.0
2019,RS,4309951.0,4013.0
2019,RS,4310009.0,20350.0
2019,RS,4310108.0,36899.0
2019,RS,4310207.0,83475.0
2019,RS,4310306.0,4078.0
2019,RS,4310330.0,22800.0
2019,RS,4310363.0,3120.0
2019,RS,4310405.0,6167.0
2019,RS,4310413.0,2226.0
2019,RS,4310439.0,6640.0
2019,RS,4310462.0,1889.0
2019,RS,4310504.0,7241.0
2019,RS,4310538.0,5499.0
2019,RS,4310553.0,3465.0
2019,RS,4310579.0,2094.0
2019,RS,4310603.0,37620.0
2019,RS,4310652.0,2419.0
2019,RS,4310702.0,3324.0
2019,RS,4310751.0,1910.0
2019,RS,4310801.0,24293.0
2019,RS,4310850.0,3810.0
2019,RS,4310876.0,2692.0
2019,RS,4310900.0,3561.0
2019,RS,4311007.0,26680.0
2019,RS,4311106.0,10848.0
2019,RS,4311122.0,3716.0
2019,RS,4311130.0,3503.0
2019,RS,4311155.0,8560.0
2019,RS,4311205.0,19293.0
2019,RS,4311239.0,2903.0
2019,RS,4311254.0,6452.0
2019,RS,4311270.0,1609.0
2019,RS,4311304.0,27807.0
2019,RS,4311403.0,84014.0
2019,RS,4311429.0,2564.0
2019,RS,4311502.0,7480.0
2019,RS,4311601.0,5219.0
2019,RS,4311627.0,6054.0
2019,RS,4311643.0,1714.0
2019,RS,4311700.0,5445.0
2019,RS,4311718.0,4587.0
2019,RS,4311734.0,2981.0
2019,RS,4311759.0,7299.0
2019,RS,4311775.0,6714.0
2019,RS,4311791.0,2691.0
2019,RS,4311809.0,44161.0
2019,RS,4311908.0,4402.0
2019,RS,4311981.0,3885.0
2019,RS,4312005.0,2031.0
2019,RS,4312054.0,4009.0
2019,RS,4312104.0,4823.0
2019,RS,4312138.0,2540.0
2019,RS,4312153.0,4515.0
2019,RS,4312179.0,1648.0
2019,RS,4312203.0,4377.0
2019,RS,4312252.0,8075.0
2019,RS,4312302.0,4925.0
2019,RS,4312351.0,1453.0
2019,RS,4312377.0,3226.0
2019,RS,4312385.0,2548.0
2019,RS,4312401.0,65264.0
2019,RS,4312427.0,3085.0
2019,RS,4312443.0,2949.0
2019,RS,4312450.0,6568.0
2019,RS,4312476.0,6407.0
2019,RS,4312500.0,12804.0
2019,RS,4312609.0,4954.0
2019,RS,4312617.0,3162.0
2019,RS,4312625.0,1893.0
2019,RS,4312658.0,17624.0
2019,RS,4312674.0,1682.0
2019,RS,4312708.0,11695.0
2019,RS,4312757.0,3625.0
2019,RS,4312807.0,4759.0
2019,RS,4312906.0,9916.0
2019,RS,4312955.0,1775.0
2019,RS,4313003.0,3330.0
2019,RS,4313011.0,2698.0
2019,RS,4313037.0,5352.0
2019,RS,4313060.0,21615.0
2019,RS,4313086.0,2553.0
2019,RS,4313102.0,6512.0
2019,RS,4313201.0,21353.0
2019,RS,4313300.0,27257.0
2019,RS,4313334.0,2242.0
2019,RS,4313359.0,3689.0
2019,RS,4313375.0,29300.0
2019,RS,4313391.0,4196.0
2019,RS,4313409.0,246748.0
2019,RS,4313425.0,3323.0
2019,RS,4313441.0,2211.0
2019,RS,4313466.0,1719.0
2019,RS,4313490.0,4164.0
2019,RS,4313508.0,45994.0
2019,RS,4313607.0,3828.0
2019,RS,4313656.0,11318.0
2019,RS,4313706.0,33303.0
2019,RS,4313805.0,7057.0
2019,RS,4313904.0,43667.0
2019,RS,4313953.0,9174.0
2019,RS,4314001.0,7657.0
2019,RS,4314027.0,7611.0
2019,RS,4314035.0,3837.0
2019,RS,4314050.0,58272.0
2019,RS,4314068.0,5702.0
2019,RS,4314076.0,6535.0
2019,RS,4314100.0,203275.0
2019,RS,4314134.0,2293.0
2019,RS,4314159.0,8487.0
2019,RS,4314175.0,1982.0
2019,RS,4314209.0,7730.0
2019,RS,4314308.0,3874.0
2019,RS,4314407.0,342405.0
2019,RS,4314423.0,5742.0
2019,RS,4314456.0,2579.0
2019,RS,4314464.0,1941.0
2019,RS,4314472.0,4350.0
2019,RS,4314498.0,4871.0
2019,RS,4314506.0,12271.0
2019,RS,4314548.0,3003.0
2019,RS,4314555.0,2304.0
2019,RS,4314605.0,20663.0
2019,RS,4314704.0,10084.0
2019,RS,4314753.0,2098.0
2019,RS,4314779.0,3904.0
2019,RS,4314787.0,1547.0
2019,RS,4314803.0,37079.0
2019,RS,4314902.0,1483771.0
2019,RS,4315008.0,4678.0
2019,RS,4315057.0,2374.0
2019,RS,4315073.0,1360.0
2019,RS,4315107.0,10246.0
2019,RS,4315131.0,1639.0
2019,RS,4315149.0,2901.0
2019,RS,4315156.0,6244.0
2019,RS,4315172.0,1947.0
2019,RS,4315206.0,3919.0
2019,RS,4315305.0,22687.0
2019,RS,4315313.0,1849.0
2019,RS,4315321.0,2788.0
2019,RS,4315354.0,3796.0
2019,RS,4315404.0,11549.0
2019,RS,4315453.0,2090.0
2019,RS,4315503.0,15789.0
2019,RS,4315552.0,2752.0
2019,RS,4315602.0,211005.0
2019,RS,4315701.0,38275.0
2019,RS,4315750.0,4653.0
2019,RS,4315800.0,11393.0
2019,RS,4315909.0,5867.0
2019,RS,4315958.0,2323.0
2019,RS,4316006.0,21349.0
2019,RS,4316105.0,10601.0
2019,RS,4316204.0,5130.0
2019,RS,4316303.0,6847.0
2019,RS,4316402.0,39422.0
2019,RS,4316428.0,2609.0
2019,RS,4316436.0,2650.0
2019,RS,4316451.0,12449.0
2019,RS,4316477.0,2733.0
2019,RS,4316501.0,7799.0
2019,RS,4316600.0,16270.0
2019,RS,4316709.0,7994.0
2019,RS,4316733.0,1639.0
2019,RS,4316758.0,6603.0
2019,RS,4316808.0,130416.0
2019,RS,4316907.0,282123.0
2019,RS,4316956.0,6331.0
2019,RS,4316972.0,2562.0
2019,RS,4317004.0,8098.0
2019,RS,4317103.0,77027.0
2019,RS,4317202.0,73254.0
2019,RS,4317251.0,1729.0
2019,RS,4317301.0,29676.0
2019,RS,4317400.0,49425.0
2019,RS,4317509.0,77593.0
2019,RS,4317558.0,2128.0
2019,RS,4317608.0,42894.0
2019,RS,4317707.0,10175.0
2019,RS,4317756.0,2019.0
2019,RS,4317806.0,13885.0
2019,RS,4317905.0,14257.0
2019,RS,4317954.0,2324.0
2019,RS,4318002.0,60282.0
2019,RS,4318051.0,3074.0
2019,RS,4318101.0,18335.0
2019,RS,4318200.0,21710.0
2019,RS,4318309.0,62105.0
2019,RS,4318408.0,24248.0
2019,RS,4318424.0,4657.0
2019,RS,4318432.0,2552.0
2019,RS,4318440.0,2824.0
2019,RS,4318457.0,2537.0
2019,RS,4318465.0,1971.0
2019,RS,4318481.0,4804.0
2019,RS,4318499.0,2073.0
2019,RS,4318507.0,27568.0
2019,RS,4318606.0,6933.0
2019,RS,4318614.0,2408.0
2019,RS,4318622.0,3527.0
2019,RS,4318705.0,236835.0
2019,RS,4318804.0,43582.0
2019,RS,4318903.0,33468.0
2019,RS,4319000.0,21556.0
2019,RS,4319109.0,5426.0
2019,RS,4319125.0,3234.0
2019,RS,4319158.0,7673.0
2019,RS,4319208.0,5265.0
2019,RS,4319307.0,5790.0
2019,RS,4319356.0,3801.0
2019,RS,4319364.0,2009.0
2019,RS,4319372.0,2947.0
2019,RS,4319406.0,16198.0
2019,RS,4319505.0,25685.0
2019,RS,4319604.0,23621.0
2019,RS,4319703.0,3299.0
2019,RS,4319711.0,2242.0
2019,RS,4319737.0,2727.0
2019,RS,4319752.0,2243.0
2019,RS,4319802.0,8721.0
2019,RS,4319901.0,81734.0
2019,RS,4320008.0,141075.0
2019,RS,4320107.0,24489.0
2019,RS,4320206.0,10750.0
2019,RS,4320230.0,2907.0
2019,RS,4320263.0,7421.0
2019,RS,4320305.0,5100.0
2019,RS,4320321.0,2779.0
2019,RS,4320354.0,5581.0
2019,RS,4320404.0,17502.0
2019,RS,4320453.0,1962.0
2019,RS,4320503.0,5415.0
2019,RS,4320552.0,6486.0
2019,RS,4320578.0,1970.0
2019,RS,4320602.0,3657.0
2019,RS,4320651.0,2384.0
2019,RS,4320677.0,10172.0
2019,RS,4320701.0,14967.0
2019,RS,4320800.0,31002.0
2019,RS,4320859.0,4719.0
2019,RS,4320909.0,24111.0
2019,RS,4321006.0,10584.0
2019,RS,4321105.0,17300.0
2019,RS,4321204.0,57466.0
2019,RS,4321303.0,26862.0
2019,RS,4321329.0,3072.0
2019,RS,4321352.0,5481.0
2019,RS,4321402.0,13485.0
2019,RS,4321436.0,11204.0
2019,RS,4321451.0,33232.0
2019,RS,4321469.0,3030.0
2019,RS,4321477.0,5704.0
2019,RS,4321493.0,2806.0
2019,RS,4321501.0,38732.0
2019,RS,4321600.0,51715.0
2019,RS,4321626.0,2336.0
2019,RS,4321634.0,2668.0
2019,RS,4321667.0,11053.0
2019,RS,4321709.0,28220.0
2019,RS,4321808.0,23906.0
2019,RS,4321832.0,2697.0
2019,RS,4321857.0,4271.0
2019,RS,4321907.0,23906.0
2019,RS,4321956.0,5802.0
2019,RS,4322004.0,29538.0
2019,RS,4322103.0,5678.0
2019,RS,4322152.0,4569.0
2019,RS,4322186.0,1472.0
2019,RS,4322202.0,23948.0
2019,RS,4322251.0,4855.0
2019,RS,4322301.0,7893.0
2019,RS,4322327.0,3438.0
2019,RS,4322343.0,2015.0
2019,RS,4322350.0,1154.0
2019,RS,4322376.0,2338.0
2019,RS,4322400.0,126970.0
2019,RS,4322509.0,66218.0
2019,RS,4322525.0,3497.0
2019,RS,4322533.0,11781.0
2019,RS,4322541.0,5913.0
2019,RS,4322558.0,2113.0
2019,RS,4322608.0,71554.0
2019,RS,4322707.0,26863.0
2019,RS,4322806.0,26241.0
2019,RS,4322855.0,1815.0
2019,RS,4322905.0,4756.0
2019,RS,4323002.0,255224.0
2019,RS,4323101.0,4670.0
2019,RS,4323200.0,2882.0
2019,RS,4323309.0,3385.0
2019,RS,4323358.0,2091.0
2019,RS,4323408.0,4358.0
2019,RS,4323457.0,4280.0
2019,RS,4323507.0,2752.0
2019,RS,4323606.0,1561.0
2019,RS,4323705.0,2851.0
2019,RS,4323754.0,3133.0
2019,RS,4323770.0,3014.0
2019,RS,4323804.0,16408.0
2019,GO,5200050.0,8773.0
2019,GO,5200100.0,20042.0
2019,GO,5200134.0,22366.0
2019,GO,5200159.0,2516.0
2019,GO,5200175.0,5735.0
2019,GO,5200209.0,1850.0
2019,GO,5200258.0,212440.0
2019,GO,5200308.0,27653.0
2019,GO,5200506.0,1995.0
2019,GO,5200555.0,6414.0
2019,GO,5200605.0,7624.0
2019,GO,5200803.0,8660.0
2019,GO,5200829.0,3812.0
2019,GO,5200852.0,6111.0
2019,GO,5200902.0,3126.0
2019,GO,5201108.0,386923.0
2019,GO,5201207.0,1149.0
2019,GO,5201306.0,21850.0
2019,GO,5201405.0,578179.0
2019,GO,5201454.0,2474.0
2019,GO,5201504.0,4198.0
2019,GO,5201603.0,3522.0
2019,GO,5201702.0,20118.0
2019,GO,5201801.0,10308.0
2019,GO,5202155.0,7770.0
2019,GO,5202353.0,2612.0
2019,GO,5202502.0,9875.0
2019,GO,5202601.0,3120.0
2019,GO,5202809.0,2417.0
2019,GO,5203104.0,5138.0
2019,GO,5203203.0,11167.0
2019,GO,5203302.0,29975.0
2019,GO,5203401.0,8841.0
2019,GO,5203500.0,25216.0
2019,GO,5203559.0,9706.0
2019,GO,5203575.0,4405.0
2019,GO,5203609.0,3703.0
2019,GO,5203807.0,5779.0
2019,GO,5203906.0,9459.0
2019,GO,5203939.0,2488.0
2019,GO,5203962.0,3292.0
2019,GO,5204003.0,7993.0
2019,GO,5204102.0,12484.0
2019,GO,5204201.0,1351.0
2019,GO,5204250.0,8067.0
2019,GO,5204300.0,16009.0
2019,GO,5204409.0,18913.0
2019,GO,5204508.0,91162.0
2019,GO,5204557.0,3804.0
2019,GO,5204607.0,3630.0
2019,GO,5204656.0,3640.0
2019,GO,5204706.0,12626.0
2019,GO,5204805.0,7589.0
2019,GO,5204854.0,7789.0
2019,GO,5204904.0,19887.0
2019,GO,5204953.0,2141.0
2019,GO,5205000.0,10082.0
2019,GO,5205059.0,3435.0
2019,GO,5205109.0,108823.0
2019,GO,5205208.0,5070.0
2019,GO,5205307.0,9709.0
2019,GO,5205406.0,22191.0
2019,GO,5205455.0,8606.0
2019,GO,5205471.0,10167.0
2019,GO,5205497.0,71376.0
2019,GO,5205513.0,20240.0
2019,GO,5205521.0,3382.0
2019,GO,5205703.0,2327.0
2019,GO,5205802.0,11110.0
2019,GO,5205901.0,9723.0
2019,GO,5206206.0,58997.0
2019,GO,5206305.0,2966.0
2019,GO,5206404.0,16949.0
2019,GO,5206503.0,3486.0
2019,GO,5206602.0,2854.0
2019,GO,5206701.0,3311.0
2019,GO,5206800.0,2938.0
2019,GO,5206909.0,2094.0
2019,GO,5207105.0,2484.0
2019,GO,5207253.0,7322.0
2019,GO,5207352.0,3699.0
2019,GO,5207402.0,12372.0
2019,GO,5207501.0,3275.0
2019,GO,5207535.0,6627.0
2019,GO,5207600.0,5637.0
2019,GO,5207808.0,13292.0
2019,GO,5207907.0,16557.0
2019,GO,5208004.0,121617.0
2019,GO,5208103.0,4248.0
2019,GO,5208152.0,3818.0
2019,GO,5208301.0,4804.0
2019,GO,5208400.0,11231.0
2019,GO,5208509.0,5600.0
2019,GO,5208608.0,70084.0
2019,GO,5208707.0,1516113.0
2019,GO,5208806.0,44289.0
2019,GO,5208905.0,22645.0
2019,GO,5209101.0,34095.0
2019,GO,5209150.0,5898.0
2019,GO,5209200.0,14209.0
2019,GO,5209291.0,1996.0
2019,GO,5209408.0,3893.0
2019,GO,5209457.0,1794.0
2019,GO,5209606.0,3724.0
2019,GO,5209705.0,21706.0
2019,GO,5209804.0,3564.0
2019,GO,5209903.0,13947.0
2019,GO,5209937.0,6194.0
2019,GO,5209952.0,15611.0
2019,GO,5210000.0,52866.0
2019,GO,5210109.0,26985.0
2019,GO,5210158.0,2893.0
2019,GO,5210208.0,31531.0
2019,GO,5210307.0,2800.0
2019,GO,5210406.0,42900.0
2019,GO,5210562.0,4676.0
2019,GO,5210604.0,5237.0
2019,GO,5210802.0,4539.0
2019,GO,5210901.0,22981.0
2019,GO,5211008.0,4997.0
2019,GO,5211206.0,25768.0
2019,GO,5211305.0,7178.0
2019,GO,5211404.0,8938.0
2019,GO,5211503.0,104742.0
2019,GO,5211602.0,2370.0
2019,GO,5211701.0,6048.0
2019,GO,5211800.0,50511.0
2019,GO,5211909.0,100882.0
2019,GO,5212006.0,2879.0
2019,GO,5212055.0,2490.0
2019,GO,5212105.0,7387.0
2019,GO,5212204.0,18478.0
2019,GO,5212253.0,1588.0
2019,GO,5212303.0,7647.0
2019,GO,5212501.0,208299.0
2019,GO,5212600.0,2368.0
2019,GO,5212709.0,8882.0
2019,GO,5212808.0,9503.0
2019,GO,5212907.0,2236.0
2019,GO,5212956.0,4351.0
2019,GO,5213004.0,14080.0
2019,GO,5213053.0,2597.0
2019,GO,5213087.0,29070.0
2019,GO,5213103.0,66801.0
2019,GO,5213400.0,1529.0
2019,GO,5213509.0,8606.0
2019,GO,5213707.0,8055.0
2019,GO,5213756.0,13396.0
2019,GO,5213772.0,4479.0
2019,GO,5213806.0,46136.0
2019,GO,5213855.0,2248.0
2019,GO,5213905.0,4290.0
2019,GO,5214002.0,15659.0
2019,GO,5214051.0,4887.0
2019,GO,5214101.0,3778.0
2019,GO,5214408.0,9142.0
2019,GO,5214507.0,29850.0
2019,GO,5214606.0,46388.0
2019,GO,5214705.0,2352.0
2019,GO,5214804.0,2210.0
2019,GO,5214838.0,12869.0
2019,GO,5214861.0,8164.0
2019,GO,5214879.0,2929.0
2019,GO,5214903.0,3264.0
2019,GO,5215009.0,9853.0
2019,GO,5215207.0,2913.0
2019,GO,5215231.0,115711.0
2019,GO,5215256.0,4495.0
2019,GO,5215306.0,15615.0
2019,GO,5215405.0,3759.0
2019,GO,5215504.0,6667.0
2019,GO,5215603.0,33835.0
2019,GO,5215652.0,3464.0
2019,GO,5215702.0,28858.0
2019,GO,5215801.0,2381.0
2019,GO,5215900.0,3585.0
2019,GO,5216007.0,2615.0
2019,GO,5216304.0,10057.0
2019,GO,5216403.0,10988.0
2019,GO,5216452.0,3129.0
2019,GO,5216809.0,10281.0
2019,GO,5216908.0,2253.0
2019,GO,5217104.0,24524.0
2019,GO,5217203.0,10385.0
2019,GO,5217302.0,24908.0
2019,GO,5217401.0,31458.0
2019,GO,5217609.0,89918.0
2019,GO,5217708.0,17819.0
2019,GO,5218003.0,45394.0
2019,GO,5218052.0,3881.0
2019,GO,5218102.0,4011.0
2019,GO,5218300.0,36900.0
2019,GO,5218391.0,3223.0
2019,GO,5218508.0,50065.0
2019,GO,5218607.0,10918.0
2019,GO,5218706.0,4801.0
2019,GO,5218789.0,4493.0
2019,GO,5218805.0,235647.0
2019,GO,5218904.0,19882.0
2019,GO,5219001.0,7637.0
2019,GO,5219100.0,6560.0
2019,GO,5219209.0,2855.0
2019,GO,5219258.0,5459.0
2019,GO,5219308.0,38648.0
2019,GO,5219357.0,3809.0
2019,GO,5219407.0,8756.0
2019,GO,5219456.0,3343.0
2019,GO,5219506.0,2319.0
2019,GO,5219605.0,3355.0
2019,GO,5219704.0,8744.0
2019,GO,5219712.0,4821.0
2019,GO,5219738.0,6283.0
2019,GO,5219753.0,74744.0
2019,GO,5219803.0,12949.0
2019,GO,5219902.0,6264.0
2019,GO,5220009.0,13740.0
2019,GO,5220058.0,1381.0
2019,GO,5220108.0,33817.0
2019,GO,5220157.0,5167.0
2019,GO,5220207.0,21993.0
2019,GO,5220264.0,4057.0
2019,GO,5220280.0,2036.0
2019,GO,5220405.0,20645.0
2019,GO,5220454.0,115371.0
2019,GO,5220504.0,8544.0
2019,GO,5220603.0,20695.0
2019,GO,5220686.0,6856.0
2019,GO,5220702.0,2989.0
2019,GO,5221007.0,3529.0
2019,GO,5221080.0,3458.0
2019,GO,5221197.0,8043.0
2019,GO,5221304.0,2833.0
2019,GO,5221403.0,127599.0
2019,GO,5221452.0,3500.0
2019,GO,5221502.0,4598.0
2019,GO,5221551.0,5281.0
2019,GO,5221577.0,2854.0
2019,GO,5221601.0,40532.0
2019,GO,5221700.0,13843.0
2019,GO,5221809.0,3072.0
2019,GO,5221858.0,168468.0
2019,GO,5221908.0,3827.0
2019,GO,5222005.0,13863.0
2019,GO,5222054.0,8743.0
2019,GO,5222203.0,6171.0
2019,GO,5222302.0,5821.0
2020,PE,2600054.0,100346.0
2020,PE,2600104.0,37404.0
2020,PE,2600203.0,19810.0
2020,PE,2600302.0,25065.0
2020,PE,2600401.0,37082.0
2020,PE,2600500.0,43686.0
2020,PE,2600609.0,14718.0
2020,PE,2600708.0,38397.0
2020,PE,2600807.0,22984.0
2020,PE,2600906.0,22870.0
2020,PE,2601003.0,11226.0
2020,PE,2601052.0,20733.0
2020,PE,2601102.0,84864.0
2020,PE,2601201.0,74822.0
2020,PE,2601300.0,14510.0
2020,PE,2601409.0,42764.0
2020,PE,2601508.0,12122.0
2020,PE,2601607.0,20730.0
2020,PE,2601706.0,76687.0
2020,PE,2601805.0,12765.0
2020,PE,2601904.0,60880.0
2020,PE,2602001.0,38378.0
2020,PE,2602100.0,48767.0
2020,PE,2602209.0,39983.0
2020,PE,2602308.0,38117.0
2020,PE,2602407.0,8987.0
2020,PE,2602506.0,7488.0
2020,PE,2602605.0,51225.0
2020,PE,2602704.0,13190.0
2020,PE,2602803.0,58919.0
2020,PE,2602902.0,208944.0
2020,PE,2603009.0,34503.0
2020,PE,2603108.0,20501.0
2020,PE,2603207.0,28904.0
2020,PE,2603306.0,11018.0
2020,PE,2603405.0,5747.0
2020,PE,2603454.0,158899.0
2020,PE,2603504.0,18900.0
2020,PE,2603603.0,8572.0
2020,PE,2603702.0,24773.0
2020,PE,2603801.0,20048.0
2020,PE,2603900.0,19609.0
2020,PE,2603926.0,13025.0
2020,PE,2604007.0,84395.0
2020,PE,2604106.0,365278.0
2020,PE,2604155.0,14368.0
2020,PE,2604205.0,43340.0
2020,PE,2604304.0,11891.0
2020,PE,2604403.0,13556.0
2020,PE,2604502.0,21815.0
2020,PE,2604601.0,26590.0
2020,PE,2604700.0,18268.0
2020,PE,2604809.0,12560.0
2020,PE,2604908.0,10192.0
2020,PE,2605004.0,24173.0
2020,PE,2605103.0,37375.0
2020,PE,2605152.0,19079.0
2020,PE,2605202.0,69292.0
2020,PE,2605301.0,31766.0
2020,PE,2605400.0,22247.0
2020,PE,2605459.0,3101.0
2020,PE,2605509.0,12170.0
2020,PE,2605608.0,22618.0
2020,PE,2605707.0,33184.0
2020,PE,2605806.0,15546.0
2020,PE,2605905.0,31318.0
2020,PE,2606002.0,140577.0
2020,PE,2606101.0,30751.0
2020,PE,2606200.0,80055.0
2020,PE,2606309.0,7537.0
2020,PE,2606408.0,84699.0
2020,PE,2606507.0,19241.0
2020,PE,2606606.0,29412.0
2020,PE,2606705.0,7768.0
2020,PE,2606804.0,118370.0
2020,PE,2606903.0,12247.0
2020,PE,2607000.0,23645.0
2020,PE,2607109.0,4543.0
2020,PE,2607208.0,97669.0
2020,PE,2607307.0,31187.0
2020,PE,2607406.0,4966.0
2020,PE,2607505.0,26308.0
2020,PE,2607604.0,26672.0
2020,PE,2607653.0,36471.0
2020,PE,2607703.0,13553.0
2020,PE,2607752.0,26900.0
2020,PE,2607802.0,17006.0
2020,PE,2607901.0,706867.0
2020,PE,2607950.0,11644.0
2020,PE,2608008.0,17228.0
2020,PE,2608057.0,14850.0
2020,PE,2608107.0,33328.0
2020,PE,2608206.0,16011.0
2020,PE,2608255.0,11485.0
2020,PE,2608305.0,14922.0
2020,PE,2608404.0,15431.0
2020,PE,2608453.0,18252.0
2020,PE,2608503.0,21460.0
2020,PE,2608602.0,13224.0
2020,PE,2608701.0,16318.0
2020,PE,2608750.0,25849.0
2020,PE,2608800.0,40589.0
2020,PE,2608909.0,56198.0
2020,PE,2609006.0,25472.0
2020,PE,2609105.0,16321.0
2020,PE,2609154.0,21776.0
2020,PE,2609204.0,11220.0
2020,PE,2609303.0,15470.0
2020,PE,2609402.0,63294.0
2020,PE,2609501.0,32573.0
2020,PE,2609600.0,393115.0
2020,PE,2609709.0,23935.0
2020,PE,2609808.0,15152.0
2020,PE,2609907.0,69969.0
2020,PE,2610004.0,63500.0
2020,PE,2610103.0,7600.0
2020,PE,2610202.0,26456.0
2020,PE,2610301.0,11566.0
2020,PE,2610400.0,22106.0
2020,PE,2610509.0,28894.0
2020,PE,2610608.0,56933.0
2020,PE,2610707.0,334376.0
2020,PE,2610806.0,22668.0
2020,PE,2610905.0,67735.0
2020,PE,2611002.0,36901.0
2020,PE,2611101.0,354317.0
2020,PE,2611200.0,11305.0
2020,PE,2611309.0,27148.0
2020,PE,2611408.0,15101.0
2020,PE,2611507.0,26175.0
2020,PE,2611533.0,6805.0
2020,PE,2611606.0,1653461.0
2020,PE,2611705.0,20646.0
2020,PE,2611804.0,47616.0
2020,PE,2611903.0,23628.0
2020,PE,2612000.0,9764.0
2020,PE,2612109.0,11068.0
2020,PE,2612208.0,61249.0
2020,PE,2612307.0,15862.0
2020,PE,2612406.0,26890.0
2020,PE,2612455.0,15558.0
2020,PE,2612471.0,12650.0
2020,PE,2612505.0,109897.0
2020,PE,2612554.0,14562.0
2020,PE,2612604.0,42100.0
2020,PE,2612703.0,14223.0
2020,PE,2612802.0,11865.0
2020,PE,2612901.0,16069.0
2020,PE,2613008.0,60042.0
2020,PE,2613107.0,37368.0
2020,PE,2613206.0,22899.0
2020,PE,2613305.0,21398.0
2020,PE,2613404.0,21586.0
2020,PE,2613503.0,34021.0
2020,PE,2613602.0,34056.0
2020,PE,2613701.0,114079.0
2020,PE,2613800.0,18085.0
2020,PE,2613909.0,86915.0
2020,PE,2614006.0,19196.0
2020,PE,2614105.0,36050.0
2020,PE,2614204.0,46361.0
2020,PE,2614303.0,11270.0
2020,PE,2614402.0,6021.0
2020,PE,2614501.0,65647.0
2020,PE,2614600.0,28704.0
2020,PE,2614709.0,12859.0
2020,PE,2614808.0,26106.0
2020,PE,2614857.0,23623.0
2020,PE,2615003.0,29127.0
2020,PE,2615102.0,7198.0
2020,PE,2615201.0,10206.0
2020,PE,2615300.0,52802.0
2020,PE,2615409.0,46164.0
2020,PE,2615508.0,13813.0
2020,PE,2615607.0,30816.0
2020,PE,2615706.0,15243.0
2020,PE,2615805.0,27551.0
2020,PE,2615904.0,8256.0
2020,PE,2616001.0,18661.0
2020,PE,2616100.0,9553.0
2020,PE,2616183.0,7571.0
2020,PE,2616209.0,20954.0
2020,PE,2616308.0,32772.0
2020,PE,2616407.0,139583.0
2020,PE,2616506.0,14757.0
2020,RJ,3300100.0,207044.0
2020,RJ,3300159.0,11901.0
2020,RJ,3300209.0,134293.0
2020,RJ,3300225.0,12669.0
2020,RJ,3300233.0,34477.0
2020,RJ,3300258.0,30593.0
2020,RJ,3300308.0,100764.0
2020,RJ,3300407.0,184833.0
2020,RJ,3300456.0,513118.0
2020,RJ,3300506.0,27616.0
2020,RJ,3300605.0,37203.0
2020,RJ,3300704.0,230378.0
2020,RJ,3300803.0,59303.0
2020,RJ,3300902.0,15514.0
2020,RJ,3300936.0,16586.0
2020,RJ,3300951.0,8576.0
2020,RJ,3301009.0,511168.0
2020,RJ,3301108.0,20168.0
2020,RJ,3301157.0,12821.0
2020,RJ,3301207.0,19030.0
2020,RJ,3301306.0,45041.0
2020,RJ,3301405.0,23398.0
2020,RJ,3301504.0,22041.0
2020,RJ,3301603.0,11528.0
2020,RJ,3301702.0,924624.0
2020,RJ,3301801.0,14071.0
2020,RJ,3301850.0,61388.0
2020,RJ,3301876.0,28837.0
2020,RJ,3301900.0,242543.0
2020,RJ,3302007.0,134819.0
2020,RJ,3302056.0,15299.0
2020,RJ,3302106.0,23222.0
2020,RJ,3302205.0,103800.0
2020,RJ,3302254.0,32064.0
2020,RJ,3302270.0,105548.0
2020,RJ,3302304.0,7326.0
2020,RJ,3302403.0,261501.0
2020,RJ,3302452.0,5623.0
2020,RJ,3302502.0,246433.0
2020,RJ,3302601.0,45220.0
2020,RJ,3302700.0,164504.0
2020,RJ,3302809.0,18648.0
2020,RJ,3302858.0,176569.0
2020,RJ,3302908.0,25581.0
2020,RJ,3303005.0,27154.0
2020,RJ,3303104.0,15311.0
2020,RJ,3303203.0,162693.0
2020,RJ,3303302.0,515317.0
2020,RJ,3303401.0,191158.0
2020,RJ,3303500.0,823302.0
2020,RJ,3303609.0,52683.0
2020,RJ,3303708.0,44518.0
2020,RJ,3303807.0,43680.0
2020,RJ,3303856.0,27858.0
2020,RJ,3303906.0,306678.0
2020,RJ,3303955.0,25364.0
2020,RJ,3304003.0,29545.0
2020,RJ,3304102.0,18960.0
2020,RJ,3304110.0,19974.0
2020,RJ,3304128.0,14435.0
2020,RJ,3304144.0,151335.0
2020,RJ,3304151.0,25126.0
2020,RJ,3304201.0,132312.0
2020,RJ,3304300.0,60573.0
2020,RJ,3304409.0,18605.0
2020,RJ,3304508.0,9344.0
2020,RJ,3304524.0,155193.0
2020,RJ,3304557.0,6747815.0
2020,RJ,3304607.0,10392.0
2020,RJ,3304706.0,42594.0
2020,RJ,3304755.0,42210.0
2020,RJ,3304805.0,38710.0
2020,RJ,3304904.0,1091737.0
2020,RJ,3305000.0,36423.0
2020,RJ,3305109.0,472906.0
2020,RJ,3305133.0,7206.0
2020,RJ,3305158.0,21916.0
2020,RJ,3305208.0,106049.0
2020,RJ,3305307.0,9387.0
2020,RJ,3305406.0,18249.0
2020,RJ,3305505.0,90583.0
2020,RJ,3305554.0,83092.0
2020,RJ,3305604.0,21774.0
2020,RJ,3305703.0,15667.0
2020,RJ,3305752.0,34610.0
2020,RJ,3305802.0,184240.0
2020,RJ,3305901.0,10640.0
2020,RJ,3306008.0,82142.0
2020,RJ,3306107.0,76869.0
2020,RJ,3306156.0,11106.0
2020,RJ,3306206.0,37083.0
2020,RJ,3306305.0,273988.0
2020,RS,4300034.0,4942.0
2020,RS,4300059.0,3743.0
2020,RS,4300109.0,16401.0
2020,RS,4300208.0,6987.0
2020,RS,4300307.0,5827.0
2020,RS,4300406.0,73028.0
2020,RS,4300455.0,3374.0
2020,RS,4300471.0,1949.0
2020,RS,4300505.0,6067.0
2020,RS,4300554.0,1613.0
2020,RS,4300570.0,3036.0
2020,RS,4300604.0,211352.0
2020,RS,4300638.0,7085.0
2020,RS,4300646.0,7403.0
2020,RS,4300661.0,1343.0
2020,RS,4300703.0,5961.0
2020,RS,4300802.0,13045.0
2020,RS,4300851.0,3562.0
2020,RS,4300877.0,5771.0
2020,RS,4300901.0,6189.0
2020,RS,4301008.0,20967.0
2020,RS,4301057.0,10279.0
2020,RS,4301073.0,2951.0
2020,RS,4301107.0,14177.0
2020,RS,4301206.0,13413.0
2020,RS,4301305.0,18238.0
2020,RS,4301404.0,10423.0
2020,RS,4301503.0,6602.0
2020,RS,4301552.0,3535.0
2020,RS,4301602.0,121335.0
2020,RS,4301636.0,14363.0
2020,RS,4301651.0,6202.0
2020,RS,4301701.0,6620.0
2020,RS,4301750.0,7519.0
2020,RS,4301800.0,5256.0
2020,RS,4301859.0,3257.0
2020,RS,4301875.0,4227.0
2020,RS,4301909.0,13556.0
2020,RS,4301925.0,1655.0
2020,RS,4301958.0,2551.0
2020,RS,4302006.0,11182.0
2020,RS,4302055.0,1958.0
2020,RS,4302105.0,121803.0
2020,RS,4302154.0,2092.0
2020,RS,4302204.0,6712.0
2020,RS,4302220.0,2468.0
2020,RS,4302238.0,2616.0
2020,RS,4302253.0,2778.0
2020,RS,4302303.0,11309.0
2020,RS,4302352.0,14255.0
2020,RS,4302378.0,1899.0
2020,RS,4302402.0,12390.0
2020,RS,4302451.0,7702.0
2020,RS,4302501.0,6205.0
2020,RS,4302584.0,2111.0
2020,RS,4302600.0,3311.0
2020,RS,4302659.0,5104.0
2020,RS,4302709.0,20952.0
2020,RS,4302808.0,33548.0
2020,RS,4302907.0,12423.0
2020,RS,4303004.0,81869.0
2020,RS,4303103.0,131240.0
2020,RS,4303202.0,5074.0
2020,RS,4303301.0,4823.0
2020,RS,4303400.0,4700.0
2020,RS,4303509.0,66478.0
2020,RS,4303558.0,2742.0
2020,RS,4303608.0,6406.0
2020,RS,4303673.0,3395.0
2020,RS,4303707.0,5398.0
2020,RS,4303806.0,5438.0
2020,RS,4303905.0,69458.0
2020,RS,4304002.0,4376.0
2020,RS,4304101.0,3295.0
2020,RS,4304200.0,31421.0
2020,RS,4304309.0,6151.0
2020,RS,4304358.0,9647.0
2020,RS,4304408.0,45488.0
2020,RS,4304507.0,56211.0
2020,RS,4304606.0,348208.0
2020,RS,4304614.0,1705.0
2020,RS,4304622.0,1641.0
2020,RS,4304630.0,54051.0
2020,RS,4304655.0,3699.0
2020,RS,4304663.0,25409.0
2020,RS,4304671.0,4728.0
2020,RS,4304689.0,12064.0
2020,RS,4304697.0,2763.0
2020,RS,4304705.0,62265.0
2020,RS,4304713.0,8350.0
2020,RS,4304804.0,30241.0
2020,RS,4304853.0,1351.0
2020,RS,4304903.0,9051.0
2020,RS,4304952.0,3216.0
2020,RS,4305009.0,8701.0
2020,RS,4305108.0,517451.0
2020,RS,4305116.0,2877.0
2020,RS,4305124.0,6047.0
2020,RS,4305132.0,4706.0
2020,RS,4305157.0,2296.0
2020,RS,4305173.0,12413.0
2020,RS,4305207.0,14189.0
2020,RS,4305306.0,9239.0
2020,RS,4305355.0,41258.0
2020,RS,4305371.0,3252.0
2020,RS,4305405.0,3719.0
2020,RS,4305439.0,6770.0
2020,RS,4305447.0,5480.0
2020,RS,4305454.0,16583.0
2020,RS,4305504.0,4719.0
2020,RS,4305587.0,2469.0
2020,RS,4305603.0,3130.0
2020,RS,4305702.0,6759.0
2020,RS,4305801.0,9907.0
2020,RS,4305835.0,1495.0
2020,RS,4305850.0,2286.0
2020,RS,4305871.0,2520.0
2020,RS,4305900.0,7268.0
2020,RS,4305934.0,1614.0
2020,RS,4305959.0,3838.0
2020,RS,4305975.0,2743.0
2020,RS,4306007.0,13357.0
2020,RS,4306056.0,8067.0
2020,RS,4306072.0,2844.0
2020,RS,4306106.0,59922.0
2020,RS,4306130.0,1799.0
2020,RS,4306205.0,12402.0
2020,RS,4306304.0,4736.0
2020,RS,4306320.0,2761.0
2020,RS,4306353.0,2378.0
2020,RS,4306379.0,3002.0
2020,RS,4306403.0,33119.0
2020,RS,4306429.0,2008.0
2020,RS,4306452.0,3405.0
2020,RS,4306502.0,15487.0
2020,RS,4306551.0,2527.0
2020,RS,4306601.0,38339.0
2020,RS,4306700.0,2999.0
2020,RS,4306734.0,4462.0
2020,RS,4306759.0,1975.0
2020,RS,4306767.0,41902.0
2020,RS,4306809.0,22880.0
2020,RS,4306908.0,25960.0
2020,RS,4306924.0,982.0
2020,RS,4306932.0,8411.0
2020,RS,4306957.0,2758.0
2020,RS,4306973.0,2982.0
2020,RS,4307005.0,106633.0
2020,RS,4307054.0,3170.0
2020,RS,4307104.0,6814.0
2020,RS,4307203.0,4819.0
2020,RS,4307302.0,6802.0
2020,RS,4307401.0,3287.0
2020,RS,4307450.0,2885.0
2020,RS,4307500.0,15591.0
2020,RS,4307559.0,5940.0
2020,RS,4307609.0,50672.0
2020,RS,4307708.0,83279.0
2020,RS,4307807.0,34399.0
2020,RS,4307815.0,3650.0
2020,RS,4307831.0,2352.0
2020,RS,4307864.0,2741.0
2020,RS,4307906.0,73061.0
2020,RS,4308003.0,6663.0
2020,RS,4308052.0,2284.0
2020,RS,4308078.0,4608.0
2020,RS,4308102.0,13640.0
2020,RS,4308201.0,31063.0
2020,RS,4308250.0,1737.0
2020,RS,4308300.0,10241.0
2020,RS,4308409.0,6616.0
2020,RS,4308433.0,2400.0
2020,RS,4308458.0,4285.0
2020,RS,4308508.0,31498.0
2020,RS,4308607.0,35440.0
2020,RS,4308656.0,2886.0
2020,RS,4308706.0,5489.0
2020,RS,4308805.0,8361.0
2020,RS,4308854.0,1626.0
2020,RS,4308904.0,16184.0
2020,RS,4309001.0,15863.0
2020,RS,4309050.0,8204.0
2020,RS,4309100.0,36555.0
2020,RS,4309126.0,2058.0
2020,RS,4309159.0,4352.0
2020,RS,4309209.0,283620.0
2020,RS,4309258.0,1490.0
2020,RS,4309308.0,98239.0
2020,RS,4309407.0,25968.0
2020,RS,4309506.0,7463.0
2020,RS,4309555.0,4917.0
2020,RS,4309571.0,3019.0
2020,RS,4309605.0,19389.0
2020,RS,4309654.0,6836.0
2020,RS,4309704.0,4736.0
2020,RS,4309753.0,4399.0
2020,RS,4309803.0,4699.0
2020,RS,4309902.0,7265.0
2020,RS,4309951.0,4000.0
2020,RS,4310009.0,20413.0
2020,RS,4310108.0,37340.0
2020,RS,4310207.0,83764.0
2020,RS,4310306.0,4066.0
2020,RS,4310330.0,23271.0
2020,RS,4310363.0,3100.0
2020,RS,4310405.0,6109.0
2020,RS,4310413.0,2215.0
2020,RS,4310439.0,6689.0
2020,RS,4310462.0,1880.0
2020,RS,4310504.0,7141.0
2020,RS,4310538.0,5537.0
2020,RS,4310553.0,3460.0
2020,RS,4310579.0,2065.0
2020,RS,4310603.0,37489.0
2020,RS,4310652.0,2397.0
2020,RS,4310702.0,3231.0
2020,RS,4310751.0,1881.0
2020,RS,4310801.0,24690.0
2020,RS,4310850.0,3773.0
2020,RS,4310876.0,2706.0
2020,RS,4310900.0,3546.0
2020,RS,4311007.0,26500.0
2020,RS,4311106.0,10765.0
2020,RS,4311122.0,3662.0
2020,RS,4311130.0,3486.0
2020,RS,4311155.0,8566.0
2020,RS,4311205.0,19224.0
2020,RS,4311239.0,2921.0
2020,RS,4311254.0,6461.0
2020,RS,4311270.0,1607.0
2020,RS,4311304.0,27778.0
2020,RS,4311403.0,85033.0
2020,RS,4311429.0,2566.0
2020,RS,4311502.0,7444.0
2020,RS,4311601.0,5152.0
2020,RS,4311627.0,6125.0
2020,RS,4311643.0,1719.0
2020,RS,4311700.0,5427.0
2020,RS,4311718.0,4562.0
2020,RS,4311734.0,2973.0
2020,RS,4311759.0,7307.0
2020,RS,4311775.0,6681.0
2020,RS,4311791.0,2702.0
2020,RS,4311809.0,44858.0
2020,RS,4311908.0,4319.0
2020,RS,4311981.0,3888.0
2020,RS,4312005.0,2009.0
2020,RS,4312054.0,3995.0
2020,RS,4312104.0,4797.0
2020,RS,4312138.0,2542.0
2020,RS,4312153.0,4573.0
2020,RS,4312179.0,1629.0
2020,RS,4312203.0,4314.0
2020,RS,4312252.0,8103.0
2020,RS,4312302.0,4911.0
2020,RS,4312351.0,1441.0
2020,RS,4312377.0,3232.0
2020,RS,4312385.0,2530.0
2020,RS,4312401.0,65721.0
2020,RS,4312427.0,3113.0
2020,RS,4312443.0,2919.0
2020,RS,4312450.0,6589.0
2020,RS,4312476.0,6513.0
2020,RS,4312500.0,12847.0
2020,RS,4312609.0,4961.0
2020,RS,4312617.0,3173.0
2020,RS,4312625.0,1897.0
2020,RS,4312658.0,17758.0
2020,RS,4312674.0,1674.0
2020,RS,4312708.0,11633.0
2020,RS,4312757.0,3663.0
2020,RS,4312807.0,4826.0
2020,RS,4312906.0,10005.0
2020,RS,4312955.0,1753.0
2020,RS,4313003.0,3337.0
2020,RS,4313011.0,2688.0
2020,RS,4313037.0,5410.0
2020,RS,4313060.0,21875.0
2020,RS,4313086.0,2558.0
2020,RS,4313102.0,6515.0
2020,RS,4313201.0,21536.0
2020,RS,4313300.0,27648.0
2020,RS,4313334.0,2218.0
2020,RS,4313359.0,3717.0
2020,RS,4313375.0,29905.0
2020,RS,4313391.0,4222.0
2020,RS,4313409.0,247032.0
2020,RS,4313425.0,3256.0
2020,RS,4313441.0,2200.0
2020,RS,4313466.0,1712.0
2020,RS,4313490.0,4175.0
2020,RS,4313508.0,46414.0
2020,RS,4313607.0,3778.0
2020,RS,4313656.0,11330.0
2020,RS,4313706.0,33131.0
2020,RS,4313805.0,7056.0
2020,RS,4313904.0,44128.0
2020,RS,4313953.0,9083.0
2020,RS,4314001.0,7727.0
2020,RS,4314027.0,7623.0
2020,RS,4314035.0,3862.0
2020,RS,4314050.0,58858.0
2020,RS,4314068.0,5747.0
2020,RS,4314076.0,6574.0
2020,RS,4314100.0,204722.0
2020,RS,4314134.0,2299.0
2020,RS,4314159.0,8515.0
2020,RS,4314175.0,1954.0
2020,RS,4314209.0,7706.0
2020,RS,4314308.0,3857.0
2020,RS,4314407.0,343132.0
2020,RS,4314423.0,5738.0
2020,RS,4314456.0,2580.0
2020,RS,4314464.0,1918.0
2020,RS,4314472.0,4329.0
2020,RS,4314498.0,4899.0
2020,RS,4314506.0,12195.0
2020,RS,4314548.0,3036.0
2020,RS,4314555.0,2254.0
2020,RS,4314605.0,20704.0
2020,RS,4314704.0,10019.0
2020,RS,4314753.0,2101.0
2020,RS,4314779.0,3901.0
2020,RS,4314787.0,1524.0
2020,RS,4314803.0,37561.0
2020,RS,4314902.0,1488252.0
2020,RS,4315008.0,4594.0
2020,RS,4315057.0,2352.0
2020,RS,4315073.0,1308.0
2020,RS,4315107.0,10194.0
2020,RS,4315131.0,1612.0
2020,RS,4315149.0,2937.0
2020,RS,4315156.0,6239.0
2020,RS,4315172.0,1938.0
2020,RS,4315206.0,3889.0
2020,RS,4315305.0,22607.0
2020,RS,4315313.0,1856.0
2020,RS,4315321.0,2790.0
2020,RS,4315354.0,3803.0
2020,RS,4315404.0,11669.0
2020,RS,4315453.0,2079.0
2020,RS,4315503.0,15744.0
2020,RS,4315552.0,2660.0
2020,RS,4315602.0,211965.0
2020,RS,4315701.0,38265.0
2020,RS,4315750.0,4676.0
2020,RS,4315800.0,11471.0
2020,RS,4315909.0,5868.0
2020,RS,4315958.0,2296.0
2020,RS,4316006.0,21453.0
2020,RS,4316105.0,10617.0
2020,RS,4316204.0,5080.0
2020,RS,4316303.0,6797.0
2020,RS,4316402.0,39314.0
2020,RS,4316428.0,2605.0
2020,RS,4316436.0,2622.0
2020,RS,4316451.0,12481.0
2020,RS,4316477.0,2733.0
2020,RS,4316501.0,7889.0
2020,RS,4316600.0,16328.0
2020,RS,4316709.0,7909.0
2020,RS,4316733.0,1634.0
2020,RS,4316758.0,6681.0
2020,RS,4316808.0,131365.0
2020,RS,4316907.0,283677.0
2020,RS,4316956.0,6364.0
2020,RS,4316972.0,2578.0
2020,RS,4317004.0,8067.0
2020,RS,4317103.0,76321.0
2020,RS,4317202.0,73575.0
2020,RS,4317251.0,1726.0
2020,RS,4317301.0,29483.0
2020,RS,4317400.0,49360.0
2020,RS,4317509.0,77568.0
2020,RS,4317558.0,2123.0
2020,RS,4317608.0,43171.0
2020,RS,4317707.0,10050.0
2020,RS,4317756.0,2019.0
2020,RS,4317806.0,13848.0
2020,RS,4317905.0,14216.0
2020,RS,4317954.0,2305.0
2020,RS,4318002.0,60019.0
2020,RS,4318051.0,3083.0
2020,RS,4318101.0,18205.0
2020,RS,4318200.0,21801.0
2020,RS,4318309.0,62147.0
2020,RS,4318408.0,24412.0
2020,RS,4318424.0,4641.0
2020,RS,4318432.0,2543.0
2020,RS,4318440.0,2816.0
2020,RS,4318457.0,2514.0
2020,RS,4318465.0,1943.0
2020,RS,4318481.0,4865.0
2020,RS,4318499.0,2056.0
2020,RS,4318507.0,27721.0
2020,RS,4318606.0,6922.0
2020,RS,4318614.0,2437.0
2020,RS,4318622.0,3543.0
2020,RS,4318705.0,238648.0
2020,RS,4318804.0,43540.0
2020,RS,4318903.0,33293.0
2020,RS,4319000.0,21658.0
2020,RS,4319109.0,5380.0
2020,RS,4319125.0,3231.0
2020,RS,4319158.0,7683.0
2020,RS,4319208.0,5208.0
2020,RS,4319307.0,5720.0
2020,RS,4319356.0,3842.0
2020,RS,4319364.0,2017.0
2020,RS,4319372.0,2949.0
2020,RS,4319406.0,16148.0
2020,RS,4319505.0,25959.0
2020,RS,4319604.0,23555.0
2020,RS,4319703.0,3259.0
2020,RS,4319711.0,2245.0
2020,RS,4319737.0,2729.0
2020,RS,4319752.0,2266.0
2020,RS,4319802.0,8732.0
2020,RS,4319901.0,80037.0
2020,RS,4320008.0,141808.0
2020,RS,4320107.0,24763.0
2020,RS,4320206.0,10713.0
2020,RS,4320230.0,2891.0
2020,RS,4320263.0,7444.0
2020,RS,4320305.0,5107.0
2020,RS,4320321.0,2770.0
2020,RS,4320354.0,5609.0
2020,RS,4320404.0,17795.0
2020,RS,4320453.0,1924.0
2020,RS,4320503.0,5315.0
2020,RS,4320552.0,6537.0
2020,RS,4320578.0,1950.0
2020,RS,4320602.0,3631.0
2020,RS,4320651.0,2374.0
2020,RS,4320677.0,10162.0
2020,RS,4320701.0,15005.0
2020,RS,4320800.0,31035.0
2020,RS,4320859.0,4769.0
2020,RS,4320909.0,24552.0
2020,RS,4321006.0,10577.0
2020,RS,4321105.0,17332.0
2020,RS,4321204.0,57584.0
2020,RS,4321303.0,26885.0
2020,RS,4321329.0,3077.0
2020,RS,4321352.0,5483.0
2020,RS,4321402.0,13434.0
2020,RS,4321436.0,11315.0
2020,RS,4321451.0,33766.0
2020,RS,4321469.0,3055.0
2020,RS,4321477.0,5616.0
2020,RS,4321493.0,2772.0
2020,RS,4321501.0,39064.0
2020,RS,4321600.0,52632.0
2020,RS,4321626.0,2334.0
2020,RS,4321634.0,2643.0
2020,RS,4321667.0,11115.0
2020,RS,4321709.0,28581.0
2020,RS,4321808.0,23876.0
2020,RS,4321832.0,2669.0
2020,RS,4321857.0,4251.0
2020,RS,4321907.0,23852.0
2020,RS,4321956.0,5791.0
2020,RS,4322004.0,29856.0
2020,RS,4322103.0,5644.0
2020,RS,4322152.0,4577.0
2020,RS,4322186.0,1459.0
2020,RS,4322202.0,24068.0
2020,RS,4322251.0,4939.0
2020,RS,4322301.0,7810.0
2020,RS,4322327.0,3423.0
2020,RS,4322343.0,1983.0
2020,RS,4322350.0,1118.0
2020,RS,4322376.0,2321.0
2020,RS,4322400.0,126866.0
2020,RS,4322509.0,66575.0
2020,RS,4322525.0,3515.0
2020,RS,4322533.0,11828.0
2020,RS,4322541.0,5981.0
2020,RS,4322558.0,2122.0
2020,RS,4322608.0,71973.0
2020,RS,4322707.0,27099.0
2020,RS,4322806.0,26533.0
2020,RS,4322855.0,1795.0
2020,RS,4322905.0,4690.0
2020,RS,4323002.0,256302.0
2020,RS,4323101.0,4599.0
2020,RS,4323200.0,2860.0
2020,RS,4323309.0,3396.0
2020,RS,4323358.0,2080.0
2020,RS,4323408.0,4363.0
2020,RS,4323457.0,4277.0
2020,RS,4323507.0,2739.0
2020,RS,4323606.0,1557.0
2020,RS,4323705.0,2855.0
2020,RS,4323754.0,3092.0
2020,RS,4323770.0,3031.0
2020,RS,4323804.0,16775.0
2020,GO,5200050.0,8958.0
2020,GO,5200100.0,20461.0
2020,GO,5200134.0,22546.0
2020,GO,5200159.0,2516.0
2020,GO,5200175.0,5793.0
2020,GO,5200209.0,1830.0
2020,GO,5200258.0,217698.0
2020,GO,5200308.0,28010.0
2020,GO,5200506.0,1986.0
2020,GO,5200555.0,6605.0
2020,GO,5200605.0,7688.0
2020,GO,5200803.0,8705.0
2020,GO,5200829.0,3845.0
2020,GO,5200852.0,6164.0
2020,GO,5200902.0,3069.0
2020,GO,5201108.0,391772.0
2020,GO,5201207.0,1160.0
2020,GO,5201306.0,21981.0
2020,GO,5201405.0,590146.0
2020,GO,5201454.0,2474.0
2020,GO,5201504.0,4232.0
2020,GO,5201603.0,3486.0
2020,GO,5201702.0,20273.0
2020,GO,5201801.0,10496.0
2020,GO,5202155.0,7783.0
2020,GO,5202353.0,2536.0
2020,GO,5202502.0,10110.0
2020,GO,5202601.0,3058.0
2020,GO,5202809.0,2409.0
2020,GO,5203104.0,5280.0
2020,GO,5203203.0,11408.0
2020,GO,5203302.0,30492.0
2020,GO,5203401.0,8869.0
2020,GO,5203500.0,25648.0
2020,GO,5203559.0,9919.0
2020,GO,5203575.0,4493.0
2020,GO,5203609.0,3746.0
2020,GO,5203807.0,5797.0
2020,GO,5203906.0,9484.0
2020,GO,5203939.0,2476.0
2020,GO,5203962.0,3283.0
2020,GO,5204003.0,8046.0
2020,GO,5204102.0,12666.0
2020,GO,5204201.0,1342.0
2020,GO,5204250.0,8031.0
2020,GO,5204300.0,16270.0
2020,GO,5204409.0,19107.0
2020,GO,5204508.0,93196.0
2020,GO,5204557.0,3848.0
2020,GO,5204607.0,3649.0
2020,GO,5204656.0,3632.0
2020,GO,5204706.0,12764.0
2020,GO,5204805.0,7738.0
2020,GO,5204854.0,7940.0
2020,GO,5204904.0,20007.0
2020,GO,5204953.0,1830.0
2020,GO,5205000.0,10186.0
2020,GO,5205059.0,3407.0
2020,GO,5205109.0,110983.0
2020,GO,5205208.0,5101.0
2020,GO,5205307.0,9725.0
2020,GO,5205406.0,22306.0
2020,GO,5205455.0,8703.0
2020,GO,5205471.0,10486.0
2020,GO,5205497.0,72890.0
2020,GO,5205513.0,20504.0
2020,GO,5205521.0,3360.0
2020,GO,5205703.0,2290.0
2020,GO,5205802.0,11169.0
2020,GO,5205901.0,9869.0
2020,GO,5206206.0,60210.0
2020,GO,5206305.0,2964.0
2020,GO,5206404.0,17044.0
2020,GO,5206503.0,3472.0
2020,GO,5206602.0,2837.0
2020,GO,5206701.0,3306.0
2020,GO,5206800.0,2953.0
2020,GO,5206909.0,2094.0
2020,GO,5207105.0,2479.0
2020,GO,5207253.0,7247.0
2020,GO,5207352.0,3688.0
2020,GO,5207402.0,12467.0
2020,GO,5207501.0,3264.0
2020,GO,5207535.0,6576.0
2020,GO,5207600.0,5553.0
2020,GO,5207808.0,13449.0
2020,GO,5207907.0,17005.0
2020,GO,5208004.0,123684.0
2020,GO,5208103.0,4172.0
2020,GO,5208152.0,3880.0
2020,GO,5208301.0,4778.0
2020,GO,5208400.0,11224.0
2020,GO,5208509.0,5625.0
2020,GO,5208608.0,71075.0
2020,GO,5208707.0,1536097.0
2020,GO,5208806.0,45296.0
2020,GO,5208905.0,22381.0
2020,GO,5209101.0,34202.0
2020,GO,5209150.0,5988.0
2020,GO,5209200.0,14207.0
2020,GO,5209291.0,1951.0
2020,GO,5209408.0,3846.0
2020,GO,5209457.0,1737.0
2020,GO,5209606.0,3733.0
2020,GO,5209705.0,22124.0
2020,GO,5209804.0,3508.0
2020,GO,5209903.0,14082.0
2020,GO,5209937.0,6235.0
2020,GO,5209952.0,15787.0
2020,GO,5210000.0,53259.0
2020,GO,5210109.0,27174.0
2020,GO,5210158.0,2893.0
2020,GO,5210208.0,31499.0
2020,GO,5210307.0,2786.0
2020,GO,5210406.0,43622.0
2020,GO,5210562.0,4685.0
2020,GO,5210604.0,5206.0
2020,GO,5210802.0,4475.0
2020,GO,5210901.0,23421.0
2020,GO,5211008.0,4685.0
2020,GO,5211206.0,25681.0
2020,GO,5211305.0,7259.0
2020,GO,5211404.0,8960.0
2020,GO,5211503.0,105809.0
2020,GO,5211602.0,2334.0
2020,GO,5211701.0,6025.0
2020,GO,5211800.0,51338.0
2020,GO,5211909.0,102065.0
2020,GO,5212006.0,2860.0
2020,GO,5212055.0,2506.0
2020,GO,5212105.0,7402.0
2020,GO,5212204.0,18371.0
2020,GO,5212253.0,1621.0
2020,GO,5212303.0,7651.0
2020,GO,5212501.0,211508.0
2020,GO,5212600.0,2363.0
2020,GO,5212709.0,9081.0
2020,GO,5212808.0,9363.0
2020,GO,5212907.0,2250.0
2020,GO,5212956.0,4336.0
2020,GO,5213004.0,14327.0
2020,GO,5213053.0,2583.0
2020,GO,5213087.0,28793.0
2020,GO,5213103.0,68154.0
2020,GO,5213400.0,1501.0
2020,GO,5213509.0,8684.0
2020,GO,5213707.0,8047.0
2020,GO,5213756.0,13672.0
2020,GO,5213772.0,4509.0
2020,GO,5213806.0,46548.0
2020,GO,5213855.0,2232.0
2020,GO,5213905.0,4206.0
2020,GO,5214002.0,15870.0
2020,GO,5214051.0,4713.0
2020,GO,5214101.0,3764.0
2020,GO,5214408.0,9260.0
2020,GO,5214507.0,30395.0
2020,GO,5214606.0,46730.0
2020,GO,5214705.0,2357.0
2020,GO,5214804.0,2222.0
2020,GO,5214838.0,12945.0
2020,GO,5214861.0,8112.0
2020,GO,5214879.0,2934.0
2020,GO,5214903.0,3236.0
2020,GO,5215009.0,10018.0
2020,GO,5215207.0,2843.0
2020,GO,5215231.0,117703.0
2020,GO,5215256.0,4544.0
2020,GO,5215306.0,15725.0
2020,GO,5215405.0,3723.0
2020,GO,5215504.0,6782.0
2020,GO,5215603.0,34430.0
2020,GO,5215652.0,3467.0
2020,GO,5215702.0,29392.0
2020,GO,5215801.0,2381.0
2020,GO,5215900.0,3582.0
2020,GO,5216007.0,2603.0
2020,GO,5216304.0,10140.0
2020,GO,5216403.0,10980.0
2020,GO,5216452.0,3143.0
2020,GO,5216809.0,10261.0
2020,GO,5216908.0,2194.0
2020,GO,5217104.0,24548.0
2020,GO,5217203.0,10272.0
2020,GO,5217302.0,25064.0
2020,GO,5217401.0,31686.0
2020,GO,5217609.0,90640.0
2020,GO,5217708.0,17860.0
2020,GO,5218003.0,45633.0
2020,GO,5218052.0,3931.0
2020,GO,5218102.0,4022.0
2020,GO,5218300.0,37414.0
2020,GO,5218391.0,3203.0
2020,GO,5218508.0,50701.0
2020,GO,5218607.0,10940.0
2020,GO,5218706.0,4817.0
2020,GO,5218789.0,4612.0
2020,GO,5218805.0,241518.0
2020,GO,5218904.0,19947.0
2020,GO,5219001.0,7632.0
2020,GO,5219100.0,6634.0
2020,GO,5219209.0,2819.0
2020,GO,5219258.0,5523.0
2020,GO,5219308.0,38808.0
2020,GO,5219357.0,3815.0
2020,GO,5219407.0,8935.0
2020,GO,5219456.0,3355.0
2020,GO,5219506.0,2252.0
2020,GO,5219605.0,3280.0
2020,GO,5219704.0,8562.0
2020,GO,5219712.0,4854.0
2020,GO,5219738.0,6440.0
2020,GO,5219753.0,75829.0
2020,GO,5219803.0,13103.0
2020,GO,5219902.0,6267.0
2020,GO,5220009.0,14085.0
2020,GO,5220058.0,1345.0
2020,GO,5220108.0,34157.0
2020,GO,5220157.0,5215.0
2020,GO,5220207.0,21920.0
2020,GO,5220264.0,4082.0
2020,GO,5220280.0,2037.0
2020,GO,5220405.0,20985.0
2020,GO,5220454.0,118451.0
2020,GO,5220504.0,8642.0
2020,GO,5220603.0,20816.0
2020,GO,5220686.0,6879.0
2020,GO,5220702.0,3001.0
2020,GO,5221007.0,3521.0
2020,GO,5221080.0,3498.0
2020,GO,5221197.0,8186.0
2020,GO,5221304.0,2830.0
2020,GO,5221403.0,129823.0
2020,GO,5221452.0,3498.0
2020,GO,5221502.0,4564.0
2020,GO,5221551.0,5365.0
2020,GO,5221577.0,2840.0
2020,GO,5221601.0,40840.0
2020,GO,5221700.0,13818.0
2020,GO,5221809.0,3066.0
2020,GO,5221858.0,172135.0
2020,GO,5221908.0,3838.0
2020,GO,5222005.0,13977.0
2020,GO,5222054.0,8873.0
2020,GO,5222203.0,6312.0
2020,GO,5222302.0,5882.0
2021,PE,2600054.0,100698.0
2021,PE,2600104.0,37546.0
2021,PE,2600203.0,19981.0
2021,PE,2600302.0,25240.0
2021,PE,2600401.0,37386.0
2021,PE,2600500.0,43923.0
2021,PE,2600609.0,14798.0
2021,PE,2600708.0,38408.0
2021,PE,2600807.0,22996.0
2021,PE,2600906.0,22910.0
2021,PE,2601003.0,11301.0
2021,PE,2601052.0,20936.0
2021,PE,2601102.0,85301.0
2021,PE,2601201.0,75295.0
2021,PE,2601300.0,14632.0
2021,PE,2601409.0,42866.0
2021,PE,2601508.0,12169.0
2021,PE,2601607.0,20730.0
2021,PE,2601706.0,76930.0
2021,PE,2601805.0,12811.0
2021,PE,2601904.0,60960.0
2021,PE,2602001.0,38605.0
2021,PE,2602100.0,48975.0
2021,PE,2602209.0,40038.0
2021,PE,2602308.0,38101.0
2021,PE,2602407.0,8981.0
2021,PE,2602506.0,7489.0
2021,PE,2602605.0,51696.0
2021,PE,2602704.0,13224.0
2021,PE,2602803.0,59448.0
2021,PE,2602902.0,210796.0
2021,PE,2603009.0,34778.0
2021,PE,2603108.0,20618.0
2021,PE,2603207.0,29065.0
2021,PE,2603306.0,10983.0
2021,PE,2603405.0,5744.0
2021,PE,2603454.0,159945.0
2021,PE,2603504.0,19032.0
2021,PE,2603603.0,8592.0
2021,PE,2603702.0,24743.0
2021,PE,2603801.0,20048.0
2021,PE,2603900.0,19666.0
2021,PE,2603926.0,13117.0
2021,PE,2604007.0,85131.0
2021,PE,2604106.0,369343.0
2021,PE,2604155.0,14395.0
2021,PE,2604205.0,43778.0
2021,PE,2604304.0,11972.0
2021,PE,2604403.0,13641.0
2021,PE,2604502.0,21929.0
2021,PE,2604601.0,26755.0
2021,PE,2604700.0,18327.0
2021,PE,2604809.0,12543.0
2021,PE,2604908.0,9494.0
2021,PE,2605004.0,24237.0
2021,PE,2605103.0,37633.0
2021,PE,2605152.0,19246.0
2021,PE,2605202.0,69701.0
2021,PE,2605301.0,31709.0
2021,PE,2605400.0,22360.0
2021,PE,2605459.0,3140.0
2021,PE,2605509.0,12216.0
2021,PE,2605608.0,22612.0
2021,PE,2605707.0,33488.0
2021,PE,2605806.0,15633.0
2021,PE,2605905.0,31578.0
2021,PE,2606002.0,141347.0
2021,PE,2606101.0,30847.0
2021,PE,2606200.0,80345.0
2021,PE,2606309.0,7586.0
2021,PE,2606408.0,85309.0
2021,PE,2606507.0,19284.0
2021,PE,2606606.0,29585.0
2021,PE,2606705.0,7773.0
2021,PE,2606804.0,119690.0
2021,PE,2606903.0,12265.0
2021,PE,2607000.0,24034.0
2021,PE,2607109.0,4537.0
2021,PE,2607208.0,99101.0
2021,PE,2607307.0,31515.0
2021,PE,2607406.0,5013.0
2021,PE,2607505.0,26268.0
2021,PE,2607604.0,27076.0
2021,PE,2607653.0,36495.0
2021,PE,2607703.0,13492.0
2021,PE,2607752.0,27144.0
2021,PE,2607802.0,17056.0
2021,PE,2607901.0,711330.0
2021,PE,2607950.0,11632.0
2021,PE,2608008.0,17305.0
2021,PE,2608057.0,14904.0
2021,PE,2608107.0,33570.0
2021,PE,2608206.0,15999.0
2021,PE,2608255.0,11545.0
2021,PE,2608305.0,15007.0
2021,PE,2608404.0,15483.0
2021,PE,2608453.0,18429.0
2021,PE,2608503.0,21490.0
2021,PE,2608602.0,13300.0
2021,PE,2608701.0,16345.0
2021,PE,2608750.0,26090.0
2021,PE,2608800.0,40883.0
2021,PE,2608909.0,56149.0
2021,PE,2609006.0,25565.0
2021,PE,2609105.0,16549.0
2021,PE,2609154.0,22110.0
2021,PE,2609204.0,11098.0
2021,PE,2609303.0,15548.0
2021,PE,2609402.0,63792.0
2021,PE,2609501.0,32673.0
2021,PE,2609600.0,393734.0
2021,PE,2609709.0,23985.0
2021,PE,2609808.0,15309.0
2021,PE,2609907.0,70466.0
2021,PE,2610004.0,63745.0
2021,PE,2610103.0,7509.0
2021,PE,2610202.0,26438.0
2021,PE,2610301.0,11608.0
2021,PE,2610400.0,22198.0
2021,PE,2610509.0,28856.0
2021,PE,2610608.0,57346.0
2021,PE,2610707.0,336919.0
2021,PE,2610806.0,22716.0
2021,PE,2610905.0,68067.0
2021,PE,2611002.0,37246.0
2021,PE,2611101.0,359372.0
2021,PE,2611200.0,11308.0
2021,PE,2611309.0,27204.0
2021,PE,2611408.0,15231.0
2021,PE,2611507.0,26309.0
2021,PE,2611533.0,6796.0
2021,PE,2611606.0,1661017.0
2021,PE,2611705.0,20744.0
2021,PE,2611804.0,47813.0
2021,PE,2611903.0,23719.0
2021,PE,2612000.0,9600.0
2021,PE,2612109.0,11214.0
2021,PE,2612208.0,61561.0
2021,PE,2612307.0,15880.0
2021,PE,2612406.0,27308.0
2021,PE,2612455.0,15713.0
2021,PE,2612471.0,12708.0
2021,PE,2612505.0,111812.0
2021,PE,2612554.0,14645.0
2021,PE,2612604.0,42266.0
2021,PE,2612703.0,14308.0
2021,PE,2612802.0,11914.0
2021,PE,2612901.0,16239.0
2021,PE,2613008.0,60567.0
2021,PE,2613107.0,37488.0
2021,PE,2613206.0,23002.0
2021,PE,2613305.0,21439.0
2021,PE,2613404.0,21868.0
2021,PE,2613503.0,34082.0
2021,PE,2613602.0,34210.0
2021,PE,2613701.0,114910.0
2021,PE,2613800.0,18150.0
2021,PE,2613909.0,87467.0
2021,PE,2614006.0,19226.0
2021,PE,2614105.0,36189.0
2021,PE,2614204.0,46845.0
2021,PE,2614303.0,11269.0
2021,PE,2614402.0,6034.0
2021,PE,2614501.0,66192.0
2021,PE,2614600.0,28860.0
2021,PE,2614709.0,12843.0
2021,PE,2614808.0,26439.0
2021,PE,2614857.0,23852.0
2021,PE,2615003.0,29472.0
2021,PE,2615102.0,7227.0
2021,PE,2615201.0,10314.0
2021,PE,2615300.0,52587.0
2021,PE,2615409.0,47088.0
2021,PE,2615508.0,13856.0
2021,PE,2615607.0,31103.0
2021,PE,2615706.0,15232.0
2021,PE,2615805.0,27793.0
2021,PE,2615904.0,8266.0
2021,PE,2616001.0,18835.0
2021,PE,2616100.0,9572.0
2021,PE,2616183.0,7526.0
2021,PE,2616209.0,21172.0
2021,PE,2616308.0,32897.0
2021,PE,2616407.0,140389.0
2021,PE,2616506.0,14789.0
2021,RJ,3300100.0,210171.0
2021,RJ,3300159.0,12036.0
2021,RJ,3300209.0,136109.0
2021,RJ,3300225.0,12763.0
2021,RJ,3300233.0,35060.0
2021,RJ,3300258.0,30827.0
2021,RJ,3300308.0,101139.0
2021,RJ,3300407.0,185237.0
2021,RJ,3300456.0,515239.0
2021,RJ,3300506.0,27779.0
2021,RJ,3300605.0,37306.0
2021,RJ,3300704.0,234077.0
2021,RJ,3300803.0,59652.0
2021,RJ,3300902.0,15521.0
2021,RJ,3300936.0,16859.0
2021,RJ,3300951.0,8590.0
2021,RJ,3301009.0,514643.0
2021,RJ,3301108.0,20163.0
2021,RJ,3301157.0,12818.0
2021,RJ,3301207.0,19161.0
2021,RJ,3301306.0,45864.0
2021,RJ,3301405.0,23561.0
2021,RJ,3301504.0,22152.0
2021,RJ,3301603.0,11563.0
2021,RJ,3301702.0,929449.0
2021,RJ,3301801.0,14138.0
2021,RJ,3301850.0,62225.0
2021,RJ,3301876.0,29344.0
2021,RJ,3301900.0,244416.0
2021,RJ,3302007.0,136547.0
2021,RJ,3302056.0,15387.0
2021,RJ,3302106.0,23211.0
2021,RJ,3302205.0,104354.0
2021,RJ,3302254.0,32312.0
2021,RJ,3302270.0,106296.0
2021,RJ,3302304.0,7298.0
2021,RJ,3302403.0,266136.0
2021,RJ,3302452.0,5646.0
2021,RJ,3302502.0,247741.0
2021,RJ,3302601.0,45941.0
2021,RJ,3302700.0,167668.0
2021,RJ,3302809.0,18681.0
2021,RJ,3302858.0,177016.0
2021,RJ,3302908.0,25622.0
2021,RJ,3303005.0,27134.0
2021,RJ,3303104.0,15305.0
2021,RJ,3303203.0,162893.0
2021,RJ,3303302.0,516981.0
2021,RJ,3303401.0,191664.0
2021,RJ,3303500.0,825388.0
2021,RJ,3303609.0,53093.0
2021,RJ,3303708.0,44741.0
2021,RJ,3303807.0,44175.0
2021,RJ,3303856.0,27942.0
2021,RJ,3303906.0,307144.0
2021,RJ,3303955.0,25563.0
2021,RJ,3304003.0,29802.0
2021,RJ,3304102.0,19068.0
2021,RJ,3304110.0,20254.0
2021,RJ,3304128.0,14562.0
2021,RJ,3304144.0,152311.0
2021,RJ,3304151.0,25535.0
2021,RJ,3304201.0,133244.0
2021,RJ,3304300.0,60930.0
2021,RJ,3304409.0,18677.0
2021,RJ,3304508.0,9401.0
2021,RJ,3304524.0,159529.0
2021,RJ,3304557.0,6775561.0
2021,RJ,3304607.0,10380.0
2021,RJ,3304706.0,42705.0
2021,RJ,3304755.0,42214.0
2021,RJ,3304805.0,38749.0
2021,RJ,3304904.0,1098357.0
2021,RJ,3305000.0,36731.0
2021,RJ,3305109.0,473385.0
2021,RJ,3305133.0,7240.0
2021,RJ,3305158.0,22032.0
2021,RJ,3305208.0,107556.0
2021,RJ,3305307.0,9416.0
2021,RJ,3305406.0,18270.0
2021,RJ,3305505.0,91938.0
2021,RJ,3305554.0,83841.0
2021,RJ,3305604.0,21775.0
2021,RJ,3305703.0,15709.0
2021,RJ,3305752.0,34898.0
2021,RJ,3305802.0,185820.0
2021,RJ,3305901.0,10653.0
2021,RJ,3306008.0,82468.0
2021,RJ,3306107.0,77202.0
2021,RJ,3306156.0,11208.0
2021,RJ,3306206.0,37262.0
2021,RJ,3306305.0,274925.0
2021,RS,4300034.0,4981.0
2021,RS,4300059.0,3738.0
2021,RS,4300109.0,16344.0
2021,RS,4300208.0,6951.0
2021,RS,4300307.0,5710.0
2021,RS,4300406.0,72493.0
2021,RS,4300455.0,3287.0
2021,RS,4300471.0,1935.0
2021,RS,4300505.0,5885.0
2021,RS,4300554.0,1590.0
2021,RS,4300570.0,3043.0
2021,RS,4300604.0,212352.0
2021,RS,4300638.0,7136.0
2021,RS,4300646.0,7396.0
2021,RS,4300661.0,1351.0
2021,RS,4300703.0,5941.0
2021,RS,4300802.0,13041.0
2021,RS,4300851.0,3544.0
2021,RS,4300877.0,5840.0
2021,RS,4300901.0,6145.0
2021,RS,4301008.0,21121.0
2021,RS,4301057.0,10483.0
2021,RS,4301073.0,2966.0
2021,RS,4301107.0,14201.0
2021,RS,4301206.0,13452.0
2021,RS,4301305.0,18185.0
2021,RS,4301404.0,10422.0
2021,RS,4301503.0,6545.0
2021,RS,4301552.0,3517.0
2021,RS,4301602.0,121518.0
2021,RS,4301636.0,14645.0
2021,RS,4301651.0,6232.0
2021,RS,4301701.0,6616.0
2021,RS,4301750.0,7550.0
2021,RS,4301800.0,5237.0
2021,RS,4301859.0,3266.0
2021,RS,4301875.0,4238.0
2021,RS,4301909.0,13618.0
2021,RS,4301925.0,1621.0
2021,RS,4301958.0,2563.0
2021,RS,4302006.0,11167.0
2021,RS,4302055.0,1924.0
2021,RS,4302105.0,123090.0
2021,RS,4302154.0,2087.0
2021,RS,4302204.0,6712.0
2021,RS,4302220.0,2466.0
2021,RS,4302238.0,2628.0
2021,RS,4302253.0,2773.0
2021,RS,4302303.0,11270.0
2021,RS,4302352.0,14446.0
2021,RS,4302378.0,1858.0
2021,RS,4302402.0,12448.0
2021,RS,4302451.0,7691.0
2021,RS,4302501.0,6135.0
2021,RS,4302584.0,2099.0
2021,RS,4302600.0,3271.0
2021,RS,4302659.0,5132.0
2021,RS,4302709.0,20963.0
2021,RS,4302808.0,33476.0
2021,RS,4302907.0,12291.0
2021,RS,4303004.0,81552.0
2021,RS,4303103.0,132144.0
2021,RS,4303202.0,5083.0
2021,RS,4303301.0,4802.0
2021,RS,4303400.0,4659.0
2021,RS,4303509.0,66686.0
2021,RS,4303558.0,2750.0
2021,RS,4303608.0,6383.0
2021,RS,4303673.0,3402.0
2021,RS,4303707.0,5325.0
2021,RS,4303806.0,5422.0
2021,RS,4303905.0,69981.0
2021,RS,4304002.0,4273.0
2021,RS,4304101.0,3272.0
2021,RS,4304200.0,31475.0
2021,RS,4304309.0,6106.0
2021,RS,4304358.0,9707.0
2021,RS,4304408.0,45957.0
2021,RS,4304507.0,56370.0
2021,RS,4304606.0,349728.0
2021,RS,4304614.0,1693.0
2021,RS,4304622.0,1628.0
2021,RS,4304630.0,55009.0
2021,RS,4304655.0,3745.0
2021,RS,4304663.0,25462.0
2021,RS,4304671.0,4793.0
2021,RS,4304689.0,12183.0
2021,RS,4304697.0,2770.0
2021,RS,4304705.0,62413.0
2021,RS,4304713.0,8426.0
2021,RS,4304804.0,30630.0
2021,RS,4304853.0,1327.0
2021,RS,4304903.0,9070.0
2021,RS,4304952.0,3228.0
2021,RS,4305009.0,8631.0
2021,RS,4305108.0,523716.0
2021,RS,4305116.0,2865.0
2021,RS,4305124.0,6005.0
2021,RS,4305132.0,4720.0
2021,RS,4305157.0,2281.0
2021,RS,4305173.0,12579.0
2021,RS,4305207.0,14243.0
2021,RS,4305306.0,9211.0
2021,RS,4305355.0,41705.0
2021,RS,4305371.0,3228.0
2021,RS,4305405.0,3684.0
2021,RS,4305439.0,6832.0
2021,RS,4305447.0,5518.0
2021,RS,4305454.0,16897.0
2021,RS,4305504.0,4693.0
2021,RS,4305587.0,2466.0
2021,RS,4305603.0,3088.0
2021,RS,4305702.0,6766.0
2021,RS,4305801.0,9903.0
2021,RS,4305835.0,1490.0
2021,RS,4305850.0,2267.0
2021,RS,4305871.0,2521.0
2021,RS,4305900.0,7213.0
2021,RS,4305934.0,1602.0
2021,RS,4305959.0,3824.0
2021,RS,4305975.0,2731.0
2021,RS,4306007.0,13269.0
2021,RS,4306056.0,8121.0
2021,RS,4306072.0,2840.0
2021,RS,4306106.0,59561.0
2021,RS,4306130.0,1765.0
2021,RS,4306205.0,12457.0
2021,RS,4306304.0,4732.0
2021,RS,4306320.0,2718.0
2021,RS,4306353.0,2331.0
2021,RS,4306379.0,2991.0
2021,RS,4306403.0,33547.0
2021,RS,4306429.0,1992.0
2021,RS,4306452.0,3410.0
2021,RS,4306502.0,15556.0
2021,RS,4306551.0,2520.0
2021,RS,4306601.0,38222.0
2021,RS,4306700.0,2958.0
2021,RS,4306734.0,4380.0
2021,RS,4306759.0,1967.0
2021,RS,4306767.0,42490.0
2021,RS,4306809.0,23047.0
2021,RS,4306908.0,26039.0
2021,RS,4306924.0,932.0
2021,RS,4306932.0,8350.0
2021,RS,4306957.0,2724.0
2021,RS,4306973.0,2978.0
2021,RS,4307005.0,107368.0
2021,RS,4307054.0,3171.0
2021,RS,4307104.0,6807.0
2021,RS,4307203.0,4780.0
2021,RS,4307302.0,6697.0
2021,RS,4307401.0,3291.0
2021,RS,4307450.0,2846.0
2021,RS,4307500.0,15594.0
2021,RS,4307559.0,5924.0
2021,RS,4307609.0,51292.0
2021,RS,4307708.0,83352.0
2021,RS,4307807.0,34669.0
2021,RS,4307815.0,3646.0
2021,RS,4307831.0,2310.0
2021,RS,4307864.0,2750.0
2021,RS,4307906.0,73758.0
2021,RS,4308003.0,6651.0
2021,RS,4308052.0,2256.0
2021,RS,4308078.0,4680.0
2021,RS,4308102.0,13728.0
2021,RS,4308201.0,31352.0
2021,RS,4308250.0,1709.0
2021,RS,4308300.0,10181.0
2021,RS,4308409.0,6569.0
2021,RS,4308433.0,2389.0
2021,RS,4308458.0,4252.0
2021,RS,4308508.0,31675.0
2021,RS,4308607.0,35794.0
2021,RS,4308656.0,2851.0
2021,RS,4308706.0,5447.0
2021,RS,4308805.0,8339.0
2021,RS,4308854.0,1619.0
2021,RS,4308904.0,16158.0
2021,RS,4309001.0,15729.0
2021,RS,4309050.0,8304.0
2021,RS,4309100.0,36864.0
2021,RS,4309126.0,2036.0
2021,RS,4309159.0,4378.0
2021,RS,4309209.0,285564.0
2021,RS,4309258.0,1478.0
2021,RS,4309308.0,98331.0
2021,RS,4309407.0,26199.0
2021,RS,4309506.0,7393.0
2021,RS,4309555.0,4967.0
2021,RS,4309571.0,3019.0
2021,RS,4309605.0,19446.0
2021,RS,4309654.0,6894.0
2021,RS,4309704.0,4712.0
2021,RS,4309753.0,4393.0
2021,RS,4309803.0,4690.0
2021,RS,4309902.0,7267.0
2021,RS,4309951.0,3988.0
2021,RS,4310009.0,20474.0
2021,RS,4310108.0,37754.0
2021,RS,4310207.0,84041.0
2021,RS,4310306.0,4054.0
2021,RS,4310330.0,23721.0
2021,RS,4310363.0,3103.0
2021,RS,4310405.0,6054.0
2021,RS,4310413.0,2207.0
2021,RS,4310439.0,6736.0
2021,RS,4310462.0,1871.0
2021,RS,4310504.0,7046.0
2021,RS,4310538.0,5573.0
2021,RS,4310553.0,3456.0
2021,RS,4310579.0,2037.0
2021,RS,4310603.0,37363.0
2021,RS,4310652.0,2377.0
2021,RS,4310702.0,3143.0
2021,RS,4310751.0,1854.0
2021,RS,4310801.0,25068.0
2021,RS,4310850.0,3738.0
2021,RS,4310876.0,2718.0
2021,RS,4310900.0,3532.0
2021,RS,4311007.0,26327.0
2021,RS,4311106.0,10684.0
2021,RS,4311122.0,3611.0
2021,RS,4311130.0,3472.0
2021,RS,4311155.0,8571.0
2021,RS,4311205.0,19159.0
2021,RS,4311239.0,2939.0
2021,RS,4311254.0,6469.0
2021,RS,4311270.0,1604.0
2021,RS,4311304.0,27751.0
2021,RS,4311403.0,86005.0
2021,RS,4311429.0,2569.0
2021,RS,4311502.0,7410.0
2021,RS,4311601.0,5087.0
2021,RS,4311627.0,6193.0
2021,RS,4311643.0,1724.0
2021,RS,4311700.0,5411.0
2021,RS,4311718.0,4539.0
2021,RS,4311734.0,2965.0
2021,RS,4311759.0,7315.0
2021,RS,4311775.0,6747.0
2021,RS,4311791.0,2713.0
2021,RS,4311809.0,45523.0
2021,RS,4311908.0,4239.0
2021,RS,4311981.0,3892.0
2021,RS,4312005.0,1987.0
2021,RS,4312054.0,3981.0
2021,RS,4312104.0,4760.0
2021,RS,4312138.0,2543.0
2021,RS,4312153.0,4627.0
2021,RS,4312179.0,1611.0
2021,RS,4312203.0,4254.0
2021,RS,4312252.0,8130.0
2021,RS,4312302.0,4899.0
2021,RS,4312351.0,1430.0
2021,RS,4312377.0,3237.0
2021,RS,4312385.0,2514.0
2021,RS,4312401.0,66157.0
2021,RS,4312427.0,3139.0
2021,RS,4312443.0,2891.0
2021,RS,4312450.0,6609.0
2021,RS,4312476.0,6570.0
2021,RS,4312500.0,12888.0
2021,RS,4312609.0,4967.0
2021,RS,4312617.0,3184.0
2021,RS,4312625.0,1901.0
2021,RS,4312658.0,17886.0
2021,RS,4312674.0,1667.0
2021,RS,4312708.0,11574.0
2021,RS,4312757.0,3698.0
2021,RS,4312807.0,4890.0
2021,RS,4312906.0,10089.0
2021,RS,4312955.0,1731.0
2021,RS,4313003.0,3345.0
2021,RS,4313011.0,2677.0
2021,RS,4313037.0,5465.0
2021,RS,4313060.0,22147.0
2021,RS,4313086.0,2563.0
2021,RS,4313102.0,6519.0
2021,RS,4313201.0,21717.0
2021,RS,4313300.0,28021.0
2021,RS,4313334.0,2195.0
2021,RS,4313359.0,3743.0
2021,RS,4313375.0,30482.0
2021,RS,4313391.0,4246.0
2021,RS,4313409.0,247303.0
2021,RS,4313425.0,3191.0
2021,RS,4313441.0,2189.0
2021,RS,4313466.0,1705.0
2021,RS,4313490.0,4185.0
2021,RS,4313508.0,46815.0
2021,RS,4313607.0,3731.0
2021,RS,4313656.0,11342.0
2021,RS,4313706.0,32967.0
2021,RS,4313805.0,7056.0
2021,RS,4313904.0,44583.0
2021,RS,4313953.0,8995.0
2021,RS,4314001.0,7793.0
2021,RS,4314027.0,7635.0
2021,RS,4314035.0,3885.0
2021,RS,4314050.0,59419.0
2021,RS,4314068.0,5790.0
2021,RS,4314076.0,6612.0
2021,RS,4314100.0,206103.0
2021,RS,4314134.0,2303.0
2021,RS,4314159.0,8541.0
2021,RS,4314175.0,1928.0
2021,RS,4314209.0,7683.0
2021,RS,4314308.0,3840.0
2021,RS,4314407.0,343826.0
2021,RS,4314423.0,5780.0
2021,RS,4314456.0,2581.0
2021,RS,4314464.0,1896.0
2021,RS,4314472.0,4309.0
2021,RS,4314498.0,4926.0
2021,RS,4314506.0,12122.0
2021,RS,4314548.0,3068.0
2021,RS,4314555.0,2205.0
2021,RS,4314605.0,20743.0
2021,RS,4314704.0,9957.0
2021,RS,4314753.0,2105.0
2021,RS,4314779.0,3898.0
2021,RS,4314787.0,1501.0
2021,RS,4314803.0,38081.0
2021,RS,4314902.0,1492530.0
2021,RS,4315008.0,4514.0
2021,RS,4315057.0,2332.0
2021,RS,4315073.0,1258.0
2021,RS,4315107.0,10144.0
2021,RS,4315131.0,1586.0
2021,RS,4315149.0,2972.0
2021,RS,4315156.0,6235.0
2021,RS,4315172.0,1929.0
2021,RS,4315206.0,3861.0
2021,RS,4315305.0,22531.0
2021,RS,4315313.0,1860.0
2021,RS,4315321.0,2793.0
2021,RS,4315354.0,3810.0
2021,RS,4315404.0,11782.0
2021,RS,4315453.0,2068.0
2021,RS,4315503.0,15702.0
2021,RS,4315552.0,2571.0
2021,RS,4315602.0,212881.0
2021,RS,4315701.0,38257.0
2021,RS,4315750.0,4698.0
2021,RS,4315800.0,11556.0
2021,RS,4315909.0,5868.0
2021,RS,4315958.0,2270.0
2021,RS,4316006.0,21591.0
2021,RS,4316105.0,10633.0
2021,RS,4316204.0,5033.0
2021,RS,4316303.0,6750.0
2021,RS,4316402.0,39210.0
2021,RS,4316428.0,2601.0
2021,RS,4316436.0,2596.0
2021,RS,4316451.0,12512.0
2021,RS,4316477.0,2734.0
2021,RS,4316501.0,7975.0
2021,RS,4316600.0,16382.0
2021,RS,4316709.0,7813.0
2021,RS,4316733.0,1630.0
2021,RS,4316758.0,6755.0
2021,RS,4316808.0,132271.0
2021,RS,4316907.0,285159.0
2021,RS,4316956.0,6382.0
2021,RS,4316972.0,2593.0
2021,RS,4317004.0,8037.0
2021,RS,4317103.0,75647.0
2021,RS,4317202.0,73882.0
2021,RS,4317251.0,1722.0
2021,RS,4317301.0,29298.0
2021,RS,4317400.0,49298.0
2021,RS,4317509.0,77544.0
2021,RS,4317558.0,2118.0
2021,RS,4317608.0,43397.0
2021,RS,4317707.0,9930.0
2021,RS,4317756.0,2018.0
2021,RS,4317806.0,13813.0
2021,RS,4317905.0,14177.0
2021,RS,4317954.0,2287.0
2021,RS,4318002.0,59768.0
2021,RS,4318051.0,3091.0
2021,RS,4318101.0,18081.0
2021,RS,4318200.0,21871.0
2021,RS,4318309.0,62187.0
2021,RS,4318408.0,24569.0
2021,RS,4318424.0,4625.0
2021,RS,4318432.0,2535.0
2021,RS,4318440.0,2808.0
2021,RS,4318457.0,2491.0
2021,RS,4318465.0,1917.0
2021,RS,4318481.0,4924.0
2021,RS,4318499.0,2040.0
2021,RS,4318507.0,27866.0
2021,RS,4318606.0,6911.0
2021,RS,4318614.0,2464.0
2021,RS,4318622.0,3559.0
2021,RS,4318705.0,240378.0
2021,RS,4318804.0,43501.0
2021,RS,4318903.0,33124.0
2021,RS,4319000.0,21756.0
2021,RS,4319109.0,5336.0
2021,RS,4319125.0,3228.0
2021,RS,4319158.0,7692.0
2021,RS,4319208.0,5153.0
2021,RS,4319307.0,5654.0
2021,RS,4319356.0,3881.0
2021,RS,4319364.0,2025.0
2021,RS,4319372.0,2950.0
2021,RS,4319406.0,16100.0
2021,RS,4319505.0,26161.0
2021,RS,4319604.0,23492.0
2021,RS,4319703.0,3220.0
2021,RS,4319711.0,2248.0
2021,RS,4319737.0,2732.0
2021,RS,4319752.0,2288.0
2021,RS,4319802.0,8742.0
2021,RS,4319901.0,80514.0
2021,RS,4320008.0,142508.0
2021,RS,4320107.0,25024.0
2021,RS,4320206.0,10678.0
2021,RS,4320230.0,2875.0
2021,RS,4320263.0,7465.0
2021,RS,4320305.0,5114.0
2021,RS,4320321.0,2761.0
2021,RS,4320354.0,5635.0
2021,RS,4320404.0,18074.0
2021,RS,4320453.0,1889.0
2021,RS,4320503.0,5220.0
2021,RS,4320552.0,6586.0
2021,RS,4320578.0,1931.0
2021,RS,4320602.0,3607.0
2021,RS,4320651.0,2365.0
2021,RS,4320677.0,10152.0
2021,RS,4320701.0,15041.0
2021,RS,4320800.0,31067.0
2021,RS,4320859.0,4816.0
2021,RS,4320909.0,24973.0
2021,RS,4321006.0,10569.0
2021,RS,4321105.0,17363.0
2021,RS,4321204.0,57740.0
2021,RS,4321303.0,26907.0
2021,RS,4321329.0,3081.0
2021,RS,4321352.0,5484.0
2021,RS,4321402.0,13385.0
2021,RS,4321436.0,11323.0
2021,RS,4321451.0,34275.0
2021,RS,4321469.0,3078.0
2021,RS,4321477.0,5532.0
2021,RS,4321493.0,2753.0
2021,RS,4321501.0,39381.0
2021,RS,4321600.0,53507.0
2021,RS,4321626.0,2331.0
2021,RS,4321634.0,2620.0
2021,RS,4321667.0,11174.0
2021,RS,4321709.0,28948.0
2021,RS,4321808.0,23846.0
2021,RS,4321832.0,2643.0
2021,RS,4321857.0,4232.0
2021,RS,4321907.0,23799.0
2021,RS,4321956.0,5781.0
2021,RS,4322004.0,30159.0
2021,RS,4322103.0,5612.0
2021,RS,4322152.0,4585.0
2021,RS,4322186.0,1447.0
2021,RS,4322202.0,24182.0
2021,RS,4322251.0,5019.0
2021,RS,4322301.0,7730.0
2021,RS,4322327.0,3408.0
2021,RS,4322343.0,1952.0
2021,RS,4322350.0,1084.0
2021,RS,4322376.0,2306.0
2021,RS,4322400.0,126766.0
2021,RS,4322509.0,66916.0
2021,RS,4322525.0,3531.0
2021,RS,4322533.0,11873.0
2021,RS,4322541.0,6046.0
2021,RS,4322558.0,2130.0
2021,RS,4322608.0,72373.0
2021,RS,4322707.0,27325.0
2021,RS,4322806.0,26813.0
2021,RS,4322855.0,1776.0
2021,RS,4322905.0,4628.0
2021,RS,4323002.0,257330.0
2021,RS,4323101.0,4530.0
2021,RS,4323200.0,2840.0
2021,RS,4323309.0,3407.0
2021,RS,4323358.0,2070.0
2021,RS,4323408.0,4368.0
2021,RS,4323457.0,4274.0
2021,RS,4323507.0,2726.0
2021,RS,4323606.0,1553.0
2021,RS,4323705.0,2858.0
2021,RS,4323754.0,3052.0
2021,RS,4323770.0,3046.0
2021,RS,4323804.0,17126.0
2021,GO,5200050.0,9158.0
2021,GO,5200100.0,20873.0
2021,GO,5200134.0,22710.0
2021,GO,5200159.0,2515.0
2021,GO,5200175.0,5843.0
2021,GO,5200209.0,1809.0
2021,GO,5200258.0,222850.0
2021,GO,5200308.0,28360.0
2021,GO,5200506.0,1976.0
2021,GO,5200555.0,6796.0
2021,GO,5200605.0,7751.0
2021,GO,5200803.0,8749.0
2021,GO,5200829.0,3875.0
2021,GO,5200852.0,6220.0
2021,GO,5200902.0,3011.0
2021,GO,5201108.0,396526.0
2021,GO,5201207.0,1171.0
2021,GO,5201306.0,22113.0
2021,GO,5201405.0,601844.0
2021,GO,5201454.0,2474.0
2021,GO,5201504.0,4266.0
2021,GO,5201603.0,3450.0
2021,GO,5201702.0,20410.0
2021,GO,5201801.0,10680.0
2021,GO,5202155.0,7795.0
2021,GO,5202353.0,2462.0
2021,GO,5202502.0,10340.0
2021,GO,5202601.0,3000.0
2021,GO,5202809.0,2401.0
2021,GO,5203104.0,5418.0
2021,GO,5203203.0,11643.0
2021,GO,5203302.0,31004.0
2021,GO,5203401.0,8912.0
2021,GO,5203500.0,26069.0
2021,GO,5203559.0,10120.0
2021,GO,5203575.0,4579.0
2021,GO,5203609.0,3812.0
2021,GO,5203807.0,5815.0
2021,GO,5203906.0,9515.0
2021,GO,5203939.0,2464.0
2021,GO,5203962.0,3272.0
2021,GO,5204003.0,8098.0
2021,GO,5204102.0,12843.0
2021,GO,5204201.0,1336.0
2021,GO,5204250.0,7997.0
2021,GO,5204300.0,16525.0
2021,GO,5204409.0,19304.0
2021,GO,5204508.0,95183.0
2021,GO,5204557.0,3900.0
2021,GO,5204607.0,3662.0
2021,GO,5204656.0,3628.0
2021,GO,5204706.0,12880.0
2021,GO,5204805.0,7884.0
2021,GO,5204854.0,8087.0
2021,GO,5204904.0,20124.0
2021,GO,5204953.0,1526.0
2021,GO,5205000.0,10299.0
2021,GO,5205059.0,3380.0
2021,GO,5205109.0,113091.0
2021,GO,5205208.0,5132.0
2021,GO,5205307.0,9740.0
2021,GO,5205406.0,22407.0
2021,GO,5205455.0,8794.0
2021,GO,5205471.0,10797.0
2021,GO,5205497.0,74370.0
2021,GO,5205513.0,20771.0
2021,GO,5205521.0,3339.0
2021,GO,5205703.0,2254.0
2021,GO,5205802.0,11223.0
2021,GO,5205901.0,10012.0
2021,GO,5206206.0,61385.0
2021,GO,5206305.0,2962.0
2021,GO,5206404.0,17136.0
2021,GO,5206503.0,3458.0
2021,GO,5206602.0,2820.0
2021,GO,5206701.0,3302.0
2021,GO,5206800.0,2944.0
2021,GO,5206909.0,2094.0
2021,GO,5207105.0,2477.0
2021,GO,5207253.0,7174.0
2021,GO,5207352.0,3678.0
2021,GO,5207402.0,12559.0
2021,GO,5207501.0,3253.0
2021,GO,5207535.0,6527.0
2021,GO,5207600.0,5471.0
2021,GO,5207808.0,13604.0
2021,GO,5207907.0,17415.0
2021,GO,5208004.0,125705.0
2021,GO,5208103.0,4098.0
2021,GO,5208152.0,3923.0
2021,GO,5208301.0,4701.0
2021,GO,5208400.0,11217.0
2021,GO,5208509.0,5650.0
2021,GO,5208608.0,72045.0
2021,GO,5208707.0,1555626.0
2021,GO,5208806.0,46278.0
2021,GO,5208905.0,22122.0
2021,GO,5209101.0,34307.0
2021,GO,5209150.0,6076.0
2021,GO,5209200.0,14206.0
2021,GO,5209291.0,1905.0
2021,GO,5209408.0,3801.0
2021,GO,5209457.0,1681.0
2021,GO,5209606.0,3742.0
2021,GO,5209705.0,22533.0
2021,GO,5209804.0,3450.0
2021,GO,5209903.0,14215.0
2021,GO,5209937.0,6275.0
2021,GO,5209952.0,15962.0
2021,GO,5210000.0,53655.0
2021,GO,5210109.0,27365.0
2021,GO,5210158.0,2892.0
2021,GO,5210208.0,31471.0
2021,GO,5210307.0,2772.0
2021,GO,5210406.0,44329.0
2021,GO,5210562.0,4684.0
2021,GO,5210604.0,5184.0
2021,GO,5210802.0,4412.0
2021,GO,5210901.0,23850.0
2021,GO,5211008.0,4380.0
2021,GO,5211206.0,25597.0
2021,GO,5211305.0,7337.0
2021,GO,5211404.0,8968.0
2021,GO,5211503.0,106845.0
2021,GO,5211602.0,2295.0
2021,GO,5211701.0,6001.0
2021,GO,5211800.0,52160.0
2021,GO,5211909.0,103221.0
2021,GO,5212006.0,2843.0
2021,GO,5212055.0,2497.0
2021,GO,5212105.0,7417.0
2021,GO,5212204.0,18266.0
2021,GO,5212253.0,1652.0
2021,GO,5212303.0,7663.0
2021,GO,5212501.0,214645.0
2021,GO,5212600.0,2358.0
2021,GO,5212709.0,9277.0
2021,GO,5212808.0,9234.0
2021,GO,5212907.0,2263.0
2021,GO,5212956.0,4321.0
2021,GO,5213004.0,14568.0
2021,GO,5213053.0,2575.0
2021,GO,5213087.0,28518.0
2021,GO,5213103.0,69477.0
2021,GO,5213400.0,1471.0
2021,GO,5213509.0,8759.0
2021,GO,5213707.0,8037.0
2021,GO,5213756.0,13935.0
2021,GO,5213772.0,4538.0
2021,GO,5213806.0,46955.0
2021,GO,5213855.0,2217.0
2021,GO,5213905.0,4120.0
2021,GO,5214002.0,16077.0
2021,GO,5214051.0,4540.0
2021,GO,5214101.0,3749.0
2021,GO,5214408.0,9375.0
2021,GO,5214507.0,30931.0
2021,GO,5214606.0,47064.0
2021,GO,5214705.0,2362.0
2021,GO,5214804.0,2236.0
2021,GO,5214838.0,13020.0
2021,GO,5214861.0,8063.0
2021,GO,5214879.0,2939.0
2021,GO,5214903.0,3208.0
2021,GO,5215009.0,10193.0
2021,GO,5215207.0,2775.0
2021,GO,5215231.0,119649.0
2021,GO,5215256.0,4592.0
2021,GO,5215306.0,15834.0
2021,GO,5215405.0,3679.0
2021,GO,5215504.0,6895.0
2021,GO,5215603.0,35011.0
2021,GO,5215652.0,3470.0
2021,GO,5215702.0,29915.0
2021,GO,5215801.0,2382.0
2021,GO,5215900.0,3578.0
2021,GO,5216007.0,2590.0
2021,GO,5216304.0,10221.0
2021,GO,5216403.0,10988.0
2021,GO,5216452.0,3156.0
2021,GO,5216809.0,10240.0
2021,GO,5216908.0,2135.0
2021,GO,5217104.0,24543.0
2021,GO,5217203.0,10161.0
2021,GO,5217302.0,25218.0
2021,GO,5217401.0,31909.0
2021,GO,5217609.0,91345.0
2021,GO,5217708.0,17899.0
2021,GO,5218003.0,45866.0
2021,GO,5218052.0,3979.0
2021,GO,5218102.0,4032.0
2021,GO,5218300.0,37924.0
2021,GO,5218391.0,3211.0
2021,GO,5218508.0,51323.0
2021,GO,5218607.0,10961.0
2021,GO,5218706.0,4832.0
2021,GO,5218789.0,4728.0
2021,GO,5218805.0,247259.0
2021,GO,5218904.0,20012.0
2021,GO,5219001.0,7630.0
2021,GO,5219100.0,6701.0
2021,GO,5219209.0,2782.0
2021,GO,5219258.0,5585.0
2021,GO,5219308.0,38962.0
2021,GO,5219357.0,3821.0
2021,GO,5219407.0,9110.0
2021,GO,5219456.0,3367.0
2021,GO,5219506.0,2200.0
2021,GO,5219605.0,3207.0
2021,GO,5219704.0,8386.0
2021,GO,5219712.0,4886.0
2021,GO,5219738.0,6593.0
2021,GO,5219753.0,76871.0
2021,GO,5219803.0,13305.0
2021,GO,5219902.0,6265.0
2021,GO,5220009.0,14423.0
2021,GO,5220058.0,1312.0
2021,GO,5220108.0,34488.0
2021,GO,5220157.0,5263.0
2021,GO,5220207.0,21849.0
2021,GO,5220264.0,4105.0
2021,GO,5220280.0,2040.0
2021,GO,5220405.0,21318.0
2021,GO,5220454.0,121447.0
2021,GO,5220504.0,8737.0
2021,GO,5220603.0,20938.0
2021,GO,5220686.0,6895.0
2021,GO,5220702.0,3040.0
2021,GO,5221007.0,3506.0
2021,GO,5221080.0,3538.0
2021,GO,5221197.0,8326.0
2021,GO,5221304.0,2830.0
2021,GO,5221403.0,132006.0
2021,GO,5221452.0,3497.0
2021,GO,5221502.0,4526.0
2021,GO,5221551.0,5447.0
2021,GO,5221577.0,2829.0
2021,GO,5221601.0,41150.0
2021,GO,5221700.0,13795.0
2021,GO,5221809.0,3056.0
2021,GO,5221858.0,175720.0
2021,GO,5221908.0,3848.0
2021,GO,5222005.0,14088.0
2021,GO,5222054.0,9002.0
2021,GO,5222203.0,6451.0
2021,GO,5222302.0,5941.0
2022,PE,2600054.0,98462.0
2022,PE,2600104.0,40241.0
2022,PE,2600203.0,18674.0
2022,PE,2600302.0,23779.0
2022,PE,2600401.0,26461.0
2022,PE,2600500.0,41548.0
2022,PE,2600609.0,13542.0
2022,PE,2600708.0,35741.0
2022,PE,2600807.0,20674.0
2022,PE,2600906.0,18205.0
2022,PE,2601003.0,10241.0
2022,PE,2601052.0,19243.0
2022,PE,2601102.0,85088.0
2022,PE,2601201.0,77742.0
2022,PE,2601300.0,12263.0
2022,PE,2601409.0,40121.0
2022,PE,2601508.0,10378.0
2022,PE,2601607.0,18301.0
2022,PE,2601706.0,79507.0
2022,PE,2601805.0,11232.0
2022,PE,2601904.0,61694.0
2022,PE,2602001.0,34478.0
2022,PE,2602100.0,44294.0
2022,PE,2602209.0,37629.0
2022,PE,2602308.0,37474.0
2022,PE,2602407.0,9079.0
2022,PE,2602506.0,7720.0
2022,PE,2602605.0,48648.0
2022,PE,2602704.0,12808.0
2022,PE,2602803.0,52097.0
2022,PE,2602902.0,203440.0
2022,PE,2603009.0,30294.0
2022,PE,2603108.0,19899.0
2022,PE,2603207.0,28827.0
2022,PE,2603306.0,11093.0
2022,PE,2603405.0,5228.0
2022,PE,2603454.0,147771.0
2022,PE,2603504.0,17419.0
2022,PE,2603603.0,7750.0
2022,PE,2603702.0,24329.0
2022,PE,2603801.0,18338.0
2022,PE,2603900.0,18644.0
2022,PE,2603926.0,12239.0
2022,PE,2604007.0,79293.0
2022,PE,2604106.0,378048.0
2022,PE,2604155.0,12967.0
2022,PE,2604205.0,32156.0
2022,PE,2604304.0,10518.0
2022,PE,2604403.0,12984.0
2022,PE,2604502.0,20546.0
2022,PE,2604601.0,24587.0
2022,PE,2604700.0,17131.0
2022,PE,2604809.0,10198.0
2022,PE,2604908.0,15920.0
2022,PE,2605004.0,23518.0
2022,PE,2605103.0,37699.0
2022,PE,2605152.0,17188.0
2022,PE,2605202.0,59891.0
2022,PE,2605301.0,31843.0
2022,PE,2605400.0,21427.0
2022,PE,2605459.0,3167.0
2022,PE,2605509.0,15026.0
2022,PE,2605608.0,20347.0
2022,PE,2605707.0,30137.0
2022,PE,2605806.0,13636.0
2022,PE,2605905.0,18214.0
2022,PE,2606002.0,142506.0
2022,PE,2606101.0,29347.0
2022,PE,2606200.0,81055.0
2022,PE,2606309.0,6967.0
2022,PE,2606408.0,86516.0
2022,PE,2606507.0,17165.0
2022,PE,2606606.0,26593.0
2022,PE,2606705.0,7140.0
2022,PE,2606804.0,115196.0
2022,PE,2606903.0,11081.0
2022,PE,2607000.0,25603.0
2022,PE,2607109.0,4765.0
2022,PE,2607208.0,98932.0
2022,PE,2607307.0,29009.0
2022,PE,2607406.0,4284.0
2022,PE,2607505.0,32650.0
2022,PE,2607604.0,24540.0
2022,PE,2607653.0,34935.0
2022,PE,2607703.0,13791.0
2022,PE,2607752.0,27749.0
2022,PE,2607802.0,16554.0
2022,PE,2607901.0,644037.0
2022,PE,2607950.0,10247.0
2022,PE,2608008.0,15843.0
2022,PE,2608057.0,14020.0
2022,PE,2608107.0,27725.0
2022,PE,2608206.0,13269.0
2022,PE,2608255.0,11517.0
2022,PE,2608305.0,15329.0
2022,PE,2608404.0,13648.0
2022,PE,2608453.0,17981.0
2022,PE,2608503.0,19003.0
2022,PE,2608602.0,11933.0
2022,PE,2608701.0,14076.0
2022,PE,2608750.0,24088.0
2022,PE,2608800.0,39582.0
2022,PE,2608909.0,56510.0
2022,PE,2609006.0,23879.0
2022,PE,2609105.0,11333.0
2022,PE,2609154.0,23763.0
2022,PE,2609204.0,9359.0
2022,PE,2609303.0,14166.0
2022,PE,2609402.0,55292.0
2022,PE,2609501.0,30648.0
2022,PE,2609600.0,349976.0
2022,PE,2609709.0,21808.0
2022,PE,2609808.0,13613.0
2022,PE,2609907.0,65245.0
2022,PE,2610004.0,54584.0
2022,PE,2610103.0,7031.0
2022,PE,2610202.0,22991.0
2022,PE,2610301.0,12199.0
2022,PE,2610400.0,18612.0
2022,PE,2610509.0,28340.0
2022,PE,2610608.0,56665.0
2022,PE,2610707.0,342167.0
2022,PE,2610806.0,22795.0
2022,PE,2610905.0,62722.0
2022,PE,2611002.0,34161.0
2022,PE,2611101.0,386791.0
2022,PE,2611200.0,10500.0
2022,PE,2611309.0,27552.0
2022,PE,2611408.0,13838.0
2022,PE,2611507.0,17928.0
2022,PE,2611533.0,6554.0
2022,PE,2611606.0,1488920.0
2022,PE,2611705.0,20639.0
2022,PE,2611804.0,33507.0
2022,PE,2611903.0,20009.0
2022,PE,2612000.0,10887.0
2022,PE,2612109.0,5727.0
2022,PE,2612208.0,62372.0
2022,PE,2612307.0,13836.0
2022,PE,2612406.0,18624.0
2022,PE,2612455.0,13841.0
2022,PE,2612471.0,11567.0
2022,PE,2612505.0,98254.0
2022,PE,2612554.0,12106.0
2022,PE,2612604.0,40578.0
2022,PE,2612703.0,14013.0
2022,PE,2612802.0,10244.0
2022,PE,2612901.0,13113.0
2022,PE,2613008.0,49449.0
2022,PE,2613107.0,37126.0
2022,PE,2613206.0,23837.0
2022,PE,2613305.0,20037.0
2022,PE,2613404.0,18825.0
2022,PE,2613503.0,34843.0
2022,PE,2613602.0,31004.0
2022,PE,2613701.0,111249.0
2022,PE,2613800.0,16677.0
2022,PE,2613909.0,92228.0
2022,PE,2614006.0,18207.0
2022,PE,2614105.0,32811.0
2022,PE,2614204.0,37596.0
2022,PE,2614303.0,10540.0
2022,PE,2614402.0,5210.0
2022,PE,2614501.0,64120.0
2022,PE,2614600.0,27681.0
2022,PE,2614709.0,13738.0
2022,PE,2614808.0,23902.0
2022,PE,2614857.0,23561.0
2022,PE,2615003.0,24736.0
2022,PE,2615102.0,6513.0
2022,PE,2615201.0,8920.0
2022,PE,2615300.0,46147.0
2022,PE,2615409.0,41137.0
2022,PE,2615508.0,13867.0
2022,PE,2615607.0,30321.0
2022,PE,2615706.0,14705.0
2022,PE,2615805.0,26937.0
2022,PE,2615904.0,8005.0
2022,PE,2616001.0,17251.0
2022,PE,2616100.0,9169.0
2022,PE,2616183.0,7558.0
2022,PE,2616209.0,21959.0
2022,PE,2616308.0,26359.0
2022,PE,2616407.0,134084.0
2022,PE,2616506.0,11611.0
2022,RJ,3300100.0,167434.0
2022,RJ,3300159.0,11034.0
2022,RJ,3300209.0,129671.0
2022,RJ,3300225.0,11828.0
2022,RJ,3300233.0,40006.0
2022,RJ,3300258.0,30986.0
2022,RJ,3300308.0,92883.0
2022,RJ,3300407.0,169894.0
2022,RJ,3300456.0,483087.0
2022,RJ,3300506.0,28102.0
2022,RJ,3300605.0,35173.0
2022,RJ,3300704.0,222161.0
2022,RJ,3300803.0,56943.0
2022,RJ,3300902.0,14616.0
2022,RJ,3300936.0,13847.0
2022,RJ,3300951.0,8741.0
2022,RJ,3301009.0,483540.0
2022,RJ,3301108.0,19390.0
2022,RJ,3301157.0,12958.0
2022,RJ,3301207.0,17198.0
2022,RJ,3301306.0,46110.0
2022,RJ,3301405.0,21104.0
2022,RJ,3301504.0,20783.0
2022,RJ,3301603.0,10980.0
2022,RJ,3301702.0,808161.0
2022,RJ,3301801.0,12242.0
2022,RJ,3301850.0,51696.0
2022,RJ,3301876.0,27920.0
2022,RJ,3301900.0,224267.0
2022,RJ,3302007.0,116841.0
2022,RJ,3302056.0,14073.0
2022,RJ,3302106.0,22919.0
2022,RJ,3302205.0,101041.0
2022,RJ,3302254.0,30908.0
2022,RJ,3302270.0,96289.0
2022,RJ,3302304.0,7336.0
2022,RJ,3302403.0,246391.0
2022,RJ,3302452.0,5415.0
2022,RJ,3302502.0,228127.0
2022,RJ,3302601.0,41220.0
2022,RJ,3302700.0,197277.0
2022,RJ,3302809.0,17502.0
2022,RJ,3302858.0,167127.0
2022,RJ,3302908.0,26582.0
2022,RJ,3303005.0,26881.0
2022,RJ,3303104.0,15074.0
2022,RJ,3303203.0,146774.0
2022,RJ,3303302.0,481749.0
2022,RJ,3303401.0,189939.0
2022,RJ,3303500.0,785867.0
2022,RJ,3303609.0,41375.0
2022,RJ,3303708.0,42063.0
2022,RJ,3303807.0,45243.0
2022,RJ,3303856.0,29619.0
2022,RJ,3303906.0,278881.0
2022,RJ,3303955.0,24298.0
2022,RJ,3304003.0,27474.0
2022,RJ,3304102.0,17288.0
2022,RJ,3304110.0,20373.0
2022,RJ,3304128.0,13682.0
2022,RJ,3304144.0,140523.0
2022,RJ,3304151.0,22393.0
2022,RJ,3304201.0,129612.0
2022,RJ,3304300.0,56276.0
2022,RJ,3304409.0,17401.0
2022,RJ,3304508.0,8954.0
2022,RJ,3304524.0,156491.0
2022,RJ,3304557.0,6211223.0
2022,RJ,3304607.0,10232.0
2022,RJ,3304706.0,41325.0
2022,RJ,3304755.0,45059.0
2022,RJ,3304805.0,38961.0
2022,RJ,3304904.0,896744.0
2022,RJ,3305000.0,36573.0
2022,RJ,3305109.0,440962.0
2022,RJ,3305133.0,7070.0
2022,RJ,3305158.0,22080.0
2022,RJ,3305208.0,104029.0
2022,RJ,3305307.0,7750.0
2022,RJ,3305406.0,17729.0
2022,RJ,3305505.0,89559.0
2022,RJ,3305554.0,80596.0
2022,RJ,3305604.0,21352.0
2022,RJ,3305703.0,15206.0
2022,RJ,3305752.0,31086.0
2022,RJ,3305802.0,165123.0
2022,RJ,3305901.0,10302.0
2022,RJ,3306008.0,78346.0
2022,RJ,3306107.0,68088.0
2022,RJ,3306156.0,10207.0
2022,RJ,3306206.0,33976.0
2022,RJ,3306305.0,261563.0
2022,RS,4300034.0,4170.0
2022,RS,4300059.0,3912.0
2022,RS,4300109.0,16041.0
2022,RS,4300208.0,6720.0
2022,RS,4300307.0,6123.0
2022,RS,4300406.0,72409.0
2022,RS,4300455.0,3651.0
2022,RS,4300471.0,1969.0
2022,RS,4300505.0,7117.0
2022,RS,4300554.0,1800.0
2022,RS,4300570.0,3072.0
2022,RS,4300604.0,187315.0
2022,RS,4300638.0,5310.0
2022,RS,4300646.0,7650.0
2022,RS,4300661.0,1135.0
2022,RS,4300703.0,5957.0
2022,RS,4300802.0,13045.0
2022,RS,4300851.0,4112.0
2022,RS,4300877.0,8525.0
2022,RS,4300901.0,6483.0
2022,RS,4301008.0,21958.0
2022,RS,4301057.0,11057.0
2022,RS,4301073.0,2599.0
2022,RS,4301107.0,14601.0
2022,RS,4301206.0,12058.0
2022,RS,4301305.0,17558.0
2022,RS,4301404.0,10322.0
2022,RS,4301503.0,7149.0
2022,RS,4301552.0,3396.0
2022,RS,4301602.0,117938.0
2022,RS,4301636.0,14955.0
2022,RS,4301651.0,6461.0
2022,RS,4301701.0,7144.0
2022,RS,4301750.0,5889.0
2022,RS,4301800.0,4831.0
2022,RS,4301859.0,3161.0
2022,RS,4301875.0,4241.0
2022,RS,4301909.0,12225.0
2022,RS,4301925.0,1696.0
2022,RS,4301958.0,2498.0
2022,RS,4302006.0,9296.0
2022,RS,4302055.0,2082.0
2022,RS,4302105.0,123151.0
2022,RS,4302154.0,1933.0
2022,RS,4302204.0,6966.0
2022,RS,4302220.0,2229.0
2022,RS,4302238.0,2271.0
2022,RS,4302253.0,2779.0
2022,RS,4302303.0,11202.0
2022,RS,4302352.0,13142.0
2022,RS,4302378.0,2096.0
2022,RS,4302402.0,12294.0
2022,RS,4302451.0,6247.0
2022,RS,4302501.0,5890.0
2022,RS,4302584.0,2151.0
2022,RS,4302600.0,3268.0
2022,RS,4302659.0,4966.0
2022,RS,4302709.0,19084.0
2022,RS,4302808.0,32515.0
2022,RS,4302907.0,11157.0
2022,RS,4303004.0,80070.0
2022,RS,4303103.0,136258.0
2022,RS,4303202.0,4603.0
2022,RS,4303301.0,4704.0
2022,RS,4303400.0,4836.0
2022,RS,4303509.0,62200.0
2022,RS,4303558.0,2981.0
2022,RS,4303608.0,6361.0
2022,RS,4303673.0,3242.0
2022,RS,4303707.0,5882.0
2022,RS,4303806.0,5284.0
2022,RS,4303905.0,62886.0
2022,RS,4304002.0,4975.0
2022,RS,4304101.0,3613.0
2022,RS,4304200.0,28906.0
2022,RS,4304309.0,6294.0
2022,RS,4304358.0,10710.0
2022,RS,4304408.0,48946.0
2022,RS,4304507.0,49680.0
2022,RS,4304606.0,347657.0
2022,RS,4304614.0,1656.0
2022,RS,4304622.0,1733.0
2022,RS,4304630.0,63594.0
2022,RS,4304655.0,3119.0
2022,RS,4304663.0,26487.0
2022,RS,4304671.0,3991.0
2022,RS,4304689.0,11159.0
2022,RS,4304697.0,2921.0
2022,RS,4304705.0,61804.0
2022,RS,4304713.0,7394.0
2022,RS,4304804.0,30420.0
2022,RS,4304853.0,1368.0
2022,RS,4304903.0,9465.0
2022,RS,4304952.0,3000.0
2022,RS,4305009.0,8674.0
2022,RS,4305108.0,463501.0
2022,RS,4305116.0,2721.0
2022,RS,4305124.0,5808.0
2022,RS,4305132.0,3802.0
2022,RS,4305157.0,2379.0
2022,RS,4305173.0,9178.0
2022,RS,4305207.0,13705.0
2022,RS,4305306.0,9540.0
2022,RS,4305355.0,35012.0
2022,RS,4305371.0,2768.0
2022,RS,4305405.0,3913.0
2022,RS,4305439.0,6262.0
2022,RS,4305447.0,4597.0
2022,RS,4305454.0,17071.0
2022,RS,4305504.0,4149.0
2022,RS,4305587.0,2423.0
2022,RS,4305603.0,3258.0
2022,RS,4305702.0,6406.0
2022,RS,4305801.0,10385.0
2022,RS,4305835.0,1290.0
2022,RS,4305850.0,2211.0
2022,RS,4305871.0,2822.0
2022,RS,4305900.0,6144.0
2022,RS,4305934.0,1607.0
2022,RS,4305959.0,3846.0
2022,RS,4305975.0,2667.0
2022,RS,4306007.0,12886.0
2022,RS,4306056.0,7299.0
2022,RS,4306072.0,2692.0
2022,RS,4306106.0,58913.0
2022,RS,4306130.0,1635.0
2022,RS,4306205.0,11600.0
2022,RS,4306304.0,4321.0
2022,RS,4306320.0,2751.0
2022,RS,4306353.0,2507.0
2022,RS,4306379.0,2806.0
2022,RS,4306403.0,30709.0
2022,RS,4306429.0,2090.0
2022,RS,4306452.0,3097.0
2022,RS,4306502.0,13051.0
2022,RS,4306551.0,2562.0
2022,RS,4306601.0,36981.0
2022,RS,4306700.0,3079.0
2022,RS,4306734.0,4470.0
2022,RS,4306759.0,1888.0
2022,RS,4306767.0,39559.0
2022,RS,4306809.0,22962.0
2022,RS,4306908.0,23819.0
2022,RS,4306924.0,1296.0
2022,RS,4306932.0,9158.0
2022,RS,4306957.0,2685.0
2022,RS,4306973.0,3054.0
2022,RS,4307005.0,105705.0
2022,RS,4307054.0,3034.0
2022,RS,4307104.0,6191.0
2022,RS,4307203.0,4930.0
2022,RS,4307302.0,6787.0
2022,RS,4307401.0,3195.0
2022,RS,4307450.0,3226.0
2022,RS,4307500.0,15173.0
2022,RS,4307559.0,5582.0
2022,RS,4307609.0,47924.0
2022,RS,4307708.0,76137.0
2022,RS,4307807.0,32183.0
2022,RS,4307815.0,3070.0
2022,RS,4307831.0,2633.0
2022,RS,4307864.0,2566.0
2022,RS,4307906.0,70286.0
2022,RS,4308003.0,6702.0
2022,RS,4308052.0,2520.0
2022,RS,4308078.0,4291.0
2022,RS,4308102.0,13764.0
2022,RS,4308201.0,30892.0
2022,RS,4308250.0,1668.0
2022,RS,4308300.0,9550.0
2022,RS,4308409.0,6413.0
2022,RS,4308433.0,2393.0
2022,RS,4308458.0,4477.0
2022,RS,4308508.0,32627.0
2022,RS,4308607.0,34335.0
2022,RS,4308656.0,2688.0
2022,RS,4308706.0,5665.0
2022,RS,4308805.0,7612.0
2022,RS,4308854.0,1744.0
2022,RS,4308904.0,16602.0
2022,RS,4309001.0,16013.0
2022,RS,4309050.0,7658.0
2022,RS,4309100.0,40134.0
2022,RS,4309126.0,2014.0
2022,RS,4309159.0,3304.0
2022,RS,4309209.0,265074.0
2022,RS,4309258.0,1417.0
2022,RS,4309308.0,92924.0
2022,RS,4309407.0,25268.0
2022,RS,4309506.0,7415.0
2022,RS,4309555.0,5378.0
2022,RS,4309571.0,2565.0
2022,RS,4309605.0,18851.0
2022,RS,4309654.0,5976.0
2022,RS,4309704.0,4681.0
2022,RS,4309753.0,3732.0
2022,RS,4309803.0,4527.0
2022,RS,4309902.0,6776.0
2022,RS,4309951.0,3723.0
2022,RS,4310009.0,21583.0
2022,RS,4310108.0,32808.0
2022,RS,4310207.0,84780.0
2022,RS,4310306.0,4157.0
2022,RS,4310330.0,26824.0
2022,RS,4310363.0,3080.0
2022,RS,4310405.0,6427.0
2022,RS,4310413.0,2014.0
2022,RS,4310439.0,5399.0
2022,RS,4310462.0,1720.0
2022,RS,4310504.0,7482.0
2022,RS,4310538.0,5572.0
2022,RS,4310553.0,2995.0
2022,RS,4310579.0,1937.0
2022,RS,4310603.0,35768.0
2022,RS,4310652.0,2638.0
2022,RS,4310702.0,3208.0
2022,RS,4310751.0,1929.0
2022,RS,4310801.0,22983.0
2022,RS,4310850.0,3779.0
2022,RS,4310876.0,2040.0
2022,RS,4310900.0,3338.0
2022,RS,4311007.0,26603.0
2022,RS,4311106.0,10579.0
2022,RS,4311122.0,3690.0
2022,RS,4311130.0,3349.0
2022,RS,4311155.0,7184.0
2022,RS,4311205.0,18226.0
2022,RS,4311239.0,2251.0
2022,RS,4311254.0,5341.0
2022,RS,4311270.0,1738.0
2022,RS,4311304.0,27659.0
2022,RS,4311403.0,93646.0
2022,RS,4311429.0,2601.0
2022,RS,4311502.0,7157.0
2022,RS,4311601.0,4781.0
2022,RS,4311627.0,6248.0
2022,RS,4311643.0,1683.0
2022,RS,4311700.0,5735.0
2022,RS,4311718.0,4425.0
2022,RS,4311734.0,3131.0
2022,RS,4311759.0,6801.0
2022,RS,4311775.0,7418.0
2022,RS,4311791.0,2470.0
2022,RS,4311809.0,45124.0
2022,RS,4311908.0,4320.0
2022,RS,4311981.0,3916.0
2022,RS,4312005.0,1858.0
2022,RS,4312054.0,3969.0
2022,RS,4312104.0,4698.0
2022,RS,4312138.0,2553.0
2022,RS,4312153.0,4859.0
2022,RS,4312179.0,1795.0
2022,RS,4312203.0,4191.0
2022,RS,4312252.0,7505.0
2022,RS,4312302.0,4427.0
2022,RS,4312351.0,1499.0
2022,RS,4312377.0,3180.0
2022,RS,4312385.0,2557.0
2022,RS,4312401.0,64322.0
2022,RS,4312427.0,2756.0
2022,RS,4312443.0,3071.0
2022,RS,4312450.0,6046.0
2022,RS,4312476.0,6029.0
2022,RS,4312500.0,12090.0
2022,RS,4312609.0,4601.0
2022,RS,4312617.0,2879.0
2022,RS,4312625.0,1721.0
2022,RS,4312658.0,17898.0
2022,RS,4312674.0,1932.0
2022,RS,4312708.0,13719.0
2022,RS,4312757.0,3163.0
2022,RS,4312807.0,4954.0
2022,RS,4312906.0,9649.0
2022,RS,4312955.0,2042.0
2022,RS,4313003.0,3044.0
2022,RS,4313011.0,3061.0
2022,RS,4313037.0,4865.0
2022,RS,4313060.0,20088.0
2022,RS,4313086.0,2343.0
2022,RS,4313102.0,5586.0
2022,RS,4313201.0,23300.0
2022,RS,4313300.0,25692.0
2022,RS,4313334.0,2163.0
2022,RS,4313359.0,3466.0
2022,RS,4313375.0,29024.0
2022,RS,4313391.0,3568.0
2022,RS,4313409.0,227646.0
2022,RS,4313425.0,3198.0
2022,RS,4313441.0,2146.0
2022,RS,4313466.0,1646.0
2022,RS,4313490.0,4272.0
2022,RS,4313508.0,47396.0
2022,RS,4313607.0,3629.0
2022,RS,4313656.0,12844.0
2022,RS,4313706.0,33216.0
2022,RS,4313805.0,7839.0
2022,RS,4313904.0,43515.0
2022,RS,4313953.0,10212.0
2022,RS,4314001.0,7194.0
2022,RS,4314027.0,6519.0
2022,RS,4314035.0,4319.0
2022,RS,4314050.0,52058.0
2022,RS,4314068.0,3983.0
2022,RS,4314076.0,6025.0
2022,RS,4314100.0,206215.0
2022,RS,4314134.0,2144.0
2022,RS,4314159.0,7978.0
2022,RS,4314175.0,2061.0
2022,RS,4314209.0,7484.0
2022,RS,4314308.0,3745.0
2022,RS,4314407.0,325685.0
2022,RS,4314423.0,5351.0
2022,RS,4314456.0,2959.0
2022,RS,4314464.0,2248.0
2022,RS,4314472.0,3805.0
2022,RS,4314498.0,4540.0
2022,RS,4314506.0,11214.0
2022,RS,4314548.0,2723.0
2022,RS,4314555.0,2260.0
2022,RS,4314605.0,17504.0
2022,RS,4314704.0,10406.0
2022,RS,4314753.0,2171.0
2022,RS,4314779.0,3296.0
2022,RS,4314787.0,1575.0
2022,RS,4314803.0,34071.0
2022,RS,4314902.0,1332845.0
2022,RS,4315008.0,4360.0
2022,RS,4315057.0,2142.0
2022,RS,4315073.0,1560.0
2022,RS,4315107.0,9938.0
2022,RS,4315131.0,1739.0
2022,RS,4315149.0,3077.0
2022,RS,4315156.0,5340.0
2022,RS,4315172.0,2025.0
2022,RS,4315206.0,3747.0
2022,RS,4315305.0,23500.0
2022,RS,4315313.0,1552.0
2022,RS,4315321.0,2507.0
2022,RS,4315354.0,3910.0
2022,RS,4315404.0,9738.0
2022,RS,4315453.0,1796.0
2022,RS,4315503.0,14939.0
2022,RS,4315552.0,2835.0
2022,RS,4315602.0,191900.0
2022,RS,4315701.0,34654.0
2022,RS,4315750.0,4473.0
2022,RS,4315800.0,10418.0
2022,RS,4315909.0,6654.0
2022,RS,4315958.0,2291.0
2022,RS,4316006.0,21253.0
2022,RS,4316105.0,9777.0
2022,RS,4316204.0,4991.0
2022,RS,4316303.0,6576.0
2022,RS,4316402.0,36630.0
2022,RS,4316428.0,2480.0
2022,RS,4316436.0,2575.0
2022,RS,4316451.0,10203.0
2022,RS,4316477.0,2877.0
2022,RS,4316501.0,6879.0
2022,RS,4316600.0,16399.0
2022,RS,4316709.0,8122.0
2022,RS,4316733.0,1674.0
2022,RS,4316758.0,6887.0
2022,RS,4316808.0,133230.0
2022,RS,4316907.0,271735.0
2022,RS,4316956.0,6340.0
2022,RS,4316972.0,2596.0
2022,RS,4317004.0,7024.0
2022,RS,4317103.0,84421.0
2022,RS,4317202.0,76963.0
2022,RS,4317251.0,1505.0
2022,RS,4317301.0,30983.0
2022,RS,4317400.0,48938.0
2022,RS,4317509.0,76917.0
2022,RS,4317558.0,2091.0
2022,RS,4317608.0,42947.0
2022,RS,4317707.0,10300.0
2022,RS,4317756.0,2089.0
2022,RS,4317806.0,13902.0
2022,RS,4317905.0,15320.0
2022,RS,4317954.0,2349.0
2022,RS,4318002.0,59676.0
2022,RS,4318051.0,2754.0
2022,RS,4318101.0,17618.0
2022,RS,4318200.0,21893.0
2022,RS,4318309.0,58487.0
2022,RS,4318408.0,21028.0
2022,RS,4318424.0,4461.0
2022,RS,4318432.0,2649.0
2022,RS,4318440.0,2912.0
2022,RS,4318457.0,2362.0
2022,RS,4318465.0,1902.0
2022,RS,4318481.0,4447.0
2022,RS,4318499.0,2406.0
2022,RS,4318507.0,25443.0
2022,RS,4318606.0,6834.0
2022,RS,4318614.0,2380.0
2022,RS,4318622.0,4172.0
2022,RS,4318705.0,217409.0
2022,RS,4318804.0,41989.0
2022,RS,4318903.0,34752.0
2022,RS,4319000.0,21084.0
2022,RS,4319109.0,5481.0
2022,RS,4319125.0,2860.0
2022,RS,4319158.0,7056.0
2022,RS,4319208.0,5118.0
2022,RS,4319307.0,5846.0
2022,RS,4319356.0,3548.0
2022,RS,4319364.0,1757.0
2022,RS,4319372.0,3070.0
2022,RS,4319406.0,15577.0
2022,RS,4319505.0,24428.0
2022,RS,4319604.0,21219.0
2022,RS,4319703.0,3264.0
2022,RS,4319711.0,2207.0
2022,RS,4319737.0,2543.0
2022,RS,4319752.0,2251.0
2022,RS,4319802.0,8097.0
2022,RS,4319901.0,75648.0
2022,RS,4320008.0,132107.0
2022,RS,4320107.0,22851.0
2022,RS,4320206.0,11950.0
2022,RS,4320230.0,2704.0
2022,RS,4320263.0,6009.0
2022,RS,4320305.0,5107.0
2022,RS,4320321.0,2673.0
2022,RS,4320354.0,5306.0
2022,RS,4320404.0,16961.0
2022,RS,4320453.0,1941.0
2022,RS,4320503.0,5541.0
2022,RS,4320552.0,5863.0
2022,RS,4320578.0,1830.0
2022,RS,4320602.0,3406.0
2022,RS,4320651.0,2028.0
2022,RS,4320677.0,8578.0
2022,RS,4320701.0,14226.0
2022,RS,4320800.0,29991.0
2022,RS,4320859.0,4461.0
2022,RS,4320909.0,24557.0
2022,RS,4321006.0,10592.0
2022,RS,4321105.0,14695.0
2022,RS,4321204.0,53242.0
2022,RS,4321303.0,25198.0
2022,RS,4321329.0,3119.0
2022,RS,4321352.0,5212.0
2022,RS,4321402.0,14497.0
2022,RS,4321436.0,10334.0
2022,RS,4321451.0,32797.0
2022,RS,4321469.0,3267.0
2022,RS,4321477.0,5129.0
2022,RS,4321493.0,2554.0
2022,RS,4321501.0,41751.0
2022,RS,4321600.0,54387.0
2022,RS,4321626.0,2152.0
2022,RS,4321634.0,2591.0
2022,RS,4321667.0,10962.0
2022,RS,4321709.0,24425.0
2022,RS,4321808.0,24916.0
2022,RS,4321832.0,2760.0
2022,RS,4321857.0,4716.0
2022,RS,4321907.0,25436.0
2022,RS,4321956.0,7556.0
2022,RS,4322004.0,27498.0
2022,RS,4322103.0,5542.0
2022,RS,4322152.0,3681.0
2022,RS,4322186.0,1374.0
2022,RS,4322202.0,20005.0
2022,RS,4322251.0,5029.0
2022,RS,4322301.0,8363.0
2022,RS,4322327.0,3419.0
2022,RS,4322343.0,1994.0
2022,RS,4322350.0,1170.0
2022,RS,4322376.0,1995.0
2022,RS,4322400.0,117210.0
2022,RS,4322509.0,64197.0
2022,RS,4322525.0,3150.0
2022,RS,4322533.0,9897.0
2022,RS,4322541.0,6058.0
2022,RS,4322558.0,2004.0
2022,RS,4322608.0,68763.0
2022,RS,4322707.0,26710.0
2022,RS,4322806.0,24021.0
2022,RS,4322855.0,1818.0
2022,RS,4322905.0,4769.0
2022,RS,4323002.0,224112.0
2022,RS,4323101.0,4665.0
2022,RS,4323200.0,2780.0
2022,RS,4323309.0,3646.0
2022,RS,4323358.0,2079.0
2022,RS,4323408.0,4413.0
2022,RS,4323457.0,3863.0
2022,RS,4323507.0,2660.0
2022,RS,4323606.0,1590.0
2022,RS,4323705.0,2783.0
2022,RS,4323754.0,3260.0
2022,RS,4323770.0,3098.0
2022,RS,4323804.0,16463.0
2022,GO,5200050.0,19128.0
2022,GO,5200100.0,17232.0
2022,GO,5200134.0,21568.0
2022,GO,5200159.0,2297.0
2022,GO,5200175.0,4954.0
2022,GO,5200209.0,1858.0
2022,GO,5200258.0,225693.0
2022,GO,5200308.0,27008.0
2022,GO,5200506.0,1973.0
2022,GO,5200555.0,6072.0
2022,GO,5200605.0,10306.0
2022,GO,5200803.0,8446.0
2022,GO,5200829.0,3268.0
2022,GO,5200852.0,5259.0
2022,GO,5200902.0,3007.0
2022,GO,5201108.0,398869.0
2022,GO,5201207.0,924.0
2022,GO,5201306.0,18503.0
2022,GO,5201405.0,527796.0
2022,GO,5201454.0,2907.0
2022,GO,5201504.0,4325.0
2022,GO,5201603.0,3799.0
2022,GO,5201702.0,18390.0
2022,GO,5201801.0,11890.0
2022,GO,5202155.0,7153.0
2022,GO,5202353.0,2946.0
2022,GO,5202502.0,8300.0
2022,GO,5202601.0,3284.0
2022,GO,5202809.0,2868.0
2022,GO,5203104.0,3351.0
2022,GO,5203203.0,10371.0
2022,GO,5203302.0,34445.0
2022,GO,5203401.0,7826.0
2022,GO,5203500.0,23958.0
2022,GO,5203559.0,10296.0
2022,GO,5203575.0,3299.0
2022,GO,5203609.0,3992.0
2022,GO,5203807.0,5695.0
2022,GO,5203906.0,10495.0
2022,GO,5203939.0,2732.0
2022,GO,5203962.0,3145.0
2022,GO,5204003.0,7560.0
2022,GO,5204102.0,11513.0
2022,GO,5204201.0,1405.0
2022,GO,5204250.0,7782.0
2022,GO,5204300.0,13774.0
2022,GO,5204409.0,16513.0
2022,GO,5204508.0,98622.0
2022,GO,5204557.0,4507.0
2022,GO,5204607.0,3755.0
2022,GO,5204656.0,3708.0
2022,GO,5204706.0,12510.0
2022,GO,5204805.0,7422.0
2022,GO,5204854.0,8081.0
2022,GO,5204904.0,18108.0
2022,GO,5204953.0,4005.0
2022,GO,5205000.0,9710.0
2022,GO,5205059.0,2985.0
2022,GO,5205109.0,114427.0
2022,GO,5205208.0,5184.0
2022,GO,5205307.0,9583.0
2022,GO,5205406.0,22046.0
2022,GO,5205455.0,8090.0
2022,GO,5205471.0,12870.0
2022,GO,5205497.0,91767.0
2022,GO,5205513.0,25016.0
2022,GO,5205521.0,4030.0
2022,GO,5205703.0,2454.0
2022,GO,5205802.0,10562.0
2022,GO,5205901.0,9164.0
2022,GO,5206206.0,62337.0
2022,GO,5206305.0,3504.0
2022,GO,5206404.0,17065.0
2022,GO,5206503.0,3883.0
2022,GO,5206602.0,2927.0
2022,GO,5206701.0,3770.0
2022,GO,5206800.0,2724.0
2022,GO,5206909.0,1902.0
2022,GO,5207105.0,2062.0
2022,GO,5207253.0,6956.0
2022,GO,5207352.0,4001.0
2022,GO,5207402.0,11747.0
2022,GO,5207501.0,3205.0
2022,GO,5207535.0,7070.0
2022,GO,5207600.0,5877.0
2022,GO,5207808.0,10419.0
2022,GO,5207907.0,13744.0
2022,GO,5208004.0,115901.0
2022,GO,5208103.0,4660.0
2022,GO,5208152.0,3456.0
2022,GO,5208301.0,4457.0
2022,GO,5208400.0,13967.0
2022,GO,5208509.0,4973.0
2022,GO,5208608.0,73707.0
2022,GO,5208707.0,1437366.0
2022,GO,5208806.0,71916.0
2022,GO,5208905.0,24071.0
2022,GO,5209101.0,35664.0
2022,GO,5209150.0,4390.0
2022,GO,5209200.0,19545.0
2022,GO,5209291.0,2188.0
2022,GO,5209408.0,4085.0
2022,GO,5209457.0,2161.0
2022,GO,5209606.0,3354.0
2022,GO,5209705.0,27742.0
2022,GO,5209804.0,3545.0
2022,GO,5209903.0,10584.0
2022,GO,5209937.0,5954.0
2022,GO,5209952.0,17061.0
2022,GO,5210000.0,52204.0
2022,GO,5210109.0,25548.0
2022,GO,5210158.0,2919.0
2022,GO,5210208.0,35684.0
2022,GO,5210307.0,2560.0
2022,GO,5210406.0,44734.0
2022,GO,5210562.0,4963.0
2022,GO,5210604.0,4904.0
2022,GO,5210802.0,4380.0
2022,GO,5210901.0,21087.0
2022,GO,5211008.0,8007.0
2022,GO,5211206.0,26113.0
2022,GO,5211305.0,6101.0
2022,GO,5211404.0,7736.0
2022,GO,5211503.0,107970.0
2022,GO,5211602.0,2693.0
2022,GO,5211701.0,6272.0
2022,GO,5211800.0,45223.0
2022,GO,5211909.0,105729.0
2022,GO,5212006.0,2924.0
2022,GO,5212055.0,2123.0
2022,GO,5212105.0,7159.0
2022,GO,5212204.0,19620.0
2022,GO,5212253.0,1390.0
2022,GO,5212303.0,8745.0
2022,GO,5212501.0,209129.0
2022,GO,5212600.0,2561.0
2022,GO,5212709.0,8124.0
2022,GO,5212808.0,10700.0
2022,GO,5212907.0,2758.0
2022,GO,5212956.0,4042.0
2022,GO,5213004.0,10304.0
2022,GO,5213053.0,2614.0
2022,GO,5213087.0,27075.0
2022,GO,5213103.0,70081.0
2022,GO,5213400.0,1685.0
2022,GO,5213509.0,6692.0
2022,GO,5213707.0,8756.0
2022,GO,5213756.0,12521.0
2022,GO,5213772.0,3779.0
2022,GO,5213806.0,51351.0
2022,GO,5213855.0,2456.0
2022,GO,5213905.0,4654.0
2022,GO,5214002.0,14750.0
2022,GO,5214051.0,6189.0
2022,GO,5214101.0,3564.0
2022,GO,5214408.0,8189.0
2022,GO,5214507.0,31932.0
2022,GO,5214606.0,34964.0
2022,GO,5214705.0,2337.0
2022,GO,5214804.0,2101.0
2022,GO,5214838.0,12815.0
2022,GO,5214861.0,8310.0
2022,GO,5214879.0,3010.0
2022,GO,5214903.0,3076.0
2022,GO,5215009.0,9481.0
2022,GO,5215207.0,3527.0
2022,GO,5215231.0,103804.0
2022,GO,5215256.0,3716.0
2022,GO,5215306.0,16399.0
2022,GO,5215405.0,4057.0
2022,GO,5215504.0,7200.0
2022,GO,5215603.0,34967.0
2022,GO,5215652.0,3132.0
2022,GO,5215702.0,31858.0
2022,GO,5215801.0,2259.0
2022,GO,5215900.0,3851.0
2022,GO,5216007.0,2455.0
2022,GO,5216304.0,7607.0
2022,GO,5216403.0,10659.0
2022,GO,5216452.0,2964.0
2022,GO,5216809.0,9573.0
2022,GO,5216908.0,2328.0
2022,GO,5217104.0,24883.0
2022,GO,5217203.0,11712.0
2022,GO,5217302.0,26690.0
2022,GO,5217401.0,32373.0
2022,GO,5217609.0,105031.0
2022,GO,5217708.0,18309.0
2022,GO,5218003.0,44317.0
2022,GO,5218052.0,4070.0
2022,GO,5218102.0,3280.0
2022,GO,5218300.0,34914.0
2022,GO,5218391.0,3649.0
2022,GO,5218508.0,48447.0
2022,GO,5218607.0,12165.0
2022,GO,5218706.0,3980.0
2022,GO,5218789.0,3864.0
2022,GO,5218805.0,225696.0
2022,GO,5218904.0,19788.0
2022,GO,5219001.0,7918.0
2022,GO,5219100.0,6149.0
2022,GO,5219209.0,3002.0
2022,GO,5219258.0,4951.0
2022,GO,5219308.0,38492.0
2022,GO,5219357.0,3538.0
2022,GO,5219407.0,5924.0
2022,GO,5219456.0,2689.0
2022,GO,5219506.0,2820.0
2022,GO,5219605.0,3293.0
2022,GO,5219704.0,10645.0
2022,GO,5219712.0,4267.0
2022,GO,5219738.0,7386.0
2022,GO,5219753.0,72127.0
2022,GO,5219803.0,9711.0
2022,GO,5219902.0,6378.0
2022,GO,5220009.0,14041.0
2022,GO,5220058.0,1774.0
2022,GO,5220108.0,33852.0
2022,GO,5220157.0,4837.0
2022,GO,5220207.0,21900.0
2022,GO,5220264.0,4464.0
2022,GO,5220280.0,2143.0
2022,GO,5220405.0,17020.0
2022,GO,5220454.0,155635.0
2022,GO,5220504.0,8027.0
2022,GO,5220603.0,22245.0
2022,GO,5220686.0,5742.0
2022,GO,5220702.0,2927.0
2022,GO,5221007.0,4026.0
2022,GO,5221080.0,2701.0
2022,GO,5221197.0,7944.0
2022,GO,5221304.0,2921.0
2022,GO,5221403.0,142431.0
2022,GO,5221452.0,3120.0
2022,GO,5221502.0,4480.0
2022,GO,5221551.0,4985.0
2022,GO,5221577.0,2798.0
2022,GO,5221601.0,42546.0
2022,GO,5221700.0,13729.0
2022,GO,5221809.0,3553.0
2022,GO,5221858.0,198861.0
2022,GO,5221908.0,3716.0
2022,GO,5222005.0,14956.0
2022,GO,5222054.0,8768.0
2022,GO,5222203.0,4215.0
2022,GO,5222302.0,5815.0
2023,PE,2600054.0,98462.0
2023,PE,2600104.0,40004.0
2023,PE,2600203.0,18674.0
2023,PE,2600302.0,23779.0
2023,PE,2600401.0,26461.0
2023,PE,2600500.0,41548.0
2023,PE,2600609.0,14033.0
2023,PE,2600708.0,35741.0
2023,PE,2600807.0,20674.0
2023,PE,2600906.0,18205.0
2023,PE,2601003.0,10238.0
2023,PE,2601052.0,19243.0
2023,PE,2601102.0,85088.0
2023,PE,2601201.0,77742.0
2023,PE,2601300.0,12263.0
2023,PE,2601409.0,40121.0
2023,PE,2601508.0,10561.0
2023,PE,2601607.0,18301.0
2023,PE,2601706.0,79507.0
2023,PE,2601805.0,11649.0
2023,PE,2601904.0,61794.0
2023,PE,2602001.0,34478.0
2023,PE,2602100.0,44103.0
2023,PE,2602209.0,37497.0
2023,PE,2602308.0,37316.0
2023,PE,2602407.0,9079.0
2023,PE,2602506.0,7720.0
2023,PE,2602605.0,48645.0
2023,PE,2602704.0,12808.0
2023,PE,2602803.0,52097.0
2023,PE,2602902.0,203440.0
2023,PE,2603009.0,30294.0
2023,PE,2603108.0,19899.0
2023,PE,2603207.0,28827.0
2023,PE,2603306.0,11080.0
2023,PE,2603405.0,5228.0
2023,PE,2603454.0,147771.0
2023,PE,2603504.0,17419.0
2023,PE,2603603.0,7750.0
2023,PE,2603702.0,24344.0
2023,PE,2603801.0,18415.0
2023,PE,2603900.0,18907.0
2023,PE,2603926.0,12239.0
2023,PE,2604007.0,79293.0
2023,PE,2604106.0,377911.0
2023,PE,2604155.0,13119.0
2023,PE,2604205.0,32156.0
2023,PE,2604304.0,10518.0
2023,PE,2604403.0,12984.0
2023,PE,2604502.0,20546.0
2023,PE,2604601.0,24587.0
2023,PE,2604700.0,17131.0
2023,PE,2604809.0,10356.0
2023,PE,2604908.0,15859.0
2023,PE,2605004.0,23518.0
2023,PE,2605103.0,37245.0
2023,PE,2605152.0,17188.0
2023,PE,2605202.0,59872.0
2023,PE,2605301.0,31843.0
2023,PE,2605400.0,21427.0
2023,PE,2605459.0,3167.0
2023,PE,2605509.0,15026.0
2023,PE,2605608.0,20347.0
2023,PE,2605707.0,30069.0
2023,PE,2605806.0,13672.0
2023,PE,2605905.0,18214.0
2023,PE,2606002.0,142526.0
2023,PE,2606101.0,28916.0
2023,PE,2606200.0,81055.0
2023,PE,2606309.0,6967.0
2023,PE,2606408.0,86516.0
2023,PE,2606507.0,17165.0
2023,PE,2606606.0,27346.0
2023,PE,2606705.0,7140.0
2023,PE,2606804.0,115196.0
2023,PE,2606903.0,11058.0
2023,PE,2607000.0,25740.0
2023,PE,2607109.0,4779.0
2023,PE,2607208.0,98932.0
2023,PE,2607307.0,29009.0
2023,PE,2607406.0,4352.0
2023,PE,2607505.0,31611.0
2023,PE,2607604.0,24540.0
2023,PE,2607653.0,34935.0
2023,PE,2607703.0,13791.0
2023,PE,2607752.0,27749.0
2023,PE,2607802.0,16554.0
2023,PE,2607901.0,644037.0
2023,PE,2607950.0,10247.0
2023,PE,2608008.0,15843.0
2023,PE,2608057.0,14020.0
2023,PE,2608107.0,27725.0
2023,PE,2608206.0,13269.0
2023,PE,2608255.0,11519.0
2023,PE,2608305.0,15329.0
2023,PE,2608404.0,13648.0
2023,PE,2608453.0,17981.0
2023,PE,2608503.0,19434.0
2023,PE,2608602.0,11984.0
2023,PE,2608701.0,14076.0
2023,PE,2608750.0,24088.0
2023,PE,2608800.0,39582.0
2023,PE,2608909.0,56510.0
2023,PE,2609006.0,23879.0
2023,PE,2609105.0,11284.0
2023,PE,2609154.0,25432.0
2023,PE,2609204.0,9359.0
2023,PE,2609303.0,14166.0
2023,PE,2609402.0,55292.0
2023,PE,2609501.0,30648.0
2023,PE,2609600.0,349976.0
2023,PE,2609709.0,21841.0
2023,PE,2609808.0,13613.0
2023,PE,2609907.0,65245.0
2023,PE,2610004.0,54584.0
2023,PE,2610103.0,7032.0
2023,PE,2610202.0,22991.0
2023,PE,2610301.0,12199.0
2023,PE,2610400.0,18612.0
2023,PE,2610509.0,28340.0
2023,PE,2610608.0,56665.0
2023,PE,2610707.0,342167.0
2023,PE,2610806.0,22795.0
2023,PE,2610905.0,62610.0
2023,PE,2611002.0,34161.0
2023,PE,2611101.0,386791.0
2023,PE,2611200.0,10500.0
2023,PE,2611309.0,25464.0
2023,PE,2611408.0,13857.0
2023,PE,2611507.0,17928.0
2023,PE,2611533.0,6554.0
2023,PE,2611606.0,1488920.0
2023,PE,2611705.0,20641.0
2023,PE,2611804.0,33507.0
2023,PE,2611903.0,20009.0
2023,PE,2612000.0,10887.0
2023,PE,2612109.0,5727.0
2023,PE,2612208.0,62372.0
2023,PE,2612307.0,13836.0
2023,PE,2612406.0,18624.0
2023,PE,2612455.0,13841.0
2023,PE,2612471.0,11567.0
2023,PE,2612505.0,98254.0
2023,PE,2612554.0,12106.0
2023,PE,2612604.0,40578.0
2023,PE,2612703.0,14013.0
2023,PE,2612802.0,10244.0
2023,PE,2612901.0,13113.0
2023,PE,2613008.0,49370.0
2023,PE,2613107.0,37126.0
2023,PE,2613206.0,23817.0
2023,PE,2613305.0,19854.0
2023,PE,2613404.0,18825.0
2023,PE,2613503.0,34843.0
2023,PE,2613602.0,31004.0
2023,PE,2613701.0,111249.0
2023,PE,2613800.0,16677.0
2023,PE,2613909.0,92228.0
2023,PE,2614006.0,18207.0
2023,PE,2614105.0,32729.0
2023,PE,2614204.0,37596.0
2023,PE,2614303.0,10540.0
2023,PE,2614402.0,5271.0
2023,PE,2614501.0,64183.0
2023,PE,2614600.0,27623.0
2023,PE,2614709.0,13738.0
2023,PE,2614808.0,23902.0
2023,PE,2614857.0,23561.0
2023,PE,2615003.0,24736.0
2023,PE,2615102.0,6653.0
2023,PE,2615201.0,8920.0
2023,PE,2615300.0,46147.0
2023,PE,2615409.0,41137.0
2023,PE,2615508.0,13867.0
2023,PE,2615607.0,30321.0
2023,PE,2615706.0,14705.0
2023,PE,2615805.0,25536.0
2023,PE,2615904.0,7985.0
2023,PE,2616001.0,16872.0
2023,PE,2616100.0,9169.0
2023,PE,2616183.0,7558.0
2023,PE,2616209.0,21959.0
2023,PE,2616308.0,26355.0
2023,PE,2616407.0,134084.0
2023,PE,2616506.0,11611.0
2023,RJ,3300100.0,167434.0
2023,RJ,3300159.0,11034.0
2023,RJ,3300209.0,129671.0
2023,RJ,3300225.0,11828.0
2023,RJ,3300233.0,40006.0
2023,RJ,3300258.0,30986.0
2023,RJ,3300308.0,92883.0
2023,RJ,3300407.0,169894.0
2023,RJ,3300456.0,483087.0
2023,RJ,3300506.0,28102.0
2023,RJ,3300605.0,35173.0
2023,RJ,3300704.0,222161.0
2023,RJ,3300803.0,56943.0
2023,RJ,3300902.0,14616.0
2023,RJ,3300936.0,13847.0
2023,RJ,3300951.0,8741.0
2023,RJ,3301009.0,483540.0
2023,RJ,3301108.0,19390.0
2023,RJ,3301157.0,12958.0
2023,RJ,3301207.0,17198.0
2023,RJ,3301306.0,46110.0
2023,RJ,3301405.0,21104.0
2023,RJ,3301504.0,20783.0
2023,RJ,3301603.0,10980.0
2023,RJ,3301702.0,808161.0
2023,RJ,3301801.0,12242.0
2023,RJ,3301850.0,51696.0
2023,RJ,3301876.0,27920.0
2023,RJ,3301900.0,224267.0
2023,RJ,3302007.0,116841.0
2023,RJ,3302056.0,14073.0
2023,RJ,3302106.0,22919.0
2023,RJ,3302205.0,101041.0
2023,RJ,3302254.0,30908.0
2023,RJ,3302270.0,96289.0
2023,RJ,3302304.0,7336.0
2023,RJ,3302403.0,246391.0
2023,RJ,3302452.0,5415.0
2023,RJ,3302502.0,228127.0
2023,RJ,3302601.0,41220.0
2023,RJ,3302700.0,197277.0
2023,RJ,3302809.0,17502.0
2023,RJ,3302858.0,167127.0
2023,RJ,3302908.0,26582.0
2023,RJ,3303005.0,26881.0
2023,RJ,3303104.0,15074.0
2023,RJ,3303203.0,146774.0
2023,RJ,3303302.0,481749.0
2023,RJ,3303401.0,189939.0
2023,RJ,3303500.0,785867.0
2023,RJ,3303609.0,41375.0
2023,RJ,3303708.0,42063.0
2023,RJ,3303807.0,45243.0
2023,RJ,3303856.0,29619.0
2023,RJ,3303906.0,278881.0
2023,RJ,3303955.0,24298.0
2023,RJ,3304003.0,27474.0
2023,RJ,3304102.0,17288.0
2023,RJ,3304110.0,20373.0
2023,RJ,3304128.0,13682.0
2023,RJ,3304144.0,140523.0
2023,RJ,3304151.0,22393.0
2023,RJ,3304201.0,129612.0
2023,RJ,3304300.0,56276.0
2023,RJ,3304409.0,17401.0
2023,RJ,3304508.0,8954.0
2023,RJ,3304524.0,156491.0
2023,RJ,3304557.0,6211223.0
2023,RJ,3304607.0,10232.0
2023,RJ,3304706.0,41325.0
2023,RJ,3304755.0,45059.0
2023,RJ,3304805.0,38961.0
2023,RJ,3304904.0,896744.0
2023,RJ,3305000.0,36573.0
2023,RJ,3305109.0,440962.0
2023,RJ,3305133.0,7070.0
2023,RJ,3305158.0,22080.0
2023,RJ,3305208.0,104029.0
2023,RJ,3305307.0,7750.0
2023,RJ,3305406.0,17729.0
2023,RJ,3305505.0,89559.0
2023,RJ,3305554.0,80596.0
2023,RJ,3305604.0,21352.0
2023,RJ,3305703.0,15206.0
2023,RJ,3305752.0,31086.0
2023,RJ,3305802.0,165123.0
2023,RJ,3305901.0,10302.0
2023,RJ,3306008.0,78346.0
2023,RJ,3306107.0,68088.0
2023,RJ,3306156.0,10207.0
2023,RJ,3306206.0,33976.0
2023,RJ,3306305.0,261563.0
2023,RS,4300034.0,4170.0
2023,RS,4300059.0,3912.0
2023,RS,4300109.0,16041.0
2023,RS,4300208.0,6720.0
2023,RS,4300307.0,6123.0
2023,RS,4300406.0,72409.0
2023,RS,4300455.0,3651.0
2023,RS,4300471.0,1969.0
2023,RS,4300505.0,7117.0
2023,RS,4300554.0,1800.0
2023,RS,4300570.0,3072.0
2023,RS,4300604.0,187315.0
2023,RS,4300638.0,5310.0
2023,RS,4300646.0,7650.0
2023,RS,4300661.0,1135.0
2023,RS,4300703.0,5957.0
2023,RS,4300802.0,13045.0
2023,RS,4300851.0,4112.0
2023,RS,4300877.0,8525.0
2023,RS,4300901.0,6483.0
2023,RS,4301008.0,21958.0
2023,RS,4301057.0,11057.0
2023,RS,4301073.0,2599.0
2023,RS,4301107.0,14601.0
2023,RS,4301206.0,12058.0
2023,RS,4301305.0,17558.0
2023,RS,4301404.0,10322.0
2023,RS,4301503.0,7149.0
2023,RS,4301552.0,3396.0
2023,RS,4301602.0,117938.0
2023,RS,4301636.0,14955.0
2023,RS,4301651.0,6461.0
2023,RS,4301701.0,7144.0
2023,RS,4301750.0,5889.0
2023,RS,4301800.0,4831.0
2023,RS,4301859.0,3161.0
2023,RS,4301875.0,4241.0
2023,RS,4301909.0,12225.0
2023,RS,4301925.0,1696.0
2023,RS,4301958.0,2498.0
2023,RS,4302006.0,9296.0
2023,RS,4302055.0,2082.0
2023,RS,4302105.0,123151.0
2023,RS,4302154.0,1933.0
2023,RS,4302204.0,6966.0
2023,RS,4302220.0,2229.0
2023,RS,4302238.0,2271.0
2023,RS,4302253.0,2779.0
2023,RS,4302303.0,11202.0
2023,RS,4302352.0,13142.0
2023,RS,4302378.0,2096.0
2023,RS,4302402.0,12294.0
2023,RS,4302451.0,6243.0
2023,RS,4302501.0,5890.0
2023,RS,4302584.0,2151.0
2023,RS,4302600.0,3268.0
2023,RS,4302659.0,4966.0
2023,RS,4302709.0,19084.0
2023,RS,4302808.0,32515.0
2023,RS,4302907.0,11157.0
2023,RS,4303004.0,80070.0
2023,RS,4303103.0,136258.0
2023,RS,4303202.0,4603.0
2023,RS,4303301.0,4704.0
2023,RS,4303400.0,4836.0
2023,RS,4303509.0,62200.0
2023,RS,4303558.0,2981.0
2023,RS,4303608.0,6361.0
2023,RS,4303673.0,3242.0
2023,RS,4303707.0,5882.0
2023,RS,4303806.0,5284.0
2023,RS,4303905.0,62886.0
2023,RS,4304002.0,4975.0
2023,RS,4304101.0,3613.0
2023,RS,4304200.0,28906.0
2023,RS,4304309.0,6294.0
2023,RS,4304358.0,10710.0
2023,RS,4304408.0,48946.0
2023,RS,4304507.0,49680.0
2023,RS,4304606.0,347657.0
2023,RS,4304614.0,1656.0
2023,RS,4304622.0,1733.0
2023,RS,4304630.0,63594.0
2023,RS,4304655.0,3119.0
2023,RS,4304663.0,26487.0
2023,RS,4304671.0,3991.0
2023,RS,4304689.0,11159.0
2023,RS,4304697.0,2921.0
2023,RS,4304705.0,61804.0
2023,RS,4304713.0,7394.0
2023,RS,4304804.0,30420.0
2023,RS,4304853.0,1364.0
2023,RS,4304903.0,9465.0
2023,RS,4304952.0,3000.0
2023,RS,4305009.0,8674.0
2023,RS,4305108.0,463501.0
2023,RS,4305116.0,2728.0
2023,RS,4305124.0,5808.0
2023,RS,4305132.0,3802.0
2023,RS,4305157.0,2379.0
2023,RS,4305173.0,9178.0
2023,RS,4305207.0,13705.0
2023,RS,4305306.0,9540.0
2023,RS,4305355.0,35012.0
2023,RS,4305371.0,2768.0
2023,RS,4305405.0,3913.0
2023,RS,4305439.0,6262.0
2023,RS,4305447.0,4597.0
2023,RS,4305454.0,17071.0
2023,RS,4305504.0,4149.0
2023,RS,4305587.0,2423.0
2023,RS,4305603.0,3258.0
2023,RS,4305702.0,6406.0
2023,RS,4305801.0,10385.0
2023,RS,4305835.0,1290.0
2023,RS,4305850.0,2211.0
2023,RS,4305871.0,2822.0
2023,RS,4305900.0,6144.0
2023,RS,4305934.0,1607.0
2023,RS,4305959.0,3846.0
2023,RS,4305975.0,2667.0
2023,RS,4306007.0,12886.0
2023,RS,4306056.0,7299.0
2023,RS,4306072.0,2692.0
2023,RS,4306106.0,58913.0
2023,RS,4306130.0,1635.0
2023,RS,4306205.0,12295.0
2023,RS,4306304.0,4321.0
2023,RS,4306320.0,2751.0
2023,RS,4306353.0,2507.0
2023,RS,4306379.0,2806.0
2023,RS,4306403.0,30709.0
2023,RS,4306429.0,2090.0
2023,RS,4306452.0,3097.0
2023,RS,4306502.0,13051.0
2023,RS,4306551.0,2562.0
2023,RS,4306601.0,36981.0
2023,RS,4306700.0,3079.0
2023,RS,4306734.0,4470.0
2023,RS,4306759.0,1888.0
2023,RS,4306767.0,39559.0
2023,RS,4306809.0,22962.0
2023,RS,4306908.0,23819.0
2023,RS,4306924.0,1296.0
2023,RS,4306932.0,9164.0
2023,RS,4306957.0,2685.0
2023,RS,4306973.0,3054.0
2023,RS,4307005.0,105705.0
2023,RS,4307054.0,3034.0
2023,RS,4307104.0,6191.0
2023,RS,4307203.0,4930.0
2023,RS,4307302.0,6787.0
2023,RS,4307401.0,3195.0
2023,RS,4307450.0,3226.0
2023,RS,4307500.0,15173.0
2023,RS,4307559.0,5582.0
2023,RS,4307609.0,47924.0
2023,RS,4307708.0,76137.0
2023,RS,4307807.0,32183.0
2023,RS,4307815.0,3070.0
2023,RS,4307831.0,2633.0
2023,RS,4307864.0,2566.0
2023,RS,4307906.0,70286.0
2023,RS,4308003.0,6702.0
2023,RS,4308052.0,2520.0
2023,RS,4308078.0,4291.0
2023,RS,4308102.0,13764.0
2023,RS,4308201.0,30892.0
2023,RS,4308250.0,1668.0
2023,RS,4308300.0,9550.0
2023,RS,4308409.0,6413.0
2023,RS,4308433.0,2393.0
2023,RS,4308458.0,4477.0
2023,RS,4308508.0,32627.0
2023,RS,4308607.0,34335.0
2023,RS,4308656.0,2688.0
2023,RS,4308706.0,5665.0
2023,RS,4308805.0,7612.0
2023,RS,4308854.0,1744.0
2023,RS,4308904.0,16602.0
2023,RS,4309001.0,16013.0
2023,RS,4309050.0,7658.0
2023,RS,4309100.0,40134.0
2023,RS,4309126.0,2014.0
2023,RS,4309159.0,3305.0
2023,RS,4309209.0,265074.0
2023,RS,4309258.0,1417.0
2023,RS,4309308.0,92924.0
2023,RS,4309407.0,25268.0
2023,RS,4309506.0,7415.0
2023,RS,4309555.0,5378.0
2023,RS,4309571.0,2564.0
2023,RS,4309605.0,18851.0
2023,RS,4309654.0,5976.0
2023,RS,4309704.0,4681.0
2023,RS,4309753.0,3732.0
2023,RS,4309803.0,4527.0
2023,RS,4309902.0,6776.0
2023,RS,4309951.0,3723.0
2023,RS,4310009.0,21583.0
2023,RS,4310108.0,33321.0
2023,RS,4310207.0,84780.0
2023,RS,4310306.0,4157.0
2023,RS,4310330.0,26824.0
2023,RS,4310363.0,3080.0
2023,RS,4310405.0,6427.0
2023,RS,4310413.0,2014.0
2023,RS,4310439.0,5399.0
2023,RS,4310462.0,1720.0
2023,RS,4310504.0,7482.0
2023,RS,4310538.0,5572.0
2023,RS,4310553.0,2995.0
2023,RS,4310579.0,1937.0
2023,RS,4310603.0,35768.0
2023,RS,4310652.0,2638.0
2023,RS,4310702.0,3208.0
2023,RS,4310751.0,1929.0
2023,RS,4310801.0,22983.0
2023,RS,4310850.0,3779.0
2023,RS,4310876.0,2040.0
2023,RS,4310900.0,3338.0
2023,RS,4311007.0,26603.0
2023,RS,4311106.0,10579.0
2023,RS,4311122.0,3690.0
2023,RS,4311130.0,3349.0
2023,RS,4311155.0,7184.0
2023,RS,4311205.0,18226.0
2023,RS,4311239.0,2251.0
2023,RS,4311254.0,5341.0
2023,RS,4311270.0,1738.0
2023,RS,4311304.0,27659.0
2023,RS,4311403.0,92951.0
2023,RS,4311429.0,2601.0
2023,RS,4311502.0,7157.0
2023,RS,4311601.0,4781.0
2023,RS,4311627.0,6248.0
2023,RS,4311643.0,1683.0
2023,RS,4311700.0,5735.0
2023,RS,4311718.0,4425.0
2023,RS,4311734.0,3131.0
2023,RS,4311759.0,6801.0
2023,RS,4311775.0,7418.0
2023,RS,4311791.0,2470.0
2023,RS,4311809.0,45124.0
2023,RS,4311908.0,4320.0
2023,RS,4311981.0,3916.0
2023,RS,4312005.0,1858.0
2023,RS,4312054.0,3969.0
2023,RS,4312104.0,4698.0
2023,RS,4312138.0,2553.0
2023,RS,4312153.0,4859.0
2023,RS,4312179.0,1795.0
2023,RS,4312203.0,4189.0
2023,RS,4312252.0,7505.0
2023,RS,4312302.0,4427.0
2023,RS,4312351.0,1499.0
2023,RS,4312377.0,3180.0
2023,RS,4312385.0,2557.0
2023,RS,4312401.0,64322.0
2023,RS,4312427.0,2756.0
2023,RS,4312443.0,3071.0
2023,RS,4312450.0,6046.0
2023,RS,4312476.0,6029.0
2023,RS,4312500.0,12090.0
2023,RS,4312609.0,4601.0
2023,RS,4312617.0,2879.0
2023,RS,4312625.0,1721.0
2023,RS,4312658.0,17898.0
2023,RS,4312674.0,1932.0
2023,RS,4312708.0,13719.0
2023,RS,4312757.0,3163.0
2023,RS,4312807.0,4954.0
2023,RS,4312906.0,9649.0
2023,RS,4312955.0,2042.0
2023,RS,4313003.0,3044.0
2023,RS,4313011.0,3061.0
2023,RS,4313037.0,4865.0
2023,RS,4313060.0,20088.0
2023,RS,4313086.0,2343.0
2023,RS,4313102.0,5586.0
2023,RS,4313201.0,23300.0
2023,RS,4313300.0,25692.0
2023,RS,4313334.0,2163.0
2023,RS,4313359.0,3466.0
2023,RS,4313375.0,29024.0
2023,RS,4313391.0,3568.0
2023,RS,4313409.0,227646.0
2023,RS,4313425.0,3198.0
2023,RS,4313441.0,2146.0
2023,RS,4313466.0,1646.0
2023,RS,4313490.0,4272.0
2023,RS,4313508.0,47396.0
2023,RS,4313607.0,3631.0
2023,RS,4313656.0,12844.0
2023,RS,4313706.0,33216.0
2023,RS,4313805.0,7839.0
2023,RS,4313904.0,43515.0
2023,RS,4313953.0,10212.0
2023,RS,4314001.0,7194.0
2023,RS,4314027.0,6519.0
2023,RS,4314035.0,4319.0
2023,RS,4314050.0,52052.0
2023,RS,4314068.0,3983.0
2023,RS,4314076.0,6025.0
2023,RS,4314100.0,206215.0
2023,RS,4314134.0,2144.0
2023,RS,4314159.0,7978.0
2023,RS,4314175.0,2061.0
2023,RS,4314209.0,7484.0
2023,RS,4314308.0,3745.0
2023,RS,4314407.0,325685.0
2023,RS,4314423.0,5351.0
2023,RS,4314456.0,2959.0
2023,RS,4314464.0,2248.0
2023,RS,4314472.0,3805.0
2023,RS,4314498.0,4540.0
2023,RS,4314506.0,11214.0
2023,RS,4314548.0,2723.0
2023,RS,4314555.0,2260.0
2023,RS,4314605.0,17504.0
2023,RS,4314704.0,10406.0
2023,RS,4314753.0,2171.0
2023,RS,4314779.0,3296.0
2023,RS,4314787.0,1575.0
2023,RS,4314803.0,34071.0
2023,RS,4314902.0,1332833.0
2023,RS,4315008.0,4360.0
2023,RS,4315057.0,2142.0
2023,RS,4315073.0,1560.0
2023,RS,4315107.0,9938.0
2023,RS,4315131.0,1739.0
2023,RS,4315149.0,3077.0
2023,RS,4315156.0,5340.0
2023,RS,4315172.0,2025.0
2023,RS,4315206.0,3747.0
2023,RS,4315305.0,23500.0
2023,RS,4315313.0,1552.0
2023,RS,4315321.0,2507.0
2023,RS,4315354.0,3910.0
2023,RS,4315404.0,9738.0
2023,RS,4315453.0,1796.0
2023,RS,4315503.0,14939.0
2023,RS,4315552.0,2835.0
2023,RS,4315602.0,191900.0
2023,RS,4315701.0,34654.0
2023,RS,4315750.0,4473.0
2023,RS,4315800.0,10418.0
2023,RS,4315909.0,6654.0
2023,RS,4315958.0,2291.0
2023,RS,4316006.0,21253.0
2023,RS,4316105.0,9777.0
2023,RS,4316204.0,4991.0
2023,RS,4316303.0,6576.0
2023,RS,4316402.0,36630.0
2023,RS,4316428.0,2480.0
2023,RS,4316436.0,2575.0
2023,RS,4316451.0,10203.0
2023,RS,4316477.0,2877.0
2023,RS,4316501.0,6879.0
2023,RS,4316600.0,16399.0
2023,RS,4316709.0,8122.0
2023,RS,4316733.0,1674.0
2023,RS,4316758.0,6887.0
2023,RS,4316808.0,133246.0
2023,RS,4316907.0,271735.0
2023,RS,4316956.0,6340.0
2023,RS,4316972.0,2596.0
2023,RS,4317004.0,7024.0
2023,RS,4317103.0,84421.0
2023,RS,4317202.0,76963.0
2023,RS,4317251.0,1505.0
2023,RS,4317301.0,30983.0
2023,RS,4317400.0,48938.0
2023,RS,4317509.0,76917.0
2023,RS,4317558.0,2091.0
2023,RS,4317608.0,42947.0
2023,RS,4317707.0,10300.0
2023,RS,4317756.0,2089.0
2023,RS,4317806.0,13902.0
2023,RS,4317905.0,15320.0
2023,RS,4317954.0,2349.0
2023,RS,4318002.0,59676.0
2023,RS,4318051.0,2754.0
2023,RS,4318101.0,17618.0
2023,RS,4318200.0,21893.0
2023,RS,4318309.0,58487.0
2023,RS,4318408.0,21028.0
2023,RS,4318424.0,4461.0
2023,RS,4318432.0,2649.0
2023,RS,4318440.0,2912.0
2023,RS,4318457.0,2362.0
2023,RS,4318465.0,1902.0
2023,RS,4318481.0,4447.0
2023,RS,4318499.0,2406.0
2023,RS,4318507.0,25443.0
2023,RS,4318606.0,6834.0
2023,RS,4318614.0,2380.0
2023,RS,4318622.0,4172.0
2023,RS,4318705.0,217409.0
2023,RS,4318804.0,41989.0
2023,RS,4318903.0,34752.0
2023,RS,4319000.0,21084.0
2023,RS,4319109.0,5481.0
2023,RS,4319125.0,2860.0
2023,RS,4319158.0,7056.0
2023,RS,4319208.0,5118.0
2023,RS,4319307.0,5846.0
2023,RS,4319356.0,3548.0
2023,RS,4319364.0,1757.0
2023,RS,4319372.0,3070.0
2023,RS,4319406.0,15577.0
2023,RS,4319505.0,24428.0
2023,RS,4319604.0,21219.0
2023,RS,4319703.0,3264.0
2023,RS,4319711.0,2207.0
2023,RS,4319737.0,2543.0
2023,RS,4319752.0,2251.0
2023,RS,4319802.0,8097.0
2023,RS,4319901.0,75648.0
2023,RS,4320008.0,132107.0
2023,RS,4320107.0,22851.0
2023,RS,4320206.0,11950.0
2023,RS,4320230.0,2704.0
2023,RS,4320263.0,6009.0
2023,RS,4320305.0,5107.0
2023,RS,4320321.0,2673.0
2023,RS,4320354.0,5306.0
2023,RS,4320404.0,16961.0
2023,RS,4320453.0,1941.0
2023,RS,4320503.0,5541.0
2023,RS,4320552.0,5863.0
2023,RS,4320578.0,1830.0
2023,RS,4320602.0,3406.0
2023,RS,4320651.0,2028.0
2023,RS,4320677.0,8557.0
2023,RS,4320701.0,14226.0
2023,RS,4320800.0,29991.0
2023,RS,4320859.0,4461.0
2023,RS,4320909.0,24557.0
2023,RS,4321006.0,10592.0
2023,RS,4321105.0,14695.0
2023,RS,4321204.0,53240.0
2023,RS,4321303.0,25198.0
2023,RS,4321329.0,3119.0
2023,RS,4321352.0,5212.0
2023,RS,4321402.0,14497.0
2023,RS,4321436.0,10334.0
2023,RS,4321451.0,32797.0
2023,RS,4321469.0,3267.0
2023,RS,4321477.0,5129.0
2023,RS,4321493.0,2554.0
2023,RS,4321501.0,41751.0
2023,RS,4321600.0,54387.0
2023,RS,4321626.0,2152.0
2023,RS,4321634.0,2591.0
2023,RS,4321667.0,10962.0
2023,RS,4321709.0,23920.0
2023,RS,4321808.0,24916.0
2023,RS,4321832.0,2760.0
2023,RS,4321857.0,4716.0
2023,RS,4321907.0,25436.0
2023,RS,4321956.0,7556.0
2023,RS,4322004.0,27498.0
2023,RS,4322103.0,5542.0
2023,RS,4322152.0,3681.0
2023,RS,4322186.0,1374.0
2023,RS,4322202.0,20005.0
2023,RS,4322251.0,5029.0
2023,RS,4322301.0,8363.0
2023,RS,4322327.0,3419.0
2023,RS,4322343.0,1994.0
2023,RS,4322350.0,1170.0
2023,RS,4322376.0,1995.0
2023,RS,4322400.0,117210.0
2023,RS,4322509.0,64197.0
2023,RS,4322525.0,3150.0
2023,RS,4322533.0,9902.0
2023,RS,4322541.0,6058.0
2023,RS,4322558.0,2004.0
2023,RS,4322608.0,68763.0
2023,RS,4322707.0,26714.0
2023,RS,4322806.0,24021.0
2023,RS,4322855.0,1818.0
2023,RS,4322905.0,4766.0
2023,RS,4323002.0,224124.0
2023,RS,4323101.0,4665.0
2023,RS,4323200.0,2780.0
2023,RS,4323309.0,3646.0
2023,RS,4323358.0,2079.0
2023,RS,4323408.0,4413.0
2023,RS,4323457.0,3863.0
2023,RS,4323507.0,2660.0
2023,RS,4323606.0,1590.0
2023,RS,4323705.0,2783.0
2023,RS,4323754.0,3254.0
2023,RS,4323770.0,3098.0
2023,RS,4323804.0,16463.0
2023,GO,5200050.0,19128.0
2023,GO,5200100.0,17232.0
2023,GO,5200134.0,21568.0
2023,GO,5200159.0,2297.0
2023,GO,5200175.0,4954.0
2023,GO,5200209.0,1858.0
2023,GO,5200258.0,225693.0
2023,GO,5200308.0,27008.0
2023,GO,5200506.0,1973.0
2023,GO,5200555.0,6072.0
2023,GO,5200605.0,10306.0
2023,GO,5200803.0,8446.0
2023,GO,5200829.0,3268.0
2023,GO,5200852.0,5259.0
2023,GO,5200902.0,3007.0
2023,GO,5201108.0,398869.0
2023,GO,5201207.0,924.0
2023,GO,5201306.0,18503.0
2023,GO,5201405.0,527796.0
2023,GO,5201454.0,2907.0
2023,GO,5201504.0,4325.0
2023,GO,5201603.0,3799.0
2023,GO,5201702.0,18390.0
2023,GO,5201801.0,11890.0
2023,GO,5202155.0,7153.0
2023,GO,5202353.0,2946.0
2023,GO,5202502.0,8300.0
2023,GO,5202601.0,3284.0
2023,GO,5202809.0,2868.0
2023,GO,5203104.0,3351.0
2023,GO,5203203.0,10371.0
2023,GO,5203302.0,34445.0
2023,GO,5203401.0,7826.0
2023,GO,5203500.0,23958.0
2023,GO,5203559.0,10296.0
2023,GO,5203575.0,3299.0
2023,GO,5203609.0,3992.0
2023,GO,5203807.0,5695.0
2023,GO,5203906.0,10495.0
2023,GO,5203939.0,2732.0
2023,GO,5203962.0,3145.0
2023,GO,5204003.0,7560.0
2023,GO,5204102.0,11513.0
2023,GO,5204201.0,1405.0
2023,GO,5204250.0,7782.0
2023,GO,5204300.0,13774.0
2023,GO,5204409.0,16513.0
2023,GO,5204508.0,98622.0
2023,GO,5204557.0,4507.0
2023,GO,5204607.0,3755.0
2023,GO,5204656.0,3708.0
2023,GO,5204706.0,12510.0
2023,GO,5204805.0,7422.0
2023,GO,5204854.0,8081.0
2023,GO,5204904.0,18108.0
2023,GO,5204953.0,4005.0
2023,GO,5205000.0,9710.0
2023,GO,5205059.0,2985.0
2023,GO,5205109.0,114427.0
2023,GO,5205208.0,5184.0
2023,GO,5205307.0,9583.0
2023,GO,5205406.0,22046.0
2023,GO,5205455.0,8090.0
2023,GO,5205471.0,12870.0
2023,GO,5205497.0,91767.0
2023,GO,5205513.0,25016.0
2023,GO,5205521.0,4030.0
2023,GO,5205703.0,2454.0
2023,GO,5205802.0,10562.0
2023,GO,5205901.0,9164.0
2023,GO,5206206.0,62337.0
2023,GO,5206305.0,3504.0
2023,GO,5206404.0,17065.0
2023,GO,5206503.0,3883.0
2023,GO,5206602.0,2927.0
2023,GO,5206701.0,3770.0
2023,GO,5206800.0,2724.0
2023,GO,5206909.0,1902.0
2023,GO,5207105.0,2062.0
2023,GO,5207253.0,6956.0
2023,GO,5207352.0,4001.0
2023,GO,5207402.0,11747.0
2023,GO,5207501.0,3205.0
2023,GO,5207535.0,7070.0
2023,GO,5207600.0,5877.0
2023,GO,5207808.0,10419.0
2023,GO,5207907.0,13744.0
2023,GO,5208004.0,115901.0
2023,GO,5208103.0,4660.0
2023,GO,5208152.0,3456.0
2023,GO,5208301.0,4457.0
2023,GO,5208400.0,13967.0
2023,GO,5208509.0,4973.0
2023,GO,5208608.0,73707.0
2023,GO,5208707.0,1437366.0
2023,GO,5208806.0,71916.0
2023,GO,5208905.0,24071.0
2023,GO,5209101.0,35664.0
2023,GO,5209150.0,4390.0
2023,GO,5209200.0,19545.0
2023,GO,5209291.0,2188.0
2023,GO,5209408.0,4085.0
2023,GO,5209457.0,2161.0
2023,GO,5209606.0,3354.0
2023,GO,5209705.0,27742.0
2023,GO,5209804.0,3545.0
2023,GO,5209903.0,10584.0
2023,GO,5209937.0,5954.0
2023,GO,5209952.0,17061.0
2023,GO,5210000.0,52204.0
2023,GO,5210109.0,25548.0
2023,GO,5210158.0,2919.0
2023,GO,5210208.0,35684.0
2023,GO,5210307.0,2560.0
2023,GO,5210406.0,44734.0
2023,GO,5210562.0,4963.0
2023,GO,5210604.0,4904.0
2023,GO,5210802.0,4380.0
2023,GO,5210901.0,21087.0
2023,GO,5211008.0,8007.0
2023,GO,5211206.0,26113.0
2023,GO,5211305.0,6101.0
2023,GO,5211404.0,7736.0
2023,GO,5211503.0,107970.0
2023,GO,5211602.0,2693.0
2023,GO,5211701.0,6272.0
2023,GO,5211800.0,45223.0
2023,GO,5211909.0,105729.0
2023,GO,5212006.0,2924.0
2023,GO,5212055.0,2123.0
2023,GO,5212105.0,7159.0
2023,GO,5212204.0,19620.0
2023,GO,5212253.0,1390.0
2023,GO,5212303.0,8745.0
2023,GO,5212501.0,209129.0
2023,GO,5212600.0,2561.0
2023,GO,5212709.0,8124.0
2023,GO,5212808.0,10700.0
2023,GO,5212907.0,2758.0
2023,GO,5212956.0,4042.0
2023,GO,5213004.0,10304.0
2023,GO,5213053.0,2614.0
2023,GO,5213087.0,27075.0
2023,GO,5213103.0,70081.0
2023,GO,5213400.0,1685.0
2023,GO,5213509.0,6692.0
2023,GO,5213707.0,8756.0
2023,GO,5213756.0,12521.0
2023,GO,5213772.0,3779.0
2023,GO,5213806.0,51351.0
2023,GO,5213855.0,2456.0
2023,GO,5213905.0,4654.0
2023,GO,5214002.0,14750.0
2023,GO,5214051.0,6189.0
2023,GO,5214101.0,3564.0
2023,GO,5214408.0,8189.0
2023,GO,5214507.0,31932.0
2023,GO,5214606.0,34964.0
2023,GO,5214705.0,2337.0
2023,GO,5214804.0,2101.0
2023,GO,5214838.0,12815.0
2023,GO,5214861.0,8310.0
2023,GO,5214879.0,3010.0
2023,GO,5214903.0,3076.0
2023,GO,5215009.0,9481.0
2023,GO,5215207.0,3527.0
2023,GO,5215231.0,103804.0
2023,GO,5215256.0,3716.0
2023,GO,5215306.0,16399.0
2023,GO,5215405.0,4057.0
2023,GO,5215504.0,7200.0
2023,GO,5215603.0,34967.0
2023,GO,5215652.0,3132.0
2023,GO,5215702.0,31858.0
2023,GO,5215801.0,2259.0
2023,GO,5215900.0,3851.0
2023,GO,5216007.0,2455.0
2023,GO,5216304.0,7607.0
2023,GO,5216403.0,10659.0
2023,GO,5216452.0,2964.0
2023,GO,5216809.0,9573.0
2023,GO,5216908.0,2328.0
2023,GO,5217104.0,24883.0
2023,GO,5217203.0,11712.0
2023,GO,5217302.0,26690.0
2023,GO,5217401.0,32373.0
2023,GO,5217609.0,105031.0
2023,GO,5217708.0,18309.0
2023,GO,5218003.0,44317.0
2023,GO,5218052.0,4070.0
2023,GO,5218102.0,3280.0
2023,GO,5218300.0,34914.0
2023,GO,5218391.0,3649.0
2023,GO,5218508.0,48447.0
2023,GO,5218607.0,12165.0
2023,GO,5218706.0,3980.0
2023,GO,5218789.0,3864.0
2023,GO,5218805.0,225696.0
2023,GO,5218904.0,19788.0
2023,GO,5219001.0,7918.0
2023,GO,5219100.0,6149.0
2023,GO,5219209.0,3002.0
2023,GO,5219258.0,4951.0
2023,GO,5219308.0,38492.0
2023,GO,5219357.0,3538.0
2023,GO,5219407.0,5924.0
2023,GO,5219456.0,2689.0
2023,GO,5219506.0,2820.0
2023,GO,5219605.0,3293.0
2023,GO,5219704.0,10645.0
2023,GO,5219712.0,4267.0
2023,GO,5219738.0,7386.0
2023,GO,5219753.0,72127.0
2023,GO,5219803.0,9711.0
2023,GO,5219902.0,6378.0
2023,GO,5220009.0,14041.0
2023,GO,5220058.0,1774.0
2023,GO,5220108.0,33852.0
2023,GO,5220157.0,4837.0
2023,GO,5220207.0,21900.0
2023,GO,5220264.0,4464.0
2023,GO,5220280.0,2143.0
2023,GO,5220405.0,17020.0
2023,GO,5220454.0,155635.0
2023,GO,5220504.0,8027.0
2023,GO,5220603.0,22245.0
2023,GO,5220686.0,5742.0
2023,GO,5220702.0,2927.0
2023,GO,5221007.0,4026.0
2023,GO,5221080.0,2701.0
2023,GO,5221197.0,7944.0
2023,GO,5221304.0,2921.0
2023,GO,5221403.0,142431.0
2023,GO,5221452.0,3120.0
2023,GO,5221502.0,4480.0
2023,GO,5221551.0,4985.0
2023,GO,5221577.0,2798.0
2023,GO,5221601.0,42546.0
2023,GO,5221700.0,13729.0
2023,GO,5221809.0,3553.0
2023,GO,5221858.0,198861.0
2023,GO,5221908.0,3716.0
2023,GO,5222005.0,14956.0
2023,GO,5222054.0,8768.0
2023,GO,5222203.0,4215.0
2023,GO,5222302.0,5815.0
2024,PE,2600054.0,103945.0
2024,PE,2600104.0,42407.0
2024,PE,2600203.0,19349.0
2024,PE,2600302.0,24615.0
2024,PE,2600401.0,27221.0
2024,PE,2600500.0,43713.0
2024,PE,2600609.0,14355.0
2024,PE,2600708.0,37372.0
2024,PE,2600807.0,21185.0
2024,PE,2600906.0,18471.0
2024,PE,2601003.0,10580.0
2024,PE,2601052.0,19936.0
2024,PE,2601102.0,90104.0
2024,PE,2601201.0,82003.0
2024,PE,2601300.0,12616.0
2024,PE,2601409.0,42056.0
2024,PE,2601508.0,10829.0
2024,PE,2601607.0,18713.0
2024,PE,2601706.0,83647.0
2024,PE,2601805.0,11981.0
2024,PE,2601904.0,64809.0
2024,PE,2602001.0,36129.0
2024,PE,2602100.0,46192.0
2024,PE,2602209.0,39278.0
2024,PE,2602308.0,39163.0
2024,PE,2602407.0,9399.0
2024,PE,2602506.0,8010.0
2024,PE,2602605.0,51107.0
2024,PE,2602704.0,13254.0
2024,PE,2602803.0,54425.0
2024,PE,2602902.0,216969.0
2024,PE,2603009.0,31746.0
2024,PE,2603108.0,20612.0
2024,PE,2603207.0,30441.0
2024,PE,2603306.0,11445.0
2024,PE,2603405.0,5367.0
2024,PE,2603454.0,155771.0
2024,PE,2603504.0,17991.0
2024,PE,2603603.0,7972.0
2024,PE,2603702.0,25090.0
2024,PE,2603801.0,18890.0
2024,PE,2603900.0,19513.0
2024,PE,2603926.0,12682.0
2024,PE,2604007.0,83205.0
2024,PE,2604106.0,402290.0
2024,PE,2604155.0,13489.0
2024,PE,2604205.0,33279.0
2024,PE,2604304.0,10845.0
2024,PE,2604403.0,13461.0
2024,PE,2604502.0,21224.0
2024,PE,2604601.0,25383.0
2024,PE,2604700.0,17660.0
2024,PE,2604809.0,10512.0
2024,PE,2604908.0,16252.0
2024,PE,2605004.0,24301.0
2024,PE,2605103.0,39403.0
2024,PE,2605152.0,17749.0
2024,PE,2605202.0,62252.0
2024,PE,2605301.0,33436.0
2024,PE,2605400.0,22169.0
2024,PE,2605459.0,3316.0
2024,PE,2605509.0,15794.0
2024,PE,2605608.0,20835.0
2024,PE,2605707.0,31627.0
2024,PE,2605806.0,14070.0
2024,PE,2605905.0,17973.0
2024,PE,2606002.0,151064.0
2024,PE,2606101.0,30370.0
2024,PE,2606200.0,85160.0
2024,PE,2606309.0,7206.0
2024,PE,2606408.0,91887.0
2024,PE,2606507.0,17605.0
2024,PE,2606606.0,28760.0
2024,PE,2606705.0,7344.0
2024,PE,2606804.0,122312.0
2024,PE,2606903.0,11366.0
2024,PE,2607000.0,27488.0
2024,PE,2607109.0,4959.0
2024,PE,2607208.0,105638.0
2024,PE,2607307.0,30603.0
2024,PE,2607406.0,4490.0
2024,PE,2607505.0,33691.0
2024,PE,2607604.0,25529.0
2024,PE,2607653.0,36626.0
2024,PE,2607703.0,14232.0
2024,PE,2607752.0,29463.0
2024,PE,2607802.0,17109.0
2024,PE,2607901.0,683285.0
2024,PE,2607950.0,10483.0
2024,PE,2608008.0,16323.0
2024,PE,2608057.0,14463.0
2024,PE,2608107.0,28903.0
2024,PE,2608206.0,13506.0
2024,PE,2608255.0,11975.0
2024,PE,2608305.0,15943.0
2024,PE,2608404.0,14027.0
2024,PE,2608453.0,18708.0
2024,PE,2608503.0,19915.0
2024,PE,2608602.0,12364.0
2024,PE,2608701.0,14386.0
2024,PE,2608750.0,24952.0
2024,PE,2608800.0,41786.0
2024,PE,2608909.0,59125.0
2024,PE,2609006.0,24624.0
2024,PE,2609105.0,11471.0
2024,PE,2609154.0,26773.0
2024,PE,2609204.0,9432.0
2024,PE,2609303.0,14599.0
2024,PE,2609402.0,57647.0
2024,PE,2609501.0,32153.0
2024,PE,2609600.0,365402.0
2024,PE,2609709.0,22438.0
2024,PE,2609808.0,14100.0
2024,PE,2609907.0,68329.0
2024,PE,2610004.0,56615.0
2024,PE,2610103.0,7154.0
2024,PE,2610202.0,23449.0
2024,PE,2610301.0,12712.0
2024,PE,2610400.0,19028.0
2024,PE,2610509.0,29719.0
2024,PE,2610608.0,59638.0
2024,PE,2610707.0,362960.0
2024,PE,2610806.0,23605.0
2024,PE,2610905.0,65408.0
2024,PE,2611002.0,35991.0
2024,PE,2611101.0,414083.0
2024,PE,2611200.0,10805.0
2024,PE,2611309.0,26847.0
2024,PE,2611408.0,14351.0
2024,PE,2611507.0,17974.0
2024,PE,2611533.0,6755.0
2024,PE,2611606.0,1587707.0
2024,PE,2611705.0,21411.0
2024,PE,2611804.0,34255.0
2024,PE,2611903.0,20460.0
2024,PE,2612000.0,11218.0
2024,PE,2612109.0,5620.0
2024,PE,2612208.0,65635.0
2024,PE,2612307.0,14173.0
2024,PE,2612406.0,18933.0
2024,PE,2612455.0,14320.0
2024,PE,2612471.0,11933.0
2024,PE,2612505.0,104277.0
2024,PE,2612554.0,12402.0
2024,PE,2612604.0,42682.0
2024,PE,2612703.0,14533.0
2024,PE,2612802.0,10513.0
2024,PE,2612901.0,13479.0
2024,PE,2613008.0,51264.0
2024,PE,2613107.0,39117.0
2024,PE,2613206.0,24772.0
2024,PE,2613305.0,20440.0
2024,PE,2613404.0,19468.0
2024,PE,2613503.0,36752.0
2024,PE,2613602.0,32491.0
2024,PE,2613701.0,117759.0
2024,PE,2613800.0,17176.0
2024,PE,2613909.0,98143.0
2024,PE,2614006.0,18759.0
2024,PE,2614105.0,34269.0
2024,PE,2614204.0,39233.0
2024,PE,2614303.0,10849.0
2024,PE,2614402.0,5403.0
2024,PE,2614501.0,67515.0
2024,PE,2614600.0,29093.0
2024,PE,2614709.0,14277.0
2024,PE,2614808.0,24803.0
2024,PE,2614857.0,24534.0
2024,PE,2615003.0,25497.0
2024,PE,2615102.0,6857.0
2024,PE,2615201.0,9221.0
2024,PE,2615300.0,47575.0
2024,PE,2615409.0,43636.0
2024,PE,2615508.0,14393.0
2024,PE,2615607.0,32086.0
2024,PE,2615706.0,15142.0
2024,PE,2615805.0,27009.0
2024,PE,2615904.0,8252.0
2024,PE,2616001.0,17609.0
2024,PE,2616100.0,9474.0
2024,PE,2616183.0,7782.0
2024,PE,2616209.0,22955.0
2024,PE,2616308.0,27297.0
2024,PE,2616407.0,143799.0
2024,PE,2616506.0,11791.0
2024,RJ,3300100.0,179120.0
2024,RJ,3300159.0,11420.0
2024,RJ,3300209.0,137773.0
2024,RJ,3300225.0,12236.0
2024,RJ,3300233.0,42442.0
2024,RJ,3300258.0,32794.0
2024,RJ,3300308.0,98501.0
2024,RJ,3300407.0,181688.0
2024,RJ,3300456.0,518263.0
2024,RJ,3300506.0,29736.0
2024,RJ,3300605.0,37172.0
2024,RJ,3300704.0,238166.0
2024,RJ,3300803.0,59837.0
2024,RJ,3300902.0,15070.0
2024,RJ,3300936.0,14325.0
2024,RJ,3300951.0,9044.0
2024,RJ,3301009.0,519011.0
2024,RJ,3301108.0,19996.0
2024,RJ,3301157.0,13403.0
2024,RJ,3301207.0,17740.0
2024,RJ,3301306.0,48563.0
2024,RJ,3301405.0,21769.0
2024,RJ,3301504.0,21444.0
2024,RJ,3301603.0,11354.0
2024,RJ,3301702.0,866347.0
2024,RJ,3301801.0,12648.0
2024,RJ,3301850.0,54300.0
2024,RJ,3301876.0,29577.0
2024,RJ,3301900.0,240040.0
2024,RJ,3302007.0,123980.0
2024,RJ,3302056.0,14517.0
2024,RJ,3302106.0,23643.0
2024,RJ,3302205.0,107246.0
2024,RJ,3302254.0,32694.0
2024,RJ,3302270.0,102149.0
2024,RJ,3302304.0,7584.0
2024,RJ,3302403.0,264138.0
2024,RJ,3302452.0,5601.0
2024,RJ,3302502.0,244092.0
2024,RJ,3302601.0,43624.0
2024,RJ,3302700.0,211986.0
2024,RJ,3302809.0,18049.0
2024,RJ,3302858.0,178803.0
2024,RJ,3302908.0,28123.0
2024,RJ,3303005.0,28411.0
2024,RJ,3303104.0,15550.0
2024,RJ,3303203.0,155544.0
2024,RJ,3303302.0,516720.0
2024,RJ,3303401.0,203328.0
2024,RJ,3303500.0,843046.0
2024,RJ,3303609.0,43656.0
2024,RJ,3303708.0,44467.0
2024,RJ,3303807.0,47614.0
2024,RJ,3303856.0,31345.0
2024,RJ,3303906.0,294983.0
2024,RJ,3303955.0,25085.0
2024,RJ,3304003.0,29054.0
2024,RJ,3304102.0,17832.0
2024,RJ,3304110.0,21064.0
2024,RJ,3304128.0,14158.0
2024,RJ,3304144.0,149093.0
2024,RJ,3304151.0,23126.0
2024,RJ,3304201.0,137612.0
2024,RJ,3304300.0,59113.0
2024,RJ,3304409.0,17950.0
2024,RJ,3304508.0,9264.0
2024,RJ,3304524.0,168099.0
2024,RJ,3304557.0,6729894.0
2024,RJ,3304607.0,10579.0
2024,RJ,3304706.0,43686.0
2024,RJ,3304755.0,47368.0
2024,RJ,3304805.0,41197.0
2024,RJ,3304904.0,960652.0
2024,RJ,3305000.0,38708.0
2024,RJ,3305109.0,466536.0
2024,RJ,3305133.0,7315.0
2024,RJ,3305158.0,22799.0
2024,RJ,3305208.0,110556.0
2024,RJ,3305307.0,7999.0
2024,RJ,3305406.0,18289.0
2024,RJ,3305505.0,95201.0
2024,RJ,3305554.0,84737.0
2024,RJ,3305604.0,22026.0
2024,RJ,3305703.0,15690.0
2024,RJ,3305752.0,32858.0
2024,RJ,3305802.0,176692.0
2024,RJ,3305901.0,10652.0
2024,RJ,3306008.0,82300.0
2024,RJ,3306107.0,71462.0
2024,RJ,3306156.0,10559.0
2024,RJ,3306206.0,35904.0
2024,RJ,3306305.0,279898.0
2024,RS,4300034.0,4253.0
2024,RS,4300059.0,4000.0
2024,RS,4300109.0,16346.0
2024,RS,4300208.0,6848.0
2024,RS,4300307.0,6228.0
2024,RS,4300406.0,74329.0
2024,RS,4300455.0,3711.0
2024,RS,4300471.0,2008.0
2024,RS,4300505.0,7243.0
2024,RS,4300554.0,1837.0
2024,RS,4300570.0,3143.0
2024,RS,4300604.0,194116.0
2024,RS,4300638.0,5394.0
2024,RS,4300646.0,7822.0
2024,RS,4300661.0,1157.0
2024,RS,4300703.0,6080.0
2024,RS,4300802.0,13328.0
2024,RS,4300851.0,4211.0
2024,RS,4300877.0,8794.0
2024,RS,4300901.0,6618.0
2024,RS,4301008.0,22490.0
2024,RS,4301057.0,11384.0
2024,RS,4301073.0,2651.0
2024,RS,4301107.0,14923.0
2024,RS,4301206.0,12296.0
2024,RS,4301305.0,17887.0
2024,RS,4301404.0,10545.0
2024,RS,4301503.0,7302.0
2024,RS,4301552.0,3460.0
2024,RS,4301602.0,121900.0
2024,RS,4301636.0,15371.0
2024,RS,4301651.0,6489.0
2024,RS,4301701.0,7313.0
2024,RS,4301750.0,5983.0
2024,RS,4301800.0,4920.0
2024,RS,4301859.0,3230.0
2024,RS,4301875.0,4337.0
2024,RS,4301909.0,12475.0
2024,RS,4301925.0,1724.0
2024,RS,4301958.0,2555.0
2024,RS,4302006.0,9442.0
2024,RS,4302055.0,2120.0
2024,RS,4302105.0,127775.0
2024,RS,4302154.0,1969.0
2024,RS,4302204.0,7125.0
2024,RS,4302220.0,2271.0
2024,RS,4302238.0,2315.0
2024,RS,4302253.0,2815.0
2024,RS,4302303.0,11431.0
2024,RS,4302352.0,13650.0
2024,RS,4302378.0,2134.0
2024,RS,4302402.0,12578.0
2024,RS,4302451.0,6215.0
2024,RS,4302501.0,5988.0
2024,RS,4302584.0,2195.0
2024,RS,4302600.0,3326.0
2024,RS,4302659.0,5079.0
2024,RS,4302709.0,19433.0
2024,RS,4302808.0,33508.0
2024,RS,4302907.0,11324.0
2024,RS,4303004.0,82250.0
2024,RS,4303103.0,141303.0
2024,RS,4303202.0,4694.0
2024,RS,4303301.0,4797.0
2024,RS,4303400.0,4933.0
2024,RS,4303509.0,63959.0
2024,RS,4303558.0,3056.0
2024,RS,4303608.0,6492.0
2024,RS,4303673.0,3311.0
2024,RS,4303707.0,6001.0
2024,RS,4303806.0,5390.0
2024,RS,4303905.0,64704.0
2024,RS,4304002.0,5068.0
2024,RS,4304101.0,3693.0
2024,RS,4304200.0,29783.0
2024,RS,4304309.0,6421.0
2024,RS,4304358.0,10992.0
2024,RS,4304408.0,50613.0
2024,RS,4304507.0,50998.0
2024,RS,4304606.0,359554.0
2024,RS,4304614.0,1687.0
2024,RS,4304622.0,1769.0
2024,RS,4304630.0,66012.0
2024,RS,4304655.0,3186.0
2024,RS,4304663.0,27389.0
2024,RS,4304671.0,4079.0
2024,RS,4304689.0,11416.0
2024,RS,4304697.0,2991.0
2024,RS,4304705.0,63638.0
2024,RS,4304713.0,7553.0
2024,RS,4304804.0,31528.0
2024,RS,4304853.0,1387.0
2024,RS,4304903.0,9689.0
2024,RS,4304952.0,3064.0
2024,RS,4305009.0,8840.0
2024,RS,4305108.0,479256.0
2024,RS,4305116.0,2779.0
2024,RS,4305124.0,5915.0
2024,RS,4305132.0,3865.0
2024,RS,4305157.0,2429.0
2024,RS,4305173.0,9343.0
2024,RS,4305207.0,14009.0
2024,RS,4305306.0,9748.0
2024,RS,4305355.0,36109.0
2024,RS,4305371.0,2807.0
2024,RS,4305405.0,3992.0
2024,RS,4305439.0,6405.0
2024,RS,4305447.0,4686.0
2024,RS,4305454.0,17538.0
2024,RS,4305504.0,4215.0
2024,RS,4305587.0,2474.0
2024,RS,4305603.0,3319.0
2024,RS,4305702.0,6539.0
2024,RS,4305801.0,10623.0
2024,RS,4305835.0,1311.0
2024,RS,4305850.0,2251.0
2024,RS,4305871.0,2892.0
2024,RS,4305900.0,6230.0
2024,RS,4305934.0,1638.0
2024,RS,4305959.0,3926.0
2024,RS,4305975.0,2719.0
2024,RS,4306007.0,13127.0
2024,RS,4306056.0,7454.0
2024,RS,4306072.0,2746.0
2024,RS,4306106.0,60486.0
2024,RS,4306130.0,1655.0
2024,RS,4306205.0,12571.0
2024,RS,4306304.0,4403.0
2024,RS,4306320.0,2797.0
2024,RS,4306353.0,2544.0
2024,RS,4306379.0,2859.0
2024,RS,4306403.0,31769.0
2024,RS,4306429.0,2133.0
2024,RS,4306452.0,3158.0
2024,RS,4306502.0,13291.0
2024,RS,4306551.0,2617.0
2024,RS,4306601.0,38094.0
2024,RS,4306700.0,3136.0
2024,RS,4306734.0,4542.0
2024,RS,4306759.0,1925.0
2024,RS,4306767.0,40954.0
2024,RS,4306809.0,23494.0
2024,RS,4306908.0,24280.0
2024,RS,4306924.0,1317.0
2024,RS,4306932.0,9364.0
2024,RS,4306957.0,2731.0
2024,RS,4306973.0,3121.0
2024,RS,4307005.0,109497.0
2024,RS,4307054.0,3097.0
2024,RS,4307104.0,6307.0
2024,RS,4307203.0,5029.0
2024,RS,4307302.0,6902.0
2024,RS,4307401.0,3264.0
2024,RS,4307450.0,3294.0
2024,RS,4307500.0,15478.0
2024,RS,4307559.0,5688.0
2024,RS,4307609.0,49440.0
2024,RS,4307708.0,78181.0
2024,RS,4307807.0,33243.0
2024,RS,4307815.0,3120.0
2024,RS,4307831.0,2685.0
2024,RS,4307864.0,2620.0
2024,RS,4307906.0,72477.0
2024,RS,4308003.0,6846.0
2024,RS,4308052.0,2572.0
2024,RS,4308078.0,4399.0
2024,RS,4308102.0,13979.0
2024,RS,4308201.0,31973.0
2024,RS,4308250.0,1694.0
2024,RS,4308300.0,9721.0
2024,RS,4308409.0,6533.0
2024,RS,4308433.0,2441.0
2024,RS,4308458.0,4569.0
2024,RS,4308508.0,33684.0
2024,RS,4308607.0,35522.0
2024,RS,4308656.0,2729.0
2024,RS,4308706.0,5780.0
2024,RS,4308805.0,7751.0
2024,RS,4308854.0,1783.0
2024,RS,4308904.0,16950.0
2024,RS,4309001.0,16282.0
2024,RS,4309050.0,7842.0
2024,RS,4309100.0,41621.0
2024,RS,4309126.0,2049.0
2024,RS,4309159.0,3356.0
2024,RS,4309209.0,275294.0
2024,RS,4309258.0,1442.0
2024,RS,4309308.0,95956.0
2024,RS,4309407.0,26138.0
2024,RS,4309506.0,7553.0
2024,RS,4309555.0,5524.0
2024,RS,4309571.0,2608.0
2024,RS,4309605.0,19246.0
2024,RS,4309654.0,6102.0
2024,RS,4309704.0,4774.0
2024,RS,4309753.0,3793.0
2024,RS,4309803.0,4618.0
2024,RS,4309902.0,6830.0
2024,RS,4309951.0,3793.0
2024,RS,4310009.0,22082.0
2024,RS,4310108.0,34763.0
2024,RS,4310207.0,87775.0
2024,RS,4310306.0,4245.0
2024,RS,4310330.0,27931.0
2024,RS,4310363.0,3148.0
2024,RS,4310405.0,6558.0
2024,RS,4310413.0,2049.0
2024,RS,4310439.0,5496.0
2024,RS,4310462.0,1750.0
2024,RS,4310504.0,7624.0
2024,RS,4310538.0,5706.0
2024,RS,4310553.0,3042.0
2024,RS,4310579.0,1967.0
2024,RS,4310603.0,36830.0
2024,RS,4310652.0,2695.0
2024,RS,4310702.0,3249.0
2024,RS,4310751.0,1964.0
2024,RS,4310801.0,23533.0
2024,RS,4310850.0,3850.0
2024,RS,4310876.0,2070.0
2024,RS,4310900.0,3401.0
2024,RS,4311007.0,27406.0
2024,RS,4311106.0,10779.0
2024,RS,4311122.0,3755.0
2024,RS,4311130.0,3414.0
2024,RS,4311155.0,7305.0
2024,RS,4311205.0,18557.0
2024,RS,4311239.0,2287.0
2024,RS,4311254.0,5429.0
2024,RS,4311270.0,1779.0
2024,RS,4311304.0,28617.0
2024,RS,4311403.0,96651.0
2024,RS,4311429.0,2660.0
2024,RS,4311502.0,7294.0
2024,RS,4311601.0,4854.0
2024,RS,4311627.0,6409.0
2024,RS,4311643.0,1720.0
2024,RS,4311700.0,5864.0
2024,RS,4311718.0,4487.0
2024,RS,4311734.0,3201.0
2024,RS,4311759.0,6917.0
2024,RS,4311775.0,7588.0
2024,RS,4311791.0,2521.0
2024,RS,4311809.0,46656.0
2024,RS,4311908.0,4389.0
2024,RS,4311981.0,4003.0
2024,RS,4312005.0,1888.0
2024,RS,4312054.0,4050.0
2024,RS,4312104.0,4786.0
2024,RS,4312138.0,2610.0
2024,RS,4312153.0,4990.0
2024,RS,4312179.0,1833.0
2024,RS,4312203.0,4258.0
2024,RS,4312252.0,7661.0
2024,RS,4312302.0,4506.0
2024,RS,4312351.0,1530.0
2024,RS,4312377.0,3250.0
2024,RS,4312385.0,2609.0
2024,RS,4312401.0,66295.0
2024,RS,4312427.0,2815.0
2024,RS,4312443.0,3134.0
2024,RS,4312450.0,6169.0
2024,RS,4312476.0,6163.0
2024,RS,4312500.0,12346.0
2024,RS,4312609.0,4694.0
2024,RS,4312617.0,2938.0
2024,RS,4312625.0,1755.0
2024,RS,4312658.0,18314.0
2024,RS,4312674.0,1979.0
2024,RS,4312708.0,14056.0
2024,RS,4312757.0,3229.0
2024,RS,4312807.0,5086.0
2024,RS,4312906.0,9877.0
2024,RS,4312955.0,2088.0
2024,RS,4313003.0,3105.0
2024,RS,4313011.0,3134.0
2024,RS,4313037.0,4974.0
2024,RS,4313060.0,20539.0
2024,RS,4313086.0,2390.0
2024,RS,4313102.0,5683.0
2024,RS,4313201.0,23889.0
2024,RS,4313300.0,26587.0
2024,RS,4313334.0,2201.0
2024,RS,4313359.0,3543.0
2024,RS,4313375.0,30121.0
2024,RS,4313391.0,3636.0
2024,RS,4313409.0,235879.0
2024,RS,4313425.0,3246.0
2024,RS,4313441.0,2188.0
2024,RS,4313466.0,1678.0
2024,RS,4313490.0,4371.0
2024,RS,4313508.0,48929.0
2024,RS,4313607.0,3691.0
2024,RS,4313656.0,13170.0
2024,RS,4313706.0,34233.0
2024,RS,4313805.0,8032.0
2024,RS,4313904.0,45042.0
2024,RS,4313953.0,10438.0
2024,RS,4314001.0,7357.0
2024,RS,4314027.0,6635.0
2024,RS,4314035.0,4433.0
2024,RS,4314050.0,53555.0
2024,RS,4314068.0,4036.0
2024,RS,4314076.0,6154.0
2024,RS,4314100.0,214564.0
2024,RS,4314134.0,2188.0
2024,RS,4314159.0,8146.0
2024,RS,4314175.0,2100.0
2024,RS,4314209.0,7634.0
2024,RS,4314308.0,3819.0
2024,RS,4314407.0,336131.0
2024,RS,4314423.0,5470.0
2024,RS,4314456.0,3034.0
2024,RS,4314464.0,2299.0
2024,RS,4314472.0,3867.0
2024,RS,4314498.0,4637.0
2024,RS,4314506.0,11409.0
2024,RS,4314548.0,2784.0
2024,RS,4314555.0,2260.0
2024,RS,4314605.0,17792.0
2024,RS,4314704.0,10624.0
2024,RS,4314753.0,2222.0
2024,RS,4314779.0,3350.0
2024,RS,4314787.0,1604.0
2024,RS,4314803.0,35237.0
2024,RS,4314902.0,1389322.0
2024,RS,4315008.0,4424.0
2024,RS,4315057.0,2176.0
2024,RS,4315073.0,1585.0
2024,RS,4315107.0,10132.0
2024,RS,4315131.0,1773.0
2024,RS,4315149.0,3159.0
2024,RS,4315156.0,5430.0
2024,RS,4315172.0,2069.0
2024,RS,4315206.0,3814.0
2024,RS,4315305.0,23988.0
2024,RS,4315313.0,1579.0
2024,RS,4315321.0,2555.0
2024,RS,4315354.0,4000.0
2024,RS,4315404.0,9934.0
2024,RS,4315453.0,1828.0
2024,RS,4315503.0,15213.0
2024,RS,4315552.0,2874.0
2024,RS,4315602.0,198958.0
2024,RS,4315701.0,35666.0
2024,RS,4315750.0,4572.0
2024,RS,4315800.0,10644.0
2024,RS,4315909.0,6821.0
2024,RS,4315958.0,2332.0
2024,RS,4316006.0,21733.0
2024,RS,4316105.0,9972.0
2024,RS,4316204.0,5083.0
2024,RS,4316303.0,6698.0
2024,RS,4316402.0,37700.0
2024,RS,4316428.0,2529.0
2024,RS,4316436.0,2621.0
2024,RS,4316451.0,10373.0
2024,RS,4316477.0,2953.0
2024,RS,4316501.0,7182.0
2024,RS,4316600.0,16759.0
2024,RS,4316709.0,8275.0
2024,RS,4316733.0,1710.0
2024,RS,4316758.0,7067.0
2024,RS,4316808.0,138104.0
2024,RS,4316907.0,282244.0
2024,RS,4316956.0,6482.0
2024,RS,4316972.0,2658.0
2024,RS,4317004.0,7140.0
2024,RS,4317103.0,87296.0
2024,RS,4317202.0,79395.0
2024,RS,4317251.0,1531.0
2024,RS,4317301.0,31961.0
2024,RS,4317400.0,50331.0
2024,RS,4317509.0,79130.0
2024,RS,4317558.0,2134.0
2024,RS,4317608.0,44393.0
2024,RS,4317707.0,10493.0
2024,RS,4317756.0,2136.0
2024,RS,4317806.0,14196.0
2024,RS,4317905.0,15656.0
2024,RS,4317954.0,2395.0
2024,RS,4318002.0,61323.0
2024,RS,4318051.0,2808.0
2024,RS,4318101.0,17949.0
2024,RS,4318200.0,22373.0
2024,RS,4318309.0,60102.0
2024,RS,4318408.0,21421.0
2024,RS,4318424.0,4549.0
2024,RS,4318432.0,2707.0
2024,RS,4318440.0,2976.0
2024,RS,4318457.0,2403.0
2024,RS,4318465.0,1934.0
2024,RS,4318481.0,4551.0
2024,RS,4318499.0,2463.0
2024,RS,4318507.0,26245.0
2024,RS,4318606.0,6978.0
2024,RS,4318614.0,2440.0
2024,RS,4318622.0,4286.0
2024,RS,4318705.0,225669.0
2024,RS,4318804.0,43283.0
2024,RS,4318903.0,35858.0
2024,RS,4319000.0,21537.0
2024,RS,4319109.0,5589.0
2024,RS,4319125.0,2911.0
2024,RS,4319158.0,7196.0
2024,RS,4319208.0,5248.0
2024,RS,4319307.0,5948.0
2024,RS,4319356.0,3614.0
2024,RS,4319364.0,1791.0
2024,RS,4319372.0,3139.0
2024,RS,4319406.0,15870.0
2024,RS,4319505.0,24883.0
2024,RS,4319604.0,21575.0
2024,RS,4319703.0,3324.0
2024,RS,4319711.0,2255.0
2024,RS,4319737.0,2594.0
2024,RS,4319752.0,2306.0
2024,RS,4319802.0,8259.0
2024,RS,4319901.0,77898.0
2024,RS,4320008.0,136542.0
2024,RS,4320107.0,23356.0
2024,RS,4320206.0,12313.0
2024,RS,4320230.0,2753.0
2024,RS,4320263.0,6107.0
2024,RS,4320305.0,5220.0
2024,RS,4320321.0,2726.0
2024,RS,4320354.0,5422.0
2024,RS,4320404.0,17379.0
2024,RS,4320453.0,2093.0
2024,RS,4320503.0,5637.0
2024,RS,4320552.0,5988.0
2024,RS,4320578.0,1884.0
2024,RS,4320602.0,3467.0
2024,RS,4320651.0,2060.0
2024,RS,4320677.0,8698.0
2024,RS,4320701.0,14512.0
2024,RS,4320800.0,30936.0
2024,RS,4320859.0,4565.0
2024,RS,4320909.0,25201.0
2024,RS,4321006.0,10822.0
2024,RS,4321105.0,14938.0
2024,RS,4321204.0,54360.0
2024,RS,4321303.0,25968.0
2024,RS,4321329.0,3190.0
2024,RS,4321352.0,5319.0
2024,RS,4321402.0,14811.0
2024,RS,4321436.0,10569.0
2024,RS,4321451.0,33963.0
2024,RS,4321469.0,3352.0
2024,RS,4321477.0,5201.0
2024,RS,4321493.0,2598.0
2024,RS,4321501.0,43268.0
2024,RS,4321600.0,56296.0
2024,RS,4321626.0,2193.0
2024,RS,4321634.0,2638.0
2024,RS,4321667.0,11216.0
2024,RS,4321709.0,24420.0
2024,RS,4321808.0,25452.0
2024,RS,4321832.0,2814.0
2024,RS,4321857.0,4826.0
2024,RS,4321907.0,26284.0
2024,RS,4321956.0,7766.0
2024,RS,4322004.0,28414.0
2024,RS,4322103.0,5649.0
2024,RS,4322152.0,3739.0
2024,RS,4322186.0,1398.0
2024,RS,4322202.0,20345.0
2024,RS,4322251.0,5160.0
2024,RS,4322301.0,8536.0
2024,RS,4322327.0,3489.0
2024,RS,4322343.0,2028.0
2024,RS,4322350.0,1186.0
2024,RS,4322376.0,2052.0
2024,RS,4322400.0,120885.0
2024,RS,4322509.0,66110.0
2024,RS,4322525.0,3214.0
2024,RS,4322533.0,10080.0
2024,RS,4322541.0,6213.0
2024,RS,4322558.0,2047.0
2024,RS,4322608.0,70805.0
2024,RS,4322707.0,27638.0
2024,RS,4322806.0,24540.0
2024,RS,4322855.0,1852.0
2024,RS,4322905.0,4852.0
2024,RS,4323002.0,232113.0
2024,RS,4323101.0,4747.0
2024,RS,4323200.0,2832.0
2024,RS,4323309.0,3736.0
2024,RS,4323358.0,2122.0
2024,RS,4323408.0,4512.0
2024,RS,4323457.0,3935.0
2024,RS,4323507.0,2712.0
2024,RS,4323606.0,1624.0
2024,RS,4323705.0,2842.0
2024,RS,4323754.0,3318.0
2024,RS,4323770.0,3219.0
2024,RS,4323804.0,16907.0
2024,GO,5200050.0,21165.0
2024,GO,5200100.0,17638.0
2024,GO,5200134.0,21995.0
2024,GO,5200159.0,2297.0
2024,GO,5200175.0,4991.0
2024,GO,5200209.0,1856.0
2024,GO,5200258.0,240613.0
2024,GO,5200308.0,28009.0
2024,GO,5200506.0,1984.0
2024,GO,5200555.0,6375.0
2024,GO,5200605.0,10936.0
2024,GO,5200803.0,8597.0
2024,GO,5200829.0,3281.0
2024,GO,5200852.0,5281.0
2024,GO,5200902.0,2952.0
2024,GO,5201108.0,415847.0
2024,GO,5201207.0,921.0
2024,GO,5201306.0,18443.0
2024,GO,5201405.0,550925.0
2024,GO,5201454.0,3012.0
2024,GO,5201504.0,4452.0
2024,GO,5201603.0,3842.0
2024,GO,5201702.0,18604.0
2024,GO,5201801.0,12554.0
2024,GO,5202155.0,7182.0
2024,GO,5202353.0,2930.0
2024,GO,5202502.0,8515.0
2024,GO,5202601.0,3266.0
2024,GO,5202809.0,2963.0
2024,GO,5203104.0,3335.0
2024,GO,5203203.0,10738.0
2024,GO,5203302.0,36583.0
2024,GO,5203401.0,7824.0
2024,GO,5203500.0,24701.0
2024,GO,5203559.0,10828.0
2024,GO,5203575.0,3306.0
2024,GO,5203609.0,4149.0
2024,GO,5203807.0,5788.0
2024,GO,5203906.0,10831.0
2024,GO,5203939.0,2789.0
2024,GO,5203962.0,3154.0
2024,GO,5204003.0,7678.0
2024,GO,5204102.0,11789.0
2024,GO,5204201.0,1419.0
2024,GO,5204250.0,7801.0
2024,GO,5204300.0,14006.0
2024,GO,5204409.0,16655.0
2024,GO,5204508.0,104788.0
2024,GO,5204557.0,4735.0
2024,GO,5204607.0,3854.0
2024,GO,5204656.0,3758.0
2024,GO,5204706.0,12879.0
2024,GO,5204805.0,7711.0
2024,GO,5204854.0,8449.0
2024,GO,5204904.0,18258.0
2024,GO,5204953.0,3899.0
2024,GO,5205000.0,9937.0
2024,GO,5205059.0,2921.0
2024,GO,5205109.0,120789.0
2024,GO,5205208.0,5318.0
2024,GO,5205307.0,9721.0
2024,GO,5205406.0,22484.0
2024,GO,5205455.0,8265.0
2024,GO,5205471.0,13897.0
2024,GO,5205497.0,98963.0
2024,GO,5205513.0,26638.0
2024,GO,5205521.0,4153.0
2024,GO,5205703.0,2456.0
2024,GO,5205802.0,10714.0
2024,GO,5205901.0,9416.0
2024,GO,5206206.0,65705.0
2024,GO,5206305.0,3630.0
2024,GO,5206404.0,17445.0
2024,GO,5206503.0,3977.0
2024,GO,5206602.0,2955.0
2024,GO,5206701.0,3884.0
2024,GO,5206800.0,2755.0
2024,GO,5206909.0,1901.0
2024,GO,5207105.0,2023.0
2024,GO,5207253.0,6895.0
2024,GO,5207352.0,4087.0
2024,GO,5207402.0,11953.0
2024,GO,5207501.0,3224.0
2024,GO,5207535.0,7164.0
2024,GO,5207600.0,5878.0
2024,GO,5207808.0,10365.0
2024,GO,5207907.0,14156.0
2024,GO,5208004.0,120478.0
2024,GO,5208103.0,4681.0
2024,GO,5208152.0,3542.0
2024,GO,5208301.0,4440.0
2024,GO,5208400.0,14555.0
2024,GO,5208509.0,4986.0
2024,GO,5208608.0,77014.0
2024,GO,5208707.0,1494599.0
2024,GO,5208806.0,78754.0
2024,GO,5208905.0,24233.0
2024,GO,5209101.0,36777.0
2024,GO,5209150.0,4356.0
2024,GO,5209200.0,20588.0
2024,GO,5209291.0,2185.0
2024,GO,5209408.0,4106.0
2024,GO,5209457.0,2165.0
2024,GO,5209606.0,3360.0
2024,GO,5209705.0,29827.0
2024,GO,5209804.0,3514.0
2024,GO,5209903.0,10430.0
2024,GO,5209937.0,6061.0
2024,GO,5209952.0,17747.0
2024,GO,5210000.0,53629.0
2024,GO,5210109.0,26163.0
2024,GO,5210158.0,2964.0
2024,GO,5210208.0,36983.0
2024,GO,5210307.0,2540.0
2024,GO,5210406.0,46943.0
2024,GO,5210562.0,5088.0
2024,GO,5210604.0,4880.0
2024,GO,5210802.0,4328.0
2024,GO,5210901.0,21708.0
2024,GO,5211008.0,8125.0
2024,GO,5211206.0,26574.0
2024,GO,5211305.0,6142.0
2024,GO,5211404.0,7701.0
2024,GO,5211503.0,112289.0
2024,GO,5211602.0,2729.0
2024,GO,5211701.0,6360.0
2024,GO,5211800.0,46427.0
2024,GO,5211909.0,110404.0
2024,GO,5212006.0,2946.0
2024,GO,5212055.0,2124.0
2024,GO,5212105.0,7247.0
2024,GO,5212204.0,19901.0
2024,GO,5212253.0,1426.0
2024,GO,5212303.0,9035.0
2024,GO,5212501.0,218872.0
2024,GO,5212600.0,2618.0
2024,GO,5212709.0,8405.0
2024,GO,5212808.0,10815.0
2024,GO,5212907.0,2893.0
2024,GO,5212956.0,4033.0
2024,GO,5213004.0,10239.0
2024,GO,5213053.0,2633.0
2024,GO,5213087.0,26939.0
2024,GO,5213103.0,73781.0
2024,GO,5213400.0,1693.0
2024,GO,5213509.0,6613.0
2024,GO,5213707.0,8972.0
2024,GO,5213756.0,12957.0
2024,GO,5213772.0,3770.0
2024,GO,5213806.0,53640.0
2024,GO,5213855.0,2499.0
2024,GO,5213905.0,4655.0
2024,GO,5214002.0,15109.0
2024,GO,5214051.0,6223.0
2024,GO,5214101.0,3562.0
2024,GO,5214408.0,8330.0
2024,GO,5214507.0,33706.0
2024,GO,5214606.0,34466.0
2024,GO,5214705.0,2375.0
2024,GO,5214804.0,2130.0
2024,GO,5214838.0,13095.0
2024,GO,5214861.0,8375.0
2024,GO,5214879.0,3072.0
2024,GO,5214903.0,3053.0
2024,GO,5215009.0,9790.0
2024,GO,5215207.0,3568.0
2024,GO,5215231.0,107092.0
2024,GO,5215256.0,3723.0
2024,GO,5215306.0,16890.0
2024,GO,5215405.0,4108.0
2024,GO,5215504.0,7542.0
2024,GO,5215603.0,36692.0
2024,GO,5215652.0,3132.0
2024,GO,5215702.0,33749.0
2024,GO,5215801.0,2273.0
2024,GO,5215900.0,3939.0
2024,GO,5216007.0,2449.0
2024,GO,5216304.0,7470.0
2024,GO,5216403.0,10749.0
2024,GO,5216452.0,3000.0
2024,GO,5216809.0,9577.0
2024,GO,5216908.0,2288.0
2024,GO,5217104.0,25309.0
2024,GO,5217203.0,11913.0
2024,GO,5217302.0,27757.0
2024,GO,5217401.0,33494.0
2024,GO,5217609.0,110619.0
2024,GO,5217708.0,18685.0
2024,GO,5218003.0,45400.0
2024,GO,5218052.0,4225.0
2024,GO,5218102.0,3234.0
2024,GO,5218300.0,36060.0
2024,GO,5218391.0,3732.0
2024,GO,5218508.0,49986.0
2024,GO,5218607.0,12551.0
2024,GO,5218706.0,3938.0
2024,GO,5218789.0,3994.0
2024,GO,5218805.0,238025.0
2024,GO,5218904.0,20132.0
2024,GO,5219001.0,8063.0
2024,GO,5219100.0,6280.0
2024,GO,5219209.0,3016.0
2024,GO,5219258.0,5036.0
2024,GO,5219308.0,39481.0
2024,GO,5219357.0,3556.0
2024,GO,5219407.0,5842.0
2024,GO,5219456.0,2648.0
2024,GO,5219506.0,2837.0
2024,GO,5219605.0,3225.0
2024,GO,5219704.0,10818.0
2024,GO,5219712.0,4293.0
2024,GO,5219738.0,7873.0
2024,GO,5219753.0,74614.0
2024,GO,5219803.0,9581.0
2024,GO,5219902.0,6491.0
2024,GO,5220009.0,14757.0
2024,GO,5220058.0,1807.0
2024,GO,5220108.0,35031.0
2024,GO,5220157.0,4926.0
2024,GO,5220207.0,22079.0
2024,GO,5220264.0,4621.0
2024,GO,5220280.0,2190.0
2024,GO,5220405.0,17194.0
2024,GO,5220454.0,169849.0
2024,GO,5220504.0,8201.0
2024,GO,5220603.0,22939.0
2024,GO,5220686.0,5693.0
2024,GO,5220702.0,2973.0
2024,GO,5221007.0,4146.0
2024,GO,5221080.0,2685.0
2024,GO,5221197.0,8243.0
2024,GO,5221304.0,2970.0
2024,GO,5221403.0,150858.0
2024,GO,5221452.0,3106.0
2024,GO,5221502.0,4478.0
2024,GO,5221551.0,5130.0
2024,GO,5221577.0,2809.0
2024,GO,5221601.0,44150.0
2024,GO,5221700.0,13871.0
2024,GO,5221809.0,3667.0
2024,GO,5221858.0,213506.0
2024,GO,5221908.0,3768.0
2024,GO,5222005.0,15476.0
2024,GO,5222054.0,9077.0
2024,GO,5222203.0,4185.0
2024,GO,5222302.0,5982.0
